header:
  stamp:
    sec: 1788573203
    nanosec: 63204000
  frame_id: default_cam
pose:
  position:
    x: 0.13368333787511621
    y: 0.04745969436881757
    z: -0.993391879635727
  orientation:
    x: 0.0401076030174294
    y: 0.02073643359421998
    z: -0.010094464347027893
    w: 0.9989291678049728
---
header:
  stamp:
    sec: 1788573203
    nanosec: 99223000
  frame_id: default_cam
pose:
  position:
    x: 0.13368333787511621
    y: 0.04745969436881757
    z: -0.993391879635727
  orientation:
    x: 0.0401076030174294
    y: 0.02073643359421998
    z: -0.010094464347027893
    w: 0.9989291678049728
---
header:
  stamp:
    sec: 1788573203
    nanosec: 131224000
  frame_id: default_cam
pose:
  position:
    x: 0.13360106558396725
    y: 0.047346678375452075
    z: -0.9928938456302315
  orientation:
    x: 0.039243023020439624
    y: 0.020864900221152626
    z: -0.010637624619089498
    w: 0.9989551952041903
---
header:
  stamp:
    sec: 1788573203
    nanosec: 163227000
  frame_id: default_cam
pose:
  position:
    x: 0.13368333832905638
    y: 0.0474596935497477
    z: -0.9933918788098105
  orientation:
    x: 0.040107575141240935
    y: 0.020736414580584544
    z: -0.010094463453667586
    w: 0.9989291693279431
---
header:
  stamp:
    sec: 1788573203
    nanosec: 199230000
  frame_id: default_cam
pose:
  position:
    x: 0.13340606160637375
    y: 0.0471998499842996
    z: -0.9917189995087409
  orientation:
    x: 0.03861158510558535
    y: 0.021215818047523392
    z: -0.010235726025284605
    w: 0.998976608571464
---
header:
  stamp:
    sec: 1788573203
    nanosec: 231234000
  frame_id: default_cam
pose:
  position:
    x: 0.13368333632132495
    y: 0.047459692043135465
    z: -0.9933918685632339
  orientation:
    x: 0.04010754456699777
    y: 0.020736445378507076
    z: -0.010094465214850374
    w: 0.9989291698983951
---
header:
  stamp:
    sec: 1788573203
    nanosec: 263227000
  frame_id: default_cam
pose:
  position:
    x: 0.13360106558380272
    y: 0.0473466783751306
    z: -0.9928938456288463
  orientation:
    x: 0.039243023011964716
    y: 0.02086490022153879
    z: -0.01063762461914835
    w: 0.9989551952045146
---
header:
  stamp:
    sec: 1788573203
    nanosec: 299245000
  frame_id: default_cam
pose:
  position:
    x: 0.13360106558380272
    y: 0.0473466783751306
    z: -0.9928938456288463
  orientation:
    x: 0.039243023011964716
    y: 0.02086490022153879
    z: -0.01063762461914835
    w: 0.9989551952045146
---
header:
  stamp:
    sec: 1788573203
    nanosec: 331247000
  frame_id: default_cam
pose:
  position:
    x: 0.13360106558380272
    y: 0.0473466783751306
    z: -0.9928938456288463
  orientation:
    x: 0.039243023011964716
    y: 0.02086490022153879
    z: -0.01063762461914835
    w: 0.9989551952045146
---
header:
  stamp:
    sec: 1788573203
    nanosec: 363250000
  frame_id: default_cam
pose:
  position:
    x: 0.1334883313481285
    y: 0.04731274324610917
    z: -0.9922173434501288
  orientation:
    x: 0.03947615094656727
    y: 0.021086924292937743
    z: -0.009692873383725912
    w: 0.9989509614269735
---
header:
  stamp:
    sec: 1788573203
    nanosec: 399254000
  frame_id: default_cam
pose:
  position:
    x: 0.1334874894271808
    y: 0.047324542571421394
    z: -0.9925888593275333
  orientation:
    x: 0.03947819060544236
    y: 0.021665725287408264
    z: -0.009922177315417443
    w: 0.9989362438171979
---
header:
  stamp:
    sec: 1788573203
    nanosec: 431261000
  frame_id: default_cam
pose:
  position:
    x: 0.13368333570501112
    y: 0.04745969378049381
    z: -0.9933918713949056
  orientation:
    x: 0.0401076011707194
    y: 0.02073647770727976
    z: -0.010094466746623567
    w: 0.9989291669391416
---
header:
  stamp:
    sec: 1788573203
    nanosec: 463252000
  frame_id: default_cam
pose:
  position:
    x: 0.1334060616062508
    y: 0.04719984998441243
    z: -0.9917189995086677
  orientation:
    x: 0.038611585109919314
    y: 0.021215818051616528
    z: -0.010235726025413554
    w: 0.9989766085712082
---
header:
  stamp:
    sec: 1788573203
    nanosec: 499268000
  frame_id: default_cam
pose:
  position:
    x: 0.13368333632132498
    y: 0.04745969204313547
    z: -0.9933918685632338
  orientation:
    x: 0.04010754456699812
    y: 0.020736445378507763
    z: -0.01009446521485038
    w: 0.998929169898395
---
header:
  stamp:
    sec: 1788573203
    nanosec: 531272000
  frame_id: default_cam
pose:
  position:
    x: 0.1336010655838027
    y: 0.04734667837513059
    z: -0.9928938456288461
  orientation:
    x: 0.03924302301196461
    y: 0.02086490022153864
    z: -0.010637624619148406
    w: 0.9989551952045146
---
header:
  stamp:
    sec: 1788573203
    nanosec: 563274000
  frame_id: default_cam
pose:
  position:
    x: 0.13340605943436867
    y: 0.047199845121022224
    z: -0.9917189791562248
  orientation:
    x: 0.038611455091652105
    y: 0.021215812634942877
    z: -0.010235727484408944
    w: 0.9989766136966417
---
header:
  stamp:
    sec: 1788573203
    nanosec: 599279000
  frame_id: default_cam
pose:
  position:
    x: 0.13340997420828982
    y: 0.04721936680734895
    z: -0.9921608983003914
  orientation:
    x: 0.0386649984089199
    y: 0.02184976577841734
    z: -0.010458737879087913
    w: 0.9989585679273406
---
header:
  stamp:
    sec: 1788573203
    nanosec: 631283000
  frame_id: default_cam
pose:
  position:
    x: 0.13354344287893954
    y: 0.047338157658817354
    z: -0.9927334791063959
  orientation:
    x: 0.039078064817004134
    y: 0.02110764363894094
    z: -0.010409875901427642
    w: 0.9989589614763393
---
header:
  stamp:
    sec: 1788573203
    nanosec: 663277000
  frame_id: default_cam
pose:
  position:
    x: 0.13340605811936856
    y: 0.047199844100917085
    z: -0.991718972184023
  orientation:
    x: 0.03861143430457356
    y: 0.02121583141858261
    z: -0.010235728538793858
    w: 0.998976614090361
---
header:
  stamp:
    sec: 1788573203
    nanosec: 699289000
  frame_id: default_cam
pose:
  position:
    x: 0.133683336321086
    y: 0.04745969204276949
    z: -0.9933918685615094
  orientation:
    x: 0.04010754455776586
    y: 0.020736445380226932
    z: -0.010094465214985738
    w: 0.9989291698987287
---
header:
  stamp:
    sec: 1788573203
    nanosec: 731294000
  frame_id: default_cam
pose:
  position:
    x: 0.133683336321086
    y: 0.04745969204276949
    z: -0.9933918685615094
  orientation:
    x: 0.04010754455776586
    y: 0.020736445380226932
    z: -0.010094465214985738
    w: 0.9989291698987287
---
header:
  stamp:
    sec: 1788573203
    nanosec: 763300000
  frame_id: default_cam
pose:
  position:
    x: 0.133683336321086
    y: 0.04745969204276949
    z: -0.9933918685615094
  orientation:
    x: 0.04010754455776586
    y: 0.020736445380226932
    z: -0.010094465214985738
    w: 0.9989291698987287
---
header:
  stamp:
    sec: 1788573203
    nanosec: 799303000
  frame_id: default_cam
pose:
  position:
    x: 0.13340606160619795
    y: 0.047199849984105174
    z: -0.991718999507645
  orientation:
    x: 0.03861158510105666
    y: 0.021215818049340873
    z: -0.01023572602542276
    w: 0.998976608571599
---
header:
  stamp:
    sec: 1788573203
    nanosec: 831308000
  frame_id: default_cam
pose:
  position:
    x: 0.13360106087659895
    y: 0.04734667101620544
    z: -0.9928938111139842
  orientation:
    x: 0.03924283596952662
    y: 0.020864931473989528
    z: -0.010637627105838585
    w: 0.9989552018730428
---
header:
  stamp:
    sec: 1788573203
    nanosec: 863299000
  frame_id: default_cam
pose:
  position:
    x: 0.13360106087659895
    y: 0.04734667101620544
    z: -0.9928938111139842
  orientation:
    x: 0.03924283596952662
    y: 0.020864931473989528
    z: -0.010637627105838585
    w: 0.9989552018730428
---
header:
  stamp:
    sec: 1788573203
    nanosec: 899314000
  frame_id: default_cam
pose:
  position:
    x: 0.13360106087659895
    y: 0.04734667101620544
    z: -0.9928938111139842
  orientation:
    x: 0.03924283596952662
    y: 0.020864931473989528
    z: -0.010637627105838585
    w: 0.9989552018730428
---
header:
  stamp:
    sec: 1788573203
    nanosec: 931319000
  frame_id: default_cam
pose:
  position:
    x: 0.13360106087659895
    y: 0.04734667101620544
    z: -0.9928938111139842
  orientation:
    x: 0.03924283596952662
    y: 0.020864931473989528
    z: -0.010637627105838585
    w: 0.9989552018730428
---
header:
  stamp:
    sec: 1788573203
    nanosec: 963320000
  frame_id: default_cam
pose:
  position:
    x: 0.1334883313691585
    y: 0.04731274330415159
    z: -0.9922173436702421
  orientation:
    x: 0.03947615269791145
    y: 0.021086924742877683
    z: -0.009692873377342261
    w: 0.9989509613483287
---
header:
  stamp:
    sec: 1788573203
    nanosec: 999326000
  frame_id: default_cam
pose:
  position:
    x: 0.1336010968918288
    y: 0.047346564332627
    z: -0.9928942394382259
  orientation:
    x: 0.03923893074112313
    y: 0.02086648107819382
    z: -0.010637069228224189
    w: 0.9989553288510656
---
header:
  stamp:
    sec: 1788573204
    nanosec: 31331000
  frame_id: default_cam
pose:
  position:
    x: 0.1336010968918288
    y: 0.047346564332627
    z: -0.9928942394382259
  orientation:
    x: 0.03923893074112313
    y: 0.02086648107819382
    z: -0.010637069228224189
    w: 0.9989553288510656
---
header:
  stamp:
    sec: 1788573204
    nanosec: 63321000
  frame_id: default_cam
pose:
  position:
    x: 0.13348833076299582
    y: 0.04731274412882165
    z: -0.9922173420968387
  orientation:
    x: 0.039476188167497005
    y: 0.021086941285129536
    z: -0.009692873047901418
    w: 0.9989509596006598
---
header:
  stamp:
    sec: 1788573204
    nanosec: 99339000
  frame_id: default_cam
pose:
  position:
    x: 0.13340605869027924
    y: 0.04719984605061051
    z: -0.9917189793840253
  orientation:
    x: 0.03861148869122546
    y: 0.021215840377123277
    z: -0.010235728247086597
    w: 0.9989766118009928
---
header:
  stamp:
    sec: 1788573204
    nanosec: 131343000
  frame_id: default_cam
pose:
  position:
    x: 0.13354323984658434
    y: 0.04733814115305475
    z: -0.9927327045109913
  orientation:
    x: 0.03908185152369771
    y: 0.02111086561974083
    z: -0.010409902224049134
    w: 0.998958744978966
---
header:
  stamp:
    sec: 1788573204
    nanosec: 163347000
  frame_id: default_cam
pose:
  position:
    x: 0.1334879802208173
    y: 0.047312533012606635
    z: -0.9922150495214442
  orientation:
    x: 0.039472934945245446
    y: 0.021088774259652217
    z: -0.009693748266576199
    w: 0.9989510409682639
---
header:
  stamp:
    sec: 1788573204
    nanosec: 199357000
  frame_id: default_cam
pose:
  position:
    x: 0.133601095087766
    y: 0.04734656474738692
    z: -0.9928942331672468
  orientation:
    x: 0.039238954506544764
    y: 0.020866510160423315
    z: -0.010637069443030157
    w: 0.9989553273077943
---
header:
  stamp:
    sec: 1788573204
    nanosec: 231356000
  frame_id: default_cam
pose:
  position:
    x: 0.133601095087766
    y: 0.04734656474738692
    z: -0.9928942331672468
  orientation:
    x: 0.039238954506544764
    y: 0.020866510160423315
    z: -0.010637069443030157
    w: 0.9989553273077943
---
header:
  stamp:
    sec: 1788573204
    nanosec: 263347000
  frame_id: default_cam
pose:
  position:
    x: 0.13368333831731413
    y: 0.047459693536008866
    z: -0.9933918787363787
  orientation:
    x: 0.04010757481505868
    y: 0.020736414707473987
    z: -0.010094463462172996
    w: 0.9989291693383194
---
header:
  stamp:
    sec: 1788573204
    nanosec: 299363000
  frame_id: default_cam
pose:
  position:
    x: 0.1334060616063725
    y: 0.04719984998429765
    z: -0.9917189995087313
  orientation:
    x: 0.03861158510553623
    y: 0.02121581804752963
    z: -0.010235726025285476
    w: 0.9989766085714656
---
header:
  stamp:
    sec: 1788573204
    nanosec: 331368000
  frame_id: default_cam
pose:
  position:
    x: 0.13334856990465152
    y: 0.04719134980623003
    z: -0.9915587985880239
  orientation:
    x: 0.03844643310483906
    y: 0.02145597362128469
    z: -0.010007884656835865
    w: 0.9989801575717975
---
header:
  stamp:
    sec: 1788573204
    nanosec: 363370000
  frame_id: default_cam
pose:
  position:
    x: 0.13348797845129542
    y: 0.04731253137051325
    z: -0.9922150393774054
  orientation:
    x: 0.039472899098028404
    y: 0.0210887964043783
    z: -0.009693749706512989
    w: 0.9989510419032752
---
header:
  stamp:
    sec: 1788573204
    nanosec: 399375000
  frame_id: default_cam
pose:
  position:
    x: 0.13340605867656544
    y: 0.04719984603223818
    z: -0.9917189792898424
  orientation:
    x: 0.038611488241662516
    y: 0.02121584048441797
    z: -0.010235728257396904
    w: 0.9989766118159846
---
header:
  stamp:
    sec: 1788573204
    nanosec: 431378000
  frame_id: default_cam
pose:
  position:
    x: 0.13340605867656544
    y: 0.04719984603223818
    z: -0.9917189792898424
  orientation:
    x: 0.038611488241662516
    y: 0.02121584048441797
    z: -0.010235728257396904
    w: 0.9989766118159846
---
header:
  stamp:
    sec: 1788573204
    nanosec: 463370000
  frame_id: default_cam
pose:
  position:
    x: 0.13348797938375737
    y: 0.04731253187594504
    z: -0.9922150437384926
  orientation:
    x: 0.039472907187730014
    y: 0.021088780716328078
    z: -0.009693748939082408
    w: 0.9989510419222524
---
header:
  stamp:
    sec: 1788573204
    nanosec: 499385000
  frame_id: default_cam
pose:
  position:
    x: 0.13334842602697655
    y: 0.047191337095191827
    z: -0.9915582127839456
  orientation:
    x: 0.03844733936419159
    y: 0.021458837196643373
    z: -0.010008042990042864
    w: 0.9989800595995358
---
header:
  stamp:
    sec: 1788573204
    nanosec: 531391000
  frame_id: default_cam
pose:
  position:
    x: 0.13348797844249818
    y: 0.047312531370347535
    z: -0.9922150393488789
  orientation:
    x: 0.03947289915966559
    y: 0.021088796604629402
    z: -0.00969374971370161
    w: 0.9989510418965424
---
header:
  stamp:
    sec: 1788573204
    nanosec: 563392000
  frame_id: default_cam
pose:
  position:
    x: 0.13343049909300428
    y: 0.04730402344832985
    z: -0.9920548420124926
  orientation:
    x: 0.039307671493792905
    y: 0.021327203474913355
    z: -0.009466049302620143
    w: 0.9989546792844388
---
header:
  stamp:
    sec: 1788573204
    nanosec: 599397000
  frame_id: default_cam
pose:
  position:
    x: 0.13340605726514151
    y: 0.04719984504276317
    z: -0.9917189721058943
  orientation:
    x: 0.03861146911838821
    y: 0.021215861802039333
    z: -0.010235729430693114
    w: 0.9989766120903623
---
header:
  stamp:
    sec: 1788573204
    nanosec: 631400000
  frame_id: default_cam
pose:
  position:
    x: 0.13368333632099108
    y: 0.04745969204281538
    z: -0.993391868561343
  orientation:
    x: 0.04010754455983068
    y: 0.020736445382906726
    z: -0.010094465215119905
    w: 0.9989291698985888
---
header:
  stamp:
    sec: 1788573204
    nanosec: 663394000
  frame_id: default_cam
pose:
  position:
    x: 0.13348798288936306
    y: 0.04731253689758853
    z: -0.9922150687026088
  orientation:
    x: 0.03947303126595874
    y: 0.021088757396250143
    z: -0.009693745939099246
    w: 0.9989510375407931
---
header:
  stamp:
    sec: 1788573204
    nanosec: 699407000
  frame_id: default_cam
pose:
  position:
    x: 0.13334842602736546
    y: 0.047191337095946057
    z: -0.9915582127872331
  orientation:
    x: 0.03844733938403805
    y: 0.021458837195854813
    z: -0.01000804298989169
    w: 0.9989800595987904
---
header:
  stamp:
    sec: 1788573204
    nanosec: 731410000
  frame_id: default_cam
pose:
  position:
    x: 0.13348797844249816
    y: 0.04731253137034755
    z: -0.9922150393488789
  orientation:
    x: 0.03947289915966681
    y: 0.02108879660462926
    z: -0.009693749713701537
    w: 0.9989510418965424
---
header:
  stamp:
    sec: 1788573204
    nanosec: 763414000
  frame_id: default_cam
pose:
  position:
    x: 0.13340605867656483
    y: 0.047199846032238355
    z: -0.9917189792898408
  orientation:
    x: 0.03861148824167199
    y: 0.021215840484433906
    z: -0.010235728257397539
    w: 0.998976611815984
---
header:
  stamp:
    sec: 1788573204
    nanosec: 799416000
  frame_id: default_cam
pose:
  position:
    x: 0.1336833363211093
    y: 0.04745969204288439
    z: -0.9933918685618921
  orientation:
    x: 0.04010754456104051
    y: 0.02073644538088513
    z: -0.010094465215005769
    w: 0.9989291698985833
---
header:
  stamp:
    sec: 1788573204
    nanosec: 831421000
  frame_id: default_cam
pose:
  position:
    x: 0.13348798288936314
    y: 0.04731253689758856
    z: -0.9922150687026092
  orientation:
    x: 0.03947303126595901
    y: 0.021088757396250254
    z: -0.009693745939099281
    w: 0.998951037540793
---
header:
  stamp:
    sec: 1788573204
    nanosec: 863414000
  frame_id: default_cam
pose:
  position:
    x: 0.133430499107435
    y: 0.047304023413618126
    z: -0.9920548419947274
  orientation:
    x: 0.039307670306625325
    y: 0.021327202791639598
    z: -0.009466049293786489
    w: 0.9989546793458237
---
header:
  stamp:
    sec: 1788573204
    nanosec: 899426000
  frame_id: default_cam
pose:
  position:
    x: 0.13360106110406283
    y: 0.04734667382125805
    z: -0.9928938194404643
  orientation:
    x: 0.03924291882649729
    y: 0.020864955324557934
    z: -0.01063762816777943
    w: 0.9989551981086265
---
header:
  stamp:
    sec: 1788573204
    nanosec: 931430000
  frame_id: default_cam
pose:
  position:
    x: 0.13340605943391523
    y: 0.047199845120432626
    z: -0.9917189791531617
  orientation:
    x: 0.03861145507733362
    y: 0.021215812638712132
    z: -0.0102357274847493
    w: 0.9989766136971115
---
header:
  stamp:
    sec: 1788573204
    nanosec: 963436000
  frame_id: default_cam
pose:
  position:
    x: 0.1334879793838067
    y: 0.04731253187588136
    z: -0.9922150437384768
  orientation:
    x: 0.039472907185446694
    y: 0.021088780714478558
    z: -0.009693748939043833
    w: 0.9989510419223819
---
header:
  stamp:
    sec: 1788573204
    nanosec: 999440000
  frame_id: default_cam
pose:
  position:
    x: 0.13340605867664285
    y: 0.0471998460322896
    z: -0.9917189792902288
  orientation:
    x: 0.03861148824262591
    y: 0.02121584048322025
    z: -0.010235728257332396
    w: 0.9989766118159735
---
header:
  stamp:
    sec: 1788573205
    nanosec: 31441000
  frame_id: default_cam
pose:
  position:
    x: 0.13348797938375737
    y: 0.04731253187594506
    z: -0.9922150437384927
  orientation:
    x: 0.03947290718773019
    y: 0.021088780716327936
    z: -0.009693748939082349
    w: 0.9989510419222524
---
header:
  stamp:
    sec: 1788573205
    nanosec: 63435000
  frame_id: default_cam
pose:
  position:
    x: 0.13348797938375737
    y: 0.04731253187594506
    z: -0.9922150437384927
  orientation:
    x: 0.03947290718773019
    y: 0.021088780716327936
    z: -0.009693748939082349
    w: 0.9989510419222524
---
header:
  stamp:
    sec: 1788573205
    nanosec: 99447000
  frame_id: default_cam
pose:
  position:
    x: 0.1336833378637514
    y: 0.04745969435821979
    z: -0.9933918795719927
  orientation:
    x: 0.04010760278239187
    y: 0.020736433745513032
    z: -0.010094464356322944
    w: 0.9989291678111751
---
header:
  stamp:
    sec: 1788573205
    nanosec: 131450000
  frame_id: default_cam
pose:
  position:
    x: 0.13348798288950625
    y: 0.04731253689781867
    z: -0.9922150687036998
  orientation:
    x: 0.03947303127178435
    y: 0.021088757395609815
    z: -0.009693745938974164
    w: 0.9989510375405776
---
header:
  stamp:
    sec: 1788573205
    nanosec: 163456000
  frame_id: default_cam
pose:
  position:
    x: 0.13348798288950625
    y: 0.04731253689781867
    z: -0.9922150687036998
  orientation:
    x: 0.03947303127178435
    y: 0.021088757395609815
    z: -0.009693745938974164
    w: 0.9989510375405776
---
header:
  stamp:
    sec: 1788573205
    nanosec: 199459000
  frame_id: default_cam
pose:
  position:
    x: 0.13348798288950625
    y: 0.04731253689781867
    z: -0.9922150687036998
  orientation:
    x: 0.03947303127178435
    y: 0.021088757395609815
    z: -0.009693745938974164
    w: 0.9989510375405776
---
header:
  stamp:
    sec: 1788573205
    nanosec: 231462000
  frame_id: default_cam
pose:
  position:
    x: 0.13368333786399256
    y: 0.04745969435858153
    z: -0.9933918795737178
  orientation:
    x: 0.04010760279148159
    y: 0.02073643374374502
    z: -0.010094464356181922
    w: 0.9989291678108482
---
header:
  stamp:
    sec: 1788573205
    nanosec: 263455000
  frame_id: default_cam
pose:
  position:
    x: 0.13348749159503315
    y: 0.04732454529487473
    z: -0.9925888737819621
  orientation:
    x: 0.03947825581116656
    y: 0.021665707371230032
    z: -0.009922175303503292
    w: 0.9989362416488146
---
header:
  stamp:
    sec: 1788573205
    nanosec: 299466000
  frame_id: default_cam
pose:
  position:
    x: 0.13340605679285647
    y: 0.04719984581070842
    z: -0.9917189727535951
  orientation:
    x: 0.03861149575483308
    y: 0.021215881312963213
    z: -0.010235729963129431
    w: 0.9989766106410153
---
header:
  stamp:
    sec: 1788573205
    nanosec: 331464000
  frame_id: default_cam
pose:
  position:
    x: 0.13340605679285647
    y: 0.04719984581070842
    z: -0.9917189727535951
  orientation:
    x: 0.03861149575483308
    y: 0.021215881312963213
    z: -0.010235729963129431
    w: 0.9989766106410153
---
header:
  stamp:
    sec: 1788573205
    nanosec: 363467000
  frame_id: default_cam
pose:
  position:
    x: 0.13340605679285647
    y: 0.04719984581070842
    z: -0.9917189727535951
  orientation:
    x: 0.03861149575483308
    y: 0.021215881312963213
    z: -0.010235729963129431
    w: 0.9989766106410153
---
header:
  stamp:
    sec: 1788573205
    nanosec: 399464000
  frame_id: default_cam
pose:
  position:
    x: 0.13368333632093518
    y: 0.04745969204285481
    z: -0.9933918685612788
  orientation:
    x: 0.04010754456141784
    y: 0.020736445384613843
    z: -0.010094465215204101
    w: 0.9989291698984888
---
header:
  stamp:
    sec: 1788573205
    nanosec: 431463000
  frame_id: default_cam
pose:
  position:
    x: 0.1336010655838026
    y: 0.04734667837513055
    z: -0.9928938456288456
  orientation:
    x: 0.03924302301196402
    y: 0.020864900221539303
    z: -0.010637624619148469
    w: 0.9989551952045145
---
header:
  stamp:
    sec: 1788573205
    nanosec: 463451000
  frame_id: default_cam
pose:
  position:
    x: 0.1336833383290564
    y: 0.0474596935497477
    z: -0.9933918788098107
  orientation:
    x: 0.040107575141240415
    y: 0.020736414580584277
    z: -0.010094463453667603
    w: 0.9989291693279431
---
header:
  stamp:
    sec: 1788573205
    nanosec: 499464000
  frame_id: default_cam
pose:
  position:
    x: 0.1334879828894975
    y: 0.04731253689772575
    z: -0.992215068703416
  orientation:
    x: 0.0394730312690589
    y: 0.021088757394749184
    z: -0.009693745938983138
    w: 0.9989510375407034
---
header:
  stamp:
    sec: 1788573205
    nanosec: 531462000
  frame_id: default_cam
pose:
  position:
    x: 0.13343049910743565
    y: 0.047304023413617474
    z: -0.9920548419947285
  orientation:
    x: 0.039307670306599464
    y: 0.021327202791618982
    z: -0.009466049293785996
    w: 0.9989546793458252
---
header:
  stamp:
    sec: 1788573205
    nanosec: 563462000
  frame_id: default_cam
pose:
  position:
    x: 0.13360106110406292
    y: 0.04734667382125806
    z: -0.9928938194404646
  orientation:
    x: 0.039242918826497164
    y: 0.020864955324557483
    z: -0.010637628167779373
    w: 0.9989551981086265
---
header:
  stamp:
    sec: 1788573205
    nanosec: 599459000
  frame_id: default_cam
pose:
  position:
    x: 0.13340605943391518
    y: 0.047199845120432606
    z: -0.9917189791531613
  orientation:
    x: 0.03861145507733358
    y: 0.021215812638712472
    z: -0.010235727484749234
    w: 0.9989766136971115
---
header:
  stamp:
    sec: 1788573205
    nanosec: 631460000
  frame_id: default_cam
pose:
  position:
    x: 0.13368333632119492
    y: 0.047459692042839424
    z: -0.9933918685620327
  orientation:
    x: 0.04010754455907107
    y: 0.020736445378433273
    z: -0.010094465214883306
    w: 0.9989291698987146
---
header:
  stamp:
    sec: 1788573205
    nanosec: 663448000
  frame_id: default_cam
pose:
  position:
    x: 0.13340606160619786
    y: 0.04719984998410515
    z: -0.9917189995076449
  orientation:
    x: 0.038611585101056695
    y: 0.02121581804934112
    z: -0.010235726025422906
    w: 0.998976608571599
---
header:
  stamp:
    sec: 1788573205
    nanosec: 699458000
  frame_id: default_cam
pose:
  position:
    x: 0.13348797938396084
    y: 0.04731253187622148
    z: -0.9922150437398971
  orientation:
    x: 0.03947290719447473
    y: 0.021088780714778974
    z: -0.009693748938909872
    w: 0.9989510419220202
---
header:
  stamp:
    sec: 1788573205
    nanosec: 731460000
  frame_id: default_cam
pose:
  position:
    x: 0.13334842602697664
    y: 0.04719133709519187
    z: -0.9915582127839461
  orientation:
    x: 0.03844733936419274
    y: 0.021458837196643182
    z: -0.010008042990042751
    w: 0.9989800595995357
---
header:
  stamp:
    sec: 1788573205
    nanosec: 763457000
  frame_id: default_cam
pose:
  position:
    x: 0.1334059588938545
    y: 0.047199854981801806
    z: -0.9917187857635702
  orientation:
    x: 0.038612306520873094
    y: 0.02121844190127117
    z: -0.010235830554194324
    w: 0.9989765238889683
---
header:
  stamp:
    sec: 1788573205
    nanosec: 799456000
  frame_id: default_cam
pose:
  position:
    x: 0.1334059588938545
    y: 0.047199854981801806
    z: -0.9917187857635702
  orientation:
    x: 0.038612306520873094
    y: 0.02121844190127117
    z: -0.010235830554194324
    w: 0.9989765238889683
---
header:
  stamp:
    sec: 1788573205
    nanosec: 831455000
  frame_id: default_cam
pose:
  position:
    x: 0.1334059588938545
    y: 0.047199854981801806
    z: -0.9917187857635702
  orientation:
    x: 0.038612306520873094
    y: 0.02121844190127117
    z: -0.010235830554194324
    w: 0.9989765238889683
---
header:
  stamp:
    sec: 1788573205
    nanosec: 863442000
  frame_id: default_cam
pose:
  position:
    x: 0.1334059588938545
    y: 0.047199854981801806
    z: -0.9917187857635702
  orientation:
    x: 0.038612306520873094
    y: 0.02121844190127117
    z: -0.010235830554194324
    w: 0.9989765238889683
---
header:
  stamp:
    sec: 1788573205
    nanosec: 899453000
  frame_id: default_cam
pose:
  position:
    x: 0.1334879793761165
    y: 0.04731253187580759
    z: -0.9922150437136815
  orientation:
    x: 0.03947290724156348
    y: 0.021088780889993167
    z: -0.009693748945312478
    w: 0.9989510419163985
---
header:
  stamp:
    sec: 1788573205
    nanosec: 931452000
  frame_id: default_cam
pose:
  position:
    x: 0.13360109508217557
    y: 0.047346564754987434
    z: -0.9928942331711756
  orientation:
    x: 0.039238954750536445
    y: 0.020866510326945198
    z: -0.01063706945026553
    w: 0.998955327294655
---
header:
  stamp:
    sec: 1788573205
    nanosec: 963453000
  frame_id: default_cam
pose:
  position:
    x: 0.1336833383173138
    y: 0.047459693536009415
    z: -0.9933918787363791
  orientation:
    x: 0.04010757481507791
    y: 0.020736414707486987
    z: -0.010094463462173754
    w: 0.9989291693383184
---
header:
  stamp:
    sec: 1788573205
    nanosec: 999452000
  frame_id: default_cam
pose:
  position:
    x: 0.13360106558399687
    y: 0.04734667837531196
    z: -0.992893845629939
  orientation:
    x: 0.0392430230159991
    y: 0.02086490021898818
    z: -0.01063762461898959
    w: 0.998955195204411
---
header:
  stamp:
    sec: 1788573206
    nanosec: 31450000
  frame_id: default_cam
pose:
  position:
    x: 0.13348833134812893
    y: 0.04731274324610822
    z: -0.9922173434501277
  orientation:
    x: 0.039476150946530224
    y: 0.021086924292914536
    z: -0.009692873383724977
    w: 0.9989509614269756
---
header:
  stamp:
    sec: 1788573206
    nanosec: 63439000
  frame_id: default_cam
pose:
  position:
    x: 0.13340605869026279
    y: 0.047199846050439594
    z: -0.9917189793834991
  orientation:
    x: 0.03861148868620455
    y: 0.021215840375572673
    z: -0.01023572824707956
    w: 0.9989766118012199
---
header:
  stamp:
    sec: 1788573206
    nanosec: 99449000
  frame_id: default_cam
pose:
  position:
    x: 0.13360106087630383
    y: 0.04734667101578241
    z: -0.9928938111119309
  orientation:
    x: 0.039242835958953975
    y: 0.0208649314764108
    z: -0.010637627106009535
    w: 0.9989552018734057
---
header:
  stamp:
    sec: 1788573206
    nanosec: 131448000
  frame_id: default_cam
pose:
  position:
    x: 0.13340605943379122
    y: 0.04719984512001965
    z: -0.991718979151628
  orientation:
    x: 0.03861145506584088
    y: 0.0212158126369085
    z: -0.010235727484812485
    w: 0.9989766136975934
---
header:
  stamp:
    sec: 1788573206
    nanosec: 163449000
  frame_id: default_cam
pose:
  position:
    x: 0.1333485699102196
    y: 0.0471913498582529
    z: -0.9915587987274397
  orientation:
    x: 0.038446434630364755
    y: 0.02145597406964402
    z: -0.010007884657540215
    w: 0.9989801575034498
---
header:
  stamp:
    sec: 1788573206
    nanosec: 199447000
  frame_id: default_cam
pose:
  position:
    x: 0.13368333518043188
    y: 0.04745969154330896
    z: -0.993391863709888
  orientation:
    x: 0.04010753787717135
    y: 0.020736466569273783
    z: -0.010094466388097051
    w: 0.9989291697152467
---
header:
  stamp:
    sec: 1788573206
    nanosec: 231446000
  frame_id: default_cam
pose:
  position:
    x: 0.13348798288929903
    y: 0.04731253689754896
    z: -0.9922150687022954
  orientation:
    x: 0.03947303126525776
    y: 0.02108875739726007
    z: -0.009693745939154194
    w: 0.9989510375407988
---
header:
  stamp:
    sec: 1788573206
    nanosec: 263445000
  frame_id: default_cam
pose:
  position:
    x: 0.1336010951041909
    y: 0.04734656471923645
    z: -0.9928942331405723
  orientation:
    x: 0.039238953622315983
    y: 0.020866509642331634
    z: -0.010637069419703759
    w: 0.9989553273535973
---
header:
  stamp:
    sec: 1788573206
    nanosec: 299445000
  frame_id: default_cam
pose:
  position:
    x: 0.133406059418053
    y: 0.047199845098970454
    z: -0.9917189790436829
  orientation:
    x: 0.03861145455112959
    y: 0.021215812761142594
    z: -0.010235727496486246
    w: 0.9989766137147295
---
header:
  stamp:
    sec: 1788573206
    nanosec: 331444000
  frame_id: default_cam
pose:
  position:
    x: 0.133406059418053
    y: 0.047199845098970454
    z: -0.9917189790436829
  orientation:
    x: 0.03861145455112959
    y: 0.021215812761142594
    z: -0.010235727496486246
    w: 0.9989766137147295
---
header:
  stamp:
    sec: 1788573206
    nanosec: 363446000
  frame_id: default_cam
pose:
  position:
    x: 0.133406059418053
    y: 0.047199845098970454
    z: -0.9917189790436829
  orientation:
    x: 0.03861145455112959
    y: 0.021215812761142594
    z: -0.010235727496486246
    w: 0.9989766137147295
---
header:
  stamp:
    sec: 1788573206
    nanosec: 399444000
  frame_id: default_cam
pose:
  position:
    x: 0.133348569910155
    y: 0.047191349858412265
    z: -0.991558798727556
  orientation:
    x: 0.038446434635765504
    y: 0.02145597407276851
    z: -0.010007884657604878
    w: 0.9989801575031741
---
header:
  stamp:
    sec: 1788573206
    nanosec: 431443000
  frame_id: default_cam
pose:
  position:
    x: 0.13340596028115176
    y: 0.04719985578644639
    z: -0.9917187917769794
  orientation:
    x: 0.03861232265348122
    y: 0.021218416325146688
    z: -0.010235829222128606
    w: 0.9989765238223026
---
header:
  stamp:
    sec: 1788573206
    nanosec: 463441000
  frame_id: default_cam
pose:
  position:
    x: 0.13360106086287554
    y: 0.0473466710159663
    z: -0.9928938110712893
  orientation:
    x: 0.03924283606244745
    y: 0.02086493178882763
    z: -0.010637627122653754
    w: 0.9989552018626375
---
header:
  stamp:
    sec: 1788573206
    nanosec: 499442000
  frame_id: default_cam
pose:
  position:
    x: 0.13368333832867565
    y: 0.04745969354915875
    z: -0.9933918788070405
  orientation:
    x: 0.04010757512636252
    y: 0.0207364145831971
    z: -0.010094463453883245
    w: 0.9989291693284841
---
header:
  stamp:
    sec: 1788573206
    nanosec: 531438000
  frame_id: default_cam
pose:
  position:
    x: 0.1334060616063737
    y: 0.04719984998429953
    z: -0.9917189995087404
  orientation:
    x: 0.03861158510558344
    y: 0.021215818047523313
    z: -0.010235726025284568
    w: 0.998976608571464
---
header:
  stamp:
    sec: 1788573206
    nanosec: 563441000
  frame_id: default_cam
pose:
  position:
    x: 0.13360106087659904
    y: 0.047346671016205474
    z: -0.9928938111139847
  orientation:
    x: 0.039242835969527164
    y: 0.02086493147398898
    z: -0.010637627105838711
    w: 0.9989552018730428
---
header:
  stamp:
    sec: 1788573206
    nanosec: 599438000
  frame_id: default_cam
pose:
  position:
    x: 0.13340605943379125
    y: 0.04719984512001971
    z: -0.9917189791516282
  orientation:
    x: 0.03861145506584242
    y: 0.021215812636908235
    z: -0.01023572748481254
    w: 0.9989766136975934
---
header:
  stamp:
    sec: 1788573206
    nanosec: 631437000
  frame_id: default_cam
pose:
  position:
    x: 0.13340605943379125
    y: 0.04719984512001971
    z: -0.9917189791516282
  orientation:
    x: 0.03861145506584242
    y: 0.021215812636908235
    z: -0.01023572748481254
    w: 0.9989766136975934
---
header:
  stamp:
    sec: 1788573206
    nanosec: 663438000
  frame_id: default_cam
pose:
  position:
    x: 0.13340605943379125
    y: 0.04719984512001971
    z: -0.9917189791516282
  orientation:
    x: 0.03861145506584242
    y: 0.021215812636908235
    z: -0.01023572748481254
    w: 0.9989766136975934
---
header:
  stamp:
    sec: 1788573206
    nanosec: 699437000
  frame_id: default_cam
pose:
  position:
    x: 0.13348797938380674
    y: 0.04731253187588135
    z: -0.9922150437384769
  orientation:
    x: 0.03947290718544617
    y: 0.021088780714477996
    z: -0.009693748939043791
    w: 0.9989510419223819
---
header:
  stamp:
    sec: 1788573206
    nanosec: 731435000
  frame_id: default_cam
pose:
  position:
    x: 0.13360109508226045
    y: 0.0473465647550566
    z: -0.9928942331716102
  orientation:
    x: 0.03923895475211663
    y: 0.020866510325433144
    z: -0.010637069450226109
    w: 0.9989553272946249
---
header:
  stamp:
    sec: 1788573206
    nanosec: 763435000
  frame_id: default_cam
pose:
  position:
    x: 0.13340605941805342
    y: 0.047199845098975755
    z: -0.9917189790436988
  orientation:
    x: 0.03861145455128646
    y: 0.021215812761192353
    z: -0.010235727496486621
    w: 0.9989766137147224
---
header:
  stamp:
    sec: 1788573206
    nanosec: 799432000
  frame_id: default_cam
pose:
  position:
    x: 0.13348797938380563
    y: 0.047312531875879874
    z: -0.9922150437384692
  orientation:
    x: 0.039472907185410286
    y: 0.021088780714486582
    z: -0.009693748939044802
    w: 0.9989510419223832
---
header:
  stamp:
    sec: 1788573206
    nanosec: 831433000
  frame_id: default_cam
pose:
  position:
    x: 0.13360109508226048
    y: 0.04734656475505662
    z: -0.9928942331716104
  orientation:
    x: 0.03923895475211692
    y: 0.020866510325433234
    z: -0.010637069450226215
    w: 0.9989553272946248
---
header:
  stamp:
    sec: 1788573206
    nanosec: 863431000
  frame_id: default_cam
pose:
  position:
    x: 0.13340605941805342
    y: 0.04719984509897575
    z: -0.9917189790436988
  orientation:
    x: 0.03861145455128657
    y: 0.021215812761192242
    z: -0.010235727496486585
    w: 0.9989766137147224
---
header:
  stamp:
    sec: 1788573206
    nanosec: 899430000
  frame_id: default_cam
pose:
  position:
    x: 0.13348797938380558
    y: 0.047312531875879846
    z: -0.9922150437384689
  orientation:
    x: 0.03947290718541031
    y: 0.02108878071448688
    z: -0.009693748939044875
    w: 0.9989510419223832
---
header:
  stamp:
    sec: 1788573206
    nanosec: 931430000
  frame_id: default_cam
pose:
  position:
    x: 0.13348797938380558
    y: 0.047312531875879846
    z: -0.9922150437384689
  orientation:
    x: 0.03947290718541031
    y: 0.02108878071448688
    z: -0.009693748939044875
    w: 0.9989510419223832
---
header:
  stamp:
    sec: 1788573206
    nanosec: 963435000
  frame_id: default_cam
pose:
  position:
    x: 0.13340605867664282
    y: 0.04719984603228959
    z: -0.9917189792902288
  orientation:
    x: 0.038611488242625884
    y: 0.0212158404832198
    z: -0.010235728257332564
    w: 0.9989766118159735
---
header:
  stamp:
    sec: 1788573206
    nanosec: 999430000
  frame_id: default_cam
pose:
  position:
    x: 0.13348797938375734
    y: 0.04731253187594503
    z: -0.9922150437384926
  orientation:
    x: 0.03947290718773014
    y: 0.02108878071632841
    z: -0.009693748939082581
    w: 0.9989510419222524
---
header:
  stamp:
    sec: 1788573207
    nanosec: 31429000
  frame_id: default_cam
pose:
  position:
    x: 0.13344966704507158
    y: 0.047246583233174454
    z: -0.9915857323642088
  orientation:
    x: 0.03906045148790405
    y: 0.020540809527508253
    z: -0.009709237544561128
    w: 0.9989785217810336
---
header:
  stamp:
    sec: 1788573207
    nanosec: 63426000
  frame_id: default_cam
pose:
  position:
    x: 0.13348798209104795
    y: 0.047312533688859355
    z: -0.9922150573573442
  orientation:
    x: 0.039472940972732004
    y: 0.02108873921915949
    z: -0.009693746684559577
    w: 0.9989510414851797
---
header:
  stamp:
    sec: 1788573207
    nanosec: 99427000
  frame_id: default_cam
pose:
  position:
    x: 0.13348798209104795
    y: 0.047312533688859355
    z: -0.9922150573573442
  orientation:
    x: 0.039472940972732004
    y: 0.02108873921915949
    z: -0.009693746684559577
    w: 0.9989510414851797
---
header:
  stamp:
    sec: 1788573207
    nanosec: 131425000
  frame_id: default_cam
pose:
  position:
    x: 0.13360109510613494
    y: 0.04734656475530799
    z: -0.9928942332425463
  orientation:
    x: 0.039238954646438166
    y: 0.020866509795444278
    z: -0.010637069431869057
    w: 0.9989553273100419
---
header:
  stamp:
    sec: 1788573207
    nanosec: 163432000
  frame_id: default_cam
pose:
  position:
    x: 0.13368286602910678
    y: 0.04747169570065865
    z: -0.9937663062040976
  orientation:
    x: 0.04011071866594075
    y: 0.02131410700275288
    z: -0.010323964380133473
    w: 0.9989145383115888
---
header:
  stamp:
    sec: 1788573207
    nanosec: 199425000
  frame_id: default_cam
pose:
  position:
    x: 0.13340606008566758
    y: 0.04719984991217878
    z: -0.9917189945249336
  orientation:
    x: 0.0386115944415088
    y: 0.02121585195675325
    z: -0.010235727452684104
    w: 0.9989766074758447
---
header:
  stamp:
    sec: 1788573207
    nanosec: 231426000
  frame_id: default_cam
pose:
  position:
    x: 0.13340606008566758
    y: 0.04719984991217878
    z: -0.9917189945249336
  orientation:
    x: 0.0386115944415088
    y: 0.02121585195675325
    z: -0.010235727452684104
    w: 0.9989766074758447
---
header:
  stamp:
    sec: 1788573207
    nanosec: 263426000
  frame_id: default_cam
pose:
  position:
    x: 0.13334856988435528
    y: 0.04719134979179936
    z: -0.991558798478005
  orientation:
    x: 0.038446432848866854
    y: 0.021455973899339554
    z: -0.010007884671011326
    w: 0.9989801575755347
---
header:
  stamp:
    sec: 1788573207
    nanosec: 299424000
  frame_id: default_cam
pose:
  position:
    x: 0.13334856988435528
    y: 0.04719134979179936
    z: -0.991558798478005
  orientation:
    x: 0.038446432848866854
    y: 0.021455973899339554
    z: -0.010007884671011326
    w: 0.9989801575755347
---
header:
  stamp:
    sec: 1788573207
    nanosec: 331421000
  frame_id: default_cam
pose:
  position:
    x: 0.13368333518043068
    y: 0.047459691543305274
    z: -0.9933918637098742
  orientation:
    x: 0.04010753787706995
    y: 0.020736466569263038
    z: -0.010094466388096818
    w: 0.998929169715251
---
header:
  stamp:
    sec: 1788573207
    nanosec: 363426000
  frame_id: default_cam
pose:
  position:
    x: 0.13368333518043068
    y: 0.047459691543305274
    z: -0.9933918637098742
  orientation:
    x: 0.04010753787706995
    y: 0.020736466569263038
    z: -0.010094466388096818
    w: 0.998929169715251
---
header:
  stamp:
    sec: 1788573207
    nanosec: 399421000
  frame_id: default_cam
pose:
  position:
    x: 0.13340606160611534
    y: 0.047199849984054146
    z: -0.9917189995072425
  orientation:
    x: 0.03861158510014459
    y: 0.021215818050650925
    z: -0.010235726025493129
    w: 0.9989766085716056
---
header:
  stamp:
    sec: 1788573207
    nanosec: 431421000
  frame_id: default_cam
pose:
  position:
    x: 0.1334879793839608
    y: 0.047312531876221454
    z: -0.9922150437398968
  orientation:
    x: 0.03947290719447469
    y: 0.02108878071477935
    z: -0.009693748938909948
    w: 0.9989510419220201
---
header:
  stamp:
    sec: 1788573207
    nanosec: 463419000
  frame_id: default_cam
pose:
  position:
    x: 0.1334879793839608
    y: 0.047312531876221454
    z: -0.9922150437398968
  orientation:
    x: 0.03947290719447469
    y: 0.02108878071477935
    z: -0.009693748938909948
    w: 0.9989510419220201
---
header:
  stamp:
    sec: 1788573207
    nanosec: 499418000
  frame_id: default_cam
pose:
  position:
    x: 0.13340605867664287
    y: 0.04719984603228965
    z: -0.9917189792902289
  orientation:
    x: 0.038611488242627334
    y: 0.021215840483220075
    z: -0.01023572825733243
    w: 0.9989766118159734
---
header:
  stamp:
    sec: 1788573207
    nanosec: 531417000
  frame_id: default_cam
pose:
  position:
    x: 0.13340605867664287
    y: 0.04719984603228965
    z: -0.9917189792902289
  orientation:
    x: 0.038611488242627334
    y: 0.021215840483220075
    z: -0.01023572825733243
    w: 0.9989766118159734
---
header:
  stamp:
    sec: 1788573207
    nanosec: 563421000
  frame_id: default_cam
pose:
  position:
    x: 0.1334879793837574
    y: 0.047312531875945044
    z: -0.9922150437384927
  orientation:
    x: 0.03947290718773005
    y: 0.021088780716327842
    z: -0.009693748939082336
    w: 0.9989510419222524
---
header:
  stamp:
    sec: 1788573207
    nanosec: 599420000
  frame_id: default_cam
pose:
  position:
    x: 0.13340605867664287
    y: 0.04719984603228961
    z: -0.991718979290229
  orientation:
    x: 0.03861148824262605
    y: 0.02121584048321983
    z: -0.010235728257332403
    w: 0.9989766118159735
---
header:
  stamp:
    sec: 1788573207
    nanosec: 631417000
  frame_id: default_cam
pose:
  position:
    x: 0.1336833363211093
    y: 0.04745969204288441
    z: -0.9933918685618922
  orientation:
    x: 0.040107544561040556
    y: 0.02073644538088549
    z: -0.010094465215005769
    w: 0.9989291698985833
---
header:
  stamp:
    sec: 1788573207
    nanosec: 663416000
  frame_id: default_cam
pose:
  position:
    x: 0.1336010655838027
    y: 0.04734667837513057
    z: -0.992893845628846
  orientation:
    x: 0.039243023011963855
    y: 0.02086490022153916
    z: -0.010637624619148552
    w: 0.9989551952045145
---
header:
  stamp:
    sec: 1788573207
    nanosec: 699416000
  frame_id: default_cam
pose:
  position:
    x: 0.1336010655838027
    y: 0.04734667837513057
    z: -0.992893845628846
  orientation:
    x: 0.039243023011963855
    y: 0.02086490022153916
    z: -0.010637624619148552
    w: 0.9989551952045145
---
header:
  stamp:
    sec: 1788573207
    nanosec: 731415000
  frame_id: default_cam
pose:
  position:
    x: 0.1334060594343687
    y: 0.047199845121022224
    z: -0.9917189791562246
  orientation:
    x: 0.0386114550916522
    y: 0.02121581263494287
    z: -0.010235727484408947
    w: 0.9989766136966417
---
header:
  stamp:
    sec: 1788573207
    nanosec: 763419000
  frame_id: default_cam
pose:
  position:
    x: 0.1334060594343687
    y: 0.047199845121022224
    z: -0.9917189791562246
  orientation:
    x: 0.0386114550916522
    y: 0.02121581263494287
    z: -0.010235727484408947
    w: 0.9989766136966417
---
header:
  stamp:
    sec: 1788573207
    nanosec: 799412000
  frame_id: default_cam
pose:
  position:
    x: 0.13360106087640639
    y: 0.04734667101567945
    z: -0.9928938111119655
  orientation:
    x: 0.03924283595510871
    y: 0.02086493147296894
    z: -0.010637627105836196
    w: 0.9989552018736305
---
header:
  stamp:
    sec: 1788573207
    nanosec: 831411000
  frame_id: default_cam
pose:
  position:
    x: 0.13340605943379122
    y: 0.04719984512001965
    z: -0.9917189791516281
  orientation:
    x: 0.03861145506584063
    y: 0.021215812636908145
    z: -0.010235727484812624
    w: 0.9989766136975934
---
header:
  stamp:
    sec: 1788573207
    nanosec: 863411000
  frame_id: default_cam
pose:
  position:
    x: 0.13348797938380677
    y: 0.04731253187588135
    z: -0.9922150437384769
  orientation:
    x: 0.03947290718544615
    y: 0.021088780714477905
    z: -0.009693748939043791
    w: 0.9989510419223819
---
header:
  stamp:
    sec: 1788573207
    nanosec: 899414000
  frame_id: default_cam
pose:
  position:
    x: 0.13340605867664282
    y: 0.04719984603228959
    z: -0.9917189792902287
  orientation:
    x: 0.0386114882426259
    y: 0.021215840483220224
    z: -0.010235728257332485
    w: 0.9989766118159735
---
header:
  stamp:
    sec: 1788573207
    nanosec: 931417000
  frame_id: default_cam
pose:
  position:
    x: 0.1336010608763025
    y: 0.04734667101578047
    z: -0.9928938111119217
  orientation:
    x: 0.0392428359589055
    y: 0.020864931476422544
    z: -0.010637627106010454
    w: 0.9989552018734075
---
header:
  stamp:
    sec: 1788573207
    nanosec: 963413000
  frame_id: default_cam
pose:
  position:
    x: 0.1334883313691595
    y: 0.04731274330415482
    z: -0.9922173436702539
  orientation:
    x: 0.03947615269801035
    y: 0.021086924742907645
    z: -0.00969287337734234
    w: 0.9989509613483242
---
header:
  stamp:
    sec: 1788573207
    nanosec: 999409000
  frame_id: default_cam
pose:
  position:
    x: 0.13360109689182886
    y: 0.04734656433262699
    z: -0.992894239438226
  orientation:
    x: 0.03923893074112222
    y: 0.02086648107819372
    z: -0.0106370692282241
    w: 0.9989553288510657
---
header:
  stamp:
    sec: 1788573208
    nanosec: 31409000
  frame_id: default_cam
pose:
  position:
    x: 0.13360109689182886
    y: 0.04734656433262699
    z: -0.992894239438226
  orientation:
    x: 0.03923893074112222
    y: 0.02086648107819372
    z: -0.0106370692282241
    w: 0.9989553288510657
---
header:
  stamp:
    sec: 1788573208
    nanosec: 63406000
  frame_id: default_cam
pose:
  position:
    x: 0.13340605941809533
    y: 0.04719984509887585
    z: -0.991718979043555
  orientation:
    x: 0.0386114545479628
    y: 0.02121581275910499
    z: -0.01023572749643684
    w: 0.9989766137148957
---
header:
  stamp:
    sec: 1788573208
    nanosec: 99409000
  frame_id: default_cam
pose:
  position:
    x: 0.13340605941809533
    y: 0.04719984509887585
    z: -0.991718979043555
  orientation:
    x: 0.0386114545479628
    y: 0.02121581275910499
    z: -0.01023572749643684
    w: 0.9989766137148957
---
header:
  stamp:
    sec: 1788573208
    nanosec: 131412000
  frame_id: default_cam
pose:
  position:
    x: 0.13360106087640472
    y: 0.04734667101567705
    z: -0.9928938111119539
  orientation:
    x: 0.039242835955048905
    y: 0.020864931472982157
    z: -0.010637627105837042
    w: 0.9989552018736326
---
header:
  stamp:
    sec: 1788573208
    nanosec: 163420000
  frame_id: default_cam
pose:
  position:
    x: 0.13348833136916163
    y: 0.0473127433041566
    z: -0.9922173436702657
  orientation:
    x: 0.03947615269804796
    y: 0.021086924742888626
    z: -0.009692873377339952
    w: 0.9989509613483232
---
header:
  stamp:
    sec: 1788573208
    nanosec: 199421000
  frame_id: default_cam
pose:
  position:
    x: 0.13368333787511644
    y: 0.04745969436882198
    z: -0.9933918796357398
  orientation:
    x: 0.040107603017560146
    y: 0.02073643359426196
    z: -0.010094464347029469
    w: 0.9989291678049665
---
header:
  stamp:
    sec: 1788573208
    nanosec: 231409000
  frame_id: default_cam
pose:
  position:
    x: 0.133487982889507
    y: 0.04731253689781962
    z: -0.9922150687037047
  orientation:
    x: 0.039473031271807596
    y: 0.021088757395603005
    z: -0.009693745938973234
    w: 0.9989510375405769
---
header:
  stamp:
    sec: 1788573208
    nanosec: 263404000
  frame_id: default_cam
pose:
  position:
    x: 0.13360109510419232
    y: 0.0473465647192347
    z: -0.9928942331405718
  orientation:
    x: 0.039238953622258765
    y: 0.02086650964229121
    z: -0.010637069419702022
    w: 0.9989553273536004
---
header:
  stamp:
    sec: 1788573208
    nanosec: 363405000
  frame_id: default_cam
pose:
  position:
    x: 0.13368333831731483
    y: 0.04745969353600669
    z: -0.9933918787363749
  orientation:
    x: 0.04010757481498835
    y: 0.020736414707435147
    z: -0.010094463462171263
    w: 0.9989291693383231
---
header:
  stamp:
    sec: 1788573208
    nanosec: 399400000
  frame_id: default_cam
pose:
  position:
    x: 0.13340606160637253
    y: 0.04719984998429765
    z: -0.9917189995087315
  orientation:
    x: 0.038611585105536146
    y: 0.021215818047529585
    z: -0.010235726025285434
    w: 0.9989766085714658
---
header:
  stamp:
    sec: 1788573208
    nanosec: 431400000
  frame_id: default_cam
pose:
  position:
    x: 0.13340606160637253
    y: 0.04719984998429765
    z: -0.9917189995087315
  orientation:
    x: 0.038611585105536146
    y: 0.021215818047529585
    z: -0.010235726025285434
    w: 0.9989766085714658
---
header:
  stamp:
    sec: 1788573208
    nanosec: 463398000
  frame_id: default_cam
pose:
  position:
    x: 0.13368333632132492
    y: 0.04745969204313543
    z: -0.9933918685632336
  orientation:
    x: 0.040107544566997784
    y: 0.020736445378507197
    z: -0.010094465214850412
    w: 0.9989291698983951
---
header:
  stamp:
    sec: 1788573208
    nanosec: 499399000
  frame_id: default_cam
pose:
  position:
    x: 0.13340606160619797
    y: 0.047199849984105216
    z: -0.9917189995076454
  orientation:
    x: 0.03861158510105785
    y: 0.02121581804934089
    z: -0.010235726025422888
    w: 0.9989766085715989
---
header:
  stamp:
    sec: 1788573208
    nanosec: 531398000
  frame_id: default_cam
pose:
  position:
    x: 0.13360106087659898
    y: 0.04734667101620543
    z: -0.9928938111139844
  orientation:
    x: 0.039242835969526414
    y: 0.020864931473989337
    z: -0.010637627105838673
    w: 0.9989552018730428
---
header:
  stamp:
    sec: 1788573208
    nanosec: 563396000
  frame_id: default_cam
pose:
  position:
    x: 0.13340605943379122
    y: 0.0471998451200197
    z: -0.9917189791516281
  orientation:
    x: 0.038611455065842334
    y: 0.021215812636908006
    z: -0.01023572748481253
    w: 0.9989766136975934
---
header:
  stamp:
    sec: 1788573208
    nanosec: 599398000
  frame_id: default_cam
pose:
  position:
    x: 0.13348797938380672
    y: 0.047312531875881345
    z: -0.9922150437384769
  orientation:
    x: 0.039472907185446014
    y: 0.021088780714478058
    z: -0.009693748939043883
    w: 0.998951041922382
---
header:
  stamp:
    sec: 1788573208
    nanosec: 631395000
  frame_id: default_cam
pose:
  position:
    x: 0.13340605867664285
    y: 0.0471998460322896
    z: -0.9917189792902288
  orientation:
    x: 0.03861148824262575
    y: 0.021215840483220325
    z: -0.010235728257332486
    w: 0.9989766118159735
---
header:
  stamp:
    sec: 1788573208
    nanosec: 663395000
  frame_id: default_cam
pose:
  position:
    x: 0.13360106087630247
    y: 0.04734667101578046
    z: -0.9928938111119217
  orientation:
    x: 0.03924283595890536
    y: 0.02086493147642268
    z: -0.010637627106010353
    w: 0.9989552018734075
---
header:
  stamp:
    sec: 1788573208
    nanosec: 699393000
  frame_id: default_cam
pose:
  position:
    x: 0.13340605943379127
    y: 0.04719984512001967
    z: -0.9917189791516283
  orientation:
    x: 0.03861145506584065
    y: 0.02121581263690811
    z: -0.010235727484812433
    w: 0.9989766136975934
---
header:
  stamp:
    sec: 1788573208
    nanosec: 731393000
  frame_id: default_cam
pose:
  position:
    x: 0.13344966535073485
    y: 0.047246580190828905
    z: -0.9915857186747693
  orientation:
    x: 0.039060372791487365
    y: 0.020540814842952254
    z: -0.0097092386695766
    w: 0.9989785247378618
---
header:
  stamp:
    sec: 1788573208
    nanosec: 763395000
  frame_id: default_cam
pose:
  position:
    x: 0.13360128372911712
    y: 0.04734679030603939
    z: -0.9928949120807679
  orientation:
    x: 0.03924638775200493
    y: 0.020862210223812287
    z: -0.010636249686784043
    w: 0.9989551338401526
---
header:
  stamp:
    sec: 1788573208
    nanosec: 799392000
  frame_id: default_cam
pose:
  position:
    x: 0.13340605945170597
    y: 0.04719984514122255
    z: -0.9917189792668393
  orientation:
    x: 0.038611455568502
    y: 0.021215812464679185
    z: -0.010235727471004371
    w: 0.9989766136819642
---
header:
  stamp:
    sec: 1788573208
    nanosec: 831391000
  frame_id: default_cam
pose:
  position:
    x: 0.13348797938380794
    y: 0.04731253187588282
    z: -0.9922150437384847
  orientation:
    x: 0.0394729071854812
    y: 0.02108878071446659
    z: -0.009693748939042852
    w: 0.9989510419223808
---
header:
  stamp:
    sec: 1788573208
    nanosec: 863391000
  frame_id: default_cam
pose:
  position:
    x: 0.1334060586766428
    y: 0.04719984603228957
    z: -0.9917189792902283
  orientation:
    x: 0.03861148824262566
    y: 0.02121584048322011
    z: -0.010235728257332417
    w: 0.9989766118159735
---
header:
  stamp:
    sec: 1788573208
    nanosec: 899391000
  frame_id: default_cam
pose:
  position:
    x: 0.13348797938375737
    y: 0.047312531875945044
    z: -0.9922150437384926
  orientation:
    x: 0.03947290718772993
    y: 0.02108878071632801
    z: -0.009693748939082446
    w: 0.9989510419222524
---
header:
  stamp:
    sec: 1788573208
    nanosec: 931388000
  frame_id: default_cam
pose:
  position:
    x: 0.13348797938375737
    y: 0.047312531875945044
    z: -0.9922150437384926
  orientation:
    x: 0.03947290718772993
    y: 0.02108878071632801
    z: -0.009693748939082446
    w: 0.9989510419222524
---
header:
  stamp:
    sec: 1788573208
    nanosec: 963391000
  frame_id: default_cam
pose:
  position:
    x: 0.13340605867664282
    y: 0.04719984603228959
    z: -0.9917189792902288
  orientation:
    x: 0.03861148824262615
    y: 0.021215840483220328
    z: -0.010235728257332407
    w: 0.9989766118159735
---
header:
  stamp:
    sec: 1788573208
    nanosec: 999388000
  frame_id: default_cam
pose:
  position:
    x: 0.13348797938375737
    y: 0.04731253187594505
    z: -0.9922150437384926
  orientation:
    x: 0.03947290718773014
    y: 0.0210887807163281
    z: -0.009693748939082491
    w: 0.9989510419222524
---
header:
  stamp:
    sec: 1788573209
    nanosec: 31388000
  frame_id: default_cam
pose:
  position:
    x: 0.13340605867664282
    y: 0.0471998460322896
    z: -0.9917189792902288
  orientation:
    x: 0.03861148824262604
    y: 0.021215840483220078
    z: -0.01023572825733245
    w: 0.9989766118159735
---
header:
  stamp:
    sec: 1788573209
    nanosec: 63388000
  frame_id: default_cam
pose:
  position:
    x: 0.13348797938375745
    y: 0.04731253187594507
    z: -0.992215043738493
  orientation:
    x: 0.039472907187730284
    y: 0.02108878071632826
    z: -0.009693748939082477
    w: 0.9989510419222524
---
header:
  stamp:
    sec: 1788573209
    nanosec: 99385000
  frame_id: default_cam
pose:
  position:
    x: 0.13348797938375745
    y: 0.04731253187594507
    z: -0.992215043738493
  orientation:
    x: 0.039472907187730284
    y: 0.02108878071632826
    z: -0.009693748939082477
    w: 0.9989510419222524
---
header:
  stamp:
    sec: 1788573209
    nanosec: 131384000
  frame_id: default_cam
pose:
  position:
    x: 0.13340605867664282
    y: 0.04719984603228958
    z: -0.9917189792902286
  orientation:
    x: 0.038611488242626044
    y: 0.02121584048322025
    z: -0.010235728257332455
    w: 0.9989766118159735
---
header:
  stamp:
    sec: 1788573209
    nanosec: 163384000
  frame_id: default_cam
pose:
  position:
    x: 0.13368333632110938
    y: 0.04745969204288441
    z: -0.9933918685618925
  orientation:
    x: 0.0401075445610405
    y: 0.020736445380885236
    z: -0.010094465215005824
    w: 0.9989291698985833
---
header:
  stamp:
    sec: 1788573209
    nanosec: 199385000
  frame_id: default_cam
pose:
  position:
    x: 0.13360106558380264
    y: 0.04734667837513057
    z: -0.9928938456288458
  orientation:
    x: 0.03924302301196397
    y: 0.02086490022153867
    z: -0.010637624619148368
    w: 0.9989551952045146
---
header:
  stamp:
    sec: 1788573209
    nanosec: 231384000
  frame_id: default_cam
pose:
  position:
    x: 0.13340605943436865
    y: 0.0471998451210222
    z: -0.9917189791562244
  orientation:
    x: 0.0386114550916522
    y: 0.02121581263494294
    z: -0.010235727484408826
    w: 0.9989766136966417
---
header:
  stamp:
    sec: 1788573209
    nanosec: 263384000
  frame_id: default_cam
pose:
  position:
    x: 0.13340605943436865
    y: 0.0471998451210222
    z: -0.9917189791562244
  orientation:
    x: 0.0386114550916522
    y: 0.02121581263494294
    z: -0.010235727484408826
    w: 0.9989766136966417
---
header:
  stamp:
    sec: 1788573209
    nanosec: 299381000
  frame_id: default_cam
pose:
  position:
    x: 0.13340605943436865
    y: 0.0471998451210222
    z: -0.9917189791562244
  orientation:
    x: 0.0386114550916522
    y: 0.02121581263494294
    z: -0.010235727484408826
    w: 0.9989766136966417
---
header:
  stamp:
    sec: 1788573209
    nanosec: 331380000
  frame_id: default_cam
pose:
  position:
    x: 0.13360106087640636
    y: 0.04734667101567944
    z: -0.9928938111119654
  orientation:
    x: 0.03924283595510848
    y: 0.020864931472968872
    z: -0.010637627105836198
    w: 0.9989552018736306
---
header:
  stamp:
    sec: 1788573209
    nanosec: 363380000
  frame_id: default_cam
pose:
  position:
    x: 0.13360106087640636
    y: 0.04734667101567944
    z: -0.9928938111119654
  orientation:
    x: 0.03924283595510848
    y: 0.020864931472968872
    z: -0.010637627105836198
    w: 0.9989552018736306
---
header:
  stamp:
    sec: 1788573209
    nanosec: 399382000
  frame_id: default_cam
pose:
  position:
    x: 0.13360106087640636
    y: 0.04734667101567944
    z: -0.9928938111119654
  orientation:
    x: 0.03924283595510848
    y: 0.020864931472968872
    z: -0.010637627105836198
    w: 0.9989552018736306
---
header:
  stamp:
    sec: 1788573209
    nanosec: 431381000
  frame_id: default_cam
pose:
  position:
    x: 0.13360106087640636
    y: 0.04734667101567944
    z: -0.9928938111119654
  orientation:
    x: 0.03924283595510848
    y: 0.020864931472968872
    z: -0.010637627105836198
    w: 0.9989552018736306
---
header:
  stamp:
    sec: 1788573209
    nanosec: 463379000
  frame_id: default_cam
pose:
  position:
    x: 0.13340605943379122
    y: 0.04719984512001963
    z: -0.9917189791516279
  orientation:
    x: 0.03861145506584035
    y: 0.02121581263690815
    z: -0.010235727484812485
    w: 0.9989766136975935
---
header:
  stamp:
    sec: 1788573209
    nanosec: 499379000
  frame_id: default_cam
pose:
  position:
    x: 0.13348797938380672
    y: 0.04731253187588135
    z: -0.9922150437384768
  orientation:
    x: 0.0394729071854461
    y: 0.021088780714477843
    z: -0.009693748939043885
    w: 0.9989510419223819
---
header:
  stamp:
    sec: 1788573209
    nanosec: 531379000
  frame_id: default_cam
pose:
  position:
    x: 0.13340605867664287
    y: 0.047199846032289584
    z: -0.9917189792902289
  orientation:
    x: 0.03861148824262597
    y: 0.021215840483220064
    z: -0.01023572825733238
    w: 0.9989766118159735
---
header:
  stamp:
    sec: 1788573209
    nanosec: 563376000
  frame_id: default_cam
pose:
  position:
    x: 0.13368333632110938
    y: 0.04745969204288441
    z: -0.9933918685618927
  orientation:
    x: 0.040107544561040404
    y: 0.020736445380885215
    z: -0.010094465215005627
    w: 0.9989291698985833
---
header:
  stamp:
    sec: 1788573209
    nanosec: 599375000
  frame_id: default_cam
pose:
  position:
    x: 0.13360106558380264
    y: 0.04734667837513057
    z: -0.9928938456288459
  orientation:
    x: 0.039243023011963925
    y: 0.02086490022153891
    z: -0.01063762461914851
    w: 0.9989551952045146
---
header:
  stamp:
    sec: 1788573209
    nanosec: 631376000
  frame_id: default_cam
pose:
  position:
    x: 0.13368333832905638
    y: 0.04745969354974771
    z: -0.9933918788098107
  orientation:
    x: 0.040107575141240595
    y: 0.020736414580584554
    z: -0.010094463453667645
    w: 0.9989291693279431
---
header:
  stamp:
    sec: 1788573209
    nanosec: 663375000
  frame_id: default_cam
pose:
  position:
    x: 0.1334060616063737
    y: 0.0471998499842996
    z: -0.9917189995087405
  orientation:
    x: 0.03861158510558561
    y: 0.021215818047523424
    z: -0.01023572602528449
    w: 0.998976608571464
---
header:
  stamp:
    sec: 1788573209
    nanosec: 699378000
  frame_id: default_cam
pose:
  position:
    x: 0.1334060616063737
    y: 0.0471998499842996
    z: -0.9917189995087405
  orientation:
    x: 0.03861158510558561
    y: 0.021215818047523424
    z: -0.01023572602528449
    w: 0.998976608571464
---
header:
  stamp:
    sec: 1788573209
    nanosec: 731372000
  frame_id: default_cam
pose:
  position:
    x: 0.133601060876599
    y: 0.047346671016205474
    z: -0.9928938111139847
  orientation:
    x: 0.039242835969527316
    y: 0.020864931473989393
    z: -0.010637627105838732
    w: 0.9989552018730428
---
header:
  stamp:
    sec: 1788573209
    nanosec: 763374000
  frame_id: default_cam
pose:
  position:
    x: 0.13368333832867674
    y: 0.04745969354915877
    z: -0.9933918788070439
  orientation:
    x: 0.04010757512635534
    y: 0.020736414583172644
    z: -0.010094463453881927
    w: 0.9989291693284849
---
header:
  stamp:
    sec: 1788573209
    nanosec: 799373000
  frame_id: default_cam
pose:
  position:
    x: 0.13360106558399804
    y: 0.04734667837531373
    z: -0.9928938456299473
  orientation:
    x: 0.039243023016043745
    y: 0.02086490021897997
    z: -0.010637624618988996
    w: 0.9989551952044095
---
header:
  stamp:
    sec: 1788573209
    nanosec: 831373000
  frame_id: default_cam
pose:
  position:
    x: 0.1336833383290564
    y: 0.04745969354974772
    z: -0.9933918788098108
  orientation:
    x: 0.0401075751412408
    y: 0.020736414580584228
    z: -0.010094463453667667
    w: 0.9989291693279431
---
header:
  stamp:
    sec: 1788573209
    nanosec: 863372000
  frame_id: default_cam
pose:
  position:
    x: 0.13340606160637372
    y: 0.0471998499842996
    z: -0.9917189995087407
  orientation:
    x: 0.03861158510558571
    y: 0.02121581804752332
    z: -0.010235726025284574
    w: 0.998976608571464
---
header:
  stamp:
    sec: 1788573209
    nanosec: 899372000
  frame_id: default_cam
pose:
  position:
    x: 0.13368333632132492
    y: 0.04745969204313544
    z: -0.9933918685632335
  orientation:
    x: 0.040107544566997604
    y: 0.02073644537850787
    z: -0.010094465214850487
    w: 0.9989291698983951
---
header:
  stamp:
    sec: 1788573209
    nanosec: 931371000
  frame_id: default_cam
pose:
  position:
    x: 0.13368333632132492
    y: 0.04745969204313544
    z: -0.9933918685632335
  orientation:
    x: 0.040107544566997604
    y: 0.02073644537850787
    z: -0.010094465214850487
    w: 0.9989291698983951
---
header:
  stamp:
    sec: 1788573209
    nanosec: 963371000
  frame_id: default_cam
pose:
  position:
    x: 0.13368333632132492
    y: 0.04745969204313544
    z: -0.9933918685632335
  orientation:
    x: 0.040107544566997604
    y: 0.02073644537850787
    z: -0.010094465214850487
    w: 0.9989291698983951
---
header:
  stamp:
    sec: 1788573209
    nanosec: 999369000
  frame_id: default_cam
pose:
  position:
    x: 0.13360106558380264
    y: 0.04734667837513057
    z: -0.9928938456288458
  orientation:
    x: 0.0392430230119646
    y: 0.02086490022153905
    z: -0.010637624619148406
    w: 0.9989551952045145
---
header:
  stamp:
    sec: 1788573210
    nanosec: 31368000
  frame_id: default_cam
pose:
  position:
    x: 0.13368333832905632
    y: 0.04745969354974768
    z: -0.9933918788098104
  orientation:
    x: 0.04010757514124047
    y: 0.02073641458058445
    z: -0.010094463453667659
    w: 0.9989291693279431
---
header:
  stamp:
    sec: 1788573210
    nanosec: 63368000
  frame_id: default_cam
pose:
  position:
    x: 0.13360106558399812
    y: 0.047346678375313825
    z: -0.9928938456299481
  orientation:
    x: 0.03924302301604567
    y: 0.02086490021898
    z: -0.010637624618988935
    w: 0.9989551952044093
---
header:
  stamp:
    sec: 1788573210
    nanosec: 99366000
  frame_id: default_cam
pose:
  position:
    x: 0.13340605943436867
    y: 0.047199845121022224
    z: -0.9917189791562246
  orientation:
    x: 0.03861145509165274
    y: 0.021215812634942672
    z: -0.010235727484408864
    w: 0.9989766136966417
---
header:
  stamp:
    sec: 1788573210
    nanosec: 131366000
  frame_id: default_cam
pose:
  position:
    x: 0.13348797938380677
    y: 0.047312531875881414
    z: -0.9922150437384774
  orientation:
    x: 0.03947290718544792
    y: 0.02108878071447833
    z: -0.009693748939043841
    w: 0.9989510419223819
---
header:
  stamp:
    sec: 1788573210
    nanosec: 163365000
  frame_id: default_cam
pose:
  position:
    x: 0.13340605867664282
    y: 0.047199846032289605
    z: -0.9917189792902288
  orientation:
    x: 0.03861148824262616
    y: 0.021215840483220238
    z: -0.010235728257332563
    w: 0.9989766118159735
---
header:
  stamp:
    sec: 1788573210
    nanosec: 199364000
  frame_id: default_cam
pose:
  position:
    x: 0.13368333632110938
    y: 0.0474596920428844
    z: -0.9933918685618925
  orientation:
    x: 0.04010754456104039
    y: 0.02073644538088509
    z: -0.010094465215005727
    w: 0.9989291698985833
---
header:
  stamp:
    sec: 1788573210
    nanosec: 231365000
  frame_id: default_cam
pose:
  position:
    x: 0.13348798288936314
    y: 0.04731253689758855
    z: -0.9922150687026092
  orientation:
    x: 0.03947303126595906
    y: 0.02108875739625017
    z: -0.009693745939099246
    w: 0.998951037540793
---
header:
  stamp:
    sec: 1788573210
    nanosec: 263364000
  frame_id: default_cam
pose:
  position:
    x: 0.13360109510419146
    y: 0.047346564719236504
    z: -0.9928942331405741
  orientation:
    x: 0.03923895362231452
    y: 0.02086650964231949
    z: -0.01063706941970339
    w: 0.9989553273535976
---
header:
  stamp:
    sec: 1788573210
    nanosec: 299363000
  frame_id: default_cam
pose:
  position:
    x: 0.133406059418053
    y: 0.047199845098970454
    z: -0.9917189790436828
  orientation:
    x: 0.03861145455112989
    y: 0.02121581276114258
    z: -0.010235727496486213
    w: 0.9989766137147295
---
header:
  stamp:
    sec: 1788573210
    nanosec: 331363000
  frame_id: default_cam
pose:
  position:
    x: 0.1336010608764047
    y: 0.04734667101567706
    z: -0.992893811111954
  orientation:
    x: 0.03924283595504921
    y: 0.020864931472982635
    z: -0.010637627105837138
    w: 0.9989552018736326
---
header:
  stamp:
    sec: 1788573210
    nanosec: 363361000
  frame_id: default_cam
pose:
  position:
    x: 0.13340605943379127
    y: 0.04719984512001962
    z: -0.9917189791516282
  orientation:
    x: 0.03861145506583993
    y: 0.021215812636908023
    z: -0.010235727484812407
    w: 0.9989766136975935
---
header:
  stamp:
    sec: 1788573210
    nanosec: 399363000
  frame_id: default_cam
pose:
  position:
    x: 0.133682864128972
    y: 0.04747169415526241
    z: -0.9937662960631768
  orientation:
    x: 0.04011068642986728
    y: 0.02131413416206441
    z: -0.010323965923775758
    w: 0.9989145390105457
---
header:
  stamp:
    sec: 1788573210
    nanosec: 431362000
  frame_id: default_cam
pose:
  position:
    x: 0.13340606008549138
    y: 0.04719984991196603
    z: -0.991718994523786
  orientation:
    x: 0.03861159443642803
    y: 0.021215851958380973
    z: -0.010235727452819816
    w: 0.9989766074760051
---
header:
  stamp:
    sec: 1788573210
    nanosec: 463359000
  frame_id: default_cam
pose:
  position:
    x: 0.13368333632118393
    y: 0.04745969204311806
    z: -0.9933918685627546
  orientation:
    x: 0.0401075445675001
    y: 0.020736445381594453
    z: -0.010094465215013894
    w: 0.9989291698983092
---
header:
  stamp:
    sec: 1788573210
    nanosec: 499359000
  frame_id: default_cam
pose:
  position:
    x: 0.13348798288936312
    y: 0.04731253689758857
    z: -0.9922150687026091
  orientation:
    x: 0.03947303126595982
    y: 0.021088757396249845
    z: -0.009693745939099364
    w: 0.998951037540793
---
header:
  stamp:
    sec: 1788573210
    nanosec: 531356000
  frame_id: default_cam
pose:
  position:
    x: 0.1336833378639925
    y: 0.047459694358581495
    z: -0.9933918795737174
  orientation:
    x: 0.040107602791481047
    y: 0.020736433743745394
    z: -0.010094464356182137
    w: 0.9989291678108483
---
header:
  stamp:
    sec: 1788573210
    nanosec: 563357000
  frame_id: default_cam
pose:
  position:
    x: 0.1336833378639925
    y: 0.047459694358581495
    z: -0.9933918795737174
  orientation:
    x: 0.040107602791481047
    y: 0.020736433743745394
    z: -0.010094464356182137
    w: 0.9989291678108483
---
header:
  stamp:
    sec: 1788573210
    nanosec: 599356000
  frame_id: default_cam
pose:
  position:
    x: 0.1334060616063892
    y: 0.047199849984447664
    z: -0.9917189995092021
  orientation:
    x: 0.03861158510993236
    y: 0.021215818048848287
    z: -0.010235726025289205
    w: 0.9989766085712677
---
header:
  stamp:
    sec: 1788573210
    nanosec: 631356000
  frame_id: default_cam
pose:
  position:
    x: 0.1334060616063892
    y: 0.047199849984447664
    z: -0.9917189995092021
  orientation:
    x: 0.03861158510993236
    y: 0.021215818048848287
    z: -0.010235726025289205
    w: 0.9989766085712677
---
header:
  stamp:
    sec: 1788573210
    nanosec: 663356000
  frame_id: default_cam
pose:
  position:
    x: 0.13348797938396081
    y: 0.0473125318762215
    z: -0.9922150437398971
  orientation:
    x: 0.039472907194475534
    y: 0.021088780714778932
    z: -0.009693748938909758
    w: 0.9989510419220201
---
header:
  stamp:
    sec: 1788573210
    nanosec: 699356000
  frame_id: default_cam
pose:
  position:
    x: 0.13360109508226103
    y: 0.04734656475505345
    z: -0.9928942331716034
  orientation:
    x: 0.039238954752023124
    y: 0.02086651032540303
    z: -0.010637069450224497
    w: 0.9989553272946291
---
header:
  stamp:
    sec: 1788573210
    nanosec: 731355000
  frame_id: default_cam
pose:
  position:
    x: 0.13340605941805342
    y: 0.047199845098975755
    z: -0.9917189790436988
  orientation:
    x: 0.0386114545512866
    y: 0.021215812761192214
    z: -0.010235727496486512
    w: 0.9989766137147224
---
header:
  stamp:
    sec: 1788573210
    nanosec: 763352000
  frame_id: default_cam
pose:
  position:
    x: 0.1334879793838057
    y: 0.04731253187587988
    z: -0.9922150437384695
  orientation:
    x: 0.039472907185410314
    y: 0.021088780714486607
    z: -0.009693748939044743
    w: 0.9989510419223832
---
header:
  stamp:
    sec: 1788573210
    nanosec: 799352000
  frame_id: default_cam
pose:
  position:
    x: 0.1334879793838057
    y: 0.04731253187587988
    z: -0.9922150437384695
  orientation:
    x: 0.039472907185410314
    y: 0.021088780714486607
    z: -0.009693748939044743
    w: 0.9989510419223832
---
header:
  stamp:
    sec: 1788573210
    nanosec: 831352000
  frame_id: default_cam
pose:
  position:
    x: 0.1334879793838057
    y: 0.04731253187587988
    z: -0.9922150437384695
  orientation:
    x: 0.039472907185410314
    y: 0.021088780714486607
    z: -0.009693748939044743
    w: 0.9989510419223832
---
header:
  stamp:
    sec: 1788573210
    nanosec: 863352000
  frame_id: default_cam
pose:
  position:
    x: 0.1334879793838057
    y: 0.04731253187587988
    z: -0.9922150437384695
  orientation:
    x: 0.039472907185410314
    y: 0.021088780714486607
    z: -0.009693748939044743
    w: 0.9989510419223832
---
header:
  stamp:
    sec: 1788573210
    nanosec: 899349000
  frame_id: default_cam
pose:
  position:
    x: 0.1336833378637514
    y: 0.04745969435821979
    z: -0.9933918795719926
  orientation:
    x: 0.0401076027823915
    y: 0.020736433745513372
    z: -0.010094464356323066
    w: 0.9989291678111751
---
header:
  stamp:
    sec: 1788573210
    nanosec: 931351000
  frame_id: default_cam
pose:
  position:
    x: 0.13360106558396614
    y: 0.04734667837545073
    z: -0.9928938456302245
  orientation:
    x: 0.03924302302040715
    y: 0.02086490022116407
    z: -0.010637624619090336
    w: 0.9989551952041913
---
header:
  stamp:
    sec: 1788573210
    nanosec: 963350000
  frame_id: default_cam
pose:
  position:
    x: 0.13368333832905635
    y: 0.04745969354974771
    z: -0.9933918788098106
  orientation:
    x: 0.04010757514124091
    y: 0.020736414580584457
    z: -0.010094463453667662
    w: 0.9989291693279431
---
header:
  stamp:
    sec: 1788573210
    nanosec: 999350000
  frame_id: default_cam
pose:
  position:
    x: 0.1334060616063737
    y: 0.0471998499842996
    z: -0.9917189995087405
  orientation:
    x: 0.03861158510558547
    y: 0.021215818047523784
    z: -0.010235726025284539
    w: 0.9989766085714639
---
header:
  stamp:
    sec: 1788573211
    nanosec: 31350000
  frame_id: default_cam
pose:
  position:
    x: 0.1334060616063737
    y: 0.0471998499842996
    z: -0.9917189995087405
  orientation:
    x: 0.03861158510558547
    y: 0.021215818047523784
    z: -0.010235726025284539
    w: 0.9989766085714639
---
header:
  stamp:
    sec: 1788573211
    nanosec: 63350000
  frame_id: default_cam
pose:
  position:
    x: 0.13348797938396081
    y: 0.047312531876221454
    z: -0.9922150437398968
  orientation:
    x: 0.039472907194474945
    y: 0.021088780714778516
    z: -0.009693748938909742
    w: 0.9989510419220202
---
header:
  stamp:
    sec: 1788573211
    nanosec: 99349000
  frame_id: default_cam
pose:
  position:
    x: 0.13348797938396081
    y: 0.047312531876221454
    z: -0.9922150437398968
  orientation:
    x: 0.039472907194474945
    y: 0.021088780714778516
    z: -0.009693748938909742
    w: 0.9989510419220202
---
header:
  stamp:
    sec: 1788573211
    nanosec: 131346000
  frame_id: default_cam
pose:
  position:
    x: 0.13348797938396081
    y: 0.047312531876221454
    z: -0.9922150437398968
  orientation:
    x: 0.039472907194474945
    y: 0.021088780714778516
    z: -0.009693748938909742
    w: 0.9989510419220202
---
header:
  stamp:
    sec: 1788573211
    nanosec: 163345000
  frame_id: default_cam
pose:
  position:
    x: 0.13368333786375136
    y: 0.04745969435821979
    z: -0.9933918795719925
  orientation:
    x: 0.040107602782392164
    y: 0.020736433745513407
    z: -0.01009446435632307
    w: 0.9989291678111751
---
header:
  stamp:
    sec: 1788573211
    nanosec: 199344000
  frame_id: default_cam
pose:
  position:
    x: 0.13360106558396612
    y: 0.047346678375450715
    z: -0.9928938456302242
  orientation:
    x: 0.039243023020407
    y: 0.020864900221164214
    z: -0.010637624619090302
    w: 0.9989551952041913
---
header:
  stamp:
    sec: 1788573211
    nanosec: 231345000
  frame_id: default_cam
pose:
  position:
    x: 0.13360106558396612
    y: 0.047346678375450715
    z: -0.9928938456302242
  orientation:
    x: 0.039243023020407
    y: 0.020864900221164214
    z: -0.010637624619090302
    w: 0.9989551952041913
---
header:
  stamp:
    sec: 1788573211
    nanosec: 263345000
  frame_id: default_cam
pose:
  position:
    x: 0.13340605943436867
    y: 0.04719984512102225
    z: -0.9917189791562245
  orientation:
    x: 0.03861145509165338
    y: 0.02121581263494251
    z: -0.010235727484409
    w: 0.9989766136966416
---
header:
  stamp:
    sec: 1788573211
    nanosec: 299343000
  frame_id: default_cam
pose:
  position:
    x: 0.13340605943436867
    y: 0.04719984512102225
    z: -0.9917189791562245
  orientation:
    x: 0.03861145509165338
    y: 0.02121581263494251
    z: -0.010235727484409
    w: 0.9989766136966416
---
header:
  stamp:
    sec: 1788573211
    nanosec: 331344000
  frame_id: default_cam
pose:
  position:
    x: 0.1336833363211949
    y: 0.04745969204283944
    z: -0.9933918685620324
  orientation:
    x: 0.040107544559072256
    y: 0.02073644537843319
    z: -0.010094465214883313
    w: 0.9989291698987145
---
header:
  stamp:
    sec: 1788573211
    nanosec: 363342000
  frame_id: default_cam
pose:
  position:
    x: 0.1336833363211949
    y: 0.04745969204283944
    z: -0.9933918685620324
  orientation:
    x: 0.040107544559072256
    y: 0.02073644537843319
    z: -0.010094465214883313
    w: 0.9989291698987145
---
header:
  stamp:
    sec: 1788573211
    nanosec: 399340000
  frame_id: default_cam
pose:
  position:
    x: 0.13340606160619792
    y: 0.04719984998410518
    z: -0.991718999507645
  orientation:
    x: 0.0386115851010568
    y: 0.02121581804934105
    z: -0.01023572602542281
    w: 0.9989766085715989
---
header:
  stamp:
    sec: 1788573211
    nanosec: 431341000
  frame_id: default_cam
pose:
  position:
    x: 0.13348797938396087
    y: 0.047312531876221475
    z: -0.9922150437398972
  orientation:
    x: 0.03947290719447477
    y: 0.021088780714779227
    z: -0.00969374893890986
    w: 0.9989510419220201
---
header:
  stamp:
    sec: 1788573211
    nanosec: 463345000
  frame_id: default_cam
pose:
  position:
    x: 0.13348797938396087
    y: 0.047312531876221475
    z: -0.9922150437398972
  orientation:
    x: 0.03947290719447477
    y: 0.021088780714779227
    z: -0.00969374893890986
    w: 0.9989510419220201
---
header:
  stamp:
    sec: 1788573211
    nanosec: 499340000
  frame_id: default_cam
pose:
  position:
    x: 0.133601095082261
    y: 0.047346564755053416
    z: -0.9928942331716032
  orientation:
    x: 0.03923895475202275
    y: 0.020866510325402973
    z: -0.010637069450224423
    w: 0.9989553272946291
---
header:
  stamp:
    sec: 1788573211
    nanosec: 531339000
  frame_id: default_cam
pose:
  position:
    x: 0.133601095082261
    y: 0.047346564755053416
    z: -0.9928942331716032
  orientation:
    x: 0.03923895475202275
    y: 0.020866510325402973
    z: -0.010637069450224423
    w: 0.9989553272946291
---
header:
  stamp:
    sec: 1788573211
    nanosec: 563337000
  frame_id: default_cam
pose:
  position:
    x: 0.13368333831731385
    y: 0.04745969353600945
    z: -0.9933918787363795
  orientation:
    x: 0.040107574815078186
    y: 0.020736414707486862
    z: -0.010094463462173738
    w: 0.9989291693383184
---
header:
  stamp:
    sec: 1788573211
    nanosec: 599337000
  frame_id: default_cam
pose:
  position:
    x: 0.1336010655839969
    y: 0.04734667837531196
    z: -0.992893845629939
  orientation:
    x: 0.039243023015999134
    y: 0.02086490021898791
    z: -0.010637624618989643
    w: 0.998955195204411
---
header:
  stamp:
    sec: 1788573211
    nanosec: 631337000
  frame_id: default_cam
pose:
  position:
    x: 0.1336010655839969
    y: 0.04734667837531196
    z: -0.992893845629939
  orientation:
    x: 0.039243023015999134
    y: 0.02086490021898791
    z: -0.010637624618989643
    w: 0.998955195204411
---
header:
  stamp:
    sec: 1788573211
    nanosec: 663337000
  frame_id: default_cam
pose:
  position:
    x: 0.1334060594343687
    y: 0.047199845121022245
    z: -0.9917189791562246
  orientation:
    x: 0.038611455091652605
    y: 0.021215812634942675
    z: -0.010235727484408833
    w: 0.9989766136966417
---
header:
  stamp:
    sec: 1788573211
    nanosec: 699334000
  frame_id: default_cam
pose:
  position:
    x: 0.13348797938380674
    y: 0.0473125318758814
    z: -0.9922150437384771
  orientation:
    x: 0.03947290718544798
    y: 0.021088780714478183
    z: -0.009693748939043867
    w: 0.9989510419223819
---
header:
  stamp:
    sec: 1788573211
    nanosec: 731336000
  frame_id: default_cam
pose:
  position:
    x: 0.13348797938380674
    y: 0.0473125318758814
    z: -0.9922150437384771
  orientation:
    x: 0.03947290718544798
    y: 0.021088780714478183
    z: -0.009693748939043867
    w: 0.9989510419223819
---
header:
  stamp:
    sec: 1788573211
    nanosec: 763334000
  frame_id: default_cam
pose:
  position:
    x: 0.13360109508226045
    y: 0.04734656475505659
    z: -0.9928942331716101
  orientation:
    x: 0.039238954752116494
    y: 0.020866510325432887
    z: -0.010637069450226102
    w: 0.9989553272946249
---
header:
  stamp:
    sec: 1788573211
    nanosec: 799338000
  frame_id: default_cam
pose:
  position:
    x: 0.13368333831731383
    y: 0.047459693536009435
    z: -0.9933918787363791
  orientation:
    x: 0.040107574815078095
    y: 0.020736414707486654
    z: -0.010094463462173735
    w: 0.9989291693383184
---
header:
  stamp:
    sec: 1788573211
    nanosec: 831334000
  frame_id: default_cam
pose:
  position:
    x: 0.13360106558399687
    y: 0.047346678375311965
    z: -0.992893845629939
  orientation:
    x: 0.03924302301599944
    y: 0.020864900218987632
    z: -0.010637624618989615
    w: 0.998955195204411
---
header:
  stamp:
    sec: 1788573211
    nanosec: 863334000
  frame_id: default_cam
pose:
  position:
    x: 0.1336833383290564
    y: 0.04745969354974774
    z: -0.9933918788098108
  orientation:
    x: 0.04010757514124106
    y: 0.020736414580584145
    z: -0.010094463453667575
    w: 0.9989291693279431
---
header:
  stamp:
    sec: 1788573211
    nanosec: 899333000
  frame_id: default_cam
pose:
  position:
    x: 0.1336833383290564
    y: 0.04745969354974774
    z: -0.9933918788098108
  orientation:
    x: 0.04010757514124106
    y: 0.020736414580584145
    z: -0.010094463453667575
    w: 0.9989291693279431
---
header:
  stamp:
    sec: 1788573211
    nanosec: 931330000
  frame_id: default_cam
pose:
  position:
    x: 0.1336010655839981
    y: 0.047346678375313804
    z: -0.9928938456299476
  orientation:
    x: 0.03924302301604583
    y: 0.02086490021897974
    z: -0.010637624618988876
    w: 0.9989551952044093
---
header:
  stamp:
    sec: 1788573211
    nanosec: 963329000
  frame_id: default_cam
pose:
  position:
    x: 0.13340605943436867
    y: 0.047199845121022245
    z: -0.9917189791562245
  orientation:
    x: 0.03861145509165269
    y: 0.021215812634942807
    z: -0.010235727484408801
    w: 0.9989766136966417
---
header:
  stamp:
    sec: 1788573211
    nanosec: 999330000
  frame_id: default_cam
pose:
  position:
    x: 0.1336833363211949
    y: 0.04745969204283945
    z: -0.9933918685620324
  orientation:
    x: 0.040107544559072124
    y: 0.02073644537843288
    z: -0.010094465214883394
    w: 0.9989291698987145
---
header:
  stamp:
    sec: 1788573212
    nanosec: 31331000
  frame_id: default_cam
pose:
  position:
    x: 0.1336833363211949
    y: 0.04745969204283945
    z: -0.9933918685620324
  orientation:
    x: 0.040107544559072124
    y: 0.02073644537843288
    z: -0.010094465214883394
    w: 0.9989291698987145
---
header:
  stamp:
    sec: 1788573212
    nanosec: 63327000
  frame_id: default_cam
pose:
  position:
    x: 0.13348798288936314
    y: 0.04731253689758854
    z: -0.9922150687026091
  orientation:
    x: 0.03947303126595886
    y: 0.021088757396249644
    z: -0.009693745939099326
    w: 0.9989510375407931
---
header:
  stamp:
    sec: 1788573212
    nanosec: 99332000
  frame_id: default_cam
pose:
  position:
    x: 0.1336833378639925
    y: 0.04745969435858149
    z: -0.9933918795737176
  orientation:
    x: 0.040107602791480707
    y: 0.02073643374374522
    z: -0.010094464356181998
    w: 0.9989291678108483
---
header:
  stamp:
    sec: 1788573212
    nanosec: 131329000
  frame_id: default_cam
pose:
  position:
    x: 0.1336833378639925
    y: 0.04745969435858149
    z: -0.9933918795737176
  orientation:
    x: 0.040107602791480707
    y: 0.02073643374374522
    z: -0.010094464356181998
    w: 0.9989291678108483
---
header:
  stamp:
    sec: 1788573212
    nanosec: 163327000
  frame_id: default_cam
pose:
  position:
    x: 0.13348749159503323
    y: 0.04732454529487479
    z: -0.9925888737819628
  orientation:
    x: 0.03947825581116666
    y: 0.021665707371230043
    z: -0.009922175303503266
    w: 0.9989362416488146
---
header:
  stamp:
    sec: 1788573212
    nanosec: 199333000
  frame_id: default_cam
pose:
  position:
    x: 0.13340605679285641
    y: 0.0471998458107084
    z: -0.9917189727535947
  orientation:
    x: 0.03861149575483307
    y: 0.021215881312963047
    z: -0.010235729963129526
    w: 0.9989766106410153
---
header:
  stamp:
    sec: 1788573212
    nanosec: 231327000
  frame_id: default_cam
pose:
  position:
    x: 0.13368333632093513
    y: 0.047459692042854794
    z: -0.9933918685612785
  orientation:
    x: 0.04010754456141774
    y: 0.02073644538461415
    z: -0.010094465215204311
    w: 0.9989291698984888
---
header:
  stamp:
    sec: 1788573212
    nanosec: 263324000
  frame_id: default_cam
pose:
  position:
    x: 0.13360106558380264
    y: 0.04734667837513058
    z: -0.9928938456288459
  orientation:
    x: 0.03924302301196409
    y: 0.020864900221539424
    z: -0.010637624619148448
    w: 0.9989551952045145
---
header:
  stamp:
    sec: 1788573212
    nanosec: 299323000
  frame_id: default_cam
pose:
  position:
    x: 0.13368333832905643
    y: 0.047459693549747724
    z: -0.9933918788098108
  orientation:
    x: 0.04010757514124068
    y: 0.020736414580584187
    z: -0.010094463453667548
    w: 0.9989291693279431
---
header:
  stamp:
    sec: 1788573212
    nanosec: 331324000
  frame_id: default_cam
pose:
  position:
    x: 0.13340606160637378
    y: 0.0471998499842996
    z: -0.991718999508741
  orientation:
    x: 0.038611585105585426
    y: 0.02121581804752312
    z: -0.010235726025284594
    w: 0.998976608571464
---
header:
  stamp:
    sec: 1788573212
    nanosec: 363327000
  frame_id: default_cam
pose:
  position:
    x: 0.13360106087659898
    y: 0.04734667101620546
    z: -0.9928938111139844
  orientation:
    x: 0.039242835969527205
    y: 0.020864931473989413
    z: -0.010637627105838657
    w: 0.9989552018730428
---
header:
  stamp:
    sec: 1788573212
    nanosec: 399323000
  frame_id: default_cam
pose:
  position:
    x: 0.1336833383286767
    y: 0.04745969354915877
    z: -0.9933918788070438
  orientation:
    x: 0.0401075751263553
    y: 0.020736414583172852
    z: -0.010094463453881892
    w: 0.9989291693284849
---
header:
  stamp:
    sec: 1788573212
    nanosec: 431322000
  frame_id: default_cam
pose:
  position:
    x: 0.13368286752276673
    y: 0.04747169868535562
    z: -0.9937663190088541
  orientation:
    x: 0.04011079703264053
    y: 0.021314104803466027
    z: -0.010323963705716007
    w: 0.9989145352187224
---
header:
  stamp:
    sec: 1788573212
    nanosec: 463322000
  frame_id: default_cam
pose:
  position:
    x: 0.13348798159885233
    y: 0.04731253655266669
    z: -0.9922150636436856
  orientation:
    x: 0.03947303071940787
    y: 0.021088782828088785
    z: -0.009693747072245703
    w: 0.9989510370145044
---
header:
  stamp:
    sec: 1788573212
    nanosec: 499323000
  frame_id: default_cam
pose:
  position:
    x: 0.133682865508222
    y: 0.047471696520555606
    z: -0.9937663067996789
  orientation:
    x: 0.04011074711557419
    y: 0.021314127571378034
    z: -0.010323965237873151
    w: 0.9989145367214698
---
header:
  stamp:
    sec: 1788573212
    nanosec: 531322000
  frame_id: default_cam
pose:
  position:
    x: 0.1336831716128531
    y: 0.04745959747395648
    z: -0.9933912035989472
  orientation:
    x: 0.04010565162816066
    y: 0.02074051166435312
    z: -0.010094605764320017
    w: 0.9989291600598335
---
header:
  stamp:
    sec: 1788573212
    nanosec: 563320000
  frame_id: default_cam
pose:
  position:
    x: 0.13348798287577116
    y: 0.04731253688775337
    z: -0.9922150686321112
  orientation:
    x: 0.03947303107392801
    y: 0.021088757593991828
    z: -0.009693745950762046
    w: 0.9989510375440933
---
header:
  stamp:
    sec: 1788573212
    nanosec: 599320000
  frame_id: default_cam
pose:
  position:
    x: 0.13368333786399145
    y: 0.0474596943585808
    z: -0.9933918795737124
  orientation:
    x: 0.04010760279146759
    y: 0.020736433743761936
    z: -0.010094464356183106
    w: 0.9989291678108484
---
header:
  stamp:
    sec: 1788573212
    nanosec: 631319000
  frame_id: default_cam
pose:
  position:
    x: 0.13368333786399145
    y: 0.0474596943585808
    z: -0.9933918795737124
  orientation:
    x: 0.04010760279146759
    y: 0.020736433743761936
    z: -0.010094464356183106
    w: 0.9989291678108484
---
header:
  stamp:
    sec: 1788573212
    nanosec: 663318000
  frame_id: default_cam
pose:
  position:
    x: 0.13368333786399145
    y: 0.0474596943585808
    z: -0.9933918795737124
  orientation:
    x: 0.04010760279146759
    y: 0.020736433743761936
    z: -0.010094464356183106
    w: 0.9989291678108484
---
header:
  stamp:
    sec: 1788573212
    nanosec: 699316000
  frame_id: default_cam
pose:
  position:
    x: 0.13368333786399145
    y: 0.0474596943585808
    z: -0.9933918795737124
  orientation:
    x: 0.04010760279146759
    y: 0.020736433743761936
    z: -0.010094464356183106
    w: 0.9989291678108484
---
header:
  stamp:
    sec: 1788573212
    nanosec: 731317000
  frame_id: default_cam
pose:
  position:
    x: 0.13368333786399145
    y: 0.0474596943585808
    z: -0.9933918795737124
  orientation:
    x: 0.04010760279146759
    y: 0.020736433743761936
    z: -0.010094464356183106
    w: 0.9989291678108484
---
header:
  stamp:
    sec: 1788573212
    nanosec: 763316000
  frame_id: default_cam
pose:
  position:
    x: 0.13360106558396612
    y: 0.04734667837545076
    z: -0.9928938456302243
  orientation:
    x: 0.039243023020408316
    y: 0.020864900221163617
    z: -0.010637624619090244
    w: 0.9989551952041913
---
header:
  stamp:
    sec: 1788573212
    nanosec: 799315000
  frame_id: default_cam
pose:
  position:
    x: 0.13368333832905643
    y: 0.04745969354974774
    z: -0.9933918788098108
  orientation:
    x: 0.04010757514124115
    y: 0.02073641458058436
    z: -0.010094463453667678
    w: 0.9989291693279431
---
header:
  stamp:
    sec: 1788573212
    nanosec: 831316000
  frame_id: default_cam
pose:
  position:
    x: 0.13368333832905643
    y: 0.04745969354974774
    z: -0.9933918788098108
  orientation:
    x: 0.04010757514124115
    y: 0.02073641458058436
    z: -0.010094463453667678
    w: 0.9989291693279431
---
header:
  stamp:
    sec: 1788573212
    nanosec: 863314000
  frame_id: default_cam
pose:
  position:
    x: 0.13368333832905643
    y: 0.04745969354974774
    z: -0.9933918788098108
  orientation:
    x: 0.04010757514124115
    y: 0.02073641458058436
    z: -0.010094463453667678
    w: 0.9989291693279431
---
header:
  stamp:
    sec: 1788573212
    nanosec: 899312000
  frame_id: default_cam
pose:
  position:
    x: 0.13360106558399812
    y: 0.04734667837531383
    z: -0.9928938456299481
  orientation:
    x: 0.03924302301604567
    y: 0.020864900218980048
    z: -0.010637624618988983
    w: 0.9989551952044093
---
header:
  stamp:
    sec: 1788573212
    nanosec: 931313000
  frame_id: default_cam
pose:
  position:
    x: 0.13368333832905632
    y: 0.047459693549747696
    z: -0.9933918788098104
  orientation:
    x: 0.04010757514124109
    y: 0.02073641458058453
    z: -0.010094463453667662
    w: 0.9989291693279431
---
header:
  stamp:
    sec: 1788573212
    nanosec: 963312000
  frame_id: default_cam
pose:
  position:
    x: 0.13360106558399812
    y: 0.04734667837531381
    z: -0.9928938456299481
  orientation:
    x: 0.03924302301604569
    y: 0.020864900218979757
    z: -0.010637624618988938
    w: 0.9989551952044093
---
header:
  stamp:
    sec: 1788573212
    nanosec: 999312000
  frame_id: default_cam
pose:
  position:
    x: 0.13368333832905643
    y: 0.04745969354974773
    z: -0.9933918788098108
  orientation:
    x: 0.040107575141240866
    y: 0.02073641458058409
    z: -0.0100944634536676
    w: 0.9989291693279431
---
header:
  stamp:
    sec: 1788573213
    nanosec: 31312000
  frame_id: default_cam
pose:
  position:
    x: 0.13368333832905643
    y: 0.04745969354974773
    z: -0.9933918788098108
  orientation:
    x: 0.040107575141240866
    y: 0.02073641458058409
    z: -0.0100944634536676
    w: 0.9989291693279431
---
header:
  stamp:
    sec: 1788573213
    nanosec: 63312000
  frame_id: default_cam
pose:
  position:
    x: 0.13368333832905643
    y: 0.04745969354974773
    z: -0.9933918788098108
  orientation:
    x: 0.040107575141240866
    y: 0.02073641458058409
    z: -0.0100944634536676
    w: 0.9989291693279431
---
header:
  stamp:
    sec: 1788573213
    nanosec: 99312000
  frame_id: default_cam
pose:
  position:
    x: 0.13368333832905643
    y: 0.04745969354974773
    z: -0.9933918788098108
  orientation:
    x: 0.040107575141240866
    y: 0.02073641458058409
    z: -0.0100944634536676
    w: 0.9989291693279431
---
header:
  stamp:
    sec: 1788573213
    nanosec: 131313000
  frame_id: default_cam
pose:
  position:
    x: 0.13368333832905643
    y: 0.04745969354974773
    z: -0.9933918788098108
  orientation:
    x: 0.040107575141240866
    y: 0.02073641458058409
    z: -0.0100944634536676
    w: 0.9989291693279431
---
header:
  stamp:
    sec: 1788573213
    nanosec: 163308000
  frame_id: default_cam
pose:
  position:
    x: 0.13368333832905643
    y: 0.04745969354974773
    z: -0.9933918788098108
  orientation:
    x: 0.040107575141240866
    y: 0.02073641458058409
    z: -0.0100944634536676
    w: 0.9989291693279431
---
header:
  stamp:
    sec: 1788573213
    nanosec: 199309000
  frame_id: default_cam
pose:
  position:
    x: 0.13368333832905643
    y: 0.04745969354974773
    z: -0.9933918788098108
  orientation:
    x: 0.040107575141240866
    y: 0.02073641458058409
    z: -0.0100944634536676
    w: 0.9989291693279431
---
header:
  stamp:
    sec: 1788573213
    nanosec: 231309000
  frame_id: default_cam
pose:
  position:
    x: 0.13348798288949756
    y: 0.04731253689772578
    z: -0.9922150687034164
  orientation:
    x: 0.039473031269058906
    y: 0.021088757394748612
    z: -0.009693745938983131
    w: 0.9989510375407034
---
header:
  stamp:
    sec: 1788573213
    nanosec: 263308000
  frame_id: default_cam
pose:
  position:
    x: 0.1336010951041924
    y: 0.047346564719235845
    z: -0.9928942331405751
  orientation:
    x: 0.039238953622291586
    y: 0.020866509642293564
    z: -0.010637069419702315
    w: 0.998955327353599
---
header:
  stamp:
    sec: 1788573213
    nanosec: 299309000
  frame_id: default_cam
pose:
  position:
    x: 0.1336833383173148
    y: 0.04745969353600668
    z: -0.9933918787363748
  orientation:
    x: 0.04010757481498821
    y: 0.020736414707435247
    z: -0.010094463462171448
    w: 0.9989291693383231
---
header:
  stamp:
    sec: 1788573213
    nanosec: 331305000
  frame_id: default_cam
pose:
  position:
    x: 0.1336833383173148
    y: 0.04745969353600668
    z: -0.9933918787363748
  orientation:
    x: 0.04010757481498821
    y: 0.020736414707435247
    z: -0.010094463462171448
    w: 0.9989291693383231
---
header:
  stamp:
    sec: 1788573213
    nanosec: 363305000
  frame_id: default_cam
pose:
  position:
    x: 0.1336833383173148
    y: 0.04745969353600668
    z: -0.9933918787363748
  orientation:
    x: 0.04010757481498821
    y: 0.020736414707435247
    z: -0.010094463462171448
    w: 0.9989291693383231
---
header:
  stamp:
    sec: 1788573213
    nanosec: 399304000
  frame_id: default_cam
pose:
  position:
    x: 0.133662385097151
    y: 0.04744295050313229
    z: -0.993139233252256
  orientation:
    x: 0.03934326656953162
    y: 0.021603639441019205
    z: -0.010091537573548187
    w: 0.998941214991124
---
header:
  stamp:
    sec: 1788573213
    nanosec: 431305000
  frame_id: default_cam
pose:
  position:
    x: 0.13368333564875903
    y: 0.047459693197873666
    z: -0.9933918696354184
  orientation:
    x: 0.04010758410003466
    y: 0.020736472889469015
    z: -0.010094466570293394
    w: 0.9989291677263329
---
header:
  stamp:
    sec: 1788573213
    nanosec: 463303000
  frame_id: default_cam
pose:
  position:
    x: 0.13368333564875903
    y: 0.047459693197873666
    z: -0.9933918696354184
  orientation:
    x: 0.04010758410003466
    y: 0.020736472889469015
    z: -0.010094466570293394
    w: 0.9989291677263329
---
header:
  stamp:
    sec: 1788573213
    nanosec: 499302000
  frame_id: default_cam
pose:
  position:
    x: 0.13368333564875903
    y: 0.047459693197873666
    z: -0.9933918696354184
  orientation:
    x: 0.04010758410003466
    y: 0.020736472889469015
    z: -0.010094466570293394
    w: 0.9989291677263329
---
header:
  stamp:
    sec: 1788573213
    nanosec: 531300000
  frame_id: default_cam
pose:
  position:
    x: 0.13368333564875903
    y: 0.047459693197873666
    z: -0.9933918696354184
  orientation:
    x: 0.04010758410003466
    y: 0.020736472889469015
    z: -0.010094466570293394
    w: 0.9989291677263329
---
header:
  stamp:
    sec: 1788573213
    nanosec: 563304000
  frame_id: default_cam
pose:
  position:
    x: 0.13368286752255268
    y: 0.047471698685355106
    z: -0.9937663190081824
  orientation:
    x: 0.040110797034215356
    y: 0.02131410480836627
    z: -0.010323963705948784
    w: 0.9989145352185521
---
header:
  stamp:
    sec: 1788573213
    nanosec: 599300000
  frame_id: default_cam
pose:
  position:
    x: 0.13368317161988708
    y: 0.04745959746158201
    z: -0.9933912035654097
  orientation:
    x: 0.040105651245699814
    y: 0.020740511311735516
    z: -0.010094605729581575
    w: 0.9989291600828611
---
header:
  stamp:
    sec: 1788573213
    nanosec: 631300000
  frame_id: default_cam
pose:
  position:
    x: 0.13368317161988708
    y: 0.04745959746158201
    z: -0.9933912035654097
  orientation:
    x: 0.040105651245699814
    y: 0.020740511311735516
    z: -0.010094605729581575
    w: 0.9989291600828611
---
header:
  stamp:
    sec: 1788573213
    nanosec: 663300000
  frame_id: default_cam
pose:
  position:
    x: 0.13368317161988708
    y: 0.04745959746158201
    z: -0.9933912035654097
  orientation:
    x: 0.040105651245699814
    y: 0.020740511311735516
    z: -0.010094605729581575
    w: 0.9989291600828611
---
header:
  stamp:
    sec: 1788573213
    nanosec: 699301000
  frame_id: default_cam
pose:
  position:
    x: 0.13368317161988708
    y: 0.04745959746158201
    z: -0.9933912035654097
  orientation:
    x: 0.040105651245699814
    y: 0.020740511311735516
    z: -0.010094605729581575
    w: 0.9989291600828611
---
header:
  stamp:
    sec: 1788573213
    nanosec: 731300000
  frame_id: default_cam
pose:
  position:
    x: 0.13368317161988708
    y: 0.04745959746158201
    z: -0.9933912035654097
  orientation:
    x: 0.040105651245699814
    y: 0.020740511311735516
    z: -0.010094605729581575
    w: 0.9989291600828611
---
header:
  stamp:
    sec: 1788573213
    nanosec: 763297000
  frame_id: default_cam
pose:
  position:
    x: 0.13368317161988708
    y: 0.04745959746158201
    z: -0.9933912035654097
  orientation:
    x: 0.040105651245699814
    y: 0.020740511311735516
    z: -0.010094605729581575
    w: 0.9989291600828611
---
header:
  stamp:
    sec: 1788573213
    nanosec: 799297000
  frame_id: default_cam
pose:
  position:
    x: 0.13368317161988708
    y: 0.04745959746158201
    z: -0.9933912035654097
  orientation:
    x: 0.040105651245699814
    y: 0.020740511311735516
    z: -0.010094605729581575
    w: 0.9989291600828611
---
header:
  stamp:
    sec: 1788573213
    nanosec: 831298000
  frame_id: default_cam
pose:
  position:
    x: 0.1334060615885936
    y: 0.04719984997099869
    z: -0.9917189994156469
  orientation:
    x: 0.038611584839380715
    y: 0.021215818303576887
    z: -0.0102357260400668
    w: 0.9989766085761637
---
header:
  stamp:
    sec: 1788573213
    nanosec: 863297000
  frame_id: default_cam
pose:
  position:
    x: 0.13368333632132345
    y: 0.047459692043134515
    z: -0.9933918685632266
  orientation:
    x: 0.04010754456698089
    y: 0.020736445378531698
    z: -0.010094465214851878
    w: 0.9989291698983952
---
header:
  stamp:
    sec: 1788573213
    nanosec: 899296000
  frame_id: default_cam
pose:
  position:
    x: 0.13368286752260125
    y: 0.04747169868522119
    z: -0.9937663190079689
  orientation:
    x: 0.04011079702984003
    y: 0.021314104805804895
    z: -0.01032396370585419
    w: 0.9989145352187836
---
header:
  stamp:
    sec: 1788573213
    nanosec: 931294000
  frame_id: default_cam
pose:
  position:
    x: 0.1334060600859013
    y: 0.047199849912642956
    z: -0.9917189945269647
  orientation:
    x: 0.03861159445373481
    y: 0.021215851956660238
    z: -0.01023572745253041
    w: 0.9989766074753758
---
header:
  stamp:
    sec: 1788573213
    nanosec: 963295000
  frame_id: default_cam
pose:
  position:
    x: 0.13368333632118387
    y: 0.04745969204311806
    z: -0.9933918685627543
  orientation:
    x: 0.04010754456750092
    y: 0.020736445381594686
    z: -0.010094465215013707
    w: 0.9989291698983092
---
header:
  stamp:
    sec: 1788573213
    nanosec: 999294000
  frame_id: default_cam
pose:
  position:
    x: 0.13368333632118387
    y: 0.04745969204311806
    z: -0.9933918685627543
  orientation:
    x: 0.04010754456750092
    y: 0.020736445381594686
    z: -0.010094465215013707
    w: 0.9989291698983092
---
header:
  stamp:
    sec: 1788573214
    nanosec: 31293000
  frame_id: default_cam
pose:
  position:
    x: 0.13360106558380266
    y: 0.04734667837513058
    z: -0.9928938456288459
  orientation:
    x: 0.039243023011964744
    y: 0.020864900221538925
    z: -0.01063762461914843
    w: 0.9989551952045145
---
header:
  stamp:
    sec: 1788573214
    nanosec: 63294000
  frame_id: default_cam
pose:
  position:
    x: 0.13368333832905638
    y: 0.04745969354974771
    z: -0.9933918788098106
  orientation:
    x: 0.04010757514124062
    y: 0.020736414580584568
    z: -0.010094463453667652
    w: 0.9989291693279431
---
header:
  stamp:
    sec: 1788573214
    nanosec: 99291000
  frame_id: default_cam
pose:
  position:
    x: 0.13368333832905638
    y: 0.04745969354974771
    z: -0.9933918788098106
  orientation:
    x: 0.04010757514124062
    y: 0.020736414580584568
    z: -0.010094463453667652
    w: 0.9989291693279431
---
header:
  stamp:
    sec: 1788573214
    nanosec: 131291000
  frame_id: default_cam
pose:
  position:
    x: 0.13368333832905638
    y: 0.04745969354974771
    z: -0.9933918788098106
  orientation:
    x: 0.04010757514124062
    y: 0.020736414580584568
    z: -0.010094463453667652
    w: 0.9989291693279431
---
header:
  stamp:
    sec: 1788573214
    nanosec: 163291000
  frame_id: default_cam
pose:
  position:
    x: 0.1336828675227667
    y: 0.04747169868535565
    z: -0.993766319008854
  orientation:
    x: 0.04011079703264216
    y: 0.021314104803466103
    z: -0.01032396370571604
    w: 0.9989145352187224
---
header:
  stamp:
    sec: 1788573214
    nanosec: 199289000
  frame_id: default_cam
pose:
  position:
    x: 0.13368317161988796
    y: 0.04745959746158299
    z: -0.9933912035654114
  orientation:
    x: 0.040105651245730026
    y: 0.020740511311705154
    z: -0.010094605729580033
    w: 0.9989291600828606
---
header:
  stamp:
    sec: 1788573214
    nanosec: 231290000
  frame_id: default_cam
pose:
  position:
    x: 0.13368317161988796
    y: 0.04745959746158299
    z: -0.9933912035654114
  orientation:
    x: 0.040105651245730026
    y: 0.020740511311705154
    z: -0.010094605729580033
    w: 0.9989291600828606
---
header:
  stamp:
    sec: 1788573214
    nanosec: 263290000
  frame_id: default_cam
pose:
  position:
    x: 0.1336623850828832
    y: 0.04744295049480214
    z: -0.9931392331850901
  orientation:
    x: 0.03934326642492102
    y: 0.021603639678633157
    z: -0.01009153758685618
    w: 0.9989412149915462
---
header:
  stamp:
    sec: 1788573214
    nanosec: 299288000
  frame_id: default_cam
pose:
  position:
    x: 0.13368333564875784
    y: 0.047459693197872965
    z: -0.9933918696354128
  orientation:
    x: 0.04010758410002277
    y: 0.020736472889488013
    z: -0.010094466570294431
    w: 0.998929167726333
---
header:
  stamp:
    sec: 1788573214
    nanosec: 331288000
  frame_id: default_cam
pose:
  position:
    x: 0.13368333564875784
    y: 0.047459693197872965
    z: -0.9933918696354128
  orientation:
    x: 0.04010758410002277
    y: 0.020736472889488013
    z: -0.010094466570294431
    w: 0.998929167726333
---
header:
  stamp:
    sec: 1788573214
    nanosec: 363285000
  frame_id: default_cam
pose:
  position:
    x: 0.1336010655837566
    y: 0.04734667837532639
    z: -0.9928938456292404
  orientation:
    x: 0.039243023018203864
    y: 0.02086490022467131
    z: -0.010637624619293823
    w: 0.9989551952042024
---
header:
  stamp:
    sec: 1788573214
    nanosec: 399286000
  frame_id: default_cam
pose:
  position:
    x: 0.13368333832905638
    y: 0.04745969354974771
    z: -0.9933918788098106
  orientation:
    x: 0.040107575141240914
    y: 0.02073641458058484
    z: -0.01009446345366768
    w: 0.9989291693279431
---
header:
  stamp:
    sec: 1788573214
    nanosec: 431288000
  frame_id: default_cam
pose:
  position:
    x: 0.13360106558399806
    y: 0.0473466783753138
    z: -0.9928938456299478
  orientation:
    x: 0.03924302301604586
    y: 0.02086490021897979
    z: -0.010637624618989084
    w: 0.9989551952044093
---
header:
  stamp:
    sec: 1788573214
    nanosec: 463283000
  frame_id: default_cam
pose:
  position:
    x: 0.1336833383290564
    y: 0.04745969354974773
    z: -0.9933918788098107
  orientation:
    x: 0.04010757514124117
    y: 0.02073641458058426
    z: -0.010094463453667568
    w: 0.9989291693279431
---
header:
  stamp:
    sec: 1788573214
    nanosec: 499285000
  frame_id: default_cam
pose:
  position:
    x: 0.1336833383290564
    y: 0.04745969354974773
    z: -0.9933918788098107
  orientation:
    x: 0.04010757514124117
    y: 0.02073641458058426
    z: -0.010094463453667568
    w: 0.9989291693279431
---
header:
  stamp:
    sec: 1788573214
    nanosec: 531285000
  frame_id: default_cam
pose:
  position:
    x: 0.1336833383290564
    y: 0.04745969354974773
    z: -0.9933918788098107
  orientation:
    x: 0.04010757514124117
    y: 0.02073641458058426
    z: -0.010094463453667568
    w: 0.9989291693279431
---
header:
  stamp:
    sec: 1788573214
    nanosec: 563285000
  frame_id: default_cam
pose:
  position:
    x: 0.1336833383290564
    y: 0.04745969354974773
    z: -0.9933918788098107
  orientation:
    x: 0.04010757514124117
    y: 0.02073641458058426
    z: -0.010094463453667568
    w: 0.9989291693279431
---
header:
  stamp:
    sec: 1788573214
    nanosec: 599284000
  frame_id: default_cam
pose:
  position:
    x: 0.1336833383290564
    y: 0.04745969354974773
    z: -0.9933918788098107
  orientation:
    x: 0.04010757514124117
    y: 0.02073641458058426
    z: -0.010094463453667568
    w: 0.9989291693279431
---
header:
  stamp:
    sec: 1788573214
    nanosec: 631283000
  frame_id: default_cam
pose:
  position:
    x: 0.1336833383290564
    y: 0.04745969354974773
    z: -0.9933918788098107
  orientation:
    x: 0.04010757514124117
    y: 0.02073641458058426
    z: -0.010094463453667568
    w: 0.9989291693279431
---
header:
  stamp:
    sec: 1788573214
    nanosec: 663282000
  frame_id: default_cam
pose:
  position:
    x: 0.1336833383290564
    y: 0.04745969354974773
    z: -0.9933918788098107
  orientation:
    x: 0.04010757514124117
    y: 0.02073641458058426
    z: -0.010094463453667568
    w: 0.9989291693279431
---
header:
  stamp:
    sec: 1788573214
    nanosec: 699281000
  frame_id: default_cam
pose:
  position:
    x: 0.13348798288949754
    y: 0.04731253689772577
    z: -0.9922150687034161
  orientation:
    x: 0.039473031269058816
    y: 0.021088757394749094
    z: -0.0096937459389831
    w: 0.9989510375407034
---
header:
  stamp:
    sec: 1788573214
    nanosec: 731281000
  frame_id: default_cam
pose:
  position:
    x: 0.13368333786399253
    y: 0.04745969435858151
    z: -0.9933918795737174
  orientation:
    x: 0.04010760279148121
    y: 0.020736433743744922
    z: -0.010094464356181916
    w: 0.9989291678108483
---
header:
  stamp:
    sec: 1788573214
    nanosec: 763282000
  frame_id: default_cam
pose:
  position:
    x: 0.13348798288950622
    y: 0.04731253689781869
    z: -0.9922150687036997
  orientation:
    x: 0.03947303127178495
    y: 0.021088757395610048
    z: -0.00969374593897403
    w: 0.9989510375405776
---
header:
  stamp:
    sec: 1788573214
    nanosec: 799281000
  frame_id: default_cam
pose:
  position:
    x: 0.1336833378639925
    y: 0.047459694358581495
    z: -0.9933918795737174
  orientation:
    x: 0.04010760279148106
    y: 0.020736433743744957
    z: -0.010094464356181889
    w: 0.9989291678108483
---
header:
  stamp:
    sec: 1788573214
    nanosec: 831279000
  frame_id: default_cam
pose:
  position:
    x: 0.1336833378639925
    y: 0.047459694358581495
    z: -0.9933918795737174
  orientation:
    x: 0.04010760279148106
    y: 0.020736433743744957
    z: -0.010094464356181889
    w: 0.9989291678108483
---
header:
  stamp:
    sec: 1788573214
    nanosec: 863278000
  frame_id: default_cam
pose:
  position:
    x: 0.1336833378639925
    y: 0.047459694358581495
    z: -0.9933918795737174
  orientation:
    x: 0.04010760279148106
    y: 0.020736433743744957
    z: -0.010094464356181889
    w: 0.9989291678108483
---
header:
  stamp:
    sec: 1788573214
    nanosec: 899278000
  frame_id: default_cam
pose:
  position:
    x: 0.1336833378639925
    y: 0.047459694358581495
    z: -0.9933918795737174
  orientation:
    x: 0.04010760279148106
    y: 0.020736433743744957
    z: -0.010094464356181889
    w: 0.9989291678108483
---
header:
  stamp:
    sec: 1788573214
    nanosec: 931278000
  frame_id: default_cam
pose:
  position:
    x: 0.1336833378639925
    y: 0.047459694358581495
    z: -0.9933918795737174
  orientation:
    x: 0.04010760279148106
    y: 0.020736433743744957
    z: -0.010094464356181889
    w: 0.9989291678108483
---
header:
  stamp:
    sec: 1788573214
    nanosec: 963276000
  frame_id: default_cam
pose:
  position:
    x: 0.1336010655839661
    y: 0.04734667837545075
    z: -0.9928938456302242
  orientation:
    x: 0.0392430230204084
    y: 0.020864900221164228
    z: -0.01063762461909028
    w: 0.9989551952041913
---
header:
  stamp:
    sec: 1788573214
    nanosec: 999275000
  frame_id: default_cam
pose:
  position:
    x: 0.13368333832905643
    y: 0.04745969354974773
    z: -0.9933918788098108
  orientation:
    x: 0.04010757514124117
    y: 0.020736414580584037
    z: -0.010094463453667544
    w: 0.9989291693279431
---
header:
  stamp:
    sec: 1788573215
    nanosec: 31276000
  frame_id: default_cam
pose:
  position:
    x: 0.13368333832905643
    y: 0.04745969354974773
    z: -0.9933918788098108
  orientation:
    x: 0.04010757514124117
    y: 0.020736414580584037
    z: -0.010094463453667544
    w: 0.9989291693279431
---
header:
  stamp:
    sec: 1788573215
    nanosec: 63274000
  frame_id: default_cam
pose:
  position:
    x: 0.13368333832905643
    y: 0.04745969354974773
    z: -0.9933918788098108
  orientation:
    x: 0.04010757514124117
    y: 0.020736414580584037
    z: -0.010094463453667544
    w: 0.9989291693279431
---
header:
  stamp:
    sec: 1788573215
    nanosec: 99276000
  frame_id: default_cam
pose:
  position:
    x: 0.13348798288949756
    y: 0.047312536897725785
    z: -0.9922150687034164
  orientation:
    x: 0.03947303126905884
    y: 0.021088757394748543
    z: -0.009693745938983075
    w: 0.9989510375407034
---
header:
  stamp:
    sec: 1788573215
    nanosec: 131273000
  frame_id: default_cam
pose:
  position:
    x: 0.13348798288949756
    y: 0.047312536897725785
    z: -0.9922150687034164
  orientation:
    x: 0.03947303126905884
    y: 0.021088757394748543
    z: -0.009693745938983075
    w: 0.9989510375407034
---
header:
  stamp:
    sec: 1788573215
    nanosec: 163274000
  frame_id: default_cam
pose:
  position:
    x: 0.13340605867700336
    y: 0.047199846032921954
    z: -0.9917189792931191
  orientation:
    x: 0.03861148825894239
    y: 0.021215840482075737
    z: -0.010235728257082747
    w: 0.9989766118153697
---
header:
  stamp:
    sec: 1788573215
    nanosec: 199272000
  frame_id: default_cam
pose:
  position:
    x: 0.13348797938375742
    y: 0.04731253187594509
    z: -0.992215043738493
  orientation:
    x: 0.03947290718773112
    y: 0.021088780716327925
    z: -0.009693748939082454
    w: 0.9989510419222523
---
header:
  stamp:
    sec: 1788573215
    nanosec: 231274000
  frame_id: default_cam
pose:
  position:
    x: 0.1336010950822597
    y: 0.04734656475505529
    z: -0.9928942331716043
  orientation:
    x: 0.03923895475208257
    y: 0.020866510325442324
    z: -0.0106370694502262
    w: 0.998955327294626
---
header:
  stamp:
    sec: 1788573215
    nanosec: 263270000
  frame_id: default_cam
pose:
  position:
    x: 0.13368333831731383
    y: 0.04745969353600943
    z: -0.9933918787363794
  orientation:
    x: 0.040107574815077936
    y: 0.020736414707486786
    z: -0.010094463462173634
    w: 0.9989291693383184
---
header:
  stamp:
    sec: 1788573215
    nanosec: 299270000
  frame_id: default_cam
pose:
  position:
    x: 0.13368333831731383
    y: 0.04745969353600943
    z: -0.9933918787363794
  orientation:
    x: 0.040107574815077936
    y: 0.020736414707486786
    z: -0.010094463462173634
    w: 0.9989291693383184
---
header:
  stamp:
    sec: 1788573215
    nanosec: 331272000
  frame_id: default_cam
pose:
  position:
    x: 0.13368333831731383
    y: 0.04745969353600943
    z: -0.9933918787363794
  orientation:
    x: 0.040107574815077936
    y: 0.020736414707486786
    z: -0.010094463462173634
    w: 0.9989291693383184
---
header:
  stamp:
    sec: 1788573215
    nanosec: 363270000
  frame_id: default_cam
pose:
  position:
    x: 0.13360106558399684
    y: 0.04734667837531196
    z: -0.9928938456299388
  orientation:
    x: 0.03924302301599943
    y: 0.020864900218988233
    z: -0.01063762461898965
    w: 0.998955195204411
---
header:
  stamp:
    sec: 1788573215
    nanosec: 399271000
  frame_id: default_cam
pose:
  position:
    x: 0.13368333832905638
    y: 0.04745969354974772
    z: -0.9933918788098107
  orientation:
    x: 0.04010757514124089
    y: 0.020736414580584197
    z: -0.010094463453667572
    w: 0.9989291693279431
---
header:
  stamp:
    sec: 1788573215
    nanosec: 431272000
  frame_id: default_cam
pose:
  position:
    x: 0.13368333832905638
    y: 0.04745969354974772
    z: -0.9933918788098107
  orientation:
    x: 0.04010757514124089
    y: 0.020736414580584197
    z: -0.010094463453667572
    w: 0.9989291693279431
---
header:
  stamp:
    sec: 1788573215
    nanosec: 463271000
  frame_id: default_cam
pose:
  position:
    x: 0.13368333832905638
    y: 0.04745969354974772
    z: -0.9933918788098107
  orientation:
    x: 0.04010757514124089
    y: 0.020736414580584197
    z: -0.010094463453667572
    w: 0.9989291693279431
---
header:
  stamp:
    sec: 1788573215
    nanosec: 499270000
  frame_id: default_cam
pose:
  position:
    x: 0.13368333832905638
    y: 0.04745969354974772
    z: -0.9933918788098107
  orientation:
    x: 0.04010757514124089
    y: 0.020736414580584197
    z: -0.010094463453667572
    w: 0.9989291693279431
---
header:
  stamp:
    sec: 1788573215
    nanosec: 531269000
  frame_id: default_cam
pose:
  position:
    x: 0.13360106558399806
    y: 0.04734667837531381
    z: -0.9928938456299478
  orientation:
    x: 0.03924302301604578
    y: 0.020864900218980055
    z: -0.010637624618988949
    w: 0.9989551952044093
---
header:
  stamp:
    sec: 1788573215
    nanosec: 563266000
  frame_id: default_cam
pose:
  position:
    x: 0.13360106558399806
    y: 0.04734667837531381
    z: -0.9928938456299478
  orientation:
    x: 0.03924302301604578
    y: 0.020864900218980055
    z: -0.010637624618988949
    w: 0.9989551952044093
---
header:
  stamp:
    sec: 1788573215
    nanosec: 599266000
  frame_id: default_cam
pose:
  position:
    x: 0.1336833383290564
    y: 0.04745969354974774
    z: -0.9933918788098108
  orientation:
    x: 0.04010757514124091
    y: 0.02073641458058453
    z: -0.010094463453667645
    w: 0.9989291693279431
---
header:
  stamp:
    sec: 1788573215
    nanosec: 631267000
  frame_id: default_cam
pose:
  position:
    x: 0.1336833383290564
    y: 0.04745969354974774
    z: -0.9933918788098108
  orientation:
    x: 0.04010757514124091
    y: 0.02073641458058453
    z: -0.010094463453667645
    w: 0.9989291693279431
---
header:
  stamp:
    sec: 1788573215
    nanosec: 663266000
  frame_id: default_cam
pose:
  position:
    x: 0.1336833383290564
    y: 0.04745969354974774
    z: -0.9933918788098108
  orientation:
    x: 0.04010757514124091
    y: 0.02073641458058453
    z: -0.010094463453667645
    w: 0.9989291693279431
---
header:
  stamp:
    sec: 1788573215
    nanosec: 699263000
  frame_id: default_cam
pose:
  position:
    x: 0.1336833383290564
    y: 0.04745969354974774
    z: -0.9933918788098108
  orientation:
    x: 0.04010757514124091
    y: 0.02073641458058453
    z: -0.010094463453667645
    w: 0.9989291693279431
---
header:
  stamp:
    sec: 1788573215
    nanosec: 731263000
  frame_id: default_cam
pose:
  position:
    x: 0.1336833383290564
    y: 0.04745969354974774
    z: -0.9933918788098108
  orientation:
    x: 0.04010757514124091
    y: 0.02073641458058453
    z: -0.010094463453667645
    w: 0.9989291693279431
---
header:
  stamp:
    sec: 1788573215
    nanosec: 763264000
  frame_id: default_cam
pose:
  position:
    x: 0.1336833383290564
    y: 0.04745969354974774
    z: -0.9933918788098108
  orientation:
    x: 0.04010757514124091
    y: 0.02073641458058453
    z: -0.010094463453667645
    w: 0.9989291693279431
---
header:
  stamp:
    sec: 1788573215
    nanosec: 799263000
  frame_id: default_cam
pose:
  position:
    x: 0.13340606160637375
    y: 0.047199849984299616
    z: -0.991718999508741
  orientation:
    x: 0.038611585105585586
    y: 0.021215818047523535
    z: -0.010235726025284626
    w: 0.998976608571464
---
header:
  stamp:
    sec: 1788573215
    nanosec: 831266000
  frame_id: default_cam
pose:
  position:
    x: 0.13368333632132495
    y: 0.04745969204313545
    z: -0.9933918685632337
  orientation:
    x: 0.040107544566997895
    y: 0.020736445378507364
    z: -0.01009446521485036
    w: 0.9989291698983951
---
header:
  stamp:
    sec: 1788573215
    nanosec: 863262000
  frame_id: default_cam
pose:
  position:
    x: 0.13368333632132495
    y: 0.04745969204313545
    z: -0.9933918685632337
  orientation:
    x: 0.040107544566997895
    y: 0.020736445378507364
    z: -0.01009446521485036
    w: 0.9989291698983951
---
header:
  stamp:
    sec: 1788573215
    nanosec: 899260000
  frame_id: default_cam
pose:
  position:
    x: 0.13368333632132495
    y: 0.04745969204313545
    z: -0.9933918685632337
  orientation:
    x: 0.040107544566997895
    y: 0.020736445378507364
    z: -0.01009446521485036
    w: 0.9989291698983951
---
header:
  stamp:
    sec: 1788573215
    nanosec: 931261000
  frame_id: default_cam
pose:
  position:
    x: 0.13348798288936314
    y: 0.04731253689758858
    z: -0.9922150687026092
  orientation:
    x: 0.03947303126595972
    y: 0.021088757396249713
    z: -0.009693745939099375
    w: 0.9989510375407931
---
header:
  stamp:
    sec: 1788573215
    nanosec: 963261000
  frame_id: default_cam
pose:
  position:
    x: 0.13368333786399245
    y: 0.04745969435858147
    z: -0.9933918795737171
  orientation:
    x: 0.04010760279148086
    y: 0.020736433743745245
    z: -0.01009446435618196
    w: 0.9989291678108483
---
header:
  stamp:
    sec: 1788573215
    nanosec: 999260000
  frame_id: default_cam
pose:
  position:
    x: 0.13348798288950622
    y: 0.0473125368978187
    z: -0.9922150687036997
  orientation:
    x: 0.03947303127178543
    y: 0.021088757395610024
    z: -0.009693745938974116
    w: 0.9989510375405776
---
header:
  stamp:
    sec: 1788573216
    nanosec: 31259000
  frame_id: default_cam
pose:
  position:
    x: 0.13348798288950622
    y: 0.0473125368978187
    z: -0.9922150687036997
  orientation:
    x: 0.03947303127178543
    y: 0.021088757395610024
    z: -0.009693745938974116
    w: 0.9989510375405776
---
header:
  stamp:
    sec: 1788573216
    nanosec: 63260000
  frame_id: default_cam
pose:
  position:
    x: 0.133682865508341
    y: 0.04747169652057752
    z: -0.9937663068001106
  orientation:
    x: 0.040110747115348996
    y: 0.021314127568880858
    z: -0.010323965237750685
    w: 0.9989145367215334
---
header:
  stamp:
    sec: 1788573216
    nanosec: 99259000
  frame_id: default_cam
pose:
  position:
    x: 0.13360106324406404
    y: 0.04734667822644349
    z: -0.9928938380525961
  orientation:
    x: 0.03924303573753842
    y: 0.02086495258496278
    z: -0.01063762745661796
    w: 0.998955193580685
---
header:
  stamp:
    sec: 1788573216
    nanosec: 131259000
  frame_id: default_cam
pose:
  position:
    x: 0.13368333832887666
    y: 0.047459693549737336
    z: -0.9933918788092299
  orientation:
    x: 0.04010757514224004
    y: 0.020736414584631123
    z: -0.010094463453879779
    w: 0.9989291693278168
---
header:
  stamp:
    sec: 1788573216
    nanosec: 163259000
  frame_id: default_cam
pose:
  position:
    x: 0.13368333832887666
    y: 0.047459693549737336
    z: -0.9933918788092299
  orientation:
    x: 0.04010757514224004
    y: 0.020736414584631123
    z: -0.010094463453879779
    w: 0.9989291693278168
---
header:
  stamp:
    sec: 1788573216
    nanosec: 199258000
  frame_id: default_cam
pose:
  position:
    x: 0.13368333832887666
    y: 0.047459693549737336
    z: -0.9933918788092299
  orientation:
    x: 0.04010757514224004
    y: 0.020736414584631123
    z: -0.010094463453879779
    w: 0.9989291693278168
---
header:
  stamp:
    sec: 1788573216
    nanosec: 231256000
  frame_id: default_cam
pose:
  position:
    x: 0.13360106558399806
    y: 0.047346678375313825
    z: -0.9928938456299478
  orientation:
    x: 0.03924302301604602
    y: 0.02086490021898041
    z: -0.010637624618988956
    w: 0.9989551952044093
---
header:
  stamp:
    sec: 1788573216
    nanosec: 263254000
  frame_id: default_cam
pose:
  position:
    x: 0.13368333832905635
    y: 0.04745969354974769
    z: -0.9933918788098103
  orientation:
    x: 0.040107575141240866
    y: 0.020736414580584582
    z: -0.010094463453667586
    w: 0.9989291693279431
---
header:
  stamp:
    sec: 1788573216
    nanosec: 299254000
  frame_id: default_cam
pose:
  position:
    x: 0.1336050230633886
    y: 0.04736621541154868
    z: -0.993336579864879
  orientation:
    x: 0.03929453762867765
    y: 0.021499586512604273
    z: -0.010861752934126369
    w: 0.9989373000421665
---
header:
  stamp:
    sec: 1788573216
    nanosec: 331252000
  frame_id: default_cam
pose:
  position:
    x: 0.1336833361108571
    y: 0.04745969293490307
    z: -0.9933918703326964
  orientation:
    x: 0.040107572884669505
    y: 0.020736459401213988
    z: -0.010094465905631088
    w: 0.9989291684633514
---
header:
  stamp:
    sec: 1788573216
    nanosec: 363254000
  frame_id: default_cam
pose:
  position:
    x: 0.1336833361108571
    y: 0.04745969293490307
    z: -0.9933918703326964
  orientation:
    x: 0.040107572884669505
    y: 0.020736459401213988
    z: -0.010094465905631088
    w: 0.9989291684633514
---
header:
  stamp:
    sec: 1788573216
    nanosec: 399253000
  frame_id: default_cam
pose:
  position:
    x: 0.13348798288938543
    y: 0.04731253689768739
    z: -0.9922150687029524
  orientation:
    x: 0.03947303126876012
    y: 0.0210887573968666
    z: -0.009693745939078529
    w: 0.9989510375406696
---
header:
  stamp:
    sec: 1788573216
    nanosec: 431253000
  frame_id: default_cam
pose:
  position:
    x: 0.1336833378639925
    y: 0.047459694358581495
    z: -0.9933918795737173
  orientation:
    x: 0.04010760279148103
    y: 0.020736433743745057
    z: -0.010094464356182015
    w: 0.9989291678108483
---
header:
  stamp:
    sec: 1788573216
    nanosec: 463253000
  frame_id: default_cam
pose:
  position:
    x: 0.1336833378639925
    y: 0.047459694358581495
    z: -0.9933918795737173
  orientation:
    x: 0.04010760279148103
    y: 0.020736433743745057
    z: -0.010094464356182015
    w: 0.9989291678108483
---
header:
  stamp:
    sec: 1788573216
    nanosec: 499250000
  frame_id: default_cam
pose:
  position:
    x: 0.1336833378639925
    y: 0.047459694358581495
    z: -0.9933918795737173
  orientation:
    x: 0.04010760279148103
    y: 0.020736433743745057
    z: -0.010094464356182015
    w: 0.9989291678108483
---
header:
  stamp:
    sec: 1788573216
    nanosec: 531248000
  frame_id: default_cam
pose:
  position:
    x: 0.1336833378639925
    y: 0.047459694358581495
    z: -0.9933918795737173
  orientation:
    x: 0.04010760279148103
    y: 0.020736433743745057
    z: -0.010094464356182015
    w: 0.9989291678108483
---
header:
  stamp:
    sec: 1788573216
    nanosec: 563251000
  frame_id: default_cam
pose:
  position:
    x: 0.13360106558396614
    y: 0.04734667837545075
    z: -0.9928938456302244
  orientation:
    x: 0.03924302302040825
    y: 0.020864900221164138
    z: -0.010637624619090336
    w: 0.9989551952041913
---
header:
  stamp:
    sec: 1788573216
    nanosec: 599250000
  frame_id: default_cam
pose:
  position:
    x: 0.13368333832905638
    y: 0.04745969354974771
    z: -0.9933918788098106
  orientation:
    x: 0.040107575141240956
    y: 0.020736414580584547
    z: -0.010094463453667699
    w: 0.9989291693279431
---
header:
  stamp:
    sec: 1788573216
    nanosec: 631249000
  frame_id: default_cam
pose:
  position:
    x: 0.13368333832905638
    y: 0.04745969354974771
    z: -0.9933918788098106
  orientation:
    x: 0.040107575141240956
    y: 0.020736414580584547
    z: -0.010094463453667699
    w: 0.9989291693279431
---
header:
  stamp:
    sec: 1788573216
    nanosec: 663248000
  frame_id: default_cam
pose:
  position:
    x: 0.13368333832905638
    y: 0.04745969354974771
    z: -0.9933918788098106
  orientation:
    x: 0.040107575141240956
    y: 0.020736414580584547
    z: -0.010094463453667699
    w: 0.9989291693279431
---
header:
  stamp:
    sec: 1788573216
    nanosec: 699248000
  frame_id: default_cam
pose:
  position:
    x: 0.13340606160637372
    y: 0.047199849984299595
    z: -0.9917189995087407
  orientation:
    x: 0.038611585105585364
    y: 0.021215818047523316
    z: -0.010235726025284537
    w: 0.998976608571464
---
header:
  stamp:
    sec: 1788573216
    nanosec: 731246000
  frame_id: default_cam
pose:
  position:
    x: 0.13368333632132492
    y: 0.04745969204313543
    z: -0.9933918685632335
  orientation:
    x: 0.04010754456699762
    y: 0.020736445378507877
    z: -0.01009446521485045
    w: 0.9989291698983951
---
header:
  stamp:
    sec: 1788573216
    nanosec: 763247000
  frame_id: default_cam
pose:
  position:
    x: 0.13368333632132492
    y: 0.04745969204313543
    z: -0.9933918685632335
  orientation:
    x: 0.04010754456699762
    y: 0.020736445378507877
    z: -0.01009446521485045
    w: 0.9989291698983951
---
header:
  stamp:
    sec: 1788573216
    nanosec: 799246000
  frame_id: default_cam
pose:
  position:
    x: 0.13368333632132492
    y: 0.04745969204313543
    z: -0.9933918685632335
  orientation:
    x: 0.04010754456699762
    y: 0.020736445378507877
    z: -0.01009446521485045
    w: 0.9989291698983951
---
header:
  stamp:
    sec: 1788573216
    nanosec: 831244000
  frame_id: default_cam
pose:
  position:
    x: 0.13360106558380272
    y: 0.047346678375130596
    z: -0.9928938456288463
  orientation:
    x: 0.03924302301196468
    y: 0.020864900221538855
    z: -0.010637624619148316
    w: 0.9989551952045146
---
header:
  stamp:
    sec: 1788573216
    nanosec: 863244000
  frame_id: default_cam
pose:
  position:
    x: 0.1336833383290564
    y: 0.047459693549747696
    z: -0.9933918788098107
  orientation:
    x: 0.04010757514124044
    y: 0.020736414580584388
    z: -0.01009446345366761
    w: 0.9989291693279431
---
header:
  stamp:
    sec: 1788573216
    nanosec: 899245000
  frame_id: default_cam
pose:
  position:
    x: 0.1336833383290564
    y: 0.047459693549747696
    z: -0.9933918788098107
  orientation:
    x: 0.04010757514124044
    y: 0.020736414580584388
    z: -0.01009446345366761
    w: 0.9989291693279431
---
header:
  stamp:
    sec: 1788573216
    nanosec: 931243000
  frame_id: default_cam
pose:
  position:
    x: 0.13340606160637375
    y: 0.047199849984299595
    z: -0.9917189995087409
  orientation:
    x: 0.038611585105585405
    y: 0.021215818047523396
    z: -0.010235726025284489
    w: 0.998976608571464
---
header:
  stamp:
    sec: 1788573216
    nanosec: 963243000
  frame_id: default_cam
pose:
  position:
    x: 0.133601060876599
    y: 0.047346671016205474
    z: -0.9928938111139847
  orientation:
    x: 0.03924283596952731
    y: 0.02086493147398893
    z: -0.0106376271058387
    w: 0.9989552018730428
---
header:
  stamp:
    sec: 1788573216
    nanosec: 999244000
  frame_id: default_cam
pose:
  position:
    x: 0.133601060876599
    y: 0.047346671016205474
    z: -0.9928938111139847
  orientation:
    x: 0.03924283596952731
    y: 0.02086493147398893
    z: -0.0106376271058387
    w: 0.9989552018730428
---
header:
  stamp:
    sec: 1788573217
    nanosec: 31244000
  frame_id: default_cam
pose:
  position:
    x: 0.13368333832867674
    y: 0.04745969354915877
    z: -0.9933918788070439
  orientation:
    x: 0.04010757512635534
    y: 0.020736414583173025
    z: -0.010094463453881932
    w: 0.9989291693284849
---
header:
  stamp:
    sec: 1788573217
    nanosec: 63243000
  frame_id: default_cam
pose:
  position:
    x: 0.13368333832867674
    y: 0.04745969354915877
    z: -0.9933918788070439
  orientation:
    x: 0.04010757512635534
    y: 0.020736414583173025
    z: -0.010094463453881932
    w: 0.9989291693284849
---
header:
  stamp:
    sec: 1788573217
    nanosec: 99242000
  frame_id: default_cam
pose:
  position:
    x: 0.133601065583998
    y: 0.047346678375313714
    z: -0.9928938456299471
  orientation:
    x: 0.039243023016043634
    y: 0.02086490021897966
    z: -0.010637624618988926
    w: 0.9989551952044095
---
header:
  stamp:
    sec: 1788573217
    nanosec: 131239000
  frame_id: default_cam
pose:
  position:
    x: 0.13368333832905635
    y: 0.04745969354974771
    z: -0.9933918788098105
  orientation:
    x: 0.04010757514124089
    y: 0.02073641458058429
    z: -0.010094463453667624
    w: 0.9989291693279431
---
header:
  stamp:
    sec: 1788573217
    nanosec: 163239000
  frame_id: default_cam
pose:
  position:
    x: 0.13368333832905635
    y: 0.04745969354974771
    z: -0.9933918788098105
  orientation:
    x: 0.04010757514124089
    y: 0.02073641458058429
    z: -0.010094463453667624
    w: 0.9989291693279431
---
header:
  stamp:
    sec: 1788573217
    nanosec: 199238000
  frame_id: default_cam
pose:
  position:
    x: 0.1334879828894976
    y: 0.047312536897725785
    z: -0.9922150687034164
  orientation:
    x: 0.03947303126905895
    y: 0.021088757394748935
    z: -0.009693745938983098
    w: 0.9989510375407034
---
header:
  stamp:
    sec: 1788573217
    nanosec: 231237000
  frame_id: default_cam
pose:
  position:
    x: 0.13368333786399247
    y: 0.047459694358581495
    z: -0.9933918795737176
  orientation:
    x: 0.040107602791481185
    y: 0.02073643374374517
    z: -0.01009446435618194
    w: 0.9989291678108483
---
header:
  stamp:
    sec: 1788573217
    nanosec: 263238000
  frame_id: default_cam
pose:
  position:
    x: 0.13360106558396612
    y: 0.04734667837545075
    z: -0.9928938456302243
  orientation:
    x: 0.039243023020408205
    y: 0.020864900221164145
    z: -0.010637624619090149
    w: 0.9989551952041913
---
header:
  stamp:
    sec: 1788573217
    nanosec: 299237000
  frame_id: default_cam
pose:
  position:
    x: 0.13368333832905635
    y: 0.04745969354974771
    z: -0.9933918788098105
  orientation:
    x: 0.04010757514124101
    y: 0.02073641458058477
    z: -0.01009446345366764
    w: 0.9989291693279431
---
header:
  stamp:
    sec: 1788573217
    nanosec: 331235000
  frame_id: default_cam
pose:
  position:
    x: 0.1334060616063737
    y: 0.04719984998429959
    z: -0.9917189995087407
  orientation:
    x: 0.03861158510558533
    y: 0.021215818047523757
    z: -0.010235726025284619
    w: 0.9989766085714639
---
header:
  stamp:
    sec: 1788573217
    nanosec: 363236000
  frame_id: default_cam
pose:
  position:
    x: 0.1334060616063737
    y: 0.04719984998429959
    z: -0.9917189995087407
  orientation:
    x: 0.03861158510558533
    y: 0.021215818047523757
    z: -0.010235726025284619
    w: 0.9989766085714639
---
header:
  stamp:
    sec: 1788573217
    nanosec: 399239000
  frame_id: default_cam
pose:
  position:
    x: 0.133601060876599
    y: 0.04734667101620548
    z: -0.9928938111139847
  orientation:
    x: 0.039242835969527275
    y: 0.020864931473989216
    z: -0.010637627105838722
    w: 0.9989552018730428
---
header:
  stamp:
    sec: 1788573217
    nanosec: 431236000
  frame_id: default_cam
pose:
  position:
    x: 0.133601060876599
    y: 0.04734667101620548
    z: -0.9928938111139847
  orientation:
    x: 0.039242835969527275
    y: 0.020864931473989216
    z: -0.010637627105838722
    w: 0.9989552018730428
---
header:
  stamp:
    sec: 1788573217
    nanosec: 463236000
  frame_id: default_cam
pose:
  position:
    x: 0.133601060876599
    y: 0.04734667101620548
    z: -0.9928938111139847
  orientation:
    x: 0.039242835969527275
    y: 0.020864931473989216
    z: -0.010637627105838722
    w: 0.9989552018730428
---
header:
  stamp:
    sec: 1788573217
    nanosec: 499236000
  frame_id: default_cam
pose:
  position:
    x: 0.13368333832867674
    y: 0.047459693549158785
    z: -0.9933918788070439
  orientation:
    x: 0.04010757512635534
    y: 0.020736414583172984
    z: -0.010094463453881954
    w: 0.9989291693284849
---
header:
  stamp:
    sec: 1788573217
    nanosec: 531234000
  frame_id: default_cam
pose:
  position:
    x: 0.13360106558399804
    y: 0.04734667837531373
    z: -0.9928938456299472
  orientation:
    x: 0.039243023016043634
    y: 0.02086490021897962
    z: -0.01063762461898895
    w: 0.9989551952044095
---
header:
  stamp:
    sec: 1788573217
    nanosec: 563234000
  frame_id: default_cam
pose:
  position:
    x: 0.1336833383290564
    y: 0.047459693549747724
    z: -0.9933918788098107
  orientation:
    x: 0.04010757514124085
    y: 0.020736414580584433
    z: -0.010094463453667579
    w: 0.9989291693279431
---
header:
  stamp:
    sec: 1788573217
    nanosec: 599232000
  frame_id: default_cam
pose:
  position:
    x: 0.1336833383290564
    y: 0.047459693549747724
    z: -0.9933918788098107
  orientation:
    x: 0.04010757514124085
    y: 0.020736414580584433
    z: -0.010094463453667579
    w: 0.9989291693279431
---
header:
  stamp:
    sec: 1788573217
    nanosec: 631231000
  frame_id: default_cam
pose:
  position:
    x: 0.133601065583998
    y: 0.04734667837531377
    z: -0.9928938456299473
  orientation:
    x: 0.03924302301604558
    y: 0.020864900218980156
    z: -0.010637624618988907
    w: 0.9989551952044093
---
header:
  stamp:
    sec: 1788573217
    nanosec: 663232000
  frame_id: default_cam
pose:
  position:
    x: 0.13368333832905635
    y: 0.04745969354974771
    z: -0.9933918788098105
  orientation:
    x: 0.04010757514124079
    y: 0.020736414580584825
    z: -0.01009446345366764
    w: 0.9989291693279431
---
header:
  stamp:
    sec: 1788573217
    nanosec: 699231000
  frame_id: default_cam
pose:
  position:
    x: 0.13368333832905635
    y: 0.04745969354974771
    z: -0.9933918788098105
  orientation:
    x: 0.04010757514124079
    y: 0.020736414580584825
    z: -0.01009446345366764
    w: 0.9989291693279431
---
header:
  stamp:
    sec: 1788573217
    nanosec: 731230000
  frame_id: default_cam
pose:
  position:
    x: 0.13368333832905635
    y: 0.04745969354974771
    z: -0.9933918788098105
  orientation:
    x: 0.04010757514124079
    y: 0.020736414580584825
    z: -0.01009446345366764
    w: 0.9989291693279431
---
header:
  stamp:
    sec: 1788573217
    nanosec: 763232000
  frame_id: default_cam
pose:
  position:
    x: 0.1336010655839981
    y: 0.0473466783753138
    z: -0.9928938456299479
  orientation:
    x: 0.03924302301604559
    y: 0.020864900218979916
    z: -0.010637624618988973
    w: 0.9989551952044093
---
header:
  stamp:
    sec: 1788573217
    nanosec: 799230000
  frame_id: default_cam
pose:
  position:
    x: 0.1336010655839981
    y: 0.0473466783753138
    z: -0.9928938456299479
  orientation:
    x: 0.03924302301604559
    y: 0.020864900218979916
    z: -0.010637624618988973
    w: 0.9989551952044093
---
header:
  stamp:
    sec: 1788573217
    nanosec: 831229000
  frame_id: default_cam
pose:
  position:
    x: 0.1336833383290564
    y: 0.04745969354974773
    z: -0.9933918788098108
  orientation:
    x: 0.040107575141240845
    y: 0.020736414580584426
    z: -0.010094463453667673
    w: 0.9989291693279431
---
header:
  stamp:
    sec: 1788573217
    nanosec: 863230000
  frame_id: default_cam
pose:
  position:
    x: 0.1336010655839981
    y: 0.04734667837531381
    z: -0.992893845629948
  orientation:
    x: 0.03924302301604565
    y: 0.020864900218979944
    z: -0.010637624618988945
    w: 0.9989551952044093
---
header:
  stamp:
    sec: 1788573217
    nanosec: 899226000
  frame_id: default_cam
pose:
  position:
    x: 0.1336833383290564
    y: 0.047459693549747745
    z: -0.993391878809811
  orientation:
    x: 0.04010757514124091
    y: 0.02073641458058446
    z: -0.010094463453667641
    w: 0.9989291693279431
---
header:
  stamp:
    sec: 1788573217
    nanosec: 931226000
  frame_id: default_cam
pose:
  position:
    x: 0.1336833383290564
    y: 0.047459693549747745
    z: -0.993391878809811
  orientation:
    x: 0.04010757514124091
    y: 0.02073641458058446
    z: -0.010094463453667641
    w: 0.9989291693279431
---
header:
  stamp:
    sec: 1788573217
    nanosec: 963227000
  frame_id: default_cam
pose:
  position:
    x: 0.1336833383290564
    y: 0.047459693549747745
    z: -0.993391878809811
  orientation:
    x: 0.04010757514124091
    y: 0.02073641458058446
    z: -0.010094463453667641
    w: 0.9989291693279431
---
header:
  stamp:
    sec: 1788573217
    nanosec: 999225000
  frame_id: default_cam
pose:
  position:
    x: 0.1336010655839981
    y: 0.04734667837531381
    z: -0.9928938456299479
  orientation:
    x: 0.039243023016045715
    y: 0.02086490021897973
    z: -0.010637624618988942
    w: 0.9989551952044093
---
header:
  stamp:
    sec: 1788573218
    nanosec: 31226000
  frame_id: default_cam
pose:
  position:
    x: 0.1336010655839981
    y: 0.04734667837531381
    z: -0.9928938456299479
  orientation:
    x: 0.039243023016045715
    y: 0.02086490021897973
    z: -0.010637624618988942
    w: 0.9989551952044093
---
header:
  stamp:
    sec: 1788573218
    nanosec: 63226000
  frame_id: default_cam
pose:
  position:
    x: 0.1336010655839981
    y: 0.04734667837531381
    z: -0.9928938456299479
  orientation:
    x: 0.039243023016045715
    y: 0.02086490021897973
    z: -0.010637624618988942
    w: 0.9989551952044093
---
header:
  stamp:
    sec: 1788573218
    nanosec: 99228000
  frame_id: default_cam
pose:
  position:
    x: 0.1336833383290564
    y: 0.04745969354974774
    z: -0.9933918788098111
  orientation:
    x: 0.04010757514124085
    y: 0.0207364145805842
    z: -0.010094463453667636
    w: 0.9989291693279431
---
header:
  stamp:
    sec: 1788573218
    nanosec: 131224000
  frame_id: default_cam
pose:
  position:
    x: 0.1336833383290564
    y: 0.04745969354974774
    z: -0.9933918788098111
  orientation:
    x: 0.04010757514124085
    y: 0.0207364145805842
    z: -0.010094463453667636
    w: 0.9989291693279431
---
header:
  stamp:
    sec: 1788573218
    nanosec: 163225000
  frame_id: default_cam
pose:
  position:
    x: 0.1336010655839981
    y: 0.04734667837531382
    z: -0.9928938456299479
  orientation:
    x: 0.03924302301604579
    y: 0.020864900218979916
    z: -0.010637624618988898
    w: 0.9989551952044093
---
header:
  stamp:
    sec: 1788573218
    nanosec: 199226000
  frame_id: default_cam
pose:
  position:
    x: 0.13348833134812885
    y: 0.04731274324610818
    z: -0.9922173434501272
  orientation:
    x: 0.039476150946529835
    y: 0.021086924292914453
    z: -0.009692873383725136
    w: 0.9989509614269756
---
header:
  stamp:
    sec: 1788573218
    nanosec: 231222000
  frame_id: default_cam
pose:
  position:
    x: 0.13348833134812885
    y: 0.04731274324610818
    z: -0.9922173434501272
  orientation:
    x: 0.039476150946529835
    y: 0.021086924292914453
    z: -0.009692873383725136
    w: 0.9989509614269756
---
header:
  stamp:
    sec: 1788573218
    nanosec: 263221000
  frame_id: default_cam
pose:
  position:
    x: 0.1336833378751162
    y: 0.047459694368817563
    z: -0.9933918796357268
  orientation:
    x: 0.040107603017429265
    y: 0.020736433594219877
    z: -0.010094464347027841
    w: 0.9989291678049728
---
header:
  stamp:
    sec: 1788573218
    nanosec: 299221000
  frame_id: default_cam
pose:
  position:
    x: 0.13360106558396723
    y: 0.047346678375452075
    z: -0.9928938456302315
  orientation:
    x: 0.039243023020439916
    y: 0.020864900221152723
    z: -0.010637624619089481
    w: 0.9989551952041903
---
header:
  stamp:
    sec: 1788573218
    nanosec: 331220000
  frame_id: default_cam
pose:
  position:
    x: 0.1334060594343687
    y: 0.047199845121022266
    z: -0.9917189791562249
  orientation:
    x: 0.038611455091653424
    y: 0.02121581263494255
    z: -0.010235727484408874
    w: 0.9989766136966416
---
header:
  stamp:
    sec: 1788573218
    nanosec: 363221000
  frame_id: default_cam
pose:
  position:
    x: 0.13360106087640639
    y: 0.047346671015679444
    z: -0.9928938111119655
  orientation:
    x: 0.039242835955108496
    y: 0.020864931472968983
    z: -0.010637627105836244
    w: 0.9989552018736306
---
header:
  stamp:
    sec: 1788573218
    nanosec: 399221000
  frame_id: default_cam
pose:
  position:
    x: 0.1336833383286767
    y: 0.04745969354915874
    z: -0.9933918788070436
  orientation:
    x: 0.04010757512635428
    y: 0.020736414583172796
    z: -0.010094463453882065
    w: 0.998929169328485
---
header:
  stamp:
    sec: 1788573218
    nanosec: 431219000
  frame_id: default_cam
pose:
  position:
    x: 0.1336833383286767
    y: 0.04745969354915874
    z: -0.9933918788070436
  orientation:
    x: 0.04010757512635428
    y: 0.020736414583172796
    z: -0.010094463453882065
    w: 0.998929169328485
---
header:
  stamp:
    sec: 1788573218
    nanosec: 463220000
  frame_id: default_cam
pose:
  position:
    x: 0.13340606160637367
    y: 0.047199849984299526
    z: -0.9917189995087403
  orientation:
    x: 0.03861158510558354
    y: 0.021215818047523486
    z: -0.010235726025284558
    w: 0.998976608571464
---
header:
  stamp:
    sec: 1788573218
    nanosec: 499220000
  frame_id: default_cam
pose:
  position:
    x: 0.1336833363213249
    y: 0.047459692043135424
    z: -0.9933918685632334
  orientation:
    x: 0.0401075445669978
    y: 0.02073644537850749
    z: -0.010094465214850506
    w: 0.9989291698983951
---
header:
  stamp:
    sec: 1788573218
    nanosec: 531218000
  frame_id: default_cam
pose:
  position:
    x: 0.1336833363213249
    y: 0.047459692043135424
    z: -0.9933918685632334
  orientation:
    x: 0.0401075445669978
    y: 0.02073644537850749
    z: -0.010094465214850506
    w: 0.9989291698983951
---
header:
  stamp:
    sec: 1788573218
    nanosec: 563217000
  frame_id: default_cam
pose:
  position:
    x: 0.13348798288936314
    y: 0.047312536897588575
    z: -0.9922150687026092
  orientation:
    x: 0.03947303126595968
    y: 0.0210887573962494
    z: -0.009693745939099219
    w: 0.9989510375407931
---
header:
  stamp:
    sec: 1788573218
    nanosec: 599217000
  frame_id: default_cam
pose:
  position:
    x: 0.13360109510419144
    y: 0.04734656471923648
    z: -0.9928942331405739
  orientation:
    x: 0.039238953622314325
    y: 0.02086650964231934
    z: -0.01063706941970336
    w: 0.9989553273535976
---
header:
  stamp:
    sec: 1788573218
    nanosec: 631217000
  frame_id: default_cam
pose:
  position:
    x: 0.13340605941805297
    y: 0.04719984509897045
    z: -0.9917189790436828
  orientation:
    x: 0.03861145455112984
    y: 0.02121581276114254
    z: -0.010235727496486281
    w: 0.9989766137147295
---
header:
  stamp:
    sec: 1788573218
    nanosec: 663216000
  frame_id: default_cam
pose:
  position:
    x: 0.1336010608764047
    y: 0.04734667101567705
    z: -0.9928938111119539
  orientation:
    x: 0.03924283595504928
    y: 0.02086493147298264
    z: -0.010637627105837126
    w: 0.9989552018736326
---
header:
  stamp:
    sec: 1788573218
    nanosec: 699216000
  frame_id: default_cam
pose:
  position:
    x: 0.13368333832867674
    y: 0.04745969354915873
    z: -0.9933918788070437
  orientation:
    x: 0.04010757512635429
    y: 0.020736414583172
    z: -0.010094463453881862
    w: 0.998929169328485
---
header:
  stamp:
    sec: 1788573218
    nanosec: 731215000
  frame_id: default_cam
pose:
  position:
    x: 0.133601065583998
    y: 0.047346678375313714
    z: -0.9928938456299471
  orientation:
    x: 0.03924302301604366
    y: 0.020864900218979927
    z: -0.010637624618989079
    w: 0.9989551952044095
---
header:
  stamp:
    sec: 1788573218
    nanosec: 763215000
  frame_id: default_cam
pose:
  position:
    x: 0.1334883313481289
    y: 0.047312743246108194
    z: -0.9922173434501276
  orientation:
    x: 0.03947615094652985
    y: 0.021086924292914574
    z: -0.009692873383725018
    w: 0.9989509614269756
---
header:
  stamp:
    sec: 1788573218
    nanosec: 799214000
  frame_id: default_cam
pose:
  position:
    x: 0.13340605869026276
    y: 0.04719984605043958
    z: -0.9917189793834991
  orientation:
    x: 0.0386114886862043
    y: 0.02121584037557299
    z: -0.010235728247079494
    w: 0.99897661180122
---
header:
  stamp:
    sec: 1788573218
    nanosec: 831213000
  frame_id: default_cam
pose:
  position:
    x: 0.13368333632111037
    y: 0.04745969204288557
    z: -0.9933918685618988
  orientation:
    x: 0.04010754456106784
    y: 0.02073644538087367
    z: -0.010094465215005023
    w: 0.9989291698985825
---
header:
  stamp:
    sec: 1788573218
    nanosec: 863214000
  frame_id: default_cam
pose:
  position:
    x: 0.13360106558380264
    y: 0.04734667837513055
    z: -0.9928938456288459
  orientation:
    x: 0.039243023011963564
    y: 0.02086490022153894
    z: -0.01063762461914851
    w: 0.9989551952045146
---
header:
  stamp:
    sec: 1788573218
    nanosec: 899212000
  frame_id: default_cam
pose:
  position:
    x: 0.1336833383290564
    y: 0.04745969354974771
    z: -0.9933918788098107
  orientation:
    x: 0.04010757514124044
    y: 0.020736414580583975
    z: -0.010094463453667565
    w: 0.9989291693279431
---
header:
  stamp:
    sec: 1788573218
    nanosec: 931211000
  frame_id: default_cam
pose:
  position:
    x: 0.13340606160637372
    y: 0.047199849984299595
    z: -0.9917189995087407
  orientation:
    x: 0.038611585105585405
    y: 0.021215818047523583
    z: -0.010235726025284508
    w: 0.998976608571464
---
header:
  stamp:
    sec: 1788573218
    nanosec: 963213000
  frame_id: default_cam
pose:
  position:
    x: 0.13360106087659904
    y: 0.04734667101620546
    z: -0.9928938111139847
  orientation:
    x: 0.03924283596952708
    y: 0.020864931473989035
    z: -0.010637627105838715
    w: 0.9989552018730428
---
header:
  stamp:
    sec: 1788573218
    nanosec: 999211000
  frame_id: default_cam
pose:
  position:
    x: 0.13348833136915858
    y: 0.04731274330415162
    z: -0.9922173436702428
  orientation:
    x: 0.03947615269791115
    y: 0.021086924742877575
    z: -0.009692873377342292
    w: 0.9989509613483287
---
header:
  stamp:
    sec: 1788573219
    nanosec: 31210000
  frame_id: default_cam
pose:
  position:
    x: 0.1336833378751164
    y: 0.04745969436882199
    z: -0.9933918796357396
  orientation:
    x: 0.04010760301756038
    y: 0.02073643359426175
    z: -0.010094464347029439
    w: 0.9989291678049665
---
header:
  stamp:
    sec: 1788573219
    nanosec: 63209000
  frame_id: default_cam
pose:
  position:
    x: 0.1336010655839672
    y: 0.04734667837545207
    z: -0.9928938456302314
  orientation:
    x: 0.03924302302043978
    y: 0.02086490022115263
    z: -0.010637624619089498
    w: 0.9989551952041903
---
header:
  stamp:
    sec: 1788573219
    nanosec: 99213000
  frame_id: default_cam
pose:
  position:
    x: 0.1336010655839672
    y: 0.04734667837545207
    z: -0.9928938456302314
  orientation:
    x: 0.03924302302043978
    y: 0.02086490022115263
    z: -0.010637624619089498
    w: 0.9989551952041903
---
header:
  stamp:
    sec: 1788573219
    nanosec: 131207000
  frame_id: default_cam
pose:
  position:
    x: 0.1336010655839672
    y: 0.04734667837545207
    z: -0.9928938456302314
  orientation:
    x: 0.03924302302043978
    y: 0.02086490022115263
    z: -0.010637624619089498
    w: 0.9989551952041903
---
header:
  stamp:
    sec: 1788573219
    nanosec: 163209000
  frame_id: default_cam
pose:
  position:
    x: 0.1336010655839672
    y: 0.04734667837545207
    z: -0.9928938456302314
  orientation:
    x: 0.03924302302043978
    y: 0.02086490022115263
    z: -0.010637624619089498
    w: 0.9989551952041903
---
header:
  stamp:
    sec: 1788573219
    nanosec: 199208000
  frame_id: default_cam
pose:
  position:
    x: 0.13340605943436867
    y: 0.047199845121022266
    z: -0.9917189791562248
  orientation:
    x: 0.03861145509165335
    y: 0.021215812634942807
    z: -0.010235727484408994
    w: 0.9989766136966416
---
header:
  stamp:
    sec: 1788573219
    nanosec: 231206000
  frame_id: default_cam
pose:
  position:
    x: 0.1336833363211949
    y: 0.047459692042839445
    z: -0.9933918685620325
  orientation:
    x: 0.04010754455907224
    y: 0.020736445378432666
    z: -0.010094465214883445
    w: 0.9989291698987145
---
header:
  stamp:
    sec: 1788573219
    nanosec: 263208000
  frame_id: default_cam
pose:
  position:
    x: 0.1336833363211949
    y: 0.047459692042839445
    z: -0.9933918685620325
  orientation:
    x: 0.04010754455907224
    y: 0.020736445378432666
    z: -0.010094465214883445
    w: 0.9989291698987145
---
header:
  stamp:
    sec: 1788573219
    nanosec: 299209000
  frame_id: default_cam
pose:
  position:
    x: 0.13360106558380272
    y: 0.04734667837513058
    z: -0.9928938456288461
  orientation:
    x: 0.03924302301196373
    y: 0.02086490022153842
    z: -0.010637624619148377
    w: 0.9989551952045146
---
header:
  stamp:
    sec: 1788573219
    nanosec: 331205000
  frame_id: default_cam
pose:
  position:
    x: 0.1336833383290564
    y: 0.04745969354974773
    z: -0.9933918788098107
  orientation:
    x: 0.04010757514124063
    y: 0.020736414580584353
    z: -0.010094463453667641
    w: 0.9989291693279431
---
header:
  stamp:
    sec: 1788573219
    nanosec: 363206000
  frame_id: default_cam
pose:
  position:
    x: 0.1336010655839981
    y: 0.0473466783753138
    z: -0.9928938456299476
  orientation:
    x: 0.039243023016045736
    y: 0.020864900218979698
    z: -0.010637624618988878
    w: 0.9989551952044093
---
header:
  stamp:
    sec: 1788573219
    nanosec: 399205000
  frame_id: default_cam
pose:
  position:
    x: 0.1336010655839981
    y: 0.0473466783753138
    z: -0.9928938456299476
  orientation:
    x: 0.039243023016045736
    y: 0.020864900218979698
    z: -0.010637624618988878
    w: 0.9989551952044093
---
header:
  stamp:
    sec: 1788573219
    nanosec: 431205000
  frame_id: default_cam
pose:
  position:
    x: 0.1336010655839981
    y: 0.0473466783753138
    z: -0.9928938456299476
  orientation:
    x: 0.039243023016045736
    y: 0.020864900218979698
    z: -0.010637624618988878
    w: 0.9989551952044093
---
header:
  stamp:
    sec: 1788573219
    nanosec: 463205000
  frame_id: default_cam
pose:
  position:
    x: 0.1336010655839981
    y: 0.0473466783753138
    z: -0.9928938456299476
  orientation:
    x: 0.039243023016045736
    y: 0.020864900218979698
    z: -0.010637624618988878
    w: 0.9989551952044093
---
header:
  stamp:
    sec: 1788573219
    nanosec: 499204000
  frame_id: default_cam
pose:
  position:
    x: 0.1336010655839981
    y: 0.0473466783753138
    z: -0.9928938456299476
  orientation:
    x: 0.039243023016045736
    y: 0.020864900218979698
    z: -0.010637624618988878
    w: 0.9989551952044093
---
header:
  stamp:
    sec: 1788573219
    nanosec: 531202000
  frame_id: default_cam
pose:
  position:
    x: 0.1334060594343687
    y: 0.047199845121022245
    z: -0.9917189791562246
  orientation:
    x: 0.038611455091652626
    y: 0.02121581263494244
    z: -0.010235727484408805
    w: 0.9989766136966417
---
header:
  stamp:
    sec: 1788573219
    nanosec: 563202000
  frame_id: default_cam
pose:
  position:
    x: 0.1336833363211949
    y: 0.04745969204283945
    z: -0.9933918685620325
  orientation:
    x: 0.04010754455907202
    y: 0.020736445378433086
    z: -0.01009446521488337
    w: 0.9989291698987145
---
header:
  stamp:
    sec: 1788573219
    nanosec: 599200000
  frame_id: default_cam
pose:
  position:
    x: 0.13340606160619792
    y: 0.04719984998410517
    z: -0.991718999507645
  orientation:
    x: 0.03861158510105671
    y: 0.021215818049341053
    z: -0.010235726025422828
    w: 0.998976608571599
---
header:
  stamp:
    sec: 1788573219
    nanosec: 631201000
  frame_id: default_cam
pose:
  position:
    x: 0.13360106087659895
    y: 0.047346671016205426
    z: -0.9928938111139842
  orientation:
    x: 0.039242835969526664
    y: 0.020864931473989465
    z: -0.01063762710583868
    w: 0.9989552018730428
---
header:
  stamp:
    sec: 1788573219
    nanosec: 663201000
  frame_id: default_cam
pose:
  position:
    x: 0.13360106087659895
    y: 0.047346671016205426
    z: -0.9928938111139842
  orientation:
    x: 0.039242835969526664
    y: 0.020864931473989465
    z: -0.01063762710583868
    w: 0.9989552018730428
---
header:
  stamp:
    sec: 1788573219
    nanosec: 699201000
  frame_id: default_cam
pose:
  position:
    x: 0.1334060594337913
    y: 0.04719984512001971
    z: -0.9917189791516284
  orientation:
    x: 0.038611455065842085
    y: 0.021215812636907864
    z: -0.01023572748481237
    w: 0.9989766136975934
---
header:
  stamp:
    sec: 1788573219
    nanosec: 731199000
  frame_id: default_cam
pose:
  position:
    x: 0.13360106087640627
    y: 0.047346671015679326
    z: -0.9928938111119647
  orientation:
    x: 0.03924283595510575
    y: 0.020864931472969188
    z: -0.010637627105836217
    w: 0.9989552018736306
---
header:
  stamp:
    sec: 1788573219
    nanosec: 763201000
  frame_id: default_cam
pose:
  position:
    x: 0.13340605943379125
    y: 0.04719984512001964
    z: -0.991718979151628
  orientation:
    x: 0.03861145506584014
    y: 0.021215812636908315
    z: -0.010235727484812454
    w: 0.9989766136975935
---
header:
  stamp:
    sec: 1788573219
    nanosec: 799199000
  frame_id: default_cam
pose:
  position:
    x: 0.1336833363211949
    y: 0.0474596920428394
    z: -0.9933918685620324
  orientation:
    x: 0.04010754455907088
    y: 0.020736445378432927
    z: -0.010094465214883353
    w: 0.9989291698987146
---
header:
  stamp:
    sec: 1788573219
    nanosec: 831198000
  frame_id: default_cam
pose:
  position:
    x: 0.13340606160619795
    y: 0.047199849984105174
    z: -0.9917189995076452
  orientation:
    x: 0.03861158510105677
    y: 0.021215818049340803
    z: -0.010235726025422857
    w: 0.998976608571599
---
header:
  stamp:
    sec: 1788573219
    nanosec: 863197000
  frame_id: default_cam
pose:
  position:
    x: 0.13348797938396087
    y: 0.04731253187622149
    z: -0.9922150437398972
  orientation:
    x: 0.039472907194474986
    y: 0.021088780714778866
    z: -0.009693748938909806
    w: 0.9989510419220202
---
header:
  stamp:
    sec: 1788573219
    nanosec: 899198000
  frame_id: default_cam
pose:
  position:
    x: 0.13360109508226098
    y: 0.047346564755053416
    z: -0.9928942331716033
  orientation:
    x: 0.03923895475202291
    y: 0.020866510325403105
    z: -0.010637069450224577
    w: 0.9989553272946291
---
header:
  stamp:
    sec: 1788573219
    nanosec: 931196000
  frame_id: default_cam
pose:
  position:
    x: 0.13340605941805347
    y: 0.047199845098975804
    z: -0.9917189790436991
  orientation:
    x: 0.03861145455128668
    y: 0.021215812761192075
    z: -0.010235727496486522
    w: 0.9989766137147224
---
header:
  stamp:
    sec: 1788573219
    nanosec: 963198000
  frame_id: default_cam
pose:
  position:
    x: 0.13348748794930088
    y: 0.04732453962013823
    z: -0.9925888465307552
  orientation:
    x: 0.03947811328429737
    y: 0.021665725359625392
    z: -0.0099221787841749
    w: 0.9989362468567893
---
header:
  stamp:
    sec: 1788573219
    nanosec: 999196000
  frame_id: default_cam
pose:
  position:
    x: 0.13340605679244413
    y: 0.0471998458099643
    z: -0.9917189727502306
  orientation:
    x: 0.03861149573553585
    y: 0.02121588131406063
    z: -0.01023572996340619
    w: 0.998976610641735
---
header:
  stamp:
    sec: 1788573220
    nanosec: 31197000
  frame_id: default_cam
pose:
  position:
    x: 0.13360106087607931
    y: 0.04734667101576009
    z: -0.9928938111111824
  orientation:
    x: 0.039242835959920334
    y: 0.020864931481369565
    z: -0.010637627106276318
    w: 0.9989552018732614
---
header:
  stamp:
    sec: 1788573220
    nanosec: 63195000
  frame_id: default_cam
pose:
  position:
    x: 0.13360106087607931
    y: 0.04734667101576009
    z: -0.9928938111111824
  orientation:
    x: 0.039242835959920334
    y: 0.020864931481369565
    z: -0.010637627106276318
    w: 0.9989552018732614
---
header:
  stamp:
    sec: 1788573220
    nanosec: 99200000
  frame_id: default_cam
pose:
  position:
    x: 0.1336833383286767
    y: 0.04745969354915876
    z: -0.9933918788070438
  orientation:
    x: 0.04010757512635492
    y: 0.020736414583173518
    z: -0.010094463453882013
    w: 0.9989291693284849
---
header:
  stamp:
    sec: 1788573220
    nanosec: 131193000
  frame_id: default_cam
pose:
  position:
    x: 0.13348798288949754
    y: 0.047312536897725715
    z: -0.992215068703416
  orientation:
    x: 0.039473031269057435
    y: 0.02108875739474902
    z: -0.009693745938983134
    w: 0.9989510375407035
---
header:
  stamp:
    sec: 1788573220
    nanosec: 163193000
  frame_id: default_cam
pose:
  position:
    x: 0.13360109510419255
    y: 0.04734656471923589
    z: -0.9928942331405757
  orientation:
    x: 0.039238953622291836
    y: 0.020866509642293037
    z: -0.010637069419702225
    w: 0.998955327353599
---
header:
  stamp:
    sec: 1788573220
    nanosec: 199199000
  frame_id: default_cam
pose:
  position:
    x: 0.1336833383173148
    y: 0.04745969353600667
    z: -0.9933918787363747
  orientation:
    x: 0.04010757481498822
    y: 0.02073641470743512
    z: -0.010094463462171396
    w: 0.9989291693383231
---
header:
  stamp:
    sec: 1788573220
    nanosec: 231192000
  frame_id: default_cam
pose:
  position:
    x: 0.13340606160637253
    y: 0.047199849984297666
    z: -0.9917189995087317
  orientation:
    x: 0.038611585105536264
    y: 0.021215818047529703
    z: -0.010235726025285496
    w: 0.9989766085714656
---
header:
  stamp:
    sec: 1788573220
    nanosec: 263193000
  frame_id: default_cam
pose:
  position:
    x: 0.13368333632132492
    y: 0.04745969204313544
    z: -0.9933918685632336
  orientation:
    x: 0.04010754456699787
    y: 0.02073644537850764
    z: -0.010094465214850476
    w: 0.9989291698983951
---
header:
  stamp:
    sec: 1788573220
    nanosec: 299191000
  frame_id: default_cam
pose:
  position:
    x: 0.1334879828893631
    y: 0.047312536897588554
    z: -0.9922150687026089
  orientation:
    x: 0.03947303126595967
    y: 0.021088757396249776
    z: -0.009693745939099245
    w: 0.9989510375407931
---
header:
  stamp:
    sec: 1788573220
    nanosec: 331190000
  frame_id: default_cam
pose:
  position:
    x: 0.1334060586770034
    y: 0.04719984603292195
    z: -0.991718979293119
  orientation:
    x: 0.03861148825894225
    y: 0.02121584048207562
    z: -0.010235728257082764
    w: 0.9989766118153697
---
header:
  stamp:
    sec: 1788573220
    nanosec: 363189000
  frame_id: default_cam
pose:
  position:
    x: 0.13360106087630247
    y: 0.0473466710157805
    z: -0.9928938111119215
  orientation:
    x: 0.03924283595890694
    y: 0.02086493147642221
    z: -0.010637627106010331
    w: 0.9989552018734074
---
header:
  stamp:
    sec: 1788573220
    nanosec: 399190000
  frame_id: default_cam
pose:
  position:
    x: 0.1334883313691595
    y: 0.047312743304154796
    z: -0.9922173436702538
  orientation:
    x: 0.039476152698010525
    y: 0.021086924742907562
    z: -0.00969287337734221
    w: 0.9989509613483242
---
header:
  stamp:
    sec: 1788573220
    nanosec: 431188000
  frame_id: default_cam
pose:
  position:
    x: 0.13340605869026492
    y: 0.047199846050448
    z: -0.9917189793835293
  orientation:
    x: 0.038611488686441195
    y: 0.021215840375619126
    z: -0.010235728247078597
    w: 0.9989766118012098
---
header:
  stamp:
    sec: 1788573220
    nanosec: 463190000
  frame_id: default_cam
pose:
  position:
    x: 0.13340605869026492
    y: 0.047199846050448
    z: -0.9917189793835293
  orientation:
    x: 0.038611488686441195
    y: 0.021215840375619126
    z: -0.010235728247078597
    w: 0.9989766118012098
---
header:
  stamp:
    sec: 1788573220
    nanosec: 499188000
  frame_id: default_cam
pose:
  position:
    x: 0.13340605869026492
    y: 0.047199846050448
    z: -0.9917189793835293
  orientation:
    x: 0.038611488686441195
    y: 0.021215840375619126
    z: -0.010235728247078597
    w: 0.9989766118012098
---
header:
  stamp:
    sec: 1788573220
    nanosec: 531188000
  frame_id: default_cam
pose:
  position:
    x: 0.13340605869026492
    y: 0.047199846050448
    z: -0.9917189793835293
  orientation:
    x: 0.038611488686441195
    y: 0.021215840375619126
    z: -0.010235728247078597
    w: 0.9989766118012098
---
header:
  stamp:
    sec: 1788573220
    nanosec: 563189000
  frame_id: default_cam
pose:
  position:
    x: 0.13335781800661062
    y: 0.04711880524737468
    z: -0.9909805447287593
  orientation:
    x: 0.03809598705716497
    y: 0.020608926842239837
    z: -0.01028749157623731
    w: 0.9990085762502844
---
header:
  stamp:
    sec: 1788573220
    nanosec: 595185000
  frame_id: default_cam
pose:
  position:
    x: 0.1336010637369443
    y: 0.04734667002396429
    z: -0.9928938172224333
  orientation:
    x: 0.03924278523092249
    y: 0.020864855119033257
    z: -0.010637623147785172
    w: 0.9989552055032033
---
header:
  stamp:
    sec: 1788573220
    nanosec: 631185000
  frame_id: default_cam
pose:
  position:
    x: 0.1334060594339315
    y: 0.04719984511981783
    z: -0.9917189791515135
  orientation:
    x: 0.03861145505870708
    y: 0.021215812631417145
    z: -0.010235727484661776
    w: 0.9989766136979873
---
header:
  stamp:
    sec: 1788573220
    nanosec: 663185000
  frame_id: default_cam
pose:
  position:
    x: 0.1334060594339315
    y: 0.04719984511981783
    z: -0.9917189791515135
  orientation:
    x: 0.03861145505870708
    y: 0.021215812631417145
    z: -0.010235727484661776
    w: 0.9989766136979873
---
header:
  stamp:
    sec: 1788573220
    nanosec: 695186000
  frame_id: default_cam
pose:
  position:
    x: 0.13348797938380674
    y: 0.047312531875881345
    z: -0.9922150437384769
  orientation:
    x: 0.03947290718544564
    y: 0.021088780714477656
    z: -0.0096937489390438
    w: 0.998951041922382
---
header:
  stamp:
    sec: 1788573220
    nanosec: 731187000
  frame_id: default_cam
pose:
  position:
    x: 0.13343049910073754
    y: 0.04730402344972652
    z: -0.992054842045997
  orientation:
    x: 0.03930767146471
    y: 0.021327203327228726
    z: -0.009466049297342268
    w: 0.9989546792887861
---
header:
  stamp:
    sec: 1788573220
    nanosec: 763186000
  frame_id: default_cam
pose:
  position:
    x: 0.13370794830629248
    y: 0.047561508559559824
    z: -0.9936403906951949
  orientation:
    x: 0.040810434106307795
    y: 0.02071269175219755
    z: -0.009269082279015782
    w: 0.9989091935617261
---
header:
  stamp:
    sec: 1788573220
    nanosec: 795189000
  frame_id: default_cam
pose:
  position:
    x: 0.13351541737084804
    y: 0.047464818488624674
    z: -0.9926422988212042
  orientation:
    x: 0.039063017994246475
    y: 0.02112731577742652
    z: -0.010609598604632372
    w: 0.9989570328951444
---
header:
  stamp:
    sec: 1788573220
    nanosec: 831186000
  frame_id: default_cam
pose:
  position:
    x: 0.13351541737084804
    y: 0.047464818488624674
    z: -0.9926422988212042
  orientation:
    x: 0.039063017994246475
    y: 0.02112731577742652
    z: -0.010609598604632372
    w: 0.9989570328951444
---
header:
  stamp:
    sec: 1788573220
    nanosec: 863184000
  frame_id: default_cam
pose:
  position:
    x: 0.1336082594025853
    y: 0.04758181283270822
    z: -0.9930609788220826
  orientation:
    x: 0.038163635803403796
    y: 0.020786474467199178
    z: -0.010005586728342234
    w: 0.9990051789734182
---
header:
  stamp:
    sec: 1788573220
    nanosec: 895183000
  frame_id: default_cam
pose:
  position:
    x: 0.1336185631860792
    y: 0.047589217948140326
    z: -0.9931153568595146
  orientation:
    x: 0.037256178969339575
    y: 0.020566770102902605
    z: -0.010002400611709133
    w: 0.9990440115821434
---
header:
  stamp:
    sec: 1788573220
    nanosec: 931184000
  frame_id: default_cam
pose:
  position:
    x: 0.13348659265076152
    y: 0.047442928312029696
    z: -0.9923816911585592
  orientation:
    x: 0.03959482283191741
    y: 0.022047579948983917
    z: -0.010612469576987275
    w: 0.9989161775208066
---
header:
  stamp:
    sec: 1788573220
    nanosec: 963181000
  frame_id: default_cam
pose:
  position:
    x: 0.1336419514090273
    y: 0.047628011825034476
    z: -0.9929246289354472
  orientation:
    x: 0.04178271537432823
    y: 0.020177851476982443
    z: -0.009408443524299119
    w: 0.9988786413755031
---
header:
  stamp:
    sec: 1788573220
    nanosec: 995181000
  frame_id: default_cam
pose:
  position:
    x: 0.1338173362185204
    y: 0.047627605973587055
    z: -0.9936780140254146
  orientation:
    x: 0.04152311698629327
    y: 0.019730724544800748
    z: -0.00888590565194685
    w: 0.9989031834694614
---
header:
  stamp:
    sec: 1788573221
    nanosec: 31181000
  frame_id: default_cam
pose:
  position:
    x: 0.13360980693596952
    y: 0.04754566497704908
    z: -0.9929429870894407
  orientation:
    x: 0.04121186623806211
    y: 0.02075128817499503
    z: -0.008153547817482084
    w: 0.9989016396914375
---
header:
  stamp:
    sec: 1788573221
    nanosec: 63180000
  frame_id: default_cam
pose:
  position:
    x: 0.13376147288170256
    y: 0.04782761615043515
    z: -0.994451647063312
  orientation:
    x: 0.04289265915337144
    y: 0.021322727903146568
    z: -0.008039836902521108
    w: 0.9988197645662114
---
header:
  stamp:
    sec: 1788573221
    nanosec: 95180000
  frame_id: default_cam
pose:
  position:
    x: 0.13368104821489268
    y: 0.047701212862182055
    z: -0.9935296415884781
  orientation:
    x: 0.0420239807356967
    y: 0.02078063799434899
    z: -0.008314317523158244
    w: 0.9988658679982001
---
header:
  stamp:
    sec: 1788573221
    nanosec: 131178000
  frame_id: default_cam
pose:
  position:
    x: 0.13374693510549213
    y: 0.047635239812348636
    z: -0.9933135585466177
  orientation:
    x: 0.04168609183377603
    y: 0.019932054233390766
    z: -0.008781851471255236
    w: 0.9988933186513963
---
header:
  stamp:
    sec: 1788573221
    nanosec: 163180000
  frame_id: default_cam
pose:
  position:
    x: 0.13354110957256737
    y: 0.04775458599757965
    z: -0.993108004270388
  orientation:
    x: 0.04266172923125318
    y: 0.021350996718212358
    z: -0.008673404916992141
    w: 0.9988237501407763
---
header:
  stamp:
    sec: 1788573221
    nanosec: 195178000
  frame_id: default_cam
pose:
  position:
    x: 0.1335648950497238
    y: 0.04781064144867716
    z: -0.993443331862122
  orientation:
    x: 0.042379418812803125
    y: 0.02263087630178189
    z: -0.008565016919910575
    w: 0.9988085245852
---
header:
  stamp:
    sec: 1788573221
    nanosec: 231177000
  frame_id: default_cam
pose:
  position:
    x: 0.13362310249132753
    y: 0.04785084661811367
    z: -0.9937289670817546
  orientation:
    x: 0.037012560855718996
    y: 0.021498907533866324
    z: -0.0085307682442149
    w: 0.9990470926372368
---
header:
  stamp:
    sec: 1788573221
    nanosec: 363178000
  frame_id: default_cam
pose:
  position:
    x: 0.13401784760246363
    y: 0.04889534666993935
    z: -0.9973595258523721
  orientation:
    x: 0.03527370623006028
    y: 0.0210191085179832
    z: -0.010922429129184659
    w: 0.9990969238606545
---
header:
  stamp:
    sec: 1788573221
    nanosec: 395174000
  frame_id: default_cam
pose:
  position:
    x: 0.13377292482795466
    y: 0.0491864934912273
    z: -0.9953475917171701
  orientation:
    x: 0.02943496419408723
    y: 0.020890778811828842
    z: -0.009755345334711379
    w: 0.9993007512660683
---
header:
  stamp:
    sec: 1788573221
    nanosec: 431174000
  frame_id: default_cam
pose:
  position:
    x: 0.1338026990510413
    y: 0.049505206374373285
    z: -0.9955811119915898
  orientation:
    x: 0.031552649360063294
    y: 0.022303137469043634
    z: -0.009653748292634056
    w: 0.9992065880093567
---
header:
  stamp:
    sec: 1788573221
    nanosec: 463172000
  frame_id: default_cam
pose:
  position:
    x: 0.13402834614099746
    y: 0.04973035481552956
    z: -0.9962161618927321
  orientation:
    x: 0.03290437167878996
    y: 0.02068073640917591
    z: -0.009573572691899433
    w: 0.9991986570106623
---
header:
  stamp:
    sec: 1788573221
    nanosec: 595176000
  frame_id: default_cam
pose:
  position:
    x: 0.13349812401954553
    y: 0.05010420149773948
    z: -0.9967145940945731
  orientation:
    x: 0.02971190515911042
    y: 0.02176300491058342
    z: -0.010757034258087016
    w: 0.9992636591626097
---
header:
  stamp:
    sec: 1788573221
    nanosec: 631172000
  frame_id: default_cam
pose:
  position:
    x: 0.13342882266231973
    y: 0.05011231375114543
    z: -0.9962435510762884
  orientation:
    x: 0.02589909118027808
    y: 0.02228544863693681
    z: -0.010549385561494956
    w: 0.9993604486467137
---
header:
  stamp:
    sec: 1788573221
    nanosec: 763173000
  frame_id: default_cam
pose:
  position:
    x: 0.13276285789476963
    y: 0.05207361663294537
    z: -1.001304978230212
  orientation:
    x: 0.033744535708209594
    y: 0.01729964063425229
    z: -0.011401205549341795
    w: 0.999215713074902
---
header:
  stamp:
    sec: 1788573221
    nanosec: 863169000
  frame_id: default_cam
pose:
  position:
    x: 0.13206153788114938
    y: 0.054215031264009575
    z: -1.0084148203655616
  orientation:
    x: 0.04129836858160516
    y: 0.015080019742278072
    z: -0.011107146017737123
    w: 0.9989713054259421
---
header:
  stamp:
    sec: 1788573221
    nanosec: 895166000
  frame_id: default_cam
pose:
  position:
    x: 0.13258680065181364
    y: 0.05482932210263447
    z: -1.0122383084274145
  orientation:
    x: 0.04581065421507216
    y: 0.01612341272591645
    z: -0.009928907231418087
    w: 0.9987706625265115
---
header:
  stamp:
    sec: 1788573221
    nanosec: 963168000
  frame_id: default_cam
pose:
  position:
    x: 0.13461199424356118
    y: 0.05524347164210097
    z: -1.0181191126571754
  orientation:
    x: 0.04573745845439965
    y: 0.017350743603544997
    z: -0.008348624146738884
    w: 0.9987679095092076
---
header:
  stamp:
    sec: 1788573222
    nanosec: 63168000
  frame_id: default_cam
pose:
  position:
    x: 0.13810629555236592
    y: 0.05631145930026949
    z: -1.0242744806876476
  orientation:
    x: 0.04013889178904174
    y: 0.021298142495844524
    z: -0.00571876848523499
    w: 0.9989507266022617
---
header:
  stamp:
    sec: 1788573222
    nanosec: 195166000
  frame_id: default_cam
pose:
  position:
    x: 0.14292757031175773
    y: 0.058349372813747705
    z: -1.0317080747608542
  orientation:
    x: 0.043315100128753455
    y: 0.02955755609205872
    z: -0.005268032783140461
    w: 0.9986102346808271
---
header:
  stamp:
    sec: 1788573222
    nanosec: 231164000
  frame_id: default_cam
pose:
  position:
    x: 0.1442684644278605
    y: 0.05874893341005462
    z: -1.0346000108683164
  orientation:
    x: 0.04375526005919787
    y: 0.031289437326300844
    z: -0.005293452422469868
    w: 0.9985381453356734
---
header:
  stamp:
    sec: 1788573222
    nanosec: 263163000
  frame_id: default_cam
pose:
  position:
    x: 0.14516210838865523
    y: 0.05882666295401558
    z: -1.0360761157836569
  orientation:
    x: 0.043388130405481694
    y: 0.026210956926491998
    z: -0.004564790797238834
    w: 0.9987039694333311
---
header:
  stamp:
    sec: 1788573222
    nanosec: 463162000
  frame_id: default_cam
pose:
  position:
    x: 0.14738928899960357
    y: 0.06060470727043307
    z: -1.0451934486204728
  orientation:
    x: 0.04069533878156647
    y: 0.031093882988686976
    z: -0.004945388294136095
    w: 0.998675424237905
---
header:
  stamp:
    sec: 1788573222
    nanosec: 531161000
  frame_id: default_cam
pose:
  position:
    x: 0.1460118143049339
    y: 0.06064194244283191
    z: -1.046208141661923
  orientation:
    x: 0.040725184113791495
    y: 0.031862818861947605
    z: -0.005628048028216265
    w: 0.9986463564387849
---
header:
  stamp:
    sec: 1788573222
    nanosec: 831161000
  frame_id: default_cam
pose:
  position:
    x: 0.1380478986625567
    y: 0.05807731588687906
    z: -1.0482563941249425
  orientation:
    x: 0.038548484075871275
    y: 0.024710997353273197
    z: -0.012876721600234873
    w: 0.9988681449651345
---
header:
  stamp:
    sec: 1788573222
    nanosec: 895157000
  frame_id: default_cam
pose:
  position:
    x: 0.13751695266819802
    y: 0.05783850390703698
    z: -1.0482327079861586
  orientation:
    x: 0.03901746968548478
    y: 0.025639443707278897
    z: -0.013732779868092869
    w: 0.9988151314146267
---
header:
  stamp:
    sec: 1788573222
    nanosec: 931152000
  frame_id: default_cam
pose:
  position:
    x: 0.13748285079081507
    y: 0.057772565202367725
    z: -1.0475474436981378
  orientation:
    x: 0.03866682557539685
    y: 0.024993448508989147
    z: -0.013667910426472887
    w: 0.9988460303550915
---
header:
  stamp:
    sec: 1788573223
    nanosec: 395150000
  frame_id: default_cam
pose:
  position:
    x: 0.13747858089659795
    y: 0.06155520900005383
    z: -1.05998018733762
  orientation:
    x: 0.03923342063831327
    y: 0.020209917032797044
    z: -0.013040132468202105
    w: 0.9989405652508844
---
header:
  stamp:
    sec: 1788573223
    nanosec: 463146000
  frame_id: default_cam
pose:
  position:
    x: 0.1365826008931053
    y: 0.06181072805964099
    z: -1.0571920027285104
  orientation:
    x: 0.03537724520590796
    y: 0.024293640493183617
    z: -0.013203972482305653
    w: 0.9989914537491877
---
header:
  stamp:
    sec: 1788573250
    nanosec: 126956000
  frame_id: default_cam
pose:
  position:
    x: -0.18547465351237719
    y: 0.06462696009114804
    z: -1.1640472736466216
  orientation:
    x: 0.05301086027367945
    y: -0.08947388969001667
    z: 0.00538089609553407
    w: 0.9945628777075848
---
header:
  stamp:
    sec: 1788573251
    nanosec: 626955000
  frame_id: default_cam
pose:
  position:
    x: -0.18066462429230612
    y: 0.0675768773142768
    z: -1.0927177401626604
  orientation:
    x: 0.028339222318745555
    y: -0.07109751605886565
    z: -0.008291021197905757
    w: 0.9970322415329025
---
header:
  stamp:
    sec: 1788573251
    nanosec: 726944000
  frame_id: default_cam
pose:
  position:
    x: -0.18152474706426946
    y: 0.06766685673027563
    z: -1.0846966225694945
  orientation:
    x: 0.0312178357175496
    y: -0.07536716568810245
    z: -0.005194598301494692
    w: 0.9966535271686647
---
header:
  stamp:
    sec: 1788573251
    nanosec: 762958000
  frame_id: default_cam
pose:
  position:
    x: -0.18133949027939408
    y: 0.06735957596880263
    z: -1.0786422397593602
  orientation:
    x: 0.029429938319576705
    y: -0.07549875427480857
    z: -0.005159468593983503
    w: 0.9966981472428278
---
header:
  stamp:
    sec: 1788573251
    nanosec: 862958000
  frame_id: default_cam
pose:
  position:
    x: -0.18262657181251032
    y: 0.06897907358303453
    z: -1.0760039236787315
  orientation:
    x: 0.032616133105375575
    y: -0.07499226708978594
    z: -0.00418086822980385
    w: 0.9966417952699113
---
header:
  stamp:
    sec: 1788573251
    nanosec: 894955000
  frame_id: default_cam
pose:
  position:
    x: -0.18178816688998067
    y: 0.0687574581975402
    z: -1.0697616818488809
  orientation:
    x: 0.03194120931783062
    y: -0.07448070731727459
    z: -0.0037166305864649966
    w: 0.9967038527275375
---
header:
  stamp:
    sec: 1788573252
    nanosec: 126944000
  frame_id: default_cam
pose:
  position:
    x: -0.18153320466826323
    y: 0.06899698278922001
    z: -1.0624024538116394
  orientation:
    x: 0.0343296973410776
    y: -0.06935175104995639
    z: -0.002683122306678374
    w: 0.9969977970695133
---
header:
  stamp:
    sec: 1788573252
    nanosec: 226955000
  frame_id: default_cam
pose:
  position:
    x: -0.18133976796972484
    y: 0.06934790592969332
    z: -1.0602744153445807
  orientation:
    x: 0.03395529684382929
    y: -0.0672408920489635
    z: -0.0030988664078428186
    w: 0.99715399877837
---
header:
  stamp:
    sec: 1788573252
    nanosec: 326944000
  frame_id: default_cam
pose:
  position:
    x: -0.18036812531117294
    y: 0.0691576171039682
    z: -1.0549290502584183
  orientation:
    x: 0.03341209257633866
    y: -0.07343887550515946
    z: -0.0021033909347439586
    w: 0.9967376482208262
---
header:
  stamp:
    sec: 1788573252
    nanosec: 362957000
  frame_id: default_cam
pose:
  position:
    x: -0.180155233490527
    y: 0.06879462255729468
    z: -1.0515469856619042
  orientation:
    x: 0.031346036534145236
    y: -0.06902857592461281
    z: -0.0026505014869691586
    w: 0.9971185769713087
---
header:
  stamp:
    sec: 1788573252
    nanosec: 394960000
  frame_id: default_cam
pose:
  position:
    x: -0.18036227327020066
    y: 0.06891398015219222
    z: -1.0506469578617799
  orientation:
    x: 0.03339856428233441
    y: -0.06644116914674933
    z: -0.002675257263369362
    w: 0.9972276319601591
---
header:
  stamp:
    sec: 1788573252
    nanosec: 462955000
  frame_id: default_cam
pose:
  position:
    x: -0.1804404779779264
    y: 0.06835068132806701
    z: -1.046309572195138
  orientation:
    x: 0.031919638844049095
    y: -0.07004638082047243
    z: -0.0020566846196894985
    w: 0.9970307975375655
---
header:
  stamp:
    sec: 1788573252
    nanosec: 494953000
  frame_id: default_cam
pose:
  position:
    x: -0.18024296179873414
    y: 0.06773099674448899
    z: -1.042450352510462
  orientation:
    x: 0.0294631385368629
    y: -0.06924083572053945
    z: -0.00037553997295800885
    w: 0.9971647251612983
---
header:
  stamp:
    sec: 1788573252
    nanosec: 526944000
  frame_id: default_cam
pose:
  position:
    x: -0.18121485059758752
    y: 0.06749438235387197
    z: -1.0425439468751592
  orientation:
    x: 0.02985019243323
    y: -0.06886353851676721
    z: 0.001071946620515042
    w: 0.9971788355180287
---
header:
  stamp:
    sec: 1788573252
    nanosec: 562954000
  frame_id: default_cam
pose:
  position:
    x: -0.18185687491488678
    y: 0.06745278082426595
    z: -1.0427469768846382
  orientation:
    x: 0.032810440663377384
    y: -0.0715116699429126
    z: 0.001206047534740905
    w: 0.9968992434016564
---
header:
  stamp:
    sec: 1788573252
    nanosec: 594952000
  frame_id: default_cam
pose:
  position:
    x: -0.18229336146919095
    y: 0.0674158572310005
    z: -1.0393117451200338
  orientation:
    x: 0.03288661361509256
    y: -0.07288407372006415
    z: 0.0014145067063893438
    w: 0.9967970613989978
---
header:
  stamp:
    sec: 1788573252
    nanosec: 626953000
  frame_id: default_cam
pose:
  position:
    x: -0.18278625574797291
    y: 0.06713195362289744
    z: -1.0357432125647665
  orientation:
    x: 0.033290802333827973
    y: -0.07278380694915547
    z: 0.000938529890485604
    w: 0.9967915324116686
---
header:
  stamp:
    sec: 1788573252
    nanosec: 662956000
  frame_id: default_cam
pose:
  position:
    x: -0.1833785382973346
    y: 0.06694746997482573
    z: -1.0324309065858734
  orientation:
    x: 0.03115926098720256
    y: -0.07225771524493411
    z: 0.000848597145423857
    w: 0.9968987927193002
---
header:
  stamp:
    sec: 1788573252
    nanosec: 694954000
  frame_id: default_cam
pose:
  position:
    x: -0.1851630362663299
    y: 0.06730213981141606
    z: -1.0359611559797115
  orientation:
    x: 0.02890112068777939
    y: -0.0673962788128858
    z: -0.00016254224899875586
    w: 0.9973075956820862
---
header:
  stamp:
    sec: 1788573252
    nanosec: 726943000
  frame_id: default_cam
pose:
  position:
    x: -0.1861865187108872
    y: 0.06752199051882149
    z: -1.034238877765843
  orientation:
    x: 0.03235363223064508
    y: -0.06747121832788064
    z: -0.0022307106245671765
    w: 0.9971940137751254
---
header:
  stamp:
    sec: 1788573252
    nanosec: 762954000
  frame_id: default_cam
pose:
  position:
    x: -0.18741975300519323
    y: 0.06748326258128612
    z: -1.033451653893699
  orientation:
    x: 0.03249311518033517
    y: -0.06783447854750352
    z: -0.0031509536137898394
    w: 0.9971623501102463
---
header:
  stamp:
    sec: 1788573252
    nanosec: 794953000
  frame_id: default_cam
pose:
  position:
    x: -0.188781221122561
    y: 0.06753281510686714
    z: -1.0331518051150872
  orientation:
    x: 0.032441403167061136
    y: -0.06731193730350159
    z: -0.0029872890796691443
    w: 0.9971999471324475
---
header:
  stamp:
    sec: 1788573252
    nanosec: 826953000
  frame_id: default_cam
pose:
  position:
    x: -0.1894040234188526
    y: 0.06758163498413516
    z: -1.0316703972106016
  orientation:
    x: 0.03387899076563074
    y: -0.07194812484128256
    z: -0.002291534944672128
    w: 0.9968301912483002
---
header:
  stamp:
    sec: 1788573252
    nanosec: 862953000
  frame_id: default_cam
pose:
  position:
    x: -0.18989081750336972
    y: 0.06728294828397863
    z: -1.0279278354776427
  orientation:
    x: 0.03391746682488387
    y: -0.07255517309727384
    z: -0.002498220103659351
    w: 0.9967843855103877
---
header:
  stamp:
    sec: 1788573252
    nanosec: 894952000
  frame_id: default_cam
pose:
  position:
    x: -0.19021890565669128
    y: 0.06682037752419452
    z: -1.0248536604634313
  orientation:
    x: 0.032494250637344894
    y: -0.0731011399193417
    z: -0.0021620729456860066
    w: 0.9967926928196192
---
header:
  stamp:
    sec: 1788573252
    nanosec: 926944000
  frame_id: default_cam
pose:
  position:
    x: -0.19104645593653488
    y: 0.06636883742386346
    z: -1.0248286161778681
  orientation:
    x: 0.02904119057910167
    y: -0.07108920639989967
    z: -0.0003760802601795308
    w: 0.9970470362760318
---
header:
  stamp:
    sec: 1788573252
    nanosec: 994954000
  frame_id: default_cam
pose:
  position:
    x: -0.19216601617228146
    y: 0.06613359230801177
    z: -1.0218243102620204
  orientation:
    x: 0.02887564123812877
    y: -0.06850644220479168
    z: 0.0005933701835199455
    w: 0.9972325268618918
---
header:
  stamp:
    sec: 1788573253
    nanosec: 62955000
  frame_id: default_cam
pose:
  position:
    x: -0.19363130443526355
    y: 0.0659054937454414
    z: -1.0218561097275005
  orientation:
    x: 0.026645072379192634
    y: -0.06838426985192475
    z: 0.00019437977379441998
    w: 0.9973031605140086
---
header:
  stamp:
    sec: 1788573253
    nanosec: 94954000
  frame_id: default_cam
pose:
  position:
    x: -0.19366211075286577
    y: 0.06565745626657245
    z: -1.0194792202571923
  orientation:
    x: 0.027017288842200962
    y: -0.0741830317746614
    z: 0.0006982127501255892
    w: 0.9968783558686045
---
header:
  stamp:
    sec: 1788573253
    nanosec: 126946000
  frame_id: default_cam
pose:
  position:
    x: -0.19392084144707125
    y: 0.06525666109496818
    z: -1.018444217125461
  orientation:
    x: 0.026945286128593725
    y: -0.07170367446331628
    z: 0.0011231628463615965
    w: 0.9970613186404974
---
header:
  stamp:
    sec: 1788573253
    nanosec: 162953000
  frame_id: default_cam
pose:
  position:
    x: -0.19361587339084577
    y: 0.06456538253033309
    z: -1.015619824873336
  orientation:
    x: 0.024787324175917218
    y: -0.07090015170267287
    z: 0.0007373331499720587
    w: 0.9971751167114842
---
header:
  stamp:
    sec: 1788573253
    nanosec: 194953000
  frame_id: default_cam
pose:
  position:
    x: -0.19377151418407343
    y: 0.06443500081736937
    z: -1.016160791261132
  orientation:
    x: 0.025425116341157267
    y: -0.06866811431970687
    z: 0.0008062857751440837
    w: 0.9973151976371678
---
header:
  stamp:
    sec: 1788573253
    nanosec: 226958000
  frame_id: default_cam
pose:
  position:
    x: -0.19299367361164974
    y: 0.06421566361785817
    z: -1.0138018556261503
  orientation:
    x: 0.028598719467904366
    y: -0.06912775095371505
    z: 0.002588849147538005
    w: 0.997194447012702
---
header:
  stamp:
    sec: 1788573253
    nanosec: 262955000
  frame_id: default_cam
pose:
  position:
    x: -0.19287444777583998
    y: 0.06395259031543434
    z: -1.0128918370315745
  orientation:
    x: 0.028142510391867118
    y: -0.06783608821150193
    z: 0.001861123401882892
    w: 0.9972977491525227
---
header:
  stamp:
    sec: 1788573253
    nanosec: 294952000
  frame_id: default_cam
pose:
  position:
    x: -0.19306848274366234
    y: 0.06389131677682586
    z: -1.0143880256785753
  orientation:
    x: 0.032787584601563294
    y: -0.06501243393690284
    z: 0.0029057861036628674
    w: 0.997341423052665
---
header:
  stamp:
    sec: 1788573253
    nanosec: 326946000
  frame_id: default_cam
pose:
  position:
    x: -0.1925588316551468
    y: 0.06282075116474975
    z: -1.0118962194981291
  orientation:
    x: 0.029575510328960188
    y: -0.06661896046544438
    z: 0.0033217650618890125
    w: 0.9973345322268545
---
header:
  stamp:
    sec: 1788573253
    nanosec: 362955000
  frame_id: default_cam
pose:
  position:
    x: -0.192988172056081
    y: 0.06236291131322611
    z: -1.0131229876132186
  orientation:
    x: 0.030256136766261328
    y: -0.06676569813952336
    z: 0.0018727502268234004
    w: 0.9973080770486678
---
header:
  stamp:
    sec: 1788573253
    nanosec: 394955000
  frame_id: default_cam
pose:
  position:
    x: -0.192573815779394
    y: 0.06140032605946928
    z: -1.009981044726127
  orientation:
    x: 0.03185405752467573
    y: -0.06664448270454712
    z: 0.001941317527543751
    w: 0.997266295043864
---
header:
  stamp:
    sec: 1788573253
    nanosec: 426955000
  frame_id: default_cam
pose:
  position:
    x: -0.19268493978057993
    y: 0.0606101104631123
    z: -1.0092066686669217
  orientation:
    x: 0.032384460879896305
    y: -0.06469488628911457
    z: 0.0012846231081862936
    w: 0.9973786483201988
---
header:
  stamp:
    sec: 1788573253
    nanosec: 462953000
  frame_id: default_cam
pose:
  position:
    x: -0.1926934860414615
    y: 0.06008665011230153
    z: -1.0091047087002312
  orientation:
    x: 0.03463894554689465
    y: -0.06553608419550007
    z: 0.0023678562160044164
    w: 0.9972459868942366
---
header:
  stamp:
    sec: 1788573253
    nanosec: 494954000
  frame_id: default_cam
pose:
  position:
    x: -0.1926600993165555
    y: 0.05897889479903389
    z: -1.0077552881533909
  orientation:
    x: 0.03036448181261049
    y: -0.06423214221373146
    z: 0.0016788655688706991
    w: 0.9974715091476489
---
header:
  stamp:
    sec: 1788573253
    nanosec: 526943000
  frame_id: default_cam
pose:
  position:
    x: -0.19264398150295015
    y: 0.05863135428017304
    z: -1.0077639222213695
  orientation:
    x: 0.034599717105803056
    y: -0.0643147755186002
    z: 0.0025725105279811584
    w: 0.9973263515097622
---
header:
  stamp:
    sec: 1788573253
    nanosec: 562956000
  frame_id: default_cam
pose:
  position:
    x: -0.1927427300931197
    y: 0.05767713428280219
    z: -1.007585046141377
  orientation:
    x: 0.033128721948747636
    y: -0.06646136163476939
    z: 0.002220490340721124
    w: 0.9972364035745696
---
header:
  stamp:
    sec: 1788573253
    nanosec: 594953000
  frame_id: default_cam
pose:
  position:
    x: -0.19245268738091062
    y: 0.0571733852159793
    z: -1.0060589705289265
  orientation:
    x: 0.0359053465508088
    y: -0.06742205055985014
    z: 0.001963395823429506
    w: 0.9970763352242454
---
header:
  stamp:
    sec: 1788573253
    nanosec: 626953000
  frame_id: default_cam
pose:
  position:
    x: -0.1921421389577336
    y: 0.05624328644032705
    z: -1.0038310627901978
  orientation:
    x: 0.035762868647171375
    y: -0.06963066087542213
    z: 0.0016927046339584907
    w: 0.9969301495306475
---
header:
  stamp:
    sec: 1788573253
    nanosec: 662954000
  frame_id: default_cam
pose:
  position:
    x: -0.19221827081676154
    y: 0.0554848219733448
    z: -1.0043989704397895
  orientation:
    x: 0.035150094014028195
    y: -0.06881992999752601
    z: 0.0020121442226462096
    w: 0.9970076425993775
---
header:
  stamp:
    sec: 1788573253
    nanosec: 694953000
  frame_id: default_cam
pose:
  position:
    x: -0.191721318427313
    y: 0.05442376623778106
    z: -1.0027399171085656
  orientation:
    x: 0.03860713485144356
    y: -0.0672791344461846
    z: 0.001409042154454173
    w: 0.9969859687111657
---
header:
  stamp:
    sec: 1788573253
    nanosec: 726942000
  frame_id: default_cam
pose:
  position:
    x: -0.19176437874997843
    y: 0.052999950520298406
    z: -1.0028944206923964
  orientation:
    x: 0.039437882319445366
    y: -0.06504304900948754
    z: 0.0012297496256453851
    w: 0.9971020724728061
---
header:
  stamp:
    sec: 1788573253
    nanosec: 762953000
  frame_id: default_cam
pose:
  position:
    x: -0.19091606187740207
    y: 0.05153729605940627
    z: -1.0017822316820433
  orientation:
    x: 0.039157787912375334
    y: -0.06794440939154754
    z: 0.0013868543972698436
    w: 0.9969194057260216
---
header:
  stamp:
    sec: 1788573253
    nanosec: 794953000
  frame_id: default_cam
pose:
  position:
    x: -0.19101634961055716
    y: 0.05066182766820369
    z: -1.0037708747630032
  orientation:
    x: 0.043558045953294315
    y: -0.0702901585445278
    z: 0.001293456878495234
    w: 0.9965742908653721
---
header:
  stamp:
    sec: 1788573253
    nanosec: 826955000
  frame_id: default_cam
pose:
  position:
    x: -0.1905575678411066
    y: 0.05024081683763967
    z: -1.0012987562619708
  orientation:
    x: 0.045595319841472685
    y: -0.06845807646228036
    z: -5.0184597785150996e-05
    w: 0.9966115371884596
---
header:
  stamp:
    sec: 1788573253
    nanosec: 862954000
  frame_id: default_cam
pose:
  position:
    x: -0.19021038817144817
    y: 0.05006915811956758
    z: -1.001025965766859
  orientation:
    x: 0.04761717590872123
    y: -0.06832311032949172
    z: 0.0005176494381334487
    w: 0.9965261106425868
---
header:
  stamp:
    sec: 1788573253
    nanosec: 894953000
  frame_id: default_cam
pose:
  position:
    x: -0.18994412739879543
    y: 0.04981930612861993
    z: -0.9999619161575365
  orientation:
    x: 0.049408829460510936
    y: -0.07060842101490077
    z: 0.0009483496029607701
    w: 0.9962792375063104
---
header:
  stamp:
    sec: 1788573253
    nanosec: 926941000
  frame_id: default_cam
pose:
  position:
    x: -0.19019567110350055
    y: 0.049862651054552
    z: -1.0013869390246979
  orientation:
    x: 0.04969219838918593
    y: -0.06609214773920828
    z: 0.001231650359620392
    w: 0.9965746316577901
---
header:
  stamp:
    sec: 1788573253
    nanosec: 962954000
  frame_id: default_cam
pose:
  position:
    x: -0.19017233447192533
    y: 0.04965562025155705
    z: -1.0004504012050552
  orientation:
    x: 0.049287444840745445
    y: -0.06869957581049495
    z: 0.0010258144439258795
    w: 0.9964186187387584
---
header:
  stamp:
    sec: 1788573253
    nanosec: 994953000
  frame_id: default_cam
pose:
  position:
    x: -0.19089694849516786
    y: 0.04935637918055603
    z: -1.0016058107160362
  orientation:
    x: 0.04455263502738897
    y: -0.0669425928941622
    z: 0.0019316096267792608
    w: 0.9967597608516169
---
header:
  stamp:
    sec: 1788573254
    nanosec: 26954000
  frame_id: default_cam
pose:
  position:
    x: -0.19146608073818525
    y: 0.04936303273006841
    z: -1.0025496190225969
  orientation:
    x: 0.046261890267797375
    y: -0.06608067231513809
    z: 0.0021669330302906973
    w: 0.9967389260265056
---
header:
  stamp:
    sec: 1788573254
    nanosec: 62954000
  frame_id: default_cam
pose:
  position:
    x: -0.1923537806826861
    y: 0.04958569608356946
    z: -1.0057795043640358
  orientation:
    x: 0.04612724608222172
    y: -0.06483268142375977
    z: 0.0031705136238216474
    w: 0.9968244321000748
---
header:
  stamp:
    sec: 1788573254
    nanosec: 94954000
  frame_id: default_cam
pose:
  position:
    x: -0.1924652296786509
    y: 0.04958760001362727
    z: -1.0062357608226304
  orientation:
    x: 0.04607699434279099
    y: -0.0645709335942997
    z: 0.0032628210978709084
    w: 0.9968434476514245
---
header:
  stamp:
    sec: 1788573254
    nanosec: 126943000
  frame_id: default_cam
pose:
  position:
    x: -0.1923385839179192
    y: 0.049611884510803825
    z: -1.006191213169465
  orientation:
    x: 0.0457857359080039
    y: -0.0655499862197206
    z: 0.002605310892317168
    w: 0.9967949027002051
---
header:
  stamp:
    sec: 1788573254
    nanosec: 162954000
  frame_id: default_cam
pose:
  position:
    x: -0.1911475605752918
    y: 0.04923473278398501
    z: -1.0015237123047263
  orientation:
    x: 0.04404628683135606
    y: -0.0662558946978579
    z: 0.0020469481914738748
    w: 0.9968279144552774
---
header:
  stamp:
    sec: 1788573254
    nanosec: 194954000
  frame_id: default_cam
pose:
  position:
    x: -0.1914847265204968
    y: 0.049448780173100115
    z: -1.0052498079448595
  orientation:
    x: 0.0442234346272227
    y: -0.06832197903391779
    z: 0.0017983562779991203
    w: 0.9966810728238787
---
header:
  stamp:
    sec: 1788573254
    nanosec: 226954000
  frame_id: default_cam
pose:
  position:
    x: -0.19056089603787477
    y: 0.04938224712643415
    z: -1.002457282224949
  orientation:
    x: 0.044740323567574854
    y: -0.07154309884671392
    z: 0.0013961829551437516
    w: 0.9964326064153229
---
header:
  stamp:
    sec: 1788573254
    nanosec: 262954000
  frame_id: default_cam
pose:
  position:
    x: -0.19021826978822506
    y: 0.049490998190931335
    z: -1.0011985387379425
  orientation:
    x: 0.044040669456960536
    y: -0.0721738722777983
    z: 0.0010376563019117815
    w: 0.9964187246652935
---
header:
  stamp:
    sec: 1788573254
    nanosec: 294954000
  frame_id: default_cam
pose:
  position:
    x: -0.1912381086285663
    y: 0.04949276775304515
    z: -1.0043962231280512
  orientation:
    x: 0.043054902691615854
    y: -0.06956824293476345
    z: 0.0017523488578802553
    w: 0.9966461078049046
---
header:
  stamp:
    sec: 1788573254
    nanosec: 326943000
  frame_id: default_cam
pose:
  position:
    x: -0.1913736375048896
    y: 0.04943945133872905
    z: -1.0048308816684262
  orientation:
    x: 0.0441174320214732
    y: -0.06860291378317723
    z: 0.001635233004309161
    w: 0.9966667539480337
---
header:
  stamp:
    sec: 1788573254
    nanosec: 362953000
  frame_id: default_cam
pose:
  position:
    x: -0.1914845805062422
    y: 0.04944876049873825
    z: -1.005249316327806
  orientation:
    x: 0.044223583643517264
    y: -0.06832352034781888
    z: 0.001798394523671882
    w: 0.996680960485422
---
header:
  stamp:
    sec: 1788573254
    nanosec: 394954000
  frame_id: default_cam
pose:
  position:
    x: -0.19137377652192974
    y: 0.04943949853909197
    z: -1.004831469429622
  orientation:
    x: 0.044117437575303425
    y: -0.06860136436337504
    z: 0.001635085535927494
    w: 0.9966668605931287
---
header:
  stamp:
    sec: 1788573254
    nanosec: 426952000
  frame_id: default_cam
pose:
  position:
    x: -0.19137377652192974
    y: 0.04943949853909197
    z: -1.004831469429622
  orientation:
    x: 0.044117437575303425
    y: -0.06860136436337504
    z: 0.001635085535927494
    w: 0.9966668605931287
---
header:
  stamp:
    sec: 1788573254
    nanosec: 462955000
  frame_id: default_cam
pose:
  position:
    x: -0.19096600913093628
    y: 0.04933187026558478
    z: -1.0033782170710215
  orientation:
    x: 0.042296065617815695
    y: -0.06962316120716247
    z: 0.001727502947426448
    w: 0.9966748085460682
---
header:
  stamp:
    sec: 1788573254
    nanosec: 494953000
  frame_id: default_cam
pose:
  position:
    x: -0.19100201000316566
    y: 0.04939335060104481
    z: -1.0038330330933203
  orientation:
    x: 0.04461296948233136
    y: -0.07008909637370221
    z: 0.0017268413416202317
    w: 0.9965411278730383
---
header:
  stamp:
    sec: 1788573254
    nanosec: 526944000
  frame_id: default_cam
pose:
  position:
    x: -0.19099409435988732
    y: 0.04938739407159263
    z: -1.0038520575595589
  orientation:
    x: 0.04456205128900476
    y: -0.07022940298662007
    z: 0.0018026336618383685
    w: 0.9965333938473614
---
header:
  stamp:
    sec: 1788573254
    nanosec: 562956000
  frame_id: default_cam
pose:
  position:
    x: -0.1909271430321847
    y: 0.04929597224994338
    z: -1.0029853694157866
  orientation:
    x: 0.04388886176041254
    y: -0.0690270559734182
    z: 0.0016822846088335797
    w: 0.9966474819491157
---
header:
  stamp:
    sec: 1788573254
    nanosec: 594955000
  frame_id: default_cam
pose:
  position:
    x: -0.19137364040865876
    y: 0.049439453169086066
    z: -1.0048308951165896
  orientation:
    x: 0.044117465988098056
    y: -0.06860289143118062
    z: 0.001635232549547833
    w: 0.9966667539837875
---
header:
  stamp:
    sec: 1788573254
    nanosec: 626954000
  frame_id: default_cam
pose:
  position:
    x: -0.19137364040865876
    y: 0.049439453169086066
    z: -1.0048308951165896
  orientation:
    x: 0.044117465988098056
    y: -0.06860289143118062
    z: 0.001635232549547833
    w: 0.9966667539837875
---
header:
  stamp:
    sec: 1788573254
    nanosec: 662954000
  frame_id: default_cam
pose:
  position:
    x: -0.19138454294623558
    y: 0.049462384518873984
    z: -1.0051790417202586
  orientation:
    x: 0.04427256178043064
    y: -0.06928149456278553
    z: 0.0018091520478418915
    w: 0.996612633751656
---
header:
  stamp:
    sec: 1788573254
    nanosec: 694953000
  frame_id: default_cam
pose:
  position:
    x: -0.1908282021564865
    y: 0.049361548898981734
    z: -1.0032870415108872
  orientation:
    x: 0.044146254675758466
    y: -0.07067616684876506
    z: 0.00144010038604453
    w: 0.9965209048226468
---
header:
  stamp:
    sec: 1788573254
    nanosec: 726945000
  frame_id: default_cam
pose:
  position:
    x: -0.1908916213342944
    y: 0.049435661450360324
    z: -1.0037875889913164
  orientation:
    x: 0.0447099088349889
    y: -0.07106877375561269
    z: 0.0013156291059078704
    w: 0.9964680238567097
---
header:
  stamp:
    sec: 1788573254
    nanosec: 762954000
  frame_id: default_cam
pose:
  position:
    x: -0.19099406169003505
    y: 0.04938740268566866
    z: -1.0038519540894482
  orientation:
    x: 0.044562591302635415
    y: -0.07022982288380618
    z: 0.0018026466443829402
    w: 0.9965333400841032
---
header:
  stamp:
    sec: 1788573254
    nanosec: 794953000
  frame_id: default_cam
pose:
  position:
    x: -0.19138453728930963
    y: 0.04946238364413935
    z: -1.0051790212513094
  orientation:
    x: 0.044272578779519546
    y: -0.06928156049420303
    z: 0.0018091560300693222
    w: 0.9966126284059209
---
header:
  stamp:
    sec: 1788573254
    nanosec: 826956000
  frame_id: default_cam
pose:
  position:
    x: -0.19138453728930963
    y: 0.04946238364413935
    z: -1.0051790212513094
  orientation:
    x: 0.044272578779519546
    y: -0.06928156049420303
    z: 0.0018091560300693222
    w: 0.9966126284059209
---
header:
  stamp:
    sec: 1788573254
    nanosec: 862955000
  frame_id: default_cam
pose:
  position:
    x: -0.19138453728930963
    y: 0.04946238364413935
    z: -1.0051790212513094
  orientation:
    x: 0.044272578779519546
    y: -0.06928156049420303
    z: 0.0018091560300693222
    w: 0.9966126284059209
---
header:
  stamp:
    sec: 1788573254
    nanosec: 894955000
  frame_id: default_cam
pose:
  position:
    x: -0.19138453728930963
    y: 0.04946238364413935
    z: -1.0051790212513094
  orientation:
    x: 0.044272578779519546
    y: -0.06928156049420303
    z: 0.0018091560300693222
    w: 0.9966126284059209
---
header:
  stamp:
    sec: 1788573254
    nanosec: 926944000
  frame_id: default_cam
pose:
  position:
    x: -0.1908361998557639
    y: 0.04936751958840358
    z: -1.0032683906055915
  orientation:
    x: 0.044196940037008296
    y: -0.0705351354004429
    z: 0.0013644393927598022
    w: 0.9965287569711924
---
header:
  stamp:
    sec: 1788573254
    nanosec: 962955000
  frame_id: default_cam
pose:
  position:
    x: -0.1909940094398293
    y: 0.04938744879430007
    z: -1.0038520441026249
  orientation:
    x: 0.04456372459194179
    y: -0.07023099894163547
    z: 0.0018025211420841316
    w: 0.9965332067501242
---
header:
  stamp:
    sec: 1788573254
    nanosec: 994958000
  frame_id: default_cam
pose:
  position:
    x: -0.1909378990217087
    y: 0.049318865467314274
    z: -1.0033322410549557
  orientation:
    x: 0.044045623968749045
    y: -0.06970340968221278
    z: 0.0018557086704352804
    w: 0.996593183818356
---
header:
  stamp:
    sec: 1788573255
    nanosec: 26956000
  frame_id: default_cam
pose:
  position:
    x: -0.1913845389795983
    y: 0.04946238348789549
    z: -1.005179026453445
  orientation:
    x: 0.04427256073741666
    y: -0.0692815371894317
    z: 0.0018091542841706914
    w: 0.996612630830654
---
header:
  stamp:
    sec: 1788573255
    nanosec: 62955000
  frame_id: default_cam
pose:
  position:
    x: -0.1913341741376274
    y: 0.049424632968286426
    z: -1.005295430378231
  orientation:
    x: 0.043952612551649325
    y: -0.07016713953540996
    z: 0.0022861327386962285
    w: 0.9965638534365994
---
header:
  stamp:
    sec: 1788573255
    nanosec: 94958000
  frame_id: default_cam
pose:
  position:
    x: -0.19138453716024795
    y: 0.04946238266125453
    z: -1.0051790186851737
  orientation:
    x: 0.04427254949624195
    y: -0.06928155356038684
    z: 0.0018091549896836038
    w: 0.9966126301906801
---
header:
  stamp:
    sec: 1788573255
    nanosec: 126945000
  frame_id: default_cam
pose:
  position:
    x: -0.19093790003707714
    y: 0.04931886560327765
    z: -1.003332244738574
  orientation:
    x: 0.044045620062887224
    y: -0.0697033979733218
    z: 0.001855708059579942
    w: 0.9965931848110573
---
header:
  stamp:
    sec: 1788573255
    nanosec: 162955000
  frame_id: default_cam
pose:
  position:
    x: -0.19077243428632523
    y: 0.049293196117243525
    z: -1.0027693662778427
  orientation:
    x: 0.04363055158748868
    y: -0.07014823745181091
    z: 0.001493153627110718
    w: 0.9965808397931508
---
header:
  stamp:
    sec: 1788573255
    nanosec: 194953000
  frame_id: default_cam
pose:
  position:
    x: -0.19094090542732292
    y: 0.04934534582134114
    z: -1.003916936360329
  orientation:
    x: 0.044213369466930386
    y: -0.07102810316970723
    z: 0.002262568324198075
    w: 0.9964913784399103
---
header:
  stamp:
    sec: 1788573255
    nanosec: 226955000
  frame_id: default_cam
pose:
  position:
    x: -0.19138453325379204
    y: 0.049462381743026716
    z: -1.0051790038913393
  orientation:
    x: 0.04427255152762529
    y: -0.06928159662765437
    z: 0.001809157372718777
    w: 0.9966126271022044
---
header:
  stamp:
    sec: 1788573255
    nanosec: 262955000
  frame_id: default_cam
pose:
  position:
    x: -0.19138453325379204
    y: 0.049462381743026716
    z: -1.0051790038913393
  orientation:
    x: 0.04427255152762529
    y: -0.06928159662765437
    z: 0.001809157372718777
    w: 0.9966126271022044
---
header:
  stamp:
    sec: 1788573255
    nanosec: 294955000
  frame_id: default_cam
pose:
  position:
    x: -0.19138453325379204
    y: 0.049462381743026716
    z: -1.0051790038913393
  orientation:
    x: 0.04427255152762529
    y: -0.06928159662765437
    z: 0.001809157372718777
    w: 0.9966126271022044
---
header:
  stamp:
    sec: 1788573255
    nanosec: 326944000
  frame_id: default_cam
pose:
  position:
    x: -0.19088765401797395
    y: 0.04928122508586113
    z: -1.0034482421860083
  orientation:
    x: 0.0437280380474941
    y: -0.07058519184472509
    z: 0.002331123429143814
    w: 0.9965441060205606
---
header:
  stamp:
    sec: 1788573255
    nanosec: 362956000
  frame_id: default_cam
pose:
  position:
    x: -0.1909378974218766
    y: 0.04931886417665624
    z: -1.0033322329582264
  orientation:
    x: 0.0440455967141842
    y: -0.06970341830387222
    z: 0.0018557089529813895
    w: 0.9965931844193642
---
header:
  stamp:
    sec: 1788573255
    nanosec: 394956000
  frame_id: default_cam
pose:
  position:
    x: -0.1908876535192079
    y: 0.04928122428887935
    z: -1.0034482388522887
  orientation:
    x: 0.0437280172769258
    y: -0.07058519078061033
    z: 0.002331123425349261
    w: 0.9965441070073464
---
header:
  stamp:
    sec: 1788573255
    nanosec: 426955000
  frame_id: default_cam
pose:
  position:
    x: -0.19093789742186362
    y: 0.04931886417663946
    z: -1.003332232958147
  orientation:
    x: 0.04404559671376736
    y: -0.06970341830388492
    z: 0.0018557089529795164
    w: 0.9965931844193817
---
header:
  stamp:
    sec: 1788573255
    nanosec: 462958000
  frame_id: default_cam
pose:
  position:
    x: -0.19138453897952903
    y: 0.04946238348784762
    z: -1.005179026453114
  orientation:
    x: 0.044272560736477805
    y: -0.06928153718991623
    z: 0.0018091542841751974
    w: 0.9966126308306619
---
header:
  stamp:
    sec: 1788573255
    nanosec: 494955000
  frame_id: default_cam
pose:
  position:
    x: -0.19102705340118742
    y: 0.04913479696652979
    z: -1.0030811907234232
  orientation:
    x: 0.044377537689452545
    y: -0.06886080671118766
    z: 0.0006894465685199204
    w: 0.9966385242961134
---
header:
  stamp:
    sec: 1788573255
    nanosec: 526944000
  frame_id: default_cam
pose:
  position:
    x: -0.1914004260334703
    y: 0.049410211860533855
    z: -1.0047855540319015
  orientation:
    x: 0.04471084520251602
    y: -0.06916346913118966
    z: 0.00183986380602311
    w: 0.9966012089899304
---
header:
  stamp:
    sec: 1788573255
    nanosec: 562956000
  frame_id: default_cam
pose:
  position:
    x: -0.19137364085420633
    y: 0.04943945443879894
    z: -1.0048308993276642
  orientation:
    x: 0.04411750188379322
    y: -0.06860289633221968
    z: 0.0016352338603534862
    w: 0.9966667520553628
---
header:
  stamp:
    sec: 1788573255
    nanosec: 594955000
  frame_id: default_cam
pose:
  position:
    x: -0.1914125037820684
    y: 0.049475427892333834
    z: -1.0052247338251163
  orientation:
    x: 0.04252216647702432
    y: -0.0692042691665061
    z: 0.001682252974575308
    w: 0.9966944388889503
---
header:
  stamp:
    sec: 1788573255
    nanosec: 626956000
  frame_id: default_cam
pose:
  position:
    x: -0.1908614278034191
    y: 0.04940819928398464
    z: -1.00379928229417
  orientation:
    x: 0.04213635028690442
    y: -0.07122301784656478
    z: 0.00073751467117268
    w: 0.9965697495837594
---
header:
  stamp:
    sec: 1788573255
    nanosec: 662956000
  frame_id: default_cam
pose:
  position:
    x: -0.19016708503822183
    y: 0.049081318947021765
    z: -1.0017121621881204
  orientation:
    x: 0.04049336765677342
    y: -0.06946828028665901
    z: -0.0027712117176751302
    w: 0.996758127930464
---
header:
  stamp:
    sec: 1788573255
    nanosec: 694955000
  frame_id: default_cam
pose:
  position:
    x: -0.19035519747817473
    y: 0.049095385922848594
    z: -1.0031219178136377
  orientation:
    x: 0.04268616046500549
    y: -0.06774036536422905
    z: -0.0029051460749950704
    w: 0.9967851798313213
---
header:
  stamp:
    sec: 1788573255
    nanosec: 726945000
  frame_id: default_cam
pose:
  position:
    x: -0.1905984270230116
    y: 0.0491846763808911
    z: -1.0033366231511385
  orientation:
    x: 0.04171788961729456
    y: -0.06921338454580475
    z: -0.0018758273397667905
    w: 0.9967274483816452
---
header:
  stamp:
    sec: 1788573255
    nanosec: 762955000
  frame_id: default_cam
pose:
  position:
    x: -0.1904175042673669
    y: 0.04903502206614574
    z: -1.001800709674024
  orientation:
    x: 0.042096696279987814
    y: -0.07195115926392537
    z: 0.00035212421723242117
    w: 0.9965193298935165
---
header:
  stamp:
    sec: 1788573255
    nanosec: 794954000
  frame_id: default_cam
pose:
  position:
    x: -0.1913341561312423
    y: 0.04942462679863033
    z: -1.0052953576296855
  orientation:
    x: 0.04395256314343482
    y: -0.070167317809958
    z: 0.0022861410557273895
    w: 0.9965638430444644
---
header:
  stamp:
    sec: 1788573255
    nanosec: 826954000
  frame_id: default_cam
pose:
  position:
    x: -0.19162095549380434
    y: 0.049385887472429967
    z: -1.0038316448998348
  orientation:
    x: 0.044835472080082615
    y: -0.06769034340628576
    z: 0.0023208048091859367
    w: 0.9966957468144092
---
header:
  stamp:
    sec: 1788573255
    nanosec: 862957000
  frame_id: default_cam
pose:
  position:
    x: -0.1924679727471315
    y: 0.0496166659313412
    z: -1.0067082452500107
  orientation:
    x: 0.04578128393562032
    y: -0.06523874095273242
    z: 0.0027363754221528796
    w: 0.9968151749294637
---
header:
  stamp:
    sec: 1788573255
    nanosec: 894957000
  frame_id: default_cam
pose:
  position:
    x: -0.19224749557884213
    y: 0.04946973782792251
    z: -1.0054774388055838
  orientation:
    x: 0.044272409885516145
    y: -0.06699751982782465
    z: 0.0030660821194266204
    w: 0.9967657122916529
---
header:
  stamp:
    sec: 1788573255
    nanosec: 926944000
  frame_id: default_cam
pose:
  position:
    x: -0.19240910364929104
    y: 0.04954820881017498
    z: -1.0062150750388275
  orientation:
    x: 0.04526739337736978
    y: -0.06480078961670808
    z: 0.002824094705127534
    w: 0.9968669646702945
---
header:
  stamp:
    sec: 1788573255
    nanosec: 962955000
  frame_id: default_cam
pose:
  position:
    x: -0.19214749049346835
    y: 0.049482320350394675
    z: -1.005121660712651
  orientation:
    x: 0.04259095765573768
    y: -0.06672359440185827
    z: 0.0032319334529848785
    w: 0.9968568236623647
---
header:
  stamp:
    sec: 1788573255
    nanosec: 994955000
  frame_id: default_cam
pose:
  position:
    x: -0.19209925325761384
    y: 0.04930296053262482
    z: -1.0043789725564778
  orientation:
    x: 0.043011066603676144
    y: -0.06623308682532131
    z: 0.003395761047720349
    w: 0.9968709521127147
---
header:
  stamp:
    sec: 1788573256
    nanosec: 26954000
  frame_id: default_cam
pose:
  position:
    x: -0.19195640122722027
    y: 0.04908357537659972
    z: -1.0025776622482858
  orientation:
    x: 0.04381055818495816
    y: -0.06872282772225308
    z: 0.0048002297384068
    w: 0.9966618111154046
---
header:
  stamp:
    sec: 1788573256
    nanosec: 62956000
  frame_id: default_cam
pose:
  position:
    x: -0.19174350084415454
    y: 0.048937251126778804
    z: -1.0008825466686235
  orientation:
    x: 0.042829161612197526
    y: -0.06965139802583904
    z: 0.005412267999541985
    w: 0.9966368711941895
---
header:
  stamp:
    sec: 1788573256
    nanosec: 94953000
  frame_id: default_cam
pose:
  position:
    x: -0.1921977683279283
    y: 0.04901439985966362
    z: -1.002810601164417
  orientation:
    x: 0.042920586994028946
    y: -0.06947845913480265
    z: 0.0064368048211521705
    w: 0.9966389188026104
---
header:
  stamp:
    sec: 1788573256
    nanosec: 126946000
  frame_id: default_cam
pose:
  position:
    x: -0.19173314094955204
    y: 0.048622054996747294
    z: -1.0002918725025167
  orientation:
    x: 0.043655101677936764
    y: -0.07079970497426782
    z: 0.007054752122535793
    w: 0.9965098415698337
---
header:
  stamp:
    sec: 1788573256
    nanosec: 162956000
  frame_id: default_cam
pose:
  position:
    x: -0.1915398810182838
    y: 0.04854678072749325
    z: -0.9995641100714826
  orientation:
    x: 0.047044692543012925
    y: -0.06955020913548722
    z: 0.007662489273522918
    w: 0.9964390857302199
---
header:
  stamp:
    sec: 1788573256
    nanosec: 194955000
  frame_id: default_cam
pose:
  position:
    x: -0.19153450651897533
    y: 0.04856290271814739
    z: -0.9990315565959791
  orientation:
    x: 0.046829374750317766
    y: -0.0705416721663589
    z: 0.0076684213756059265
    w: 0.9963794846653932
---
header:
  stamp:
    sec: 1788573256
    nanosec: 226955000
  frame_id: default_cam
pose:
  position:
    x: -0.19171296542968985
    y: 0.0485676344192038
    z: -1.0002880822409217
  orientation:
    x: 0.0477827021381173
    y: -0.06914923218300767
    z: 0.007434193825693045
    w: 0.9964336053280431
---
header:
  stamp:
    sec: 1788573256
    nanosec: 262958000
  frame_id: default_cam
pose:
  position:
    x: -0.19191993135699073
    y: 0.04870650966710221
    z: -1.001669747411279
  orientation:
    x: 0.04775430518518568
    y: -0.06824724152348775
    z: 0.007336283004606876
    w: 0.9964978772242272
---
header:
  stamp:
    sec: 1788573256
    nanosec: 294957000
  frame_id: default_cam
pose:
  position:
    x: -0.19196824270350796
    y: 0.04901723769384672
    z: -1.0028323623953208
  orientation:
    x: 0.04759142220566725
    y: -0.06631480516590442
    z: 0.0053756313521792325
    w: 0.9966486370511002
---
header:
  stamp:
    sec: 1788573256
    nanosec: 326944000
  frame_id: default_cam
pose:
  position:
    x: -0.19225690634480308
    y: 0.049154562686833145
    z: -1.0047407728587376
  orientation:
    x: 0.04723933875018945
    y: -0.06372548920995004
    z: 0.005517615139401103
    w: 0.9968335181074977
---
header:
  stamp:
    sec: 1788573256
    nanosec: 362956000
  frame_id: default_cam
pose:
  position:
    x: -0.19234803893972469
    y: 0.04926145488154597
    z: -1.005009029732171
  orientation:
    x: 0.04575703841007872
    y: -0.06422645855019499
    z: 0.004902142475366296
    w: 0.9968737254322585
---
header:
  stamp:
    sec: 1788573256
    nanosec: 394957000
  frame_id: default_cam
pose:
  position:
    x: -0.19249692287790907
    y: 0.04932901857001128
    z: -1.0058268776091848
  orientation:
    x: 0.04489746926519955
    y: -0.06269813661919016
    z: 0.004836783675044839
    w: 0.997010414409871
---
header:
  stamp:
    sec: 1788573256
    nanosec: 426956000
  frame_id: default_cam
pose:
  position:
    x: -0.192445265346164
    y: 0.04930559436762982
    z: -1.0054734610853988
  orientation:
    x: 0.04414879333495418
    y: -0.0633701066793559
    z: 0.004794366298788126
    w: 0.9970015685435543
---
header:
  stamp:
    sec: 1788573256
    nanosec: 462959000
  frame_id: default_cam
pose:
  position:
    x: -0.19198575575794857
    y: 0.049046927203760714
    z: -1.0024575848632398
  orientation:
    x: 0.04506260342573417
    y: -0.06675847084164675
    z: 0.005556061498740645
    w: 0.9967355710136978
---
header:
  stamp:
    sec: 1788573256
    nanosec: 494958000
  frame_id: default_cam
pose:
  position:
    x: -0.19216430354898295
    y: 0.0490888669771459
    z: -1.0019908872491088
  orientation:
    x: 0.04419678794687976
    y: -0.06838749435701723
    z: 0.006252872762747635
    w: 0.9966597694965722
---
header:
  stamp:
    sec: 1788573256
    nanosec: 526945000
  frame_id: default_cam
pose:
  position:
    x: -0.19244143236129957
    y: 0.049196095336956625
    z: -1.0019266342632764
  orientation:
    x: 0.04379715704834653
    y: -0.06600060650808312
    z: 0.005581501357106983
    w: 0.9968423023816998
---
header:
  stamp:
    sec: 1788573256
    nanosec: 562957000
  frame_id: default_cam
pose:
  position:
    x: -0.1925486118200489
    y: 0.049306741610847866
    z: -1.0024589390926655
  orientation:
    x: 0.044656060432277336
    y: -0.06595010563302081
    z: 0.005147763463970872
    w: 0.9968098717232796
---
header:
  stamp:
    sec: 1788573256
    nanosec: 594955000
  frame_id: default_cam
pose:
  position:
    x: -0.19244968816833163
    y: 0.04962765657243625
    z: -1.0038585765711567
  orientation:
    x: 0.047047593844516455
    y: -0.07020781711330785
    z: 0.004687376705573038
    w: 0.9964112679156362
---
header:
  stamp:
    sec: 1788573256
    nanosec: 626957000
  frame_id: default_cam
pose:
  position:
    x: -0.19188023596054302
    y: 0.049575760281539205
    z: -1.0027396115783451
  orientation:
    x: 0.045596143406321996
    y: -0.06586190567175143
    z: 0.004373715628644528
    w: 0.9967768414742365
---
header:
  stamp:
    sec: 1788573256
    nanosec: 662958000
  frame_id: default_cam
pose:
  position:
    x: -0.19192470954422292
    y: 0.04977974243134501
    z: -1.004162509114113
  orientation:
    x: 0.045789303455277756
    y: -0.06474387292470121
    z: 0.0034100388576921614
    w: 0.9968449940902445
---
header:
  stamp:
    sec: 1788573256
    nanosec: 694954000
  frame_id: default_cam
pose:
  position:
    x: -0.19076449346395963
    y: 0.049603483881596945
    z: -0.9997191701889198
  orientation:
    x: 0.04422986890965107
    y: -0.06566335683293743
    z: 0.003596701048777338
    w: 0.9968546062527028
---
header:
  stamp:
    sec: 1788573256
    nanosec: 726946000
  frame_id: default_cam
pose:
  position:
    x: -0.19095503116669152
    y: 0.05002112296247675
    z: -1.0023933589697218
  orientation:
    x: 0.04325685805648766
    y: -0.05905832544083907
    z: 0.0019490389303406048
    w: 0.9973149751580255
---
header:
  stamp:
    sec: 1788573256
    nanosec: 762957000
  frame_id: default_cam
pose:
  position:
    x: -0.1904088823630807
    y: 0.05016110595970864
    z: -1.002650297892844
  orientation:
    x: 0.0456357527552792
    y: -0.06386688103046768
    z: 0.0011627910308026344
    w: 0.9969137613128418
---
header:
  stamp:
    sec: 1788573256
    nanosec: 862959000
  frame_id: default_cam
pose:
  position:
    x: -0.18952521600655733
    y: 0.050414537376882555
    z: -1.0003044272764616
  orientation:
    x: 0.04391128326127277
    y: -0.061674904551783635
    z: 0.00012560330949823044
    w: 0.9971298759814016
---
header:
  stamp:
    sec: 1788573256
    nanosec: 894955000
  frame_id: default_cam
pose:
  position:
    x: -0.18993488285347526
    y: 0.05083070815766545
    z: -1.0034306974736953
  orientation:
    x: 0.0454886174727225
    y: -0.056864899115455315
    z: 0.0013020762396268593
    w: 0.9973442101533831
---
header:
  stamp:
    sec: 1788573256
    nanosec: 926946000
  frame_id: default_cam
pose:
  position:
    x: -0.18932025102319017
    y: 0.05141031009262984
    z: -1.0026119873765005
  orientation:
    x: 0.04491194551500497
    y: -0.05307266995590952
    z: 0.0002945100849866306
    w: 0.9975801331810985
---
header:
  stamp:
    sec: 1788573256
    nanosec: 962959000
  frame_id: default_cam
pose:
  position:
    x: -0.18871782059168593
    y: 0.05208828391813311
    z: -1.0048647411106426
  orientation:
    x: 0.043554487038139696
    y: -0.04745404669482944
    z: -0.0008755265544011746
    w: 0.9979230198589378
---
header:
  stamp:
    sec: 1788573256
    nanosec: 994959000
  frame_id: default_cam
pose:
  position:
    x: -0.18771009473991626
    y: 0.052410044962723654
    z: -1.004583876235643
  orientation:
    x: 0.045022579266113257
    y: -0.03986551551954805
    z: -0.00029808859550929407
    w: 0.9981901718469164
---
header:
  stamp:
    sec: 1788573257
    nanosec: 26958000
  frame_id: default_cam
pose:
  position:
    x: -0.18740324604432304
    y: 0.0537070283346595
    z: -1.0091071664863451
  orientation:
    x: 0.04835385087611244
    y: -0.03716438877936415
    z: -0.0020042962003410623
    w: 0.998136611946906
---
header:
  stamp:
    sec: 1788573257
    nanosec: 62959000
  frame_id: default_cam
pose:
  position:
    x: -0.18563619667423617
    y: 0.053600446230782216
    z: -1.004116132510763
  orientation:
    x: 0.04607418453368486
    y: -0.0322932331117291
    z: -0.0023004001326801956
    w: 0.9984132535047684
---
header:
  stamp:
    sec: 1788573257
    nanosec: 94956000
  frame_id: default_cam
pose:
  position:
    x: -0.18524825774186418
    y: 0.053946317408889694
    z: -1.0066174882739107
  orientation:
    x: 0.04533252163961878
    y: -0.03732044921565081
    z: -0.002389596659804237
    w: 0.9982717247222517
---
header:
  stamp:
    sec: 1788573257
    nanosec: 126947000
  frame_id: default_cam
pose:
  position:
    x: -0.1851496439642133
    y: 0.05471931450831174
    z: -1.0109643063551572
  orientation:
    x: 0.050155331751621846
    y: -0.03716044544525428
    z: -0.0024117415059097163
    w: 0.9980469565577081
---
header:
  stamp:
    sec: 1788573257
    nanosec: 162957000
  frame_id: default_cam
pose:
  position:
    x: -0.18420573757923217
    y: 0.05507705956448045
    z: -1.0114866386376644
  orientation:
    x: 0.049436843948465585
    y: -0.04263377129387934
    z: -0.0026121630216951533
    w: 0.9978634859588882
---
header:
  stamp:
    sec: 1788573257
    nanosec: 194955000
  frame_id: default_cam
pose:
  position:
    x: -0.18314983488407058
    y: 0.055354410394778654
    z: -1.0120922888495258
  orientation:
    x: 0.04986711127631159
    y: -0.039805197220471766
    z: -0.002450790070373266
    w: 0.9979593233770735
---
header:
  stamp:
    sec: 1788573257
    nanosec: 226957000
  frame_id: default_cam
pose:
  position:
    x: -0.18171650179047566
    y: 0.05533262556674127
    z: -1.0115864479682481
  orientation:
    x: 0.048640165465663236
    y: -0.032941372975952024
    z: -0.0029683688164522893
    w: 0.998268595637718
---
header:
  stamp:
    sec: 1788573257
    nanosec: 262958000
  frame_id: default_cam
pose:
  position:
    x: -0.18036810115863303
    y: 0.0554476972745716
    z: -1.0127038324426072
  orientation:
    x: 0.04964623403065386
    y: -0.028386537703279164
    z: -0.003042091362557802
    w: 0.9983587539576821
---
header:
  stamp:
    sec: 1788573257
    nanosec: 294956000
  frame_id: default_cam
pose:
  position:
    x: -0.17916585438083413
    y: 0.05552428957942921
    z: -1.0136228876408226
  orientation:
    x: 0.051250644718013876
    y: -0.029018852085212512
    z: -0.0033478414132248856
    w: 0.9982585184197109
---
header:
  stamp:
    sec: 1788573257
    nanosec: 326947000
  frame_id: default_cam
pose:
  position:
    x: -0.1782248440816191
    y: 0.05569475830940977
    z: -1.0145557740257292
  orientation:
    x: 0.051129658570686125
    y: -0.030848356346468545
    z: -0.0028037523939628928
    w: 0.9982115386518429
---
header:
  stamp:
    sec: 1788573257
    nanosec: 362957000
  frame_id: default_cam
pose:
  position:
    x: -0.17747518783523772
    y: 0.05574138162283206
    z: -1.0164915420530998
  orientation:
    x: 0.05080386187217188
    y: -0.03456033525437249
    z: -0.002880368457532971
    w: 0.9981063341766384
---
header:
  stamp:
    sec: 1788573257
    nanosec: 394959000
  frame_id: default_cam
pose:
  position:
    x: -0.17602950393644645
    y: 0.05575030652810829
    z: -1.0148288914487589
  orientation:
    x: 0.05275571828321086
    y: -0.03391919831122709
    z: -0.0021062357918390476
    w: 0.9980290005531579
---
header:
  stamp:
    sec: 1788573257
    nanosec: 426960000
  frame_id: default_cam
pose:
  position:
    x: -0.1751676799466724
    y: 0.055679902225714624
    z: -1.0149435464690433
  orientation:
    x: 0.05177610597224836
    y: -0.02865934599630277
    z: -0.0029182839117891297
    w: 0.9982431368942263
---
header:
  stamp:
    sec: 1788573257
    nanosec: 462959000
  frame_id: default_cam
pose:
  position:
    x: -0.17444852544847803
    y: 0.05572109431837357
    z: -1.0158425954065253
  orientation:
    x: 0.05497292181152638
    y: -0.025737141939707928
    z: -0.003465893495403329
    w: 0.9981500713693094
---
header:
  stamp:
    sec: 1788573257
    nanosec: 494958000
  frame_id: default_cam
pose:
  position:
    x: -0.17404830728687257
    y: 0.055739073424682525
    z: -1.015959253660083
  orientation:
    x: 0.05160554893218252
    y: -0.027681687608700965
    z: -0.003986284666953278
    w: 0.9982758641904033
---
header:
  stamp:
    sec: 1788573257
    nanosec: 526959000
  frame_id: default_cam
pose:
  position:
    x: -0.17339894443897352
    y: 0.05560400738697588
    z: -1.0131549650135379
  orientation:
    x: 0.050334093698082207
    y: -0.02788844553550536
    z: -0.004634830011680632
    w: 0.9983322252476721
---
header:
  stamp:
    sec: 1788573257
    nanosec: 562959000
  frame_id: default_cam
pose:
  position:
    x: -0.17336545483726326
    y: 0.05587127133158744
    z: -1.0138136216723115
  orientation:
    x: 0.04920507647114169
    y: -0.030766196788822094
    z: -0.006038484372578481
    w: 0.998296468135144
---
header:
  stamp:
    sec: 1788573257
    nanosec: 594959000
  frame_id: default_cam
pose:
  position:
    x: -0.1724002108146788
    y: 0.05629899028816543
    z: -1.01268355414962
  orientation:
    x: 0.04903013290243152
    y: -0.035510835815204166
    z: -0.006584278719776457
    w: 0.9981441147855433
---
header:
  stamp:
    sec: 1788573257
    nanosec: 626956000
  frame_id: default_cam
pose:
  position:
    x: -0.17163113314890135
    y: 0.05627055048324333
    z: -1.010684231212641
  orientation:
    x: 0.04955713732421828
    y: -0.030174553357502635
    z: -0.006521752373559309
    w: 0.9982940715119376
---
header:
  stamp:
    sec: 1788573257
    nanosec: 662958000
  frame_id: default_cam
pose:
  position:
    x: -0.1707972587999122
    y: 0.05624698979826566
    z: -1.0084812198834772
  orientation:
    x: 0.04918521759200743
    y: -0.0308147787406535
    z: -0.007223901875842155
    w: 0.9982880741666103
---
header:
  stamp:
    sec: 1788573257
    nanosec: 694956000
  frame_id: default_cam
pose:
  position:
    x: -0.169279201350684
    y: 0.056615083154279086
    z: -1.0076335220547437
  orientation:
    x: 0.04390020342419037
    y: -0.03092887170365233
    z: -0.004947344103757314
    w: 0.9985447915946348
---
header:
  stamp:
    sec: 1788573257
    nanosec: 726957000
  frame_id: default_cam
pose:
  position:
    x: -0.168371609204754
    y: 0.05684450747801822
    z: -1.0089045712592273
  orientation:
    x: 0.043099010844867086
    y: -0.027981136828013495
    z: -0.00479290166482881
    w: 0.9986673917474412
---
header:
  stamp:
    sec: 1788573257
    nanosec: 762958000
  frame_id: default_cam
pose:
  position:
    x: -0.16597635479872447
    y: 0.05672195253288082
    z: -1.002968771357666
  orientation:
    x: 0.04402533643243203
    y: -0.029016907506750563
    z: -0.004870221486879527
    w: 0.9985970507534181
---
header:
  stamp:
    sec: 1788573257
    nanosec: 794958000
  frame_id: default_cam
pose:
  position:
    x: -0.16432974499282116
    y: 0.05647212657109287
    z: -1.0004715973514002
  orientation:
    x: 0.042905707302983744
    y: -0.026849555066029013
    z: -0.004503384710669756
    w: 0.9987081261308204
---
header:
  stamp:
    sec: 1788573257
    nanosec: 826957000
  frame_id: default_cam
pose:
  position:
    x: -0.1627936081336534
    y: 0.05671849176927824
    z: -1.0021714791538565
  orientation:
    x: 0.04454746840008382
    y: -0.030934953226624158
    z: -0.003793479865447771
    w: 0.9985209868793548
---
header:
  stamp:
    sec: 1788573257
    nanosec: 862960000
  frame_id: default_cam
pose:
  position:
    x: -0.16030480046343393
    y: 0.05644018150634467
    z: -0.9980946751724413
  orientation:
    x: 0.04242191551543503
    y: -0.03183789458431941
    z: -0.0032768968876874236
    w: 0.9985869974615263
---
header:
  stamp:
    sec: 1788573257
    nanosec: 894959000
  frame_id: default_cam
pose:
  position:
    x: -0.15892989000209806
    y: 0.05679434953788358
    z: -1.0016915309536523
  orientation:
    x: 0.04480760312184683
    y: -0.02662363586348463
    z: -0.0038020271883297805
    w: 0.9986335690858499
---
header:
  stamp:
    sec: 1788573257
    nanosec: 926958000
  frame_id: default_cam
pose:
  position:
    x: -0.15618693400422087
    y: 0.056920459887881886
    z: -1.0000721718021621
  orientation:
    x: 0.045539909093488304
    y: -0.025757559196873184
    z: -0.004912928003936074
    w: 0.9986183094468098
---
header:
  stamp:
    sec: 1788573257
    nanosec: 962958000
  frame_id: default_cam
pose:
  position:
    x: -0.15358147668773237
    y: 0.056985659825826006
    z: -0.997972050968838
  orientation:
    x: 0.04153975070954559
    y: -0.02294897543355822
    z: -0.0028103470151959234
    w: 0.9988693085620325
---
header:
  stamp:
    sec: 1788573257
    nanosec: 994957000
  frame_id: default_cam
pose:
  position:
    x: -0.1513929839863151
    y: 0.05758027053770071
    z: -0.9997780039841291
  orientation:
    x: 0.04656824752144972
    y: -0.02339684674297495
    z: -0.0014646409916382016
    w: 0.9986399955499641
---
header:
  stamp:
    sec: 1788573258
    nanosec: 26960000
  frame_id: default_cam
pose:
  position:
    x: -0.14906379511111226
    y: 0.057663164707305134
    z: -1.0005183229752717
  orientation:
    x: 0.04304601864415256
    y: -0.023442110143557123
    z: -0.0010163430481046043
    w: 0.9987975144130632
---
header:
  stamp:
    sec: 1788573258
    nanosec: 94964000
  frame_id: default_cam
pose:
  position:
    x: -0.14334836218290198
    y: 0.05852140526763071
    z: -0.9958382164308206
  orientation:
    x: 0.047630795329512504
    y: -0.029082575672257208
    z: 0.0018733778373932987
    w: 0.9984397836544895
---
header:
  stamp:
    sec: 1788573258
    nanosec: 126960000
  frame_id: default_cam
pose:
  position:
    x: -0.1413233481595542
    y: 0.059298171288496085
    z: -0.9992913721594042
  orientation:
    x: 0.04269420397317719
    y: -0.028967301797527097
    z: 0.004392111322221473
    w: 0.9986585050615655
---
header:
  stamp:
    sec: 1788573258
    nanosec: 194963000
  frame_id: default_cam
pose:
  position:
    x: -0.13586730767247907
    y: 0.06000801689072279
    z: -0.9950449445421755
  orientation:
    x: 0.04337362513722719
    y: -0.02785278711640412
    z: 0.0030618510935942807
    w: 0.9986658980661071
---
header:
  stamp:
    sec: 1788573258
    nanosec: 226958000
  frame_id: default_cam
pose:
  position:
    x: -0.13396810840374354
    y: 0.06055859225594484
    z: -0.9953098820418036
  orientation:
    x: 0.04283584167085994
    y: -0.020695374807037464
    z: 0.005074540668453115
    w: 0.9988548649162948
---
header:
  stamp:
    sec: 1788573258
    nanosec: 294961000
  frame_id: default_cam
pose:
  position:
    x: -0.12955541662590428
    y: 0.061207633924339776
    z: -0.993701221503989
  orientation:
    x: 0.04478293854996739
    y: -0.02366254504538281
    z: 0.004154830377907429
    w: 0.9987078200161126
---
header:
  stamp:
    sec: 1788573258
    nanosec: 326959000
  frame_id: default_cam
pose:
  position:
    x: -0.12746579064573624
    y: 0.0618225765588744
    z: -0.9921428216064843
  orientation:
    x: 0.04413380666258591
    y: -0.02447125907738004
    z: 0.005113792123722015
    w: 0.9987127783896392
---
header:
  stamp:
    sec: 1788573258
    nanosec: 394959000
  frame_id: default_cam
pose:
  position:
    x: -0.12283995093954443
    y: 0.06240392745960687
    z: -0.9884734692244449
  orientation:
    x: 0.03828589657915767
    y: -0.02366226516780776
    z: 0.0033954336690276633
    w: 0.9989808598569132
---
header:
  stamp:
    sec: 1788573258
    nanosec: 426959000
  frame_id: default_cam
pose:
  position:
    x: -0.1212768273582567
    y: 0.0631926396012943
    z: -0.9903967853093183
  orientation:
    x: 0.03952700867748622
    y: -0.021529886281059663
    z: 0.002915088576450553
    w: 0.9989822730360766
---
header:
  stamp:
    sec: 1788573258
    nanosec: 494960000
  frame_id: default_cam
pose:
  position:
    x: -0.11622888563961148
    y: 0.06373617891231773
    z: -0.986268920994456
  orientation:
    x: 0.037715779323149005
    y: -0.02465764605432958
    z: 0.005100322337512684
    w: 0.9989712244069698
---
header:
  stamp:
    sec: 1788573258
    nanosec: 526959000
  frame_id: default_cam
pose:
  position:
    x: -0.11429864873423151
    y: 0.06392446333320556
    z: -0.9855283789900549
  orientation:
    x: 0.03547605973857573
    y: -0.023818334192076733
    z: 0.005648582790307568
    w: 0.9990706830120683
---
header:
  stamp:
    sec: 1788573258
    nanosec: 562966000
  frame_id: default_cam
pose:
  position:
    x: -0.11221216621193957
    y: 0.06451614340772044
    z: -0.9865975006947119
  orientation:
    x: 0.03860437750542856
    y: -0.024249523165236295
    z: 0.0072625138148518795
    w: 0.9989338909841663
---
header:
  stamp:
    sec: 1788573258
    nanosec: 594962000
  frame_id: default_cam
pose:
  position:
    x: -0.10985490834943074
    y: 0.06462933453604659
    z: -0.9849184660542443
  orientation:
    x: 0.040241339571154444
    y: -0.020003510733336834
    z: 0.0065863012141276454
    w: 0.9989680249057911
---
header:
  stamp:
    sec: 1788573258
    nanosec: 626961000
  frame_id: default_cam
pose:
  position:
    x: -0.10731351761698404
    y: 0.06449871361230645
    z: -0.9803189602955964
  orientation:
    x: 0.03710795735360006
    y: -0.01856123909461113
    z: 0.00552953833875626
    w: 0.9991235679885029
---
header:
  stamp:
    sec: 1788573258
    nanosec: 662966000
  frame_id: default_cam
pose:
  position:
    x: -0.10503933256776611
    y: 0.06485112156953655
    z: -0.9810556086528379
  orientation:
    x: 0.0369670409183065
    y: -0.021841108351997453
    z: 0.005486662275540474
    w: 0.9990627109490048
---
header:
  stamp:
    sec: 1788573258
    nanosec: 694960000
  frame_id: default_cam
pose:
  position:
    x: -0.1032024034859295
    y: 0.06509715404848986
    z: -0.9803705915006724
  orientation:
    x: 0.0346713772058961
    y: -0.020545057669463972
    z: 0.007509460377630296
    w: 0.9991593487591665
---
header:
  stamp:
    sec: 1788573258
    nanosec: 726959000
  frame_id: default_cam
pose:
  position:
    x: -0.1009901160747099
    y: 0.06518664968404657
    z: -0.9790136396546778
  orientation:
    x: 0.03567065508399441
    y: -0.017032790481808526
    z: 0.008034472516892844
    w: 0.9991861366460489
---
header:
  stamp:
    sec: 1788573258
    nanosec: 762961000
  frame_id: default_cam
pose:
  position:
    x: -0.09884359200858653
    y: 0.06554518465501302
    z: -0.9787487553470944
  orientation:
    x: 0.03845923754751888
    y: -0.020614155479750415
    z: 0.007253080666276543
    w: 0.999021189195689
---
header:
  stamp:
    sec: 1788573258
    nanosec: 794960000
  frame_id: default_cam
pose:
  position:
    x: -0.09665060763634964
    y: 0.06605612582963463
    z: -0.977074621113698
  orientation:
    x: 0.0334557097537066
    y: -0.01728070385088816
    z: 0.005455510469637219
    w: 0.9992759029241169
---
header:
  stamp:
    sec: 1788573258
    nanosec: 826958000
  frame_id: default_cam
pose:
  position:
    x: -0.09424945931985132
    y: 0.06642332262887617
    z: -0.9741903391455907
  orientation:
    x: 0.035548114375868044
    y: -0.018582058773270186
    z: 0.007899430421933884
    w: 0.9991639693539174
---
header:
  stamp:
    sec: 1788573258
    nanosec: 862967000
  frame_id: default_cam
pose:
  position:
    x: -0.0921175849061516
    y: 0.06691793633016854
    z: -0.9741486765436871
  orientation:
    x: 0.03480338701482123
    y: -0.018128622869705235
    z: 0.008256343699802556
    w: 0.9991956315326119
---
header:
  stamp:
    sec: 1788573258
    nanosec: 894962000
  frame_id: default_cam
pose:
  position:
    x: -0.0899690986396174
    y: 0.06719638809196063
    z: -0.9720646030574063
  orientation:
    x: 0.031483508313447435
    y: -0.017810218446805456
    z: 0.00846035182502868
    w: 0.9993097654231899
---
header:
  stamp:
    sec: 1788573258
    nanosec: 926961000
  frame_id: default_cam
pose:
  position:
    x: -0.0882037223566218
    y: 0.06746483981951151
    z: -0.9721545683716258
  orientation:
    x: 0.03377987509152547
    y: -0.019002815583032736
    z: 0.008707839042585087
    w: 0.999210681777335
---
header:
  stamp:
    sec: 1788573259
    nanosec: 26961000
  frame_id: default_cam
pose:
  position:
    x: -0.0830883744184773
    y: 0.06764405193572132
    z: -0.9675527456122666
  orientation:
    x: 0.03769205393383841
    y: -0.016418512478619442
    z: 0.008833008182178423
    w: 0.9991154685443978
---
header:
  stamp:
    sec: 1788573259
    nanosec: 62966000
  frame_id: default_cam
pose:
  position:
    x: -0.08156102896321137
    y: 0.06794137318521402
    z: -0.967989681901181
  orientation:
    x: 0.03316104477205584
    y: -0.01721175074422764
    z: 0.00966462689205819
    w: 0.9992550704064411
---
header:
  stamp:
    sec: 1788573259
    nanosec: 94959000
  frame_id: default_cam
pose:
  position:
    x: -0.07987929250506068
    y: 0.06836123771499232
    z: -0.9669820222740739
  orientation:
    x: 0.03177813923274392
    y: -0.014801647604480772
    z: 0.01140763064977015
    w: 0.999320232487092
---
header:
  stamp:
    sec: 1788573259
    nanosec: 126962000
  frame_id: default_cam
pose:
  position:
    x: -0.0782543258258411
    y: 0.06888111545320202
    z: -0.9649927744421168
  orientation:
    x: 0.03517959632387461
    y: -0.01442292454159125
    z: 0.008283415675512322
    w: 0.999242593305001
---
header:
  stamp:
    sec: 1788573259
    nanosec: 162962000
  frame_id: default_cam
pose:
  position:
    x: -0.07644432805637348
    y: 0.06888165779858342
    z: -0.9626531450201297
  orientation:
    x: 0.027480936679194358
    y: -0.01607545645495627
    z: 0.00920947306208492
    w: 0.9994506308092049
---
header:
  stamp:
    sec: 1788573259
    nanosec: 194961000
  frame_id: default_cam
pose:
  position:
    x: -0.0749039104186946
    y: 0.06916310776969976
    z: -0.9620656469005426
  orientation:
    x: 0.02921966975864208
    y: -0.017514630956389433
    z: 0.010354635440872326
    w: 0.9993659140307638
---
header:
  stamp:
    sec: 1788573259
    nanosec: 226962000
  frame_id: default_cam
pose:
  position:
    x: -0.07359585018028139
    y: 0.06962948727850486
    z: -0.9610715373549028
  orientation:
    x: 0.03344413176148478
    y: -0.01508689277985243
    z: 0.01113315983547868
    w: 0.9992646938969911
---
header:
  stamp:
    sec: 1788573259
    nanosec: 262967000
  frame_id: default_cam
pose:
  position:
    x: -0.07209629357666333
    y: 0.06960536085142115
    z: -0.9607041514605401
  orientation:
    x: 0.033376911387094255
    y: -0.015613958109995198
    z: 0.011073119191773917
    w: 0.9992595119035705
---
header:
  stamp:
    sec: 1788573259
    nanosec: 294962000
  frame_id: default_cam
pose:
  position:
    x: -0.07069054522490842
    y: 0.06926112355580796
    z: -0.9576573695256021
  orientation:
    x: 0.03205901342675125
    y: -0.013243375401171532
    z: 0.01126321844521643
    w: 0.9993347650193815
---
header:
  stamp:
    sec: 1788573259
    nanosec: 326961000
  frame_id: default_cam
pose:
  position:
    x: -0.06939519660011396
    y: 0.06903569138702058
    z: -0.9577021478640462
  orientation:
    x: 0.03103976746561225
    y: -0.009121800886711861
    z: 0.011437996173790986
    w: 0.9994110754978615
---
header:
  stamp:
    sec: 1788573259
    nanosec: 362962000
  frame_id: default_cam
pose:
  position:
    x: -0.06860992810888969
    y: 0.06865719742006378
    z: -0.9596617782239444
  orientation:
    x: 0.02935547396419246
    y: -0.009340734605796252
    z: 0.009094032794549237
    w: 0.999484019578549
---
header:
  stamp:
    sec: 1788573259
    nanosec: 394974000
  frame_id: default_cam
pose:
  position:
    x: -0.06776002751292266
    y: 0.06816206729876438
    z: -0.9570104474525838
  orientation:
    x: 0.02952322465282198
    y: -0.010766746189880572
    z: 0.008878505382276438
    w: 0.9994666720430244
---
header:
  stamp:
    sec: 1788573259
    nanosec: 426961000
  frame_id: default_cam
pose:
  position:
    x: -0.06707159914685099
    y: 0.0680697265131356
    z: -0.9566772081408417
  orientation:
    x: 0.03094542444782828
    y: -0.013896073141003228
    z: 0.009755971138719175
    w: 0.9993768562880292
---
header:
  stamp:
    sec: 1788573259
    nanosec: 462966000
  frame_id: default_cam
pose:
  position:
    x: -0.06633139064258176
    y: 0.06765460394267776
    z: -0.9540146119722456
  orientation:
    x: 0.03156304546995055
    y: -0.016127338713527308
    z: 0.010047622904477027
    w: 0.9993211337606397
---
header:
  stamp:
    sec: 1788573259
    nanosec: 494961000
  frame_id: default_cam
pose:
  position:
    x: -0.06602024150011161
    y: 0.06787672304196889
    z: -0.9559898720741841
  orientation:
    x: 0.03301897204242438
    y: -0.016188057831076522
    z: 0.009161353145767165
    w: 0.9992816239066231
---
header:
  stamp:
    sec: 1788573259
    nanosec: 526965000
  frame_id: default_cam
pose:
  position:
    x: -0.06527792600964469
    y: 0.06815715819055335
    z: -0.9567965131273805
  orientation:
    x: 0.033071439298043265
    y: -0.015422239888855459
    z: 0.00735920220287486
    w: 0.9993068980861203
---
header:
  stamp:
    sec: 1788573259
    nanosec: 562963000
  frame_id: default_cam
pose:
  position:
    x: -0.06444072103021187
    y: 0.06838731229606658
    z: -0.9583832123667017
  orientation:
    x: 0.03317791780765952
    y: -0.01749434779922996
    z: 0.006399907764379692
    w: 0.9992758451727106
---
header:
  stamp:
    sec: 1788573259
    nanosec: 626964000
  frame_id: default_cam
pose:
  position:
    x: -0.062434738680153215
    y: 0.06858944080411009
    z: -0.958467710523846
  orientation:
    x: 0.028342674520535436
    y: -0.013951561091468313
    z: 0.0056899694951667535
    w: 0.9994847027300008
---
header:
  stamp:
    sec: 1788573259
    nanosec: 662967000
  frame_id: default_cam
pose:
  position:
    x: -0.06137759542290204
    y: 0.06912851562470207
    z: -0.9606652623529459
  orientation:
    x: 0.02978482154568566
    y: -0.012270367333671569
    z: 0.004139267704541613
    w: 0.9994724453199592
---
header:
  stamp:
    sec: 1788573259
    nanosec: 726961000
  frame_id: default_cam
pose:
  position:
    x: -0.05853684311816163
    y: 0.07012268880081256
    z: -0.9604923443845265
  orientation:
    x: 0.03368046481171205
    y: -0.014727723306580617
    z: 0.0065015234244713395
    w: 0.9993029824079547
---
header:
  stamp:
    sec: 1788573259
    nanosec: 762963000
  frame_id: default_cam
pose:
  position:
    x: -0.057353840838049674
    y: 0.07082699115358791
    z: -0.9632148769252191
  orientation:
    x: 0.030527597136363556
    y: -0.011774501266477718
    z: 0.004198807802480358
    w: 0.9994557503691913
---
header:
  stamp:
    sec: 1788573259
    nanosec: 794964000
  frame_id: default_cam
pose:
  position:
    x: -0.05556390873476235
    y: 0.07103398714462185
    z: -0.96134352304006
  orientation:
    x: 0.029773858035056534
    y: -0.01306403837846133
    z: 0.002916112007192264
    w: 0.9994670302564842
---
header:
  stamp:
    sec: 1788573259
    nanosec: 826964000
  frame_id: default_cam
pose:
  position:
    x: 0.0538679104474967
    y: -0.07215880370381235
    z: 0.9635723755415342
  orientation:
    x: 0.9841464909574901
    y: 0.17023419270454362
    z: -0.04546225562430559
    w: -0.02022837818119429
---
header:
  stamp:
    sec: 1788573259
    nanosec: 862967000
  frame_id: default_cam
pose:
  position:
    x: 0.0519398166875713
    y: -0.07281183217897998
    z: 0.9668418700210448
  orientation:
    x: 0.9884809835548688
    y: 0.1454644716998996
    z: -0.03349892283269499
    w: -0.0249650714502774
---
header:
  stamp:
    sec: 1788573259
    nanosec: 894962000
  frame_id: default_cam
pose:
  position:
    x: 0.04985840637829714
    y: -0.07293963789835897
    z: 0.9654900169126329
  orientation:
    x: 0.9909018316317729
    y: 0.1279769292627705
    z: -0.03378815083213292
    w: -0.02436855573509518
---
header:
  stamp:
    sec: 1788573259
    nanosec: 994966000
  frame_id: default_cam
pose:
  position:
    x: 0.042869638058809736
    y: -0.07213753698204904
    z: 0.9648535864353339
  orientation:
    x: 0.986202575480491
    y: 0.1440649643856689
    z: -0.07972925123935154
    w: -0.017117612246305876
---
header:
  stamp:
    sec: 1788573260
    nanosec: 94965000
  frame_id: default_cam
pose:
  position:
    x: 0.03588794481306364
    y: -0.07155757542238249
    z: 0.9686258107000473
  orientation:
    x: 0.9811216338648231
    y: 0.15336813709957295
    z: -0.11723816642078247
    w: -0.011565743353521363
---
header:
  stamp:
    sec: 1788573260
    nanosec: 126963000
  frame_id: default_cam
pose:
  position:
    x: 0.03378850779886679
    y: -0.07120293016998186
    z: 0.9681288297075149
  orientation:
    x: 0.987855196669771
    y: 0.10775776305943384
    z: -0.11030799992744296
    w: -0.019039959689092063
---
header:
  stamp:
    sec: 1788573260
    nanosec: 162965000
  frame_id: default_cam
pose:
  position:
    x: 0.03182402236457982
    y: -0.0710564548681485
    z: 0.9723912504178217
  orientation:
    x: 0.9912117241539544
    y: 0.074157133586327
    z: -0.10734614875967088
    w: -0.021836707271730857
---
header:
  stamp:
    sec: 1788573260
    nanosec: 194964000
  frame_id: default_cam
pose:
  position:
    x: 0.029498910721108586
    y: -0.0703479811106318
    z: 0.9703731124560537
  orientation:
    x: 0.9928492049093435
    y: 0.02243198690313987
    z: -0.11389142339475411
    w: -0.027856883378776155
---
header:
  stamp:
    sec: 1788573260
    nanosec: 226965000
  frame_id: default_cam
pose:
  position:
    x: 0.027304601747990313
    y: -0.07013303565264047
    z: 0.9703901369108394
  orientation:
    x: 0.9925056981462855
    y: 0.028807317880077062
    z: -0.11572750920288458
    w: -0.026640593037820307
---
header:
  stamp:
    sec: 1788573260
    nanosec: 262967000
  frame_id: default_cam
pose:
  position:
    x: 0.025620463966551082
    y: -0.06945761367648515
    z: 0.9724650143854887
  orientation:
    x: 0.9952098724152953
    y: -0.016640568084436348
    z: -0.09117102866197047
    w: -0.03111663339240058
---
header:
  stamp:
    sec: 1788573260
    nanosec: 326965000
  frame_id: default_cam
pose:
  position:
    x: 0.021984459528000592
    y: -0.06848215732037664
    z: 0.9749469006346376
  orientation:
    x: 0.9941013693552642
    y: -0.01453027473621911
    z: -0.10027286723028148
    w: -0.03868708646947825
---
header:
  stamp:
    sec: 1788573260
    nanosec: 362966000
  frame_id: default_cam
pose:
  position:
    x: 0.02022266384312462
    y: -0.06763385742450816
    z: 0.973429352609615
  orientation:
    x: 0.9932849168786033
    y: 0.014265747559274015
    z: -0.110511907933298
    w: -0.031123633351254242
---
header:
  stamp:
    sec: 1788573260
    nanosec: 394964000
  frame_id: default_cam
pose:
  position:
    x: 0.018361909735454075
    y: -0.06702470324400188
    z: 0.9756069731840952
  orientation:
    x: 0.9950091797493976
    y: -0.0033616250322936287
    z: -0.09298143889021983
    w: -0.03605390011465416
---
header:
  stamp:
    sec: 1788573260
    nanosec: 426964000
  frame_id: default_cam
pose:
  position:
    x: 0.016542785197730264
    y: -0.06622947163323324
    z: 0.9726050866684082
  orientation:
    x: 0.9937813123692079
    y: 0.019456079988651738
    z: -0.10510242019133972
    w: -0.031203291607348443
---
header:
  stamp:
    sec: 1788573260
    nanosec: 462969000
  frame_id: default_cam
pose:
  position:
    x: 0.014916875168849356
    y: -0.06580422284563933
    z: 0.9741623111978804
  orientation:
    x: 0.9936080953688372
    y: 0.038006162977489134
    z: -0.10230135325334597
    w: -0.028860310389431244
---
header:
  stamp:
    sec: 1788573260
    nanosec: 494963000
  frame_id: default_cam
pose:
  position:
    x: 0.013291453673593925
    y: -0.0656920186805967
    z: 0.974622923874641
  orientation:
    x: 0.9936134047830819
    y: 0.04545377104913432
    z: -0.09913076694724303
    w: -0.0289732217268944
---
header:
  stamp:
    sec: 1788573260
    nanosec: 526965000
  frame_id: default_cam
pose:
  position:
    x: 0.011586501433589113
    y: -0.06595002324584898
    z: 0.9774699095233819
  orientation:
    x: 0.9925637858820252
    y: 0.055273793211087933
    z: -0.10416139618874776
    w: -0.030205004280909775
---
header:
  stamp:
    sec: 1788573260
    nanosec: 562966000
  frame_id: default_cam
pose:
  position:
    x: 0.009922264285698541
    y: -0.06578956640000586
    z: 0.9759310853994466
  orientation:
    x: 0.9933261769814236
    y: 0.03603195189312959
    z: -0.10480627153667338
    w: -0.031944483292455285
---
header:
  stamp:
    sec: 1788573260
    nanosec: 626965000
  frame_id: default_cam
pose:
  position:
    x: 0.006303496823530703
    y: -0.0658986822134809
    z: 0.9764385965527075
  orientation:
    x: 0.9930706427910073
    y: 0.0348165534636061
    z: -0.10733779951143467
    w: -0.03281924477519872
---
header:
  stamp:
    sec: 1788573260
    nanosec: 662968000
  frame_id: default_cam
pose:
  position:
    x: 0.0047206029695859575
    y: -0.06580385027202941
    z: 0.9758918373105371
  orientation:
    x: 0.9927577975996538
    y: 0.047427218466862466
    z: -0.10595157019915166
    w: -0.030933461266332056
---
header:
  stamp:
    sec: 1788573260
    nanosec: 694964000
  frame_id: default_cam
pose:
  position:
    x: 0.003120396615936038
    y: -0.0657987218686328
    z: 0.9761583024587985
  orientation:
    x: 0.9938981389018005
    y: 0.025148561834634143
    z: -0.10197417650380886
    w: -0.033694311857595145
---
header:
  stamp:
    sec: 1788573260
    nanosec: 726966000
  frame_id: default_cam
pose:
  position:
    x: 0.0016733642759345884
    y: -0.06537313464383811
    z: 0.9745994166094666
  orientation:
    x: 0.9949375172066999
    y: 0.013739027354448128
    z: -0.09386244234766701
    w: -0.03317254736152062
---
header:
  stamp:
    sec: 1788573260
    nanosec: 762964000
  frame_id: default_cam
pose:
  position:
    x: 0.00014250693377854245
    y: -0.06549724558156557
    z: 0.9749181979309391
  orientation:
    x: 0.9938931887295434
    y: 0.032327813057825595
    z: -0.10080707462233603
    w: -0.03113158534359105
---
header:
  stamp:
    sec: 1788573260
    nanosec: 794964000
  frame_id: default_cam
pose:
  position:
    x: -0.0009891870423419061
    y: -0.06535350889837738
    z: 0.9748589957619481
  orientation:
    x: 0.9941427352009576
    y: 0.009779185313424827
    z: -0.10296775728288399
    w: -0.031340557459903357
---
header:
  stamp:
    sec: 1788573260
    nanosec: 826964000
  frame_id: default_cam
pose:
  position:
    x: -0.0024039368947310217
    y: -0.0652470661528465
    z: 0.9746790518828083
  orientation:
    x: 0.9935277094229159
    y: 0.034253234084465324
    z: -0.10451160140348793
    w: -0.02840302335469362
---
header:
  stamp:
    sec: 1788573260
    nanosec: 862969000
  frame_id: default_cam
pose:
  position:
    x: -0.0038429981040823047
    y: -0.06511090369332571
    z: 0.974849239020976
  orientation:
    x: 0.9953350601273734
    y: -0.001963541986438732
    z: -0.09110274191518482
    w: -0.031694684091197876
---
header:
  stamp:
    sec: 1788573260
    nanosec: 894964000
  frame_id: default_cam
pose:
  position:
    x: -0.00532045568883232
    y: -0.06463732330346102
    z: 0.972690617816933
  orientation:
    x: 0.9933411607077819
    y: -0.03266586777454548
    z: -0.10537713951450331
    w: -0.03319545140517551
---
header:
  stamp:
    sec: 1788573260
    nanosec: 962971000
  frame_id: default_cam
pose:
  position:
    x: -0.008352508587716564
    y: -0.06400721674318169
    z: 0.9740076686714152
  orientation:
    x: 0.9932074503414956
    y: -0.04989204592004361
    z: -0.09824423128368913
    w: -0.037387368983851595
---
header:
  stamp:
    sec: 1788573260
    nanosec: 994967000
  frame_id: default_cam
pose:
  position:
    x: -0.009833870858251239
    y: -0.06323262516822521
    z: 0.9730149448736
  orientation:
    x: 0.9939946731102396
    y: -0.01659770589206509
    z: -0.10342178329068784
    w: -0.03167081824901807
---
header:
  stamp:
    sec: 1788573261
    nanosec: 62969000
  frame_id: default_cam
pose:
  position:
    x: -0.01297777963742651
    y: -0.06260418212398103
    z: 0.9737052158409147
  orientation:
    x: 0.9932361524372408
    y: -0.01751686436232411
    z: -0.10897389413771034
    w: -0.03605267467250101
---
header:
  stamp:
    sec: 1788573261
    nanosec: 94965000
  frame_id: default_cam
pose:
  position:
    x: -0.014270349889262726
    y: -0.06246068956043478
    z: 0.9749882018608849
  orientation:
    x: 0.9951753775040965
    y: -0.017728729803151877
    z: -0.08967181481477177
    w: -0.03564583814376062
---
header:
  stamp:
    sec: 1788573261
    nanosec: 126967000
  frame_id: default_cam
pose:
  position:
    x: -0.015825858935493695
    y: -0.06183191446446217
    z: 0.9729323906033942
  orientation:
    x: 0.9931135147137884
    y: 0.0055690973128947295
    z: -0.11324830244012292
    w: -0.029484810366966086
---
header:
  stamp:
    sec: 1788573261
    nanosec: 194966000
  frame_id: default_cam
pose:
  position:
    x: -0.018614819403197883
    y: -0.06164624757332633
    z: 0.9729891919247377
  orientation:
    x: 0.994873910111727
    y: -0.006800972700557245
    z: -0.09649428352090673
    w: -0.029470374906275403
---
header:
  stamp:
    sec: 1788573261
    nanosec: 262968000
  frame_id: default_cam
pose:
  position:
    x: -0.021679244408570275
    y: -0.06173352915815305
    z: 0.9736971939920406
  orientation:
    x: 0.9950120086349902
    y: -0.01424329080887344
    z: -0.09363950483399736
    w: -0.031302946722951225
---
header:
  stamp:
    sec: 1788573261
    nanosec: 326966000
  frame_id: default_cam
pose:
  position:
    x: -0.024965861336502845
    y: -0.06145934880848605
    z: 0.9718576440744289
  orientation:
    x: 0.9930674814384965
    y: -0.05167395420766179
    z: -0.09984186778999812
    w: -0.034327557474282754
---
header:
  stamp:
    sec: 1788573261
    nanosec: 362968000
  frame_id: default_cam
pose:
  position:
    x: -0.026534051121178955
    y: -0.061554084222307306
    z: 0.9725407218843609
  orientation:
    x: 0.9925508649604927
    y: -0.06413994168070374
    z: -0.09744036174215615
    w: -0.03513152787641716
---
header:
  stamp:
    sec: 1788573261
    nanosec: 394970000
  frame_id: default_cam
pose:
  position:
    x: -0.028237918140824166
    y: -0.061384132578475734
    z: 0.9720404717661681
  orientation:
    x: 0.992720172077862
    y: -0.07245644357106484
    z: -0.08993093891703417
    w: -0.03419283492537309
---
header:
  stamp:
    sec: 1788573261
    nanosec: 426974000
  frame_id: default_cam
pose:
  position:
    x: -0.029924685941521346
    y: -0.06134286967082901
    z: 0.9734971074037422
  orientation:
    x: 0.9902830608167457
    y: -0.09201243177453285
    z: -0.09679469456701789
    w: -0.03878090976282319
---
header:
  stamp:
    sec: 1788573261
    nanosec: 462971000
  frame_id: default_cam
pose:
  position:
    x: -0.03193802038160486
    y: -0.061248371610492305
    z: 0.9745358660814446
  orientation:
    x: 0.9929699548242239
    y: -0.0712100689828643
    z: -0.08700432350859691
    w: -0.03701408627328109
---
header:
  stamp:
    sec: 1788573261
    nanosec: 494970000
  frame_id: default_cam
pose:
  position:
    x: -0.0339784477893976
    y: -0.06132997516351171
    z: 0.9765021161314432
  orientation:
    x: 0.9904066863504424
    y: -0.09787747805156237
    z: -0.0881420811322085
    w: -0.041780000673593644
---
header:
  stamp:
    sec: 1788573261
    nanosec: 526968000
  frame_id: default_cam
pose:
  position:
    x: -0.035828156190606364
    y: -0.06112296375290186
    z: 0.975284016753685
  orientation:
    x: 0.9905048191146314
    y: -0.09398350145555194
    z: -0.09098796496268742
    w: -0.0422906017549331
---
header:
  stamp:
    sec: 1788573261
    nanosec: 626970000
  frame_id: default_cam
pose:
  position:
    x: -0.04178378716554489
    y: -0.06025763065033941
    z: 0.9749493164569828
  orientation:
    x: 0.9911864864832264
    y: -0.08723443205116124
    z: -0.09241246311520375
    w: -0.0374090836392619
---
header:
  stamp:
    sec: 1788573261
    nanosec: 726969000
  frame_id: default_cam
pose:
  position:
    x: -0.048661408651216397
    y: -0.06008263037573833
    z: 0.9782789864901009
  orientation:
    x: 0.9869797379527371
    y: -0.12696100216381065
    z: -0.08680574419183346
    w: -0.04708145681273292
---
header:
  stamp:
    sec: 1788573261
    nanosec: 762968000
  frame_id: default_cam
pose:
  position:
    x: -0.05109069072994627
    y: -0.05968498067765656
    z: 0.9762207431079231
  orientation:
    x: 0.9897473346434701
    y: -0.09938476818509041
    z: -0.09270549271387199
    w: -0.04391552162528513
---
header:
  stamp:
    sec: 1788573261
    nanosec: 794969000
  frame_id: default_cam
pose:
  position:
    x: -0.05325475668678828
    y: -0.0596890924285136
    z: 0.9780861837613412
  orientation:
    x: 0.9797213987114713
    y: -0.16757941483610092
    z: -0.0975830599889083
    w: -0.050405029840576356
---
header:
  stamp:
    sec: 1788573261
    nanosec: 826968000
  frame_id: default_cam
pose:
  position:
    x: -0.055300569570954146
    y: -0.059648306275505415
    z: 0.9790835473451978
  orientation:
    x: 0.983383343149792
    y: -0.1431930680679982
    z: -0.10039648579698995
    w: -0.04871849045718261
---
header:
  stamp:
    sec: 1788573262
    nanosec: 26970000
  frame_id: default_cam
pose:
  position:
    x: -0.06607970374922989
    y: -0.06090462147058452
    z: 0.9808271428188854
  orientation:
    x: 0.9850938994095928
    y: -0.11928496220878779
    z: -0.11536884239704419
    w: -0.04528948377733203
---
header:
  stamp:
    sec: 1788573262
    nanosec: 94971000
  frame_id: default_cam
pose:
  position:
    x: -0.06951501172659809
    y: -0.060968404429244664
    z: 0.9812434411984207
  orientation:
    x: 0.9782045314696312
    y: -0.15698677801369434
    z: -0.12587941461041735
    w: -0.05123884384426763
---
header:
  stamp:
    sec: 1788573262
    nanosec: 126969000
  frame_id: default_cam
pose:
  position:
    x: -0.07131618275221917
    y: -0.061122103676833066
    z: 0.9813213466821288
  orientation:
    x: 0.982658160761642
    y: -0.12304730969704981
    z: -0.12982306976786856
    w: -0.048869921433457766
---
header:
  stamp:
    sec: 1788573262
    nanosec: 162968000
  frame_id: default_cam
pose:
  position:
    x: -0.07334603506093995
    y: -0.06119565075279892
    z: 0.9825725670906603
  orientation:
    x: 0.9813092431348762
    y: -0.1378829500736924
    z: -0.12480215098245637
    w: -0.049445773602850324
---
header:
  stamp:
    sec: 1788573262
    nanosec: 194970000
  frame_id: default_cam
pose:
  position:
    x: -0.07496730247194486
    y: -0.061380844990698014
    z: 0.9835664299564784
  orientation:
    x: 0.9825054903517194
    y: -0.12604878219519788
    z: -0.12793857645864154
    w: -0.04925836568108253
---
header:
  stamp:
    sec: 1788573262
    nanosec: 226968000
  frame_id: default_cam
pose:
  position:
    x: -0.07693910116586726
    y: -0.061842018674184186
    z: 0.9855298553456717
  orientation:
    x: 0.9823435565286244
    y: -0.09002967210325867
    z: -0.156295420519307
    w: -0.04967430535363358
---
header:
  stamp:
    sec: 1788573262
    nanosec: 262969000
  frame_id: default_cam
pose:
  position:
    x: -0.07848971632610653
    y: -0.06194941254053822
    z: 0.9858567169538797
  orientation:
    x: 0.9807344677912839
    y: -0.0912103518256973
    z: -0.1652849984817049
    w: -0.050213988916260416
---
header:
  stamp:
    sec: 1788573262
    nanosec: 294970000
  frame_id: default_cam
pose:
  position:
    x: -0.0801894871826783
    y: -0.06185997244524228
    z: 0.9850614686408296
  orientation:
    x: 0.9813021346030182
    y: -0.09338734471043479
    z: -0.16143508111551033
    w: -0.04757771596790826
---
header:
  stamp:
    sec: 1788573262
    nanosec: 326969000
  frame_id: default_cam
pose:
  position:
    x: -0.08169036977951312
    y: -0.061904988703518286
    z: 0.9845817298724385
  orientation:
    x: 0.981092306336568
    y: -0.09899780346522245
    z: -0.15901617021795714
    w: -0.04869475295623415
---
header:
  stamp:
    sec: 1788573262
    nanosec: 362970000
  frame_id: default_cam
pose:
  position:
    x: -0.08374171686926284
    y: -0.061925588802481044
    z: 0.9854569066764804
  orientation:
    x: 0.9795516205650596
    y: -0.11279446837014603
    z: -0.15885428948548416
    w: -0.05021299896962573
---
header:
  stamp:
    sec: 1788573262
    nanosec: 394970000
  frame_id: default_cam
pose:
  position:
    x: -0.08575249579123154
    y: -0.06206705168672454
    z: 0.9874062645365195
  orientation:
    x: 0.9776312277671728
    y: -0.1116495964091521
    z: -0.17038701246608595
    w: -0.05234325265978115
---
header:
  stamp:
    sec: 1788573262
    nanosec: 426974000
  frame_id: default_cam
pose:
  position:
    x: -0.08776265975100711
    y: -0.062075410884693934
    z: 0.988027460140427
  orientation:
    x: 0.9759132064270124
    y: -0.13429574202674768
    z: -0.1623419199887391
    w: -0.05659653884472501
---
header:
  stamp:
    sec: 1788573262
    nanosec: 462973000
  frame_id: default_cam
pose:
  position:
    x: -0.08937265800863839
    y: -0.06186773391615321
    z: 0.9870808891858025
  orientation:
    x: 0.9725027886554789
    y: -0.17075784370832028
    z: -0.14826366294234256
    w: -0.0556594207688255
---
header:
  stamp:
    sec: 1788573262
    nanosec: 494973000
  frame_id: default_cam
pose:
  position:
    x: -0.09104007010020311
    y: -0.061792218095243504
    z: 0.9862293508554069
  orientation:
    x: 0.9725686987044151
    y: -0.1751231129489228
    z: -0.1419685734114364
    w: -0.05733189143052109
---
header:
  stamp:
    sec: 1788573262
    nanosec: 594972000
  frame_id: default_cam
pose:
  position:
    x: -0.09572975350644616
    y: -0.06148658175743653
    z: 0.9859988992753143
  orientation:
    x: 0.9787763267771346
    y: -0.14105904910018
    z: -0.13898077371453738
    w: -0.052759751187070124
---
header:
  stamp:
    sec: 1788573262
    nanosec: 626972000
  frame_id: default_cam
pose:
  position:
    x: -0.09731561264527185
    y: -0.06145933901606053
    z: 0.9863016637784479
  orientation:
    x: 0.9752972510029556
    y: -0.16381034579332437
    z: -0.13691234867843888
    w: -0.056713768844108156
---
header:
  stamp:
    sec: 1788573262
    nanosec: 662972000
  frame_id: default_cam
pose:
  position:
    x: -0.09933566975220519
    y: -0.061720485089708746
    z: 0.9895006932553868
  orientation:
    x: 0.9765931402797131
    y: -0.1524873597367324
    z: -0.14113948284485023
    w: -0.05561555413206958
---
header:
  stamp:
    sec: 1788573262
    nanosec: 694971000
  frame_id: default_cam
pose:
  position:
    x: -0.10058494877991672
    y: -0.061460953537558864
    z: 0.9878735331273906
  orientation:
    x: 0.9732533435780095
    y: -0.17819058607713836
    z: -0.13374497306319041
    w: -0.05602076782798776
---
header:
  stamp:
    sec: 1788573262
    nanosec: 762974000
  frame_id: default_cam
pose:
  position:
    x: -0.10306688093189989
    y: -0.061478321229973334
    z: 0.9896340594086308
  orientation:
    x: 0.9682298320469974
    y: -0.20371113548110198
    z: -0.13207886394955115
    w: -0.059899409955684754
---
header:
  stamp:
    sec: 1788573263
    nanosec: 126973000
  frame_id: default_cam
pose:
  position:
    x: -0.10985807093228166
    y: -0.06001037574548485
    z: 0.9881347376533983
  orientation:
    x: 0.9653008322700231
    y: -0.22671282545522034
    z: -0.11463571278850629
    w: -0.06045040402166555
---
header:
  stamp:
    sec: 1788573263
    nanosec: 162973000
  frame_id: default_cam
pose:
  position:
    x: -0.11093412669717037
    y: -0.060230589865389206
    z: 0.9922735806539067
  orientation:
    x: 0.9747964676119972
    y: -0.18704849127394005
    z: -0.10809404499738455
    w: -0.05568111061588816
---
header:
  stamp:
    sec: 1788573263
    nanosec: 294976000
  frame_id: default_cam
pose:
  position:
    x: -0.11391300594244988
    y: -0.06012614088972544
    z: 0.992394104466635
  orientation:
    x: 0.9707220057167595
    y: -0.20429659581301315
    z: -0.11069410497667516
    w: -0.06089748500437962
---
header:
  stamp:
    sec: 1788573263
    nanosec: 362980000
  frame_id: default_cam
pose:
  position:
    x: -0.11523882535626608
    y: -0.06011726547030956
    z: 0.9915350500556939
  orientation:
    x: 0.9742362245642817
    y: -0.1922302139757484
    z: -0.10416276421255866
    w: -0.05533030031701776
---
header:
  stamp:
    sec: 1788573263
    nanosec: 426974000
  frame_id: default_cam
pose:
  position:
    x: -0.11720792075168357
    y: -0.06132032032352004
    z: 0.9931343480376095
  orientation:
    x: 0.9712525273151397
    y: -0.1984740212950331
    z: -0.11680770656096126
    w: -0.06027064578134971
---
header:
  stamp:
    sec: 1788573263
    nanosec: 462975000
  frame_id: default_cam
pose:
  position:
    x: -0.11799424343748167
    y: -0.0615294243686133
    z: 0.9915538536095371
  orientation:
    x: 0.9743044882121821
    y: -0.1864727710601203
    z: -0.11337311819914314
    w: -0.055724375030689326
---
header:
  stamp:
    sec: 1788573263
    nanosec: 526976000
  frame_id: default_cam
pose:
  position:
    x: -0.1199289789848251
    y: -0.061551764412570535
    z: 0.991171423984339
  orientation:
    x: 0.9560623751435631
    y: -0.2557796465768909
    z: -0.12708012288858575
    w: -0.06612223225566079
---
header:
  stamp:
    sec: 1788573263
    nanosec: 562976000
  frame_id: default_cam
pose:
  position:
    x: -0.12037689311609932
    y: -0.061424869225038016
    z: 0.9888933154949745
  orientation:
    x: 0.9432377056758764
    y: -0.30339224607587706
    z: -0.11585696167454151
    w: -0.06951935013999364
---
header:
  stamp:
    sec: 1788573263
    nanosec: 694977000
  frame_id: default_cam
pose:
  position:
    x: -0.12246574052815383
    y: -0.0597038501525692
    z: 0.9899093908582913
  orientation:
    x: 0.9505510005551447
    y: -0.27821889151980994
    z: -0.12154270807490616
    w: -0.06537900166658708
---
header:
  stamp:
    sec: 1788573263
    nanosec: 726977000
  frame_id: default_cam
pose:
  position:
    x: -0.12239010761146527
    y: -0.058313665151267915
    z: 0.9884192733747836
  orientation:
    x: 0.9546549283390313
    y: -0.2649661389953917
    z: -0.11957232216935773
    w: -0.0642601957272239
---
header:
  stamp:
    sec: 1788573263
    nanosec: 762975000
  frame_id: default_cam
pose:
  position:
    x: -0.12268915179996838
    y: -0.056832066831881155
    z: 0.9892860058282867
  orientation:
    x: 0.9489756480548148
    y: -0.28676520399877947
    z: -0.11324728927714213
    w: -0.06622679703761788
---
header:
  stamp:
    sec: 1788573263
    nanosec: 826978000
  frame_id: default_cam
pose:
  position:
    x: -0.12362218111359069
    y: -0.05185988018715207
    z: 0.9875973022364328
  orientation:
    x: 0.9453387045774794
    y: -0.29288903163991686
    z: -0.12186897352058292
    w: -0.07548974808438817
---
header:
  stamp:
    sec: 1788573263
    nanosec: 894978000
  frame_id: default_cam
pose:
  position:
    x: -0.12696311011629208
    y: -0.04903122043167097
    z: 0.9871280613267007
  orientation:
    x: 0.9174180918964576
    y: -0.3769989391966151
    z: -0.09998286972578188
    w: -0.07886235012404323
---
header:
  stamp:
    sec: 1788573263
    nanosec: 926977000
  frame_id: default_cam
pose:
  position:
    x: -0.12766169377334016
    y: -0.04876800708131046
    z: 0.9866004857138343
  orientation:
    x: 0.9186607633766594
    y: -0.3762432287213927
    z: -0.09143816381576249
    w: -0.07837408290702451
---
header:
  stamp:
    sec: 1788573263
    nanosec: 962978000
  frame_id: default_cam
pose:
  position:
    x: -0.12832463027345065
    y: -0.04834888357165553
    z: 0.9853637870451152
  orientation:
    x: 0.9265081855916798
    y: -0.36555337258548015
    z: -0.05637326868651904
    w: -0.06910404040714226
---
header:
  stamp:
    sec: 1788573263
    nanosec: 994976000
  frame_id: default_cam
pose:
  position:
    x: -0.12936304206933275
    y: -0.04786831292866866
    z: 0.9845245129991735
  orientation:
    x: 0.9234483152220323
    y: -0.37809441555069884
    z: -0.032418892215182744
    w: -0.0568932111108695
---
header:
  stamp:
    sec: 1788573264
    nanosec: 26978000
  frame_id: default_cam
pose:
  position:
    x: -0.13163342146239398
    y: -0.04760972534521968
    z: 0.9894784888008187
  orientation:
    x: 0.9337550064200236
    y: -0.3553339978573899
    z: -0.00600244941974204
    w: -0.04246538064340669
---
header:
  stamp:
    sec: 1788573264
    nanosec: 62980000
  frame_id: default_cam
pose:
  position:
    x: -0.13322444739048164
    y: -0.047582972271779725
    z: 0.9907554023762687
  orientation:
    x: 0.9353612395758727
    y: -0.3505354498958054
    z: -0.00967213867217655
    w: -0.046159501718911915
---
header:
  stamp:
    sec: 1788573264
    nanosec: 126978000
  frame_id: default_cam
pose:
  position:
    x: -0.13410535492455522
    y: -0.04748803463741008
    z: 0.9926378326424874
  orientation:
    x: 0.9439468070782482
    y: -0.3271486022388486
    z: 0.03530484025954316
    w: -0.026301819598580436
---
header:
  stamp:
    sec: 1788573264
    nanosec: 162978000
  frame_id: default_cam
pose:
  position:
    x: -0.13381940410970888
    y: -0.04706000999933284
    z: 0.9885569451277602
  orientation:
    x: 0.9221328659217066
    y: -0.3842635739258792
    z: 0.04092201778102501
    w: -0.018381289439525526
---
header:
  stamp:
    sec: 1788573264
    nanosec: 562980000
  frame_id: default_cam
pose:
  position:
    x: -0.1358520938843363
    y: -0.047642943692619545
    z: 0.994189391556287
  orientation:
    x: 0.9452981323332769
    y: -0.31326362289823845
    z: 0.09070524081227287
    w: -0.0070641959964637124
---
header:
  stamp:
    sec: 1788573264
    nanosec: 594980000
  frame_id: default_cam
pose:
  position:
    x: -0.13577346516757455
    y: -0.047548861716532
    z: 0.9934530127156826
  orientation:
    x: 0.9429819185116393
    y: -0.31966216139439657
    z: 0.092570326890567
    w: -0.005651416826287185
---
header:
  stamp:
    sec: 1788573264
    nanosec: 762982000
  frame_id: default_cam
pose:
  position:
    x: -0.13591494110640095
    y: -0.04775380507541993
    z: 0.9952361738029727
  orientation:
    x: 0.9419705113740472
    y: -0.32328896298625814
    z: 0.09016902990421251
    w: -0.0067341041808872
---
header:
  stamp:
    sec: 1788573264
    nanosec: 794980000
  frame_id: default_cam
pose:
  position:
    x: -0.13585208512516853
    y: -0.047643002342495765
    z: 0.9941894916657281
  orientation:
    x: 0.9452961424117783
    y: -0.31326949496261497
    z: 0.09070562419781728
    w: -0.0070651543623244115
---
header:
  stamp:
    sec: 1788573264
    nanosec: 826980000
  frame_id: default_cam
pose:
  position:
    x: -0.1359149415530017
    y: -0.047753804319944186
    z: 0.9952361732923755
  orientation:
    x: 0.941970574362846
    y: -0.3232887794326933
    z: 0.09016903028973072
    w: -0.006734100092733052
---
header:
  stamp:
    sec: 1788573264
    nanosec: 862981000
  frame_id: default_cam
pose:
  position:
    x: -0.13581654887502573
    y: -0.047795005241069055
    z: 0.9954695677670092
  orientation:
    x: 0.93888923099709
    y: -0.33417019559366284
    z: 0.08215207895006271
    w: -0.0082660884805792
---
header:
  stamp:
    sec: 1788573264
    nanosec: 926981000
  frame_id: default_cam
pose:
  position:
    x: -0.13591493940892357
    y: -0.04775380374385691
    z: 0.9952361646539267
  orientation:
    x: 0.9419704301546088
    y: -0.3232892005955211
    z: 0.09016903083455068
    w: -0.006734045664235268
---
header:
  stamp:
    sec: 1788573264
    nanosec: 994984000
  frame_id: default_cam
pose:
  position:
    x: -0.13591493940892357
    y: -0.04775380374385691
    z: 0.9952361646539267
  orientation:
    x: 0.9419704301546088
    y: -0.3232892005955211
    z: 0.09016903083455068
    w: -0.006734045664235268
---
header:
  stamp:
    sec: 1788573265
    nanosec: 26983000
  frame_id: default_cam
pose:
  position:
    x: -0.13591493940892357
    y: -0.04775380374385691
    z: 0.9952361646539267
  orientation:
    x: 0.9419704301546088
    y: -0.3232892005955211
    z: 0.09016903083455068
    w: -0.006734045664235268
---
header:
  stamp:
    sec: 1788573265
    nanosec: 62984000
  frame_id: default_cam
pose:
  position:
    x: -0.13591493940892357
    y: -0.04775380374385691
    z: 0.9952361646539267
  orientation:
    x: 0.9419704301546088
    y: -0.3232892005955211
    z: 0.09016903083455068
    w: -0.006734045664235268
---
header:
  stamp:
    sec: 1788573265
    nanosec: 126983000
  frame_id: default_cam
pose:
  position:
    x: -0.13591493940892357
    y: -0.04775380374385691
    z: 0.9952361646539267
  orientation:
    x: 0.9419704301546088
    y: -0.3232892005955211
    z: 0.09016903083455068
    w: -0.006734045664235268
---
header:
  stamp:
    sec: 1788573265
    nanosec: 162982000
  frame_id: default_cam
pose:
  position:
    x: -0.13591493940892357
    y: -0.04775380374385691
    z: 0.9952361646539267
  orientation:
    x: 0.9419704301546088
    y: -0.3232892005955211
    z: 0.09016903083455068
    w: -0.006734045664235268
---
header:
  stamp:
    sec: 1788573265
    nanosec: 226984000
  frame_id: default_cam
pose:
  position:
    x: -0.13591493940892357
    y: -0.04775380374385691
    z: 0.9952361646539267
  orientation:
    x: 0.9419704301546088
    y: -0.3232892005955211
    z: 0.09016903083455068
    w: -0.006734045664235268
---
header:
  stamp:
    sec: 1788573265
    nanosec: 294982000
  frame_id: default_cam
pose:
  position:
    x: -0.13591493940892357
    y: -0.04775380374385691
    z: 0.9952361646539267
  orientation:
    x: 0.9419704301546088
    y: -0.3232892005955211
    z: 0.09016903083455068
    w: -0.006734045664235268
---
header:
  stamp:
    sec: 1788573265
    nanosec: 326983000
  frame_id: default_cam
pose:
  position:
    x: -0.13591493940892357
    y: -0.04775380374385691
    z: 0.9952361646539267
  orientation:
    x: 0.9419704301546088
    y: -0.3232892005955211
    z: 0.09016903083455068
    w: -0.006734045664235268
---
header:
  stamp:
    sec: 1788573265
    nanosec: 394983000
  frame_id: default_cam
pose:
  position:
    x: -0.13591493940892357
    y: -0.04775380374385691
    z: 0.9952361646539267
  orientation:
    x: 0.9419704301546088
    y: -0.3232892005955211
    z: 0.09016903083455068
    w: -0.006734045664235268
---
header:
  stamp:
    sec: 1788573265
    nanosec: 426983000
  frame_id: default_cam
pose:
  position:
    x: -0.13591493940892357
    y: -0.04775380374385691
    z: 0.9952361646539267
  orientation:
    x: 0.9419704301546088
    y: -0.3232892005955211
    z: 0.09016903083455068
    w: -0.006734045664235268
---
header:
  stamp:
    sec: 1788573265
    nanosec: 462985000
  frame_id: default_cam
pose:
  position:
    x: -0.13591493940892357
    y: -0.04775380374385691
    z: 0.9952361646539267
  orientation:
    x: 0.9419704301546088
    y: -0.3232892005955211
    z: 0.09016903083455068
    w: -0.006734045664235268
---
header:
  stamp:
    sec: 1788573265
    nanosec: 494984000
  frame_id: default_cam
pose:
  position:
    x: -0.13591493940892357
    y: -0.04775380374385691
    z: 0.9952361646539267
  orientation:
    x: 0.9419704301546088
    y: -0.3232892005955211
    z: 0.09016903083455068
    w: -0.006734045664235268
---
header:
  stamp:
    sec: 1788573265
    nanosec: 562985000
  frame_id: default_cam
pose:
  position:
    x: -0.13591493940892357
    y: -0.04775380374385691
    z: 0.9952361646539267
  orientation:
    x: 0.9419704301546088
    y: -0.3232892005955211
    z: 0.09016903083455068
    w: -0.006734045664235268
---
header:
  stamp:
    sec: 1788573265
    nanosec: 594984000
  frame_id: default_cam
pose:
  position:
    x: -0.13591493940892357
    y: -0.04775380374385691
    z: 0.9952361646539267
  orientation:
    x: 0.9419704301546088
    y: -0.3232892005955211
    z: 0.09016903083455068
    w: -0.006734045664235268
---
header:
  stamp:
    sec: 1788573265
    nanosec: 626985000
  frame_id: default_cam
pose:
  position:
    x: -0.13591493940892357
    y: -0.04775380374385691
    z: 0.9952361646539267
  orientation:
    x: 0.9419704301546088
    y: -0.3232892005955211
    z: 0.09016903083455068
    w: -0.006734045664235268
---
header:
  stamp:
    sec: 1788573265
    nanosec: 662985000
  frame_id: default_cam
pose:
  position:
    x: -0.13591493940892357
    y: -0.04775380374385691
    z: 0.9952361646539267
  orientation:
    x: 0.9419704301546088
    y: -0.3232892005955211
    z: 0.09016903083455068
    w: -0.006734045664235268
---
header:
  stamp:
    sec: 1788573265
    nanosec: 694984000
  frame_id: default_cam
pose:
  position:
    x: -0.13591493940892357
    y: -0.04775380374385691
    z: 0.9952361646539267
  orientation:
    x: 0.9419704301546088
    y: -0.3232892005955211
    z: 0.09016903083455068
    w: -0.006734045664235268
---
header:
  stamp:
    sec: 1788573265
    nanosec: 726985000
  frame_id: default_cam
pose:
  position:
    x: -0.13591493940892357
    y: -0.04775380374385691
    z: 0.9952361646539267
  orientation:
    x: 0.9419704301546088
    y: -0.3232892005955211
    z: 0.09016903083455068
    w: -0.006734045664235268
---
header:
  stamp:
    sec: 1788573265
    nanosec: 762985000
  frame_id: default_cam
pose:
  position:
    x: -0.13591493940892357
    y: -0.04775380374385691
    z: 0.9952361646539267
  orientation:
    x: 0.9419704301546088
    y: -0.3232892005955211
    z: 0.09016903083455068
    w: -0.006734045664235268
---
header:
  stamp:
    sec: 1788573265
    nanosec: 826986000
  frame_id: default_cam
pose:
  position:
    x: -0.13585208512514632
    y: -0.04764300234242037
    z: 0.9941894916654589
  orientation:
    x: 0.9452961424126529
    y: -0.31326949496008355
    z: 0.09070562419758563
    w: -0.007065154360523276
---
header:
  stamp:
    sec: 1788573265
    nanosec: 862986000
  frame_id: default_cam
pose:
  position:
    x: -0.13591494155300174
    y: -0.047753804319944235
    z: 0.9952361732923757
  orientation:
    x: 0.9419705743628453
    y: -0.32328877943269535
    z: 0.09016903028973128
    w: -0.006734100092732652
---
header:
  stamp:
    sec: 1788573265
    nanosec: 894987000
  frame_id: default_cam
pose:
  position:
    x: -0.13591494155300174
    y: -0.047753804319944235
    z: 0.9952361732923757
  orientation:
    x: 0.9419705743628453
    y: -0.32328877943269535
    z: 0.09016903028973128
    w: -0.006734100092732652
---
header:
  stamp:
    sec: 1788573265
    nanosec: 926986000
  frame_id: default_cam
pose:
  position:
    x: -0.13591494155300174
    y: -0.047753804319944235
    z: 0.9952361732923757
  orientation:
    x: 0.9419705743628453
    y: -0.32328877943269535
    z: 0.09016903028973128
    w: -0.006734100092732652
---
header:
  stamp:
    sec: 1788573265
    nanosec: 962987000
  frame_id: default_cam
pose:
  position:
    x: -0.13591494155300174
    y: -0.047753804319944235
    z: 0.9952361732923757
  orientation:
    x: 0.9419705743628453
    y: -0.32328877943269535
    z: 0.09016903028973128
    w: -0.006734100092732652
---
header:
  stamp:
    sec: 1788573265
    nanosec: 994984000
  frame_id: default_cam
pose:
  position:
    x: -0.13591494155300174
    y: -0.047753804319944235
    z: 0.9952361732923757
  orientation:
    x: 0.9419705743628453
    y: -0.32328877943269535
    z: 0.09016903028973128
    w: -0.006734100092732652
---
header:
  stamp:
    sec: 1788573266
    nanosec: 26988000
  frame_id: default_cam
pose:
  position:
    x: -0.13591494155300174
    y: -0.047753804319944235
    z: 0.9952361732923757
  orientation:
    x: 0.9419705743628453
    y: -0.32328877943269535
    z: 0.09016903028973128
    w: -0.006734100092732652
---
header:
  stamp:
    sec: 1788573266
    nanosec: 62986000
  frame_id: default_cam
pose:
  position:
    x: -0.13591494155300174
    y: -0.047753804319944235
    z: 0.9952361732923757
  orientation:
    x: 0.9419705743628453
    y: -0.32328877943269535
    z: 0.09016903028973128
    w: -0.006734100092732652
---
header:
  stamp:
    sec: 1788573266
    nanosec: 94988000
  frame_id: default_cam
pose:
  position:
    x: -0.13591494155300174
    y: -0.047753804319944235
    z: 0.9952361732923757
  orientation:
    x: 0.9419705743628453
    y: -0.32328877943269535
    z: 0.09016903028973128
    w: -0.006734100092732652
---
header:
  stamp:
    sec: 1788573266
    nanosec: 126987000
  frame_id: default_cam
pose:
  position:
    x: -0.13591494155300174
    y: -0.047753804319944235
    z: 0.9952361732923757
  orientation:
    x: 0.9419705743628453
    y: -0.32328877943269535
    z: 0.09016903028973128
    w: -0.006734100092732652
---
header:
  stamp:
    sec: 1788573266
    nanosec: 162989000
  frame_id: default_cam
pose:
  position:
    x: -0.13591494155300174
    y: -0.047753804319944235
    z: 0.9952361732923757
  orientation:
    x: 0.9419705743628453
    y: -0.32328877943269535
    z: 0.09016903028973128
    w: -0.006734100092732652
---
header:
  stamp:
    sec: 1788573266
    nanosec: 194986000
  frame_id: default_cam
pose:
  position:
    x: -0.13591494155300174
    y: -0.047753804319944235
    z: 0.9952361732923757
  orientation:
    x: 0.9419705743628453
    y: -0.32328877943269535
    z: 0.09016903028973128
    w: -0.006734100092732652
---
header:
  stamp:
    sec: 1788573266
    nanosec: 226987000
  frame_id: default_cam
pose:
  position:
    x: -0.13591494155300174
    y: -0.047753804319944235
    z: 0.9952361732923757
  orientation:
    x: 0.9419705743628453
    y: -0.32328877943269535
    z: 0.09016903028973128
    w: -0.006734100092732652
---
header:
  stamp:
    sec: 1788573266
    nanosec: 262987000
  frame_id: default_cam
pose:
  position:
    x: -0.13591494155300174
    y: -0.047753804319944235
    z: 0.9952361732923757
  orientation:
    x: 0.9419705743628453
    y: -0.32328877943269535
    z: 0.09016903028973128
    w: -0.006734100092732652
---
header:
  stamp:
    sec: 1788573266
    nanosec: 294990000
  frame_id: default_cam
pose:
  position:
    x: -0.13591494155300174
    y: -0.047753804319944235
    z: 0.9952361732923757
  orientation:
    x: 0.9419705743628453
    y: -0.32328877943269535
    z: 0.09016903028973128
    w: -0.006734100092732652
---
header:
  stamp:
    sec: 1788573266
    nanosec: 362988000
  frame_id: default_cam
pose:
  position:
    x: -0.13591494155300174
    y: -0.047753804319944235
    z: 0.9952361732923757
  orientation:
    x: 0.9419705743628453
    y: -0.32328877943269535
    z: 0.09016903028973128
    w: -0.006734100092732652
---
header:
  stamp:
    sec: 1788573266
    nanosec: 394988000
  frame_id: default_cam
pose:
  position:
    x: -0.13591494155300174
    y: -0.047753804319944235
    z: 0.9952361732923757
  orientation:
    x: 0.9419705743628453
    y: -0.32328877943269535
    z: 0.09016903028973128
    w: -0.006734100092732652
---
header:
  stamp:
    sec: 1788573266
    nanosec: 426989000
  frame_id: default_cam
pose:
  position:
    x: -0.13591494155300174
    y: -0.047753804319944235
    z: 0.9952361732923757
  orientation:
    x: 0.9419705743628453
    y: -0.32328877943269535
    z: 0.09016903028973128
    w: -0.006734100092732652
---
header:
  stamp:
    sec: 1788573266
    nanosec: 462988000
  frame_id: default_cam
pose:
  position:
    x: -0.13591494155300174
    y: -0.047753804319944235
    z: 0.9952361732923757
  orientation:
    x: 0.9419705743628453
    y: -0.32328877943269535
    z: 0.09016903028973128
    w: -0.006734100092732652
---
header:
  stamp:
    sec: 1788573266
    nanosec: 494990000
  frame_id: default_cam
pose:
  position:
    x: -0.13591494155300174
    y: -0.047753804319944235
    z: 0.9952361732923757
  orientation:
    x: 0.9419705743628453
    y: -0.32328877943269535
    z: 0.09016903028973128
    w: -0.006734100092732652
---
header:
  stamp:
    sec: 1788573266
    nanosec: 526989000
  frame_id: default_cam
pose:
  position:
    x: -0.13591494155300174
    y: -0.047753804319944235
    z: 0.9952361732923757
  orientation:
    x: 0.9419705743628453
    y: -0.32328877943269535
    z: 0.09016903028973128
    w: -0.006734100092732652
---
header:
  stamp:
    sec: 1788573266
    nanosec: 562990000
  frame_id: default_cam
pose:
  position:
    x: -0.13591494155300174
    y: -0.047753804319944235
    z: 0.9952361732923757
  orientation:
    x: 0.9419705743628453
    y: -0.32328877943269535
    z: 0.09016903028973128
    w: -0.006734100092732652
---
header:
  stamp:
    sec: 1788573266
    nanosec: 594988000
  frame_id: default_cam
pose:
  position:
    x: -0.13591494155300174
    y: -0.047753804319944235
    z: 0.9952361732923757
  orientation:
    x: 0.9419705743628453
    y: -0.32328877943269535
    z: 0.09016903028973128
    w: -0.006734100092732652
---
header:
  stamp:
    sec: 1788573266
    nanosec: 626990000
  frame_id: default_cam
pose:
  position:
    x: -0.13591494155300174
    y: -0.047753804319944235
    z: 0.9952361732923757
  orientation:
    x: 0.9419705743628453
    y: -0.32328877943269535
    z: 0.09016903028973128
    w: -0.006734100092732652
---
header:
  stamp:
    sec: 1788573266
    nanosec: 662991000
  frame_id: default_cam
pose:
  position:
    x: -0.13591494155300174
    y: -0.047753804319944235
    z: 0.9952361732923757
  orientation:
    x: 0.9419705743628453
    y: -0.32328877943269535
    z: 0.09016903028973128
    w: -0.006734100092732652
---
header:
  stamp:
    sec: 1788573266
    nanosec: 694992000
  frame_id: default_cam
pose:
  position:
    x: -0.13591494155300174
    y: -0.047753804319944235
    z: 0.9952361732923757
  orientation:
    x: 0.9419705743628453
    y: -0.32328877943269535
    z: 0.09016903028973128
    w: -0.006734100092732652
---
header:
  stamp:
    sec: 1788573266
    nanosec: 726990000
  frame_id: default_cam
pose:
  position:
    x: -0.13591494155300174
    y: -0.047753804319944235
    z: 0.9952361732923757
  orientation:
    x: 0.9419705743628453
    y: -0.32328877943269535
    z: 0.09016903028973128
    w: -0.006734100092732652
---
header:
  stamp:
    sec: 1788573266
    nanosec: 762991000
  frame_id: default_cam
pose:
  position:
    x: -0.13591494155300174
    y: -0.047753804319944235
    z: 0.9952361732923757
  orientation:
    x: 0.9419705743628453
    y: -0.32328877943269535
    z: 0.09016903028973128
    w: -0.006734100092732652
---
header:
  stamp:
    sec: 1788573266
    nanosec: 794990000
  frame_id: default_cam
pose:
  position:
    x: -0.13591494155300174
    y: -0.047753804319944235
    z: 0.9952361732923757
  orientation:
    x: 0.9419705743628453
    y: -0.32328877943269535
    z: 0.09016903028973128
    w: -0.006734100092732652
---
header:
  stamp:
    sec: 1788573266
    nanosec: 826990000
  frame_id: default_cam
pose:
  position:
    x: -0.13591494155300174
    y: -0.047753804319944235
    z: 0.9952361732923757
  orientation:
    x: 0.9419705743628453
    y: -0.32328877943269535
    z: 0.09016903028973128
    w: -0.006734100092732652
---
header:
  stamp:
    sec: 1788573266
    nanosec: 862994000
  frame_id: default_cam
pose:
  position:
    x: -0.13591494155300174
    y: -0.047753804319944235
    z: 0.9952361732923757
  orientation:
    x: 0.9419705743628453
    y: -0.32328877943269535
    z: 0.09016903028973128
    w: -0.006734100092732652
---
header:
  stamp:
    sec: 1788573266
    nanosec: 894993000
  frame_id: default_cam
pose:
  position:
    x: -0.13591494155300174
    y: -0.047753804319944235
    z: 0.9952361732923757
  orientation:
    x: 0.9419705743628453
    y: -0.32328877943269535
    z: 0.09016903028973128
    w: -0.006734100092732652
---
header:
  stamp:
    sec: 1788573266
    nanosec: 926992000
  frame_id: default_cam
pose:
  position:
    x: -0.13591494155300174
    y: -0.047753804319944235
    z: 0.9952361732923757
  orientation:
    x: 0.9419705743628453
    y: -0.32328877943269535
    z: 0.09016903028973128
    w: -0.006734100092732652
---
header:
  stamp:
    sec: 1788573266
    nanosec: 962993000
  frame_id: default_cam
pose:
  position:
    x: -0.13591494155300174
    y: -0.047753804319944235
    z: 0.9952361732923757
  orientation:
    x: 0.9419705743628453
    y: -0.32328877943269535
    z: 0.09016903028973128
    w: -0.006734100092732652
---
header:
  stamp:
    sec: 1788573266
    nanosec: 994992000
  frame_id: default_cam
pose:
  position:
    x: -0.13591494155300174
    y: -0.047753804319944235
    z: 0.9952361732923757
  orientation:
    x: 0.9419705743628453
    y: -0.32328877943269535
    z: 0.09016903028973128
    w: -0.006734100092732652
---
header:
  stamp:
    sec: 1788573267
    nanosec: 26991000
  frame_id: default_cam
pose:
  position:
    x: -0.13591494155300174
    y: -0.047753804319944235
    z: 0.9952361732923757
  orientation:
    x: 0.9419705743628453
    y: -0.32328877943269535
    z: 0.09016903028973128
    w: -0.006734100092732652
---
header:
  stamp:
    sec: 1788573267
    nanosec: 62993000
  frame_id: default_cam
pose:
  position:
    x: -0.13591494155300174
    y: -0.047753804319944235
    z: 0.9952361732923757
  orientation:
    x: 0.9419705743628453
    y: -0.32328877943269535
    z: 0.09016903028973128
    w: -0.006734100092732652
---
header:
  stamp:
    sec: 1788573267
    nanosec: 94992000
  frame_id: default_cam
pose:
  position:
    x: -0.13591494155300174
    y: -0.047753804319944235
    z: 0.9952361732923757
  orientation:
    x: 0.9419705743628453
    y: -0.32328877943269535
    z: 0.09016903028973128
    w: -0.006734100092732652
---
header:
  stamp:
    sec: 1788573267
    nanosec: 126994000
  frame_id: default_cam
pose:
  position:
    x: -0.13585208512515926
    y: -0.04764300234249094
    z: 0.9941894916656856
  orientation:
    x: 0.9452961424112369
    y: -0.31326949496424966
    z: 0.09070562419783644
    w: -0.007065154362029686
---
header:
  stamp:
    sec: 1788573267
    nanosec: 162994000
  frame_id: default_cam
pose:
  position:
    x: -0.13591494155300174
    y: -0.0477538043199442
    z: 0.9952361732923756
  orientation:
    x: 0.9419705743628447
    y: -0.32328877943269707
    z: 0.09016903028973108
    w: -0.006734100092732566
---
header:
  stamp:
    sec: 1788573267
    nanosec: 194991000
  frame_id: default_cam
pose:
  position:
    x: -0.13591494155300174
    y: -0.0477538043199442
    z: 0.9952361732923756
  orientation:
    x: 0.9419705743628447
    y: -0.32328877943269707
    z: 0.09016903028973108
    w: -0.006734100092732566
---
header:
  stamp:
    sec: 1788573267
    nanosec: 226994000
  frame_id: default_cam
pose:
  position:
    x: -0.13591494155300174
    y: -0.0477538043199442
    z: 0.9952361732923756
  orientation:
    x: 0.9419705743628447
    y: -0.32328877943269707
    z: 0.09016903028973108
    w: -0.006734100092732566
---
header:
  stamp:
    sec: 1788573267
    nanosec: 262994000
  frame_id: default_cam
pose:
  position:
    x: -0.13591494155300174
    y: -0.0477538043199442
    z: 0.9952361732923756
  orientation:
    x: 0.9419705743628447
    y: -0.32328877943269707
    z: 0.09016903028973108
    w: -0.006734100092732566
---
header:
  stamp:
    sec: 1788573267
    nanosec: 294994000
  frame_id: default_cam
pose:
  position:
    x: -0.13591494155300174
    y: -0.0477538043199442
    z: 0.9952361732923756
  orientation:
    x: 0.9419705743628447
    y: -0.32328877943269707
    z: 0.09016903028973108
    w: -0.006734100092732566
---
header:
  stamp:
    sec: 1788573267
    nanosec: 326993000
  frame_id: default_cam
pose:
  position:
    x: -0.13591494155300174
    y: -0.0477538043199442
    z: 0.9952361732923756
  orientation:
    x: 0.9419705743628447
    y: -0.32328877943269707
    z: 0.09016903028973108
    w: -0.006734100092732566
---
header:
  stamp:
    sec: 1788573267
    nanosec: 362992000
  frame_id: default_cam
pose:
  position:
    x: -0.13591494155300174
    y: -0.0477538043199442
    z: 0.9952361732923756
  orientation:
    x: 0.9419705743628447
    y: -0.32328877943269707
    z: 0.09016903028973108
    w: -0.006734100092732566
---
header:
  stamp:
    sec: 1788573267
    nanosec: 394995000
  frame_id: default_cam
pose:
  position:
    x: -0.13588331610608914
    y: -0.04773147271584068
    z: 0.994970743337978
  orientation:
    x: 0.9389367705650848
    y: -0.3320677704212316
    z: 0.0899376562198007
    w: -0.006320974764257696
---
header:
  stamp:
    sec: 1788573267
    nanosec: 426995000
  frame_id: default_cam
pose:
  position:
    x: -0.13591494005346585
    y: -0.04775380505592369
    z: 0.9952361702766173
  orientation:
    x: 0.941970430776018
    y: -0.3232891980722058
    z: 0.09016903067270943
    w: -0.006734082047100288
---
header:
  stamp:
    sec: 1788573267
    nanosec: 462997000
  frame_id: default_cam
pose:
  position:
    x: -0.13591494005346585
    y: -0.04775380505592369
    z: 0.9952361702766173
  orientation:
    x: 0.941970430776018
    y: -0.3232891980722058
    z: 0.09016903067270943
    w: -0.006734082047100288
---
header:
  stamp:
    sec: 1788573267
    nanosec: 494996000
  frame_id: default_cam
pose:
  position:
    x: -0.13591494005346585
    y: -0.04775380505592369
    z: 0.9952361702766173
  orientation:
    x: 0.941970430776018
    y: -0.3232891980722058
    z: 0.09016903067270943
    w: -0.006734082047100288
---
header:
  stamp:
    sec: 1788573267
    nanosec: 526994000
  frame_id: default_cam
pose:
  position:
    x: -0.13591494005346585
    y: -0.04775380505592369
    z: 0.9952361702766173
  orientation:
    x: 0.941970430776018
    y: -0.3232891980722058
    z: 0.09016903067270943
    w: -0.006734082047100288
---
header:
  stamp:
    sec: 1788573267
    nanosec: 562994000
  frame_id: default_cam
pose:
  position:
    x: -0.13591494005346585
    y: -0.04775380505592369
    z: 0.9952361702766173
  orientation:
    x: 0.941970430776018
    y: -0.3232891980722058
    z: 0.09016903067270943
    w: -0.006734082047100288
---
header:
  stamp:
    sec: 1788573267
    nanosec: 594993000
  frame_id: default_cam
pose:
  position:
    x: -0.13591494005346585
    y: -0.04775380505592369
    z: 0.9952361702766173
  orientation:
    x: 0.941970430776018
    y: -0.3232891980722058
    z: 0.09016903067270943
    w: -0.006734082047100288
---
header:
  stamp:
    sec: 1788573267
    nanosec: 626997000
  frame_id: default_cam
pose:
  position:
    x: -0.13591494005346585
    y: -0.04775380505592369
    z: 0.9952361702766173
  orientation:
    x: 0.941970430776018
    y: -0.3232891980722058
    z: 0.09016903067270943
    w: -0.006734082047100288
---
header:
  stamp:
    sec: 1788573267
    nanosec: 662995000
  frame_id: default_cam
pose:
  position:
    x: -0.13591494005346585
    y: -0.04775380505592369
    z: 0.9952361702766173
  orientation:
    x: 0.941970430776018
    y: -0.3232891980722058
    z: 0.09016903067270943
    w: -0.006734082047100288
---
header:
  stamp:
    sec: 1788573267
    nanosec: 694996000
  frame_id: default_cam
pose:
  position:
    x: -0.13591494005346585
    y: -0.04775380505592369
    z: 0.9952361702766173
  orientation:
    x: 0.941970430776018
    y: -0.3232891980722058
    z: 0.09016903067270943
    w: -0.006734082047100288
---
header:
  stamp:
    sec: 1788573267
    nanosec: 726994000
  frame_id: default_cam
pose:
  position:
    x: -0.13591494005346585
    y: -0.04775380505592369
    z: 0.9952361702766173
  orientation:
    x: 0.941970430776018
    y: -0.3232891980722058
    z: 0.09016903067270943
    w: -0.006734082047100288
---
header:
  stamp:
    sec: 1788573267
    nanosec: 762997000
  frame_id: default_cam
pose:
  position:
    x: -0.13591494005346585
    y: -0.04775380505592369
    z: 0.9952361702766173
  orientation:
    x: 0.941970430776018
    y: -0.3232891980722058
    z: 0.09016903067270943
    w: -0.006734082047100288
---
header:
  stamp:
    sec: 1788573267
    nanosec: 794995000
  frame_id: default_cam
pose:
  position:
    x: -0.13591494005346585
    y: -0.04775380505592369
    z: 0.9952361702766173
  orientation:
    x: 0.941970430776018
    y: -0.3232891980722058
    z: 0.09016903067270943
    w: -0.006734082047100288
---
header:
  stamp:
    sec: 1788573267
    nanosec: 826996000
  frame_id: default_cam
pose:
  position:
    x: -0.13591494005346585
    y: -0.04775380505592369
    z: 0.9952361702766173
  orientation:
    x: 0.941970430776018
    y: -0.3232891980722058
    z: 0.09016903067270943
    w: -0.006734082047100288
---
header:
  stamp:
    sec: 1788573267
    nanosec: 862997000
  frame_id: default_cam
pose:
  position:
    x: -0.13591494005346585
    y: -0.04775380505592369
    z: 0.9952361702766173
  orientation:
    x: 0.941970430776018
    y: -0.3232891980722058
    z: 0.09016903067270943
    w: -0.006734082047100288
---
header:
  stamp:
    sec: 1788573267
    nanosec: 894996000
  frame_id: default_cam
pose:
  position:
    x: -0.13591494005346585
    y: -0.04775380505592369
    z: 0.9952361702766173
  orientation:
    x: 0.941970430776018
    y: -0.3232891980722058
    z: 0.09016903067270943
    w: -0.006734082047100288
---
header:
  stamp:
    sec: 1788573267
    nanosec: 926997000
  frame_id: default_cam
pose:
  position:
    x: -0.13591494005346585
    y: -0.04775380505592369
    z: 0.9952361702766173
  orientation:
    x: 0.941970430776018
    y: -0.3232891980722058
    z: 0.09016903067270943
    w: -0.006734082047100288
---
header:
  stamp:
    sec: 1788573267
    nanosec: 962998000
  frame_id: default_cam
pose:
  position:
    x: -0.13591494005346585
    y: -0.04775380505592369
    z: 0.9952361702766173
  orientation:
    x: 0.941970430776018
    y: -0.3232891980722058
    z: 0.09016903067270943
    w: -0.006734082047100288
---
header:
  stamp:
    sec: 1788573267
    nanosec: 994995000
  frame_id: default_cam
pose:
  position:
    x: -0.13591494005346585
    y: -0.04775380505592369
    z: 0.9952361702766173
  orientation:
    x: 0.941970430776018
    y: -0.3232891980722058
    z: 0.09016903067270943
    w: -0.006734082047100288
---
header:
  stamp:
    sec: 1788573268
    nanosec: 26999000
  frame_id: default_cam
pose:
  position:
    x: -0.13591494005346585
    y: -0.04775380505592369
    z: 0.9952361702766173
  orientation:
    x: 0.941970430776018
    y: -0.3232891980722058
    z: 0.09016903067270943
    w: -0.006734082047100288
---
header:
  stamp:
    sec: 1788573268
    nanosec: 62998000
  frame_id: default_cam
pose:
  position:
    x: -0.13591494005346585
    y: -0.04775380505592369
    z: 0.9952361702766173
  orientation:
    x: 0.941970430776018
    y: -0.3232891980722058
    z: 0.09016903067270943
    w: -0.006734082047100288
---
header:
  stamp:
    sec: 1788573268
    nanosec: 94997000
  frame_id: default_cam
pose:
  position:
    x: -0.13591494005346585
    y: -0.04775380505592369
    z: 0.9952361702766173
  orientation:
    x: 0.941970430776018
    y: -0.3232891980722058
    z: 0.09016903067270943
    w: -0.006734082047100288
---
header:
  stamp:
    sec: 1788573268
    nanosec: 126998000
  frame_id: default_cam
pose:
  position:
    x: -0.13591494005346585
    y: -0.04775380505592369
    z: 0.9952361702766173
  orientation:
    x: 0.941970430776018
    y: -0.3232891980722058
    z: 0.09016903067270943
    w: -0.006734082047100288
---
header:
  stamp:
    sec: 1788573268
    nanosec: 162999000
  frame_id: default_cam
pose:
  position:
    x: -0.13591494005346585
    y: -0.04775380505592369
    z: 0.9952361702766173
  orientation:
    x: 0.941970430776018
    y: -0.3232891980722058
    z: 0.09016903067270943
    w: -0.006734082047100288
---
header:
  stamp:
    sec: 1788573268
    nanosec: 194998000
  frame_id: default_cam
pose:
  position:
    x: -0.13591494005346585
    y: -0.04775380505592369
    z: 0.9952361702766173
  orientation:
    x: 0.941970430776018
    y: -0.3232891980722058
    z: 0.09016903067270943
    w: -0.006734082047100288
---
header:
  stamp:
    sec: 1788573268
    nanosec: 226999000
  frame_id: default_cam
pose:
  position:
    x: -0.13591494005346585
    y: -0.04775380505592369
    z: 0.9952361702766173
  orientation:
    x: 0.941970430776018
    y: -0.3232891980722058
    z: 0.09016903067270943
    w: -0.006734082047100288
---
header:
  stamp:
    sec: 1788573268
    nanosec: 263000000
  frame_id: default_cam
pose:
  position:
    x: -0.13591494005346585
    y: -0.04775380505592369
    z: 0.9952361702766173
  orientation:
    x: 0.941970430776018
    y: -0.3232891980722058
    z: 0.09016903067270943
    w: -0.006734082047100288
---
header:
  stamp:
    sec: 1788573268
    nanosec: 295000000
  frame_id: default_cam
pose:
  position:
    x: -0.13591494005346585
    y: -0.04775380505592369
    z: 0.9952361702766173
  orientation:
    x: 0.941970430776018
    y: -0.3232891980722058
    z: 0.09016903067270943
    w: -0.006734082047100288
---
header:
  stamp:
    sec: 1788573268
    nanosec: 327001000
  frame_id: default_cam
pose:
  position:
    x: -0.13591494005346585
    y: -0.04775380505592369
    z: 0.9952361702766173
  orientation:
    x: 0.941970430776018
    y: -0.3232891980722058
    z: 0.09016903067270943
    w: -0.006734082047100288
---
header:
  stamp:
    sec: 1788573268
    nanosec: 363001000
  frame_id: default_cam
pose:
  position:
    x: -0.13591494005346585
    y: -0.04775380505592369
    z: 0.9952361702766173
  orientation:
    x: 0.941970430776018
    y: -0.3232891980722058
    z: 0.09016903067270943
    w: -0.006734082047100288
---
header:
  stamp:
    sec: 1788573268
    nanosec: 394999000
  frame_id: default_cam
pose:
  position:
    x: -0.13591494005346585
    y: -0.04775380505592369
    z: 0.9952361702766173
  orientation:
    x: 0.941970430776018
    y: -0.3232891980722058
    z: 0.09016903067270943
    w: -0.006734082047100288
---
header:
  stamp:
    sec: 1788573268
    nanosec: 427000000
  frame_id: default_cam
pose:
  position:
    x: -0.1358520851251659
    y: -0.04764300234246725
    z: 0.9941894916656447
  orientation:
    x: 0.945296142412547
    y: -0.31326949496034084
    z: 0.09070562419770277
    w: -0.007065154361772704
---
header:
  stamp:
    sec: 1788573268
    nanosec: 463001000
  frame_id: default_cam
pose:
  position:
    x: -0.1359149415530017
    y: -0.047753804319944186
    z: 0.9952361732923753
  orientation:
    x: 0.9419705743628447
    y: -0.32328877943269696
    z: 0.0901690302897315
    w: -0.006734100092732427
---
header:
  stamp:
    sec: 1788573268
    nanosec: 495001000
  frame_id: default_cam
pose:
  position:
    x: -0.1359149415530017
    y: -0.047753804319944186
    z: 0.9952361732923753
  orientation:
    x: 0.9419705743628447
    y: -0.32328877943269696
    z: 0.0901690302897315
    w: -0.006734100092732427
---
header:
  stamp:
    sec: 1788573268
    nanosec: 527001000
  frame_id: default_cam
pose:
  position:
    x: -0.1359149415530017
    y: -0.047753804319944186
    z: 0.9952361732923753
  orientation:
    x: 0.9419705743628447
    y: -0.32328877943269696
    z: 0.0901690302897315
    w: -0.006734100092732427
---
header:
  stamp:
    sec: 1788573268
    nanosec: 563001000
  frame_id: default_cam
pose:
  position:
    x: -0.13585208512515923
    y: -0.04764300234249092
    z: 0.9941894916656855
  orientation:
    x: 0.9452961424112374
    y: -0.3132694949642479
    z: 0.09070562419783788
    w: -0.007065154362029364
---
header:
  stamp:
    sec: 1788573268
    nanosec: 595000000
  frame_id: default_cam
pose:
  position:
    x: -0.13591494155300174
    y: -0.04775380431994423
    z: 0.9952361732923756
  orientation:
    x: 0.9419705743628448
    y: -0.32328877943269646
    z: 0.09016903028973211
    w: -0.006734100092732263
---
header:
  stamp:
    sec: 1788573268
    nanosec: 627001000
  frame_id: default_cam
pose:
  position:
    x: -0.13591494155300174
    y: -0.04775380431994423
    z: 0.9952361732923756
  orientation:
    x: 0.9419705743628448
    y: -0.32328877943269646
    z: 0.09016903028973211
    w: -0.006734100092732263
---
header:
  stamp:
    sec: 1788573268
    nanosec: 663002000
  frame_id: default_cam
pose:
  position:
    x: -0.13585208512515917
    y: -0.04764300234249092
    z: 0.9941894916656854
  orientation:
    x: 0.9452961424112369
    y: -0.313269494964249
    z: 0.090705624197839
    w: -0.007065154362028877
---
header:
  stamp:
    sec: 1788573268
    nanosec: 695002000
  frame_id: default_cam
pose:
  position:
    x: -0.1359149415530017
    y: -0.04775380431994421
    z: 0.9952361732923755
  orientation:
    x: 0.9419705743628455
    y: -0.3232887794326949
    z: 0.09016903028973072
    w: -0.006734100092732904
---
header:
  stamp:
    sec: 1788573268
    nanosec: 727001000
  frame_id: default_cam
pose:
  position:
    x: -0.1358520851251592
    y: -0.047643002342490914
    z: 0.9941894916656855
  orientation:
    x: 0.9452961424112369
    y: -0.3132694949642488
    z: 0.09070562419783883
    w: -0.007065154362028961
---
header:
  stamp:
    sec: 1788573268
    nanosec: 763002000
  frame_id: default_cam
pose:
  position:
    x: -0.13588331709523996
    y: -0.04773147037314405
    z: 0.9949707405698797
  orientation:
    x: 0.9389369349047778
    y: -0.33206730748179125
    z: 0.08993765121102243
    w: -0.006320954679403303
---
header:
  stamp:
    sec: 1788573268
    nanosec: 795002000
  frame_id: default_cam
pose:
  position:
    x: -0.13591494005348848
    y: -0.04775380505594228
    z: 0.9952361702767406
  orientation:
    x: 0.9419704307770705
    y: -0.3232891980691309
    z: 0.09016903067267834
    w: -0.006734082047902678
---
header:
  stamp:
    sec: 1788573268
    nanosec: 827002000
  frame_id: default_cam
pose:
  position:
    x: -0.13588331610607127
    y: -0.04773147271592747
    z: 0.9949707433381473
  orientation:
    x: 0.9389367705604197
    y: -0.33206777043435187
    z: 0.08993765621998398
    w: -0.006320974765377461
---
header:
  stamp:
    sec: 1788573268
    nanosec: 863002000
  frame_id: default_cam
pose:
  position:
    x: -0.13588331610607127
    y: -0.04773147271592747
    z: 0.9949707433381473
  orientation:
    x: 0.9389367705604197
    y: -0.33206777043435187
    z: 0.08993765621998398
    w: -0.006320974765377461
---
header:
  stamp:
    sec: 1788573268
    nanosec: 895002000
  frame_id: default_cam
pose:
  position:
    x: -0.13588331610607127
    y: -0.04773147271592747
    z: 0.9949707433381473
  orientation:
    x: 0.9389367705604197
    y: -0.33206777043435187
    z: 0.08993765621998398
    w: -0.006320974765377461
---
header:
  stamp:
    sec: 1788573268
    nanosec: 927003000
  frame_id: default_cam
pose:
  position:
    x: -0.13591494005346583
    y: -0.04775380505592367
    z: 0.995236170276617
  orientation:
    x: 0.9419704307760193
    y: -0.3232891980722024
    z: 0.09016903067270829
    w: -0.006734082047099145
---
header:
  stamp:
    sec: 1788573268
    nanosec: 963005000
  frame_id: default_cam
pose:
  position:
    x: -0.13588331610607124
    y: -0.04773147271592744
    z: 0.9949707433381471
  orientation:
    x: 0.9389367705604201
    y: -0.3320677704343502
    z: 0.08993765621998474
    w: -0.006320974765379209
---
header:
  stamp:
    sec: 1788573268
    nanosec: 995005000
  frame_id: default_cam
pose:
  position:
    x: -0.13588331610607124
    y: -0.04773147271592744
    z: 0.9949707433381471
  orientation:
    x: 0.9389367705604201
    y: -0.3320677704343502
    z: 0.08993765621998474
    w: -0.006320974765379209
---
header:
  stamp:
    sec: 1788573269
    nanosec: 27004000
  frame_id: default_cam
pose:
  position:
    x: -0.13591494005346585
    y: -0.0477538050559237
    z: 0.9952361702766174
  orientation:
    x: 0.9419704307760187
    y: -0.3232891980722035
    z: 0.09016903067270976
    w: -0.006734082047102248
---
header:
  stamp:
    sec: 1788573269
    nanosec: 63006000
  frame_id: default_cam
pose:
  position:
    x: -0.1358833161060712
    y: -0.04773147271592742
    z: 0.9949707433381467
  orientation:
    x: 0.93893677056042
    y: -0.33206777043435054
    z: 0.08993765621998456
    w: -0.0063209747653792305
---
header:
  stamp:
    sec: 1788573269
    nanosec: 95004000
  frame_id: default_cam
pose:
  position:
    x: -0.1358833161060712
    y: -0.04773147271592742
    z: 0.9949707433381467
  orientation:
    x: 0.93893677056042
    y: -0.33206777043435054
    z: 0.08993765621998456
    w: -0.0063209747653792305
---
header:
  stamp:
    sec: 1788573269
    nanosec: 127004000
  frame_id: default_cam
pose:
  position:
    x: -0.13591494005346583
    y: -0.047753805055923686
    z: 0.9952361702766171
  orientation:
    x: 0.9419704307760186
    y: -0.3232891980722045
    z: 0.09016903067270828
    w: -0.006734082047100803
---
header:
  stamp:
    sec: 1788573269
    nanosec: 163004000
  frame_id: default_cam
pose:
  position:
    x: -0.1358520851251659
    y: -0.04764300234246726
    z: 0.9941894916656447
  orientation:
    x: 0.945296142412546
    y: -0.3132694949603438
    z: 0.09070562419770319
    w: -0.007065154361772281
---
header:
  stamp:
    sec: 1788573269
    nanosec: 195005000
  frame_id: default_cam
pose:
  position:
    x: -0.13591494155300174
    y: -0.04775380431994423
    z: 0.9952361732923756
  orientation:
    x: 0.941970574362845
    y: -0.3232887794326962
    z: 0.09016903028973096
    w: -0.006734100092732716
---
header:
  stamp:
    sec: 1788573269
    nanosec: 227005000
  frame_id: default_cam
pose:
  position:
    x: -0.13591494155300174
    y: -0.04775380431994423
    z: 0.9952361732923756
  orientation:
    x: 0.941970574362845
    y: -0.3232887794326962
    z: 0.09016903028973096
    w: -0.006734100092732716
---
header:
  stamp:
    sec: 1788573269
    nanosec: 263004000
  frame_id: default_cam
pose:
  position:
    x: -0.13588331610608914
    y: -0.04773147271584071
    z: 0.994970743337978
  orientation:
    x: 0.9389367705650852
    y: -0.3320677704212308
    z: 0.08993765621980052
    w: -0.006320974764257849
---
header:
  stamp:
    sec: 1788573269
    nanosec: 295006000
  frame_id: default_cam
pose:
  position:
    x: -0.13591494005346583
    y: -0.0477538050559237
    z: 0.9952361702766171
  orientation:
    x: 0.9419704307760179
    y: -0.3232891980722064
    z: 0.09016903067270875
    w: -0.006734082047100472
---
header:
  stamp:
    sec: 1788573269
    nanosec: 327005000
  frame_id: default_cam
pose:
  position:
    x: -0.13591494005346583
    y: -0.0477538050559237
    z: 0.9952361702766171
  orientation:
    x: 0.9419704307760179
    y: -0.3232891980722064
    z: 0.09016903067270875
    w: -0.006734082047100472
---
header:
  stamp:
    sec: 1788573269
    nanosec: 363005000
  frame_id: default_cam
pose:
  position:
    x: -0.13591494005346583
    y: -0.0477538050559237
    z: 0.9952361702766171
  orientation:
    x: 0.9419704307760179
    y: -0.3232891980722064
    z: 0.09016903067270875
    w: -0.006734082047100472
---
header:
  stamp:
    sec: 1788573269
    nanosec: 395005000
  frame_id: default_cam
pose:
  position:
    x: -0.13591494005346583
    y: -0.0477538050559237
    z: 0.9952361702766171
  orientation:
    x: 0.9419704307760179
    y: -0.3232891980722064
    z: 0.09016903067270875
    w: -0.006734082047100472
---
header:
  stamp:
    sec: 1788573269
    nanosec: 427007000
  frame_id: default_cam
pose:
  position:
    x: -0.13591494005346583
    y: -0.0477538050559237
    z: 0.9952361702766171
  orientation:
    x: 0.9419704307760179
    y: -0.3232891980722064
    z: 0.09016903067270875
    w: -0.006734082047100472
---
header:
  stamp:
    sec: 1788573269
    nanosec: 463009000
  frame_id: default_cam
pose:
  position:
    x: -0.13591494005346583
    y: -0.0477538050559237
    z: 0.9952361702766171
  orientation:
    x: 0.9419704307760179
    y: -0.3232891980722064
    z: 0.09016903067270875
    w: -0.006734082047100472
---
header:
  stamp:
    sec: 1788573269
    nanosec: 495006000
  frame_id: default_cam
pose:
  position:
    x: -0.13591494005346583
    y: -0.0477538050559237
    z: 0.9952361702766171
  orientation:
    x: 0.9419704307760179
    y: -0.3232891980722064
    z: 0.09016903067270875
    w: -0.006734082047100472
---
header:
  stamp:
    sec: 1788573269
    nanosec: 527007000
  frame_id: default_cam
pose:
  position:
    x: -0.13591494005346583
    y: -0.0477538050559237
    z: 0.9952361702766171
  orientation:
    x: 0.9419704307760179
    y: -0.3232891980722064
    z: 0.09016903067270875
    w: -0.006734082047100472
---
header:
  stamp:
    sec: 1788573269
    nanosec: 563008000
  frame_id: default_cam
pose:
  position:
    x: -0.13591494005346583
    y: -0.0477538050559237
    z: 0.9952361702766171
  orientation:
    x: 0.9419704307760179
    y: -0.3232891980722064
    z: 0.09016903067270875
    w: -0.006734082047100472
---
header:
  stamp:
    sec: 1788573269
    nanosec: 595006000
  frame_id: default_cam
pose:
  position:
    x: -0.1358833161060712
    y: -0.04773147271592742
    z: 0.9949707433381468
  orientation:
    x: 0.9389367705604197
    y: -0.33206777043435165
    z: 0.08993765621998459
    w: -0.0063209747653791264
---
header:
  stamp:
    sec: 1788573269
    nanosec: 627009000
  frame_id: default_cam
pose:
  position:
    x: -0.1358833161060712
    y: -0.04773147271592742
    z: 0.9949707433381468
  orientation:
    x: 0.9389367705604197
    y: -0.33206777043435165
    z: 0.08993765621998459
    w: -0.0063209747653791264
---
header:
  stamp:
    sec: 1788573269
    nanosec: 663010000
  frame_id: default_cam
pose:
  position:
    x: -0.1358833161060712
    y: -0.04773147271592742
    z: 0.9949707433381468
  orientation:
    x: 0.9389367705604197
    y: -0.33206777043435165
    z: 0.08993765621998459
    w: -0.0063209747653791264
---
header:
  stamp:
    sec: 1788573269
    nanosec: 695008000
  frame_id: default_cam
pose:
  position:
    x: -0.13591494005346572
    y: -0.04775380505592361
    z: 0.9952361702766163
  orientation:
    x: 0.9419704307760188
    y: -0.32328919807220374
    z: 0.09016903067270812
    w: -0.00673408204709908
---
header:
  stamp:
    sec: 1788573269
    nanosec: 727009000
  frame_id: default_cam
pose:
  position:
    x: -0.13591494005346572
    y: -0.04775380505592361
    z: 0.9952361702766163
  orientation:
    x: 0.9419704307760188
    y: -0.32328919807220374
    z: 0.09016903067270812
    w: -0.00673408204709908
---
header:
  stamp:
    sec: 1788573269
    nanosec: 763012000
  frame_id: default_cam
pose:
  position:
    x: -0.13591494005346572
    y: -0.04775380505592361
    z: 0.9952361702766163
  orientation:
    x: 0.9419704307760188
    y: -0.32328919807220374
    z: 0.09016903067270812
    w: -0.00673408204709908
---
header:
  stamp:
    sec: 1788573269
    nanosec: 795009000
  frame_id: default_cam
pose:
  position:
    x: -0.13591494005346572
    y: -0.04775380505592361
    z: 0.9952361702766163
  orientation:
    x: 0.9419704307760188
    y: -0.32328919807220374
    z: 0.09016903067270812
    w: -0.00673408204709908
---
header:
  stamp:
    sec: 1788573269
    nanosec: 827009000
  frame_id: default_cam
pose:
  position:
    x: -0.13588331610607124
    y: -0.04773147271592742
    z: 0.994970743338147
  orientation:
    x: 0.93893677056042
    y: -0.3320677704343507
    z: 0.08993765621998383
    w: -0.0063209747653776216
---
header:
  stamp:
    sec: 1788573269
    nanosec: 863008000
  frame_id: default_cam
pose:
  position:
    x: -0.13591494005346583
    y: -0.04775380505592367
    z: 0.9952361702766173
  orientation:
    x: 0.9419704307760186
    y: -0.3232891980722043
    z: 0.09016903067270936
    w: -0.006734082047100436
---
header:
  stamp:
    sec: 1788573269
    nanosec: 895010000
  frame_id: default_cam
pose:
  position:
    x: -0.13591494005346583
    y: -0.04775380505592367
    z: 0.9952361702766173
  orientation:
    x: 0.9419704307760186
    y: -0.3232891980722043
    z: 0.09016903067270936
    w: -0.006734082047100436
---
header:
  stamp:
    sec: 1788573269
    nanosec: 927009000
  frame_id: default_cam
pose:
  position:
    x: -0.13591494005346583
    y: -0.04775380505592367
    z: 0.9952361702766173
  orientation:
    x: 0.9419704307760186
    y: -0.3232891980722043
    z: 0.09016903067270936
    w: -0.006734082047100436
---
header:
  stamp:
    sec: 1788573269
    nanosec: 963009000
  frame_id: default_cam
pose:
  position:
    x: -0.1358210210172383
    y: -0.04762087943104243
    z: 0.9939276412259669
  orientation:
    x: 0.9423639592053634
    y: -0.32205770704018866
    z: 0.09046930433506911
    w: -0.0066563278116895585
---
header:
  stamp:
    sec: 1788573269
    nanosec: 995010000
  frame_id: default_cam
pose:
  position:
    x: -0.13591494093314488
    y: -0.04775380541410888
    z: 0.9952361741295577
  orientation:
    x: 0.941970485310151
    y: -0.32328903884546895
    z: 0.09016903002498702
    w: -0.006734106569133642
---
header:
  stamp:
    sec: 1788573270
    nanosec: 27008000
  frame_id: default_cam
pose:
  position:
    x: -0.13588331610608106
    y: -0.047731472715907594
    z: 0.9949707433381277
  orientation:
    x: 0.9389367705619274
    y: -0.33206777043010544
    z: 0.0899376562199316
    w: -0.006320974765241503
---
header:
  stamp:
    sec: 1788573270
    nanosec: 63010000
  frame_id: default_cam
pose:
  position:
    x: -0.13588331610608106
    y: -0.047731472715907594
    z: 0.9949707433381277
  orientation:
    x: 0.9389367705619274
    y: -0.33206777043010544
    z: 0.0899376562199316
    w: -0.006320974765241503
---
header:
  stamp:
    sec: 1788573270
    nanosec: 95009000
  frame_id: default_cam
pose:
  position:
    x: -0.13591494005346585
    y: -0.0477538050559237
    z: 0.9952361702766174
  orientation:
    x: 0.9419704307760189
    y: -0.3232891980722035
    z: 0.09016903067270828
    w: -0.0067340820471009045
---
header:
  stamp:
    sec: 1788573270
    nanosec: 127012000
  frame_id: default_cam
pose:
  position:
    x: -0.13591494005346585
    y: -0.0477538050559237
    z: 0.9952361702766174
  orientation:
    x: 0.9419704307760189
    y: -0.3232891980722035
    z: 0.09016903067270828
    w: -0.0067340820471009045
---
header:
  stamp:
    sec: 1788573270
    nanosec: 163010000
  frame_id: default_cam
pose:
  position:
    x: -0.13588331610607124
    y: -0.04773147271592743
    z: 0.9949707433381471
  orientation:
    x: 0.9389367705604192
    y: -0.3320677704343528
    z: 0.08993765621998384
    w: -0.006320974765377416
---
header:
  stamp:
    sec: 1788573270
    nanosec: 195011000
  frame_id: default_cam
pose:
  position:
    x: -0.13591494005346583
    y: -0.04775380505592367
    z: 0.9952361702766171
  orientation:
    x: 0.9419704307760185
    y: -0.32328919807220496
    z: 0.09016903067270793
    w: -0.006734082047100905
---
header:
  stamp:
    sec: 1788573270
    nanosec: 227013000
  frame_id: default_cam
pose:
  position:
    x: -0.13591494005346583
    y: -0.04775380505592367
    z: 0.9952361702766171
  orientation:
    x: 0.9419704307760185
    y: -0.32328919807220496
    z: 0.09016903067270793
    w: -0.006734082047100905
---
header:
  stamp:
    sec: 1788573270
    nanosec: 263010000
  frame_id: default_cam
pose:
  position:
    x: -0.13591494005346583
    y: -0.04775380505592367
    z: 0.9952361702766171
  orientation:
    x: 0.9419704307760185
    y: -0.32328919807220496
    z: 0.09016903067270793
    w: -0.006734082047100905
---
header:
  stamp:
    sec: 1788573270
    nanosec: 295011000
  frame_id: default_cam
pose:
  position:
    x: -0.1358520851251659
    y: -0.047643002342467246
    z: 0.9941894916656447
  orientation:
    x: 0.9452961424125459
    y: -0.3132694949603441
    z: 0.0907056241977028
    w: -0.007065154361772372
---
header:
  stamp:
    sec: 1788573270
    nanosec: 327013000
  frame_id: default_cam
pose:
  position:
    x: -0.13591494155300174
    y: -0.04775380431994421
    z: 0.9952361732923755
  orientation:
    x: 0.9419705743628449
    y: -0.3232887794326964
    z: 0.09016903028973058
    w: -0.0067341000927328065
---
header:
  stamp:
    sec: 1788573270
    nanosec: 363013000
  frame_id: default_cam
pose:
  position:
    x: -0.13585208512515926
    y: -0.04764300234249094
    z: 0.9941894916656857
  orientation:
    x: 0.9452961424112379
    y: -0.31326949496424605
    z: 0.0907056241978385
    w: -0.007065154362029319
---
header:
  stamp:
    sec: 1788573270
    nanosec: 395012000
  frame_id: default_cam
pose:
  position:
    x: -0.13585208512515926
    y: -0.04764300234249094
    z: 0.9941894916656857
  orientation:
    x: 0.9452961424112379
    y: -0.31326949496424605
    z: 0.0907056241978385
    w: -0.007065154362029319
---
header:
  stamp:
    sec: 1788573270
    nanosec: 427015000
  frame_id: default_cam
pose:
  position:
    x: -0.13591494155300177
    y: -0.04775380431994422
    z: 0.9952361732923757
  orientation:
    x: 0.9419705743628451
    y: -0.3232887794326956
    z: 0.09016903028973093
    w: -0.006734100092732768
---
header:
  stamp:
    sec: 1788573270
    nanosec: 463014000
  frame_id: default_cam
pose:
  position:
    x: -0.13588331610608914
    y: -0.0477314727158407
    z: 0.994970743337978
  orientation:
    x: 0.9389367705650852
    y: -0.3320677704212308
    z: 0.0899376562198005
    w: -0.006320974764257852
---
header:
  stamp:
    sec: 1788573270
    nanosec: 495015000
  frame_id: default_cam
pose:
  position:
    x: -0.13588331610608914
    y: -0.0477314727158407
    z: 0.994970743337978
  orientation:
    x: 0.9389367705650852
    y: -0.3320677704212308
    z: 0.0899376562198005
    w: -0.006320974764257852
---
header:
  stamp:
    sec: 1788573270
    nanosec: 527013000
  frame_id: default_cam
pose:
  position:
    x: -0.13591494005346585
    y: -0.04775380505592369
    z: 0.9952361702766171
  orientation:
    x: 0.9419704307760179
    y: -0.3232891980722062
    z: 0.09016903067270877
    w: -0.0067340820471004864
---
header:
  stamp:
    sec: 1788573270
    nanosec: 563016000
  frame_id: default_cam
pose:
  position:
    x: -0.13588331610607124
    y: -0.047731472715927446
    z: 0.9949707433381471
  orientation:
    x: 0.9389367705604198
    y: -0.33206777043435126
    z: 0.08993765621998477
    w: -0.006320974765379107
---
header:
  stamp:
    sec: 1788573270
    nanosec: 595014000
  frame_id: default_cam
pose:
  position:
    x: -0.13588331610607124
    y: -0.047731472715927446
    z: 0.9949707433381471
  orientation:
    x: 0.9389367705604198
    y: -0.33206777043435126
    z: 0.08993765621998477
    w: -0.006320974765379107
---
header:
  stamp:
    sec: 1788573270
    nanosec: 627014000
  frame_id: default_cam
pose:
  position:
    x: -0.13582102094130566
    y: -0.047620879485725874
    z: 0.9939276411254776
  orientation:
    x: 0.9423639515910577
    y: -0.3220577290818515
    z: 0.09046930524085234
    w: -0.0066563270325945825
---
header:
  stamp:
    sec: 1788573270
    nanosec: 663015000
  frame_id: default_cam
pose:
  position:
    x: -0.13591494093314307
    y: -0.04775380541411017
    z: 0.9952361741295553
  orientation:
    x: 0.9419704853099595
    y: -0.3232890388460269
    z: 0.09016903002498858
    w: -0.006734106569118369
---
header:
  stamp:
    sec: 1788573270
    nanosec: 695015000
  frame_id: default_cam
pose:
  position:
    x: -0.13588331610608104
    y: -0.04773147271590759
    z: 0.9949707433381276
  orientation:
    x: 0.938936770561925
    y: -0.33206777043011165
    z: 0.08993765621993267
    w: -0.006320974765240542
---
header:
  stamp:
    sec: 1788573270
    nanosec: 727016000
  frame_id: default_cam
pose:
  position:
    x: -0.13588331610608104
    y: -0.04773147271590759
    z: 0.9949707433381276
  orientation:
    x: 0.938936770561925
    y: -0.33206777043011165
    z: 0.08993765621993267
    w: -0.006320974765240542
---
header:
  stamp:
    sec: 1788573270
    nanosec: 763016000
  frame_id: default_cam
pose:
  position:
    x: -0.1359149400534658
    y: -0.047753805055923665
    z: 0.9952361702766169
  orientation:
    x: 0.9419704307760195
    y: -0.3232891980722019
    z: 0.09016903067270846
    w: -0.006734082047100998
---
header:
  stamp:
    sec: 1788573270
    nanosec: 795013000
  frame_id: default_cam
pose:
  position:
    x: -0.1359149400534658
    y: -0.047753805055923665
    z: 0.9952361702766169
  orientation:
    x: 0.9419704307760195
    y: -0.3232891980722019
    z: 0.09016903067270846
    w: -0.006734082047100998
---
header:
  stamp:
    sec: 1788573270
    nanosec: 827016000
  frame_id: default_cam
pose:
  position:
    x: -0.1359149400534658
    y: -0.047753805055923665
    z: 0.9952361702766169
  orientation:
    x: 0.9419704307760195
    y: -0.3232891980722019
    z: 0.09016903067270846
    w: -0.006734082047100998
---
header:
  stamp:
    sec: 1788573270
    nanosec: 863017000
  frame_id: default_cam
pose:
  position:
    x: -0.13588331610607127
    y: -0.047731472715927446
    z: 0.9949707433381473
  orientation:
    x: 0.93893677056042
    y: -0.33206777043435054
    z: 0.08993765621998503
    w: -0.006320974765379064
---
header:
  stamp:
    sec: 1788573270
    nanosec: 895018000
  frame_id: default_cam
pose:
  position:
    x: -0.13588331610607127
    y: -0.047731472715927446
    z: 0.9949707433381473
  orientation:
    x: 0.93893677056042
    y: -0.33206777043435054
    z: 0.08993765621998503
    w: -0.006320974765379064
---
header:
  stamp:
    sec: 1788573270
    nanosec: 927016000
  frame_id: default_cam
pose:
  position:
    x: -0.13585208535972498
    y: -0.047643001009172424
    z: 0.9941894889173055
  orientation:
    x: 0.9452962053877831
    y: -0.3132693073807279
    z: 0.09070561711654128
    w: -0.007065136669919034
---
header:
  stamp:
    sec: 1788573270
    nanosec: 963016000
  frame_id: default_cam
pose:
  position:
    x: -0.1359149415530064
    y: -0.047753804319886205
    z: 0.9952361732922387
  orientation:
    x: 0.9419705743653898
    y: -0.3232887794252904
    z: 0.09016903028976858
    w: -0.006734100091801792
---
header:
  stamp:
    sec: 1788573270
    nanosec: 995024000
  frame_id: default_cam
pose:
  position:
    x: -0.1359149415530064
    y: -0.047753804319886205
    z: 0.9952361732922387
  orientation:
    x: 0.9419705743653898
    y: -0.3232887794252904
    z: 0.09016903028976858
    w: -0.006734100091801792
---
header:
  stamp:
    sec: 1788573271
    nanosec: 27017000
  frame_id: default_cam
pose:
  position:
    x: -0.1359149415530064
    y: -0.047753804319886205
    z: 0.9952361732922387
  orientation:
    x: 0.9419705743653898
    y: -0.3232887794252904
    z: 0.09016903028976858
    w: -0.006734100091801792
---
header:
  stamp:
    sec: 1788573271
    nanosec: 63015000
  frame_id: default_cam
pose:
  position:
    x: -0.1359149415530064
    y: -0.047753804319886205
    z: 0.9952361732922387
  orientation:
    x: 0.9419705743653898
    y: -0.3232887794252904
    z: 0.09016903028976858
    w: -0.006734100091801792
---
header:
  stamp:
    sec: 1788573271
    nanosec: 95024000
  frame_id: default_cam
pose:
  position:
    x: -0.13588331610608917
    y: -0.04773147271584073
    z: 0.9949707433379784
  orientation:
    x: 0.9389367705650842
    y: -0.3320677704212333
    z: 0.08993765621980146
    w: -0.006320974764257273
---
header:
  stamp:
    sec: 1788573271
    nanosec: 127018000
  frame_id: default_cam
pose:
  position:
    x: -0.13591494005346583
    y: -0.04775380505592367
    z: 0.995236170276617
  orientation:
    x: 0.9419704307760185
    y: -0.3232891980722053
    z: 0.09016903067270686
    w: -0.006734082047101233
---
header:
  stamp:
    sec: 1788573271
    nanosec: 163018000
  frame_id: default_cam
pose:
  position:
    x: -0.1358833161060712
    y: -0.047731472715927425
    z: 0.994970743338147
  orientation:
    x: 0.9389367705604194
    y: -0.3320677704343526
    z: 0.08993765621998412
    w: -0.006320974765379206
---
header:
  stamp:
    sec: 1788573271
    nanosec: 195018000
  frame_id: default_cam
pose:
  position:
    x: -0.13591494005346572
    y: -0.04775380505592362
    z: 0.9952361702766163
  orientation:
    x: 0.9419704307760206
    y: -0.3232891980721986
    z: 0.09016903067270866
    w: -0.0067340820471012254
---
header:
  stamp:
    sec: 1788573271
    nanosec: 227020000
  frame_id: default_cam
pose:
  position:
    x: -0.13591494005346572
    y: -0.04775380505592362
    z: 0.9952361702766163
  orientation:
    x: 0.9419704307760206
    y: -0.3232891980721986
    z: 0.09016903067270866
    w: -0.0067340820471012254
---
header:
  stamp:
    sec: 1788573271
    nanosec: 263018000
  frame_id: default_cam
pose:
  position:
    x: -0.13588331610607124
    y: -0.04773147271592745
    z: 0.9949707433381472
  orientation:
    x: 0.9389367705604192
    y: -0.3320677704343527
    z: 0.0899376562199844
    w: -0.0063209747653790805
---
header:
  stamp:
    sec: 1788573271
    nanosec: 295019000
  frame_id: default_cam
pose:
  position:
    x: -0.13588331610607124
    y: -0.04773147271592745
    z: 0.9949707433381472
  orientation:
    x: 0.9389367705604192
    y: -0.3320677704343527
    z: 0.0899376562199844
    w: -0.0063209747653790805
---
header:
  stamp:
    sec: 1788573271
    nanosec: 327017000
  frame_id: default_cam
pose:
  position:
    x: -0.13585208535972496
    y: -0.04764300100917242
    z: 0.9941894889173056
  orientation:
    x: 0.9452962053877836
    y: -0.31326930738072606
    z: 0.09070561711654258
    w: -0.007065136669918763
---
header:
  stamp:
    sec: 1788573271
    nanosec: 363018000
  frame_id: default_cam
pose:
  position:
    x: -0.1359149415530065
    y: -0.047753804319886295
    z: 0.9952361732922397
  orientation:
    x: 0.9419705743653897
    y: -0.32328877942529044
    z: 0.09016903028976976
    w: -0.006734100091805073
---
header:
  stamp:
    sec: 1788573271
    nanosec: 395019000
  frame_id: default_cam
pose:
  position:
    x: -0.1359149415530065
    y: -0.047753804319886295
    z: 0.9952361732922397
  orientation:
    x: 0.9419705743653897
    y: -0.32328877942529044
    z: 0.09016903028976976
    w: -0.006734100091805073
---
header:
  stamp:
    sec: 1788573271
    nanosec: 427020000
  frame_id: default_cam
pose:
  position:
    x: -0.1358210210172572
    y: -0.0476208794310075
    z: 0.9939276412259371
  orientation:
    x: 0.94236395920798
    y: -0.3220577070326278
    z: 0.0904693043347431
    w: -0.006656327811514157
---
header:
  stamp:
    sec: 1788573271
    nanosec: 463024000
  frame_id: default_cam
pose:
  position:
    x: -0.13591494093314496
    y: -0.047753805414108924
    z: 0.9952361741295582
  orientation:
    x: 0.9419704853101517
    y: -0.3232890388454661
    z: 0.09016903002498888
    w: -0.006734106569136974
---
header:
  stamp:
    sec: 1788573271
    nanosec: 495022000
  frame_id: default_cam
pose:
  position:
    x: -0.13582102101724988
    y: -0.047620879431049104
    z: 0.9939276412260212
  orientation:
    x: 0.9423639592060307
    y: -0.32205770703823944
    z: 0.0904693043350299
    w: -0.006656327812073745
---
header:
  stamp:
    sec: 1788573271
    nanosec: 527022000
  frame_id: default_cam
pose:
  position:
    x: -0.13591494093314496
    y: -0.047753805414108945
    z: 0.9952361741295586
  orientation:
    x: 0.9419704853101498
    y: -0.32328903884547205
    z: 0.09016903002498816
    w: -0.006734106569136665
---
header:
  stamp:
    sec: 1788573271
    nanosec: 563021000
  frame_id: default_cam
pose:
  position:
    x: -0.135883316106081
    y: -0.04773147271590757
    z: 0.9949707433381276
  orientation:
    x: 0.9389367705619258
    y: -0.3320677704301096
    z: 0.0899376562199323
    w: -0.006320974765240864
---
header:
  stamp:
    sec: 1788573271
    nanosec: 595021000
  frame_id: default_cam
pose:
  position:
    x: -0.13591494005346588
    y: -0.04775380505592368
    z: 0.9952361702766174
  orientation:
    x: 0.9419704307760186
    y: -0.32328919807220463
    z: 0.09016903067270779
    w: -0.006734082047100976
---
header:
  stamp:
    sec: 1788573271
    nanosec: 627021000
  frame_id: default_cam
pose:
  position:
    x: -0.13591494005346588
    y: -0.04775380505592368
    z: 0.9952361702766174
  orientation:
    x: 0.9419704307760186
    y: -0.32328919807220463
    z: 0.09016903067270779
    w: -0.006734082047100976
---
header:
  stamp:
    sec: 1788573271
    nanosec: 663022000
  frame_id: default_cam
pose:
  position:
    x: -0.13588331610607124
    y: -0.04773147271592744
    z: 0.9949707433381472
  orientation:
    x: 0.9389367705604194
    y: -0.33206777043435226
    z: 0.08993765621998506
    w: -0.0063209747653789
---
header:
  stamp:
    sec: 1788573271
    nanosec: 695022000
  frame_id: default_cam
pose:
  position:
    x: -0.13588331610607124
    y: -0.04773147271592744
    z: 0.9949707433381472
  orientation:
    x: 0.9389367705604194
    y: -0.33206777043435226
    z: 0.08993765621998506
    w: -0.0063209747653789
---
header:
  stamp:
    sec: 1788573271
    nanosec: 727023000
  frame_id: default_cam
pose:
  position:
    x: -0.13591494005346583
    y: -0.04775380505592369
    z: 0.9952361702766173
  orientation:
    x: 0.9419704307760189
    y: -0.3232891980722033
    z: 0.09016903067270875
    w: -0.006734082047100757
---
header:
  stamp:
    sec: 1788573271
    nanosec: 763023000
  frame_id: default_cam
pose:
  position:
    x: -0.13591494005346583
    y: -0.04775380505592369
    z: 0.9952361702766173
  orientation:
    x: 0.9419704307760189
    y: -0.3232891980722033
    z: 0.09016903067270875
    w: -0.006734082047100757
---
header:
  stamp:
    sec: 1788573271
    nanosec: 795022000
  frame_id: default_cam
pose:
  position:
    x: -0.13591494005346583
    y: -0.04775380505592369
    z: 0.9952361702766173
  orientation:
    x: 0.9419704307760189
    y: -0.3232891980722033
    z: 0.09016903067270875
    w: -0.006734082047100757
---
header:
  stamp:
    sec: 1788573271
    nanosec: 827023000
  frame_id: default_cam
pose:
  position:
    x: -0.13591494005346583
    y: -0.04775380505592369
    z: 0.9952361702766173
  orientation:
    x: 0.9419704307760189
    y: -0.3232891980722033
    z: 0.09016903067270875
    w: -0.006734082047100757
---
header:
  stamp:
    sec: 1788573271
    nanosec: 863023000
  frame_id: default_cam
pose:
  position:
    x: -0.13591494005346583
    y: -0.04775380505592369
    z: 0.9952361702766173
  orientation:
    x: 0.9419704307760189
    y: -0.3232891980722033
    z: 0.09016903067270875
    w: -0.006734082047100757
---
header:
  stamp:
    sec: 1788573271
    nanosec: 895023000
  frame_id: default_cam
pose:
  position:
    x: -0.1358520851251659
    y: -0.04764300234246727
    z: 0.9941894916656449
  orientation:
    x: 0.9452961424125464
    y: -0.3132694949603424
    z: 0.09070562419770363
    w: -0.007065154361772241
---
header:
  stamp:
    sec: 1788573271
    nanosec: 927024000
  frame_id: default_cam
pose:
  position:
    x: -0.1359149415530017
    y: -0.0477538043199442
    z: 0.9952361732923753
  orientation:
    x: 0.9419705743628459
    y: -0.32328877943269335
    z: 0.09016903028973218
    w: -0.006734100092732531
---
header:
  stamp:
    sec: 1788573271
    nanosec: 963025000
  frame_id: default_cam
pose:
  position:
    x: -0.1359149415530017
    y: -0.0477538043199442
    z: 0.9952361732923753
  orientation:
    x: 0.9419705743628459
    y: -0.32328877943269335
    z: 0.09016903028973218
    w: -0.006734100092732531
---
header:
  stamp:
    sec: 1788573271
    nanosec: 995022000
  frame_id: default_cam
pose:
  position:
    x: -0.13585208512515923
    y: -0.047643002342490914
    z: 0.9941894916656855
  orientation:
    x: 0.9452961424112375
    y: -0.31326949496424755
    z: 0.09070562419783779
    w: -0.0070651543620294174
---
header:
  stamp:
    sec: 1788573272
    nanosec: 27024000
  frame_id: default_cam
pose:
  position:
    x: -0.13591494155300174
    y: -0.04775380431994422
    z: 0.9952361732923757
  orientation:
    x: 0.941970574362844
    y: -0.323288779432699
    z: 0.09016903028973164
    w: -0.0067341000927321985
---
header:
  stamp:
    sec: 1788573272
    nanosec: 59024000
  frame_id: default_cam
pose:
  position:
    x: -0.13585208512515917
    y: -0.04764300234249092
    z: 0.9941894916656854
  orientation:
    x: 0.9452961424112362
    y: -0.31326949496425127
    z: 0.09070562419783919
    w: -0.007065154362028589
---
header:
  stamp:
    sec: 1788573272
    nanosec: 95025000
  frame_id: default_cam
pose:
  position:
    x: -0.13591494155300182
    y: -0.047753804319944235
    z: 0.9952361732923761
  orientation:
    x: 0.9419705743628447
    y: -0.32328877943269696
    z: 0.09016903028973179
    w: -0.006734100092732316
---
header:
  stamp:
    sec: 1788573272
    nanosec: 127024000
  frame_id: default_cam
pose:
  position:
    x: -0.13591494155300182
    y: -0.047753804319944235
    z: 0.9952361732923761
  orientation:
    x: 0.9419705743628447
    y: -0.32328877943269696
    z: 0.09016903028973179
    w: -0.006734100092732316
---
header:
  stamp:
    sec: 1788573272
    nanosec: 159022000
  frame_id: default_cam
pose:
  position:
    x: -0.13591494155300182
    y: -0.047753804319944235
    z: 0.9952361732923761
  orientation:
    x: 0.9419705743628447
    y: -0.32328877943269696
    z: 0.09016903028973179
    w: -0.006734100092732316
---
header:
  stamp:
    sec: 1788573272
    nanosec: 195025000
  frame_id: default_cam
pose:
  position:
    x: -0.13591494155300182
    y: -0.047753804319944235
    z: 0.9952361732923761
  orientation:
    x: 0.9419705743628447
    y: -0.32328877943269696
    z: 0.09016903028973179
    w: -0.006734100092732316
---
header:
  stamp:
    sec: 1788573272
    nanosec: 227026000
  frame_id: default_cam
pose:
  position:
    x: -0.1358520851251592
    y: -0.04764300234249093
    z: 0.9941894916656855
  orientation:
    x: 0.9452961424112373
    y: -0.3132694949642482
    z: 0.09070562419783841
    w: -0.007065154362029144
---
header:
  stamp:
    sec: 1788573272
    nanosec: 295032000
  frame_id: default_cam
pose:
  position:
    x: -0.1358520851251592
    y: -0.04764300234249093
    z: 0.9941894916656855
  orientation:
    x: 0.9452961424112373
    y: -0.3132694949642482
    z: 0.09070562419783841
    w: -0.007065154362029144
---
header:
  stamp:
    sec: 1788573272
    nanosec: 327026000
  frame_id: default_cam
pose:
  position:
    x: -0.1359149415530017
    y: -0.047753804319944214
    z: 0.9952361732923755
  orientation:
    x: 0.9419705743628454
    y: -0.32328877943269474
    z: 0.0901690302897323
    w: -0.006734100092732358
---
header:
  stamp:
    sec: 1788573272
    nanosec: 359025000
  frame_id: default_cam
pose:
  position:
    x: -0.13580280849330392
    y: -0.04760466602446838
    z: 0.9940489840403601
  orientation:
    x: 0.9407533994445496
    y: -0.32608510984538136
    z: 0.09287616971182126
    w: -0.005055657257983079
---
header:
  stamp:
    sec: 1788573272
    nanosec: 395027000
  frame_id: default_cam
pose:
  position:
    x: -0.13591494034152282
    y: -0.047753804995126964
    z: 0.9952361710583184
  orientation:
    x: 0.9419704553255853
    y: -0.32328912654800845
    z: 0.09016903028349675
    w: -0.006734086966257647
---
header:
  stamp:
    sec: 1788573272
    nanosec: 427030000
  frame_id: default_cam
pose:
  position:
    x: -0.13585208512516564
    y: -0.0476430023424735
    z: 0.9941894916656602
  orientation:
    x: 0.9452961424123183
    y: -0.31326949496102074
    z: 0.09070562419773054
    w: -0.007065154361875919
---
header:
  stamp:
    sec: 1788573272
    nanosec: 459027000
  frame_id: default_cam
pose:
  position:
    x: -0.13582102224291476
    y: -0.04762087837755592
    z: 0.9939276424474841
  orientation:
    x: 0.9423640882570973
    y: -0.3220573331256635
    z: 0.09046929045117737
    w: -0.006656337477602754
---
header:
  stamp:
    sec: 1788573272
    nanosec: 495029000
  frame_id: default_cam
pose:
  position:
    x: -0.13588331651312488
    y: -0.04773147276068446
    z: 0.9949707448077728
  orientation:
    x: 0.9389368009318386
    y: -0.33206768453430763
    z: 0.08993765564476427
    w: -0.006320984182244705
---
header:
  stamp:
    sec: 1788573272
    nanosec: 527028000
  frame_id: default_cam
pose:
  position:
    x: -0.13585208535972276
    y: -0.047643001009196974
    z: 0.9941894889173624
  orientation:
    x: 0.9452962053868001
    y: -0.31326930738365016
    z: 0.09070561711666304
    w: -0.007065136670296388
---
header:
  stamp:
    sec: 1788573272
    nanosec: 559027000
  frame_id: default_cam
pose:
  position:
    x: -0.13585208535972276
    y: -0.047643001009196974
    z: 0.9941894889173624
  orientation:
    x: 0.9452962053868001
    y: -0.31326930738365016
    z: 0.09070561711666304
    w: -0.007065136670296388
---
header:
  stamp:
    sec: 1788573272
    nanosec: 595027000
  frame_id: default_cam
pose:
  position:
    x: -0.13591494155300646
    y: -0.04775380431988624
    z: 0.995236173292239
  orientation:
    x: 0.9419705743653904
    y: -0.32328877942528816
    z: 0.09016903028976937
    w: -0.006734100091803561
---
header:
  stamp:
    sec: 1788573272
    nanosec: 627029000
  frame_id: default_cam
pose:
  position:
    x: -0.1358520851251593
    y: -0.047643002342490984
    z: 0.9941894916656862
  orientation:
    x: 0.9452961424112369
    y: -0.31326949496424966
    z: 0.09070562419783677
    w: -0.0070651543620314314
---
header:
  stamp:
    sec: 1788573272
    nanosec: 659028000
  frame_id: default_cam
pose:
  position:
    x: -0.1358520851251593
    y: -0.047643002342490984
    z: 0.9941894916656862
  orientation:
    x: 0.9452961424112369
    y: -0.31326949496424966
    z: 0.09070562419783677
    w: -0.0070651543620314314
---
header:
  stamp:
    sec: 1788573272
    nanosec: 695029000
  frame_id: default_cam
pose:
  position:
    x: -0.1359149415530018
    y: -0.04775380431994423
    z: 0.9952361732923759
  orientation:
    x: 0.9419705743628446
    y: -0.3232887794326971
    z: 0.09016903028973192
    w: -0.006734100092732275
---
header:
  stamp:
    sec: 1788573272
    nanosec: 727029000
  frame_id: default_cam
pose:
  position:
    x: -0.1358520851251592
    y: -0.04764300234249093
    z: 0.9941894916656855
  orientation:
    x: 0.9452961424112366
    y: -0.3132694949642499
    z: 0.09070562419783883
    w: -0.0070651543620288484
---
header:
  stamp:
    sec: 1788573272
    nanosec: 759030000
  frame_id: default_cam
pose:
  position:
    x: -0.1359149415530017
    y: -0.04775380431994421
    z: 0.9952361732923755
  orientation:
    x: 0.9419705743628447
    y: -0.32328877943269696
    z: 0.09016903028973201
    w: -0.006734100092732241
---
header:
  stamp:
    sec: 1788573272
    nanosec: 795030000
  frame_id: default_cam
pose:
  position:
    x: -0.1359149415530017
    y: -0.04775380431994421
    z: 0.9952361732923755
  orientation:
    x: 0.9419705743628447
    y: -0.32328877943269696
    z: 0.09016903028973201
    w: -0.006734100092732241
---
header:
  stamp:
    sec: 1788573272
    nanosec: 827031000
  frame_id: default_cam
pose:
  position:
    x: -0.1359149415530017
    y: -0.04775380431994421
    z: 0.9952361732923755
  orientation:
    x: 0.9419705743628447
    y: -0.32328877943269696
    z: 0.09016903028973201
    w: -0.006734100092732241
---
header:
  stamp:
    sec: 1788573272
    nanosec: 859030000
  frame_id: default_cam
pose:
  position:
    x: -0.1359149415530017
    y: -0.04775380431994421
    z: 0.9952361732923755
  orientation:
    x: 0.9419705743628447
    y: -0.32328877943269696
    z: 0.09016903028973201
    w: -0.006734100092732241
---
header:
  stamp:
    sec: 1788573272
    nanosec: 895031000
  frame_id: default_cam
pose:
  position:
    x: -0.1359149415530017
    y: -0.04775380431994421
    z: 0.9952361732923755
  orientation:
    x: 0.9419705743628447
    y: -0.32328877943269696
    z: 0.09016903028973201
    w: -0.006734100092732241
---
header:
  stamp:
    sec: 1788573272
    nanosec: 927030000
  frame_id: default_cam
pose:
  position:
    x: -0.1359149415530017
    y: -0.04775380431994421
    z: 0.9952361732923755
  orientation:
    x: 0.9419705743628447
    y: -0.32328877943269696
    z: 0.09016903028973201
    w: -0.006734100092732241
---
header:
  stamp:
    sec: 1788573272
    nanosec: 959032000
  frame_id: default_cam
pose:
  position:
    x: -0.1359149415530017
    y: -0.04775380431994421
    z: 0.9952361732923755
  orientation:
    x: 0.9419705743628447
    y: -0.32328877943269696
    z: 0.09016903028973201
    w: -0.006734100092732241
---
header:
  stamp:
    sec: 1788573272
    nanosec: 995030000
  frame_id: default_cam
pose:
  position:
    x: -0.1359149415530017
    y: -0.04775380431994421
    z: 0.9952361732923755
  orientation:
    x: 0.9419705743628447
    y: -0.32328877943269696
    z: 0.09016903028973201
    w: -0.006734100092732241
---
header:
  stamp:
    sec: 1788573273
    nanosec: 27033000
  frame_id: default_cam
pose:
  position:
    x: -0.1359149415530017
    y: -0.04775380431994421
    z: 0.9952361732923755
  orientation:
    x: 0.9419705743628447
    y: -0.32328877943269696
    z: 0.09016903028973201
    w: -0.006734100092732241
---
header:
  stamp:
    sec: 1788573273
    nanosec: 59033000
  frame_id: default_cam
pose:
  position:
    x: -0.13585208512515926
    y: -0.04764300234249094
    z: 0.9941894916656857
  orientation:
    x: 0.9452961424112385
    y: -0.31326949496424433
    z: 0.0907056241978385
    w: -0.007065154362029471
---
header:
  stamp:
    sec: 1788573273
    nanosec: 95032000
  frame_id: default_cam
pose:
  position:
    x: -0.13591494155300174
    y: -0.047753804319944214
    z: 0.9952361732923756
  orientation:
    x: 0.9419705743628447
    y: -0.3232887794326972
    z: 0.0901690302897308
    w: -0.006734100092732648
---
header:
  stamp:
    sec: 1788573273
    nanosec: 127035000
  frame_id: default_cam
pose:
  position:
    x: -0.13591494155300174
    y: -0.047753804319944214
    z: 0.9952361732923756
  orientation:
    x: 0.9419705743628447
    y: -0.3232887794326972
    z: 0.0901690302897308
    w: -0.006734100092732648
---
header:
  stamp:
    sec: 1788573273
    nanosec: 159033000
  frame_id: default_cam
pose:
  position:
    x: -0.13591494155300174
    y: -0.047753804319944214
    z: 0.9952361732923756
  orientation:
    x: 0.9419705743628447
    y: -0.3232887794326972
    z: 0.0901690302897308
    w: -0.006734100092732648
---
header:
  stamp:
    sec: 1788573273
    nanosec: 195033000
  frame_id: default_cam
pose:
  position:
    x: -0.13591494155300174
    y: -0.047753804319944214
    z: 0.9952361732923756
  orientation:
    x: 0.9419705743628447
    y: -0.3232887794326972
    z: 0.0901690302897308
    w: -0.006734100092732648
---
header:
  stamp:
    sec: 1788573273
    nanosec: 227034000
  frame_id: default_cam
pose:
  position:
    x: -0.13591494155300174
    y: -0.047753804319944214
    z: 0.9952361732923756
  orientation:
    x: 0.9419705743628447
    y: -0.3232887794326972
    z: 0.0901690302897308
    w: -0.006734100092732648
---
header:
  stamp:
    sec: 1788573273
    nanosec: 259033000
  frame_id: default_cam
pose:
  position:
    x: -0.13591494155300174
    y: -0.047753804319944214
    z: 0.9952361732923756
  orientation:
    x: 0.9419705743628447
    y: -0.3232887794326972
    z: 0.0901690302897308
    w: -0.006734100092732648
---
header:
  stamp:
    sec: 1788573273
    nanosec: 295036000
  frame_id: default_cam
pose:
  position:
    x: -0.13591494155300174
    y: -0.047753804319944214
    z: 0.9952361732923756
  orientation:
    x: 0.9419705743628447
    y: -0.3232887794326972
    z: 0.0901690302897308
    w: -0.006734100092732648
---
header:
  stamp:
    sec: 1788573273
    nanosec: 327032000
  frame_id: default_cam
pose:
  position:
    x: -0.13585208512515926
    y: -0.04764300234249095
    z: 0.9941894916656857
  orientation:
    x: 0.9452961424112374
    y: -0.313269494964248
    z: 0.09070562419783722
    w: -0.007065154362029587
---
header:
  stamp:
    sec: 1788573273
    nanosec: 359034000
  frame_id: default_cam
pose:
  position:
    x: -0.13582102224291473
    y: -0.0476208783775559
    z: 0.993927642447484
  orientation:
    x: 0.942364088257096
    y: -0.32205733312566653
    z: 0.09046929045117827
    w: -0.006656337477602151
---
header:
  stamp:
    sec: 1788573273
    nanosec: 395035000
  frame_id: default_cam
pose:
  position:
    x: -0.13591494093317535
    y: -0.047753805414085776
    z: 0.9952361741295968
  orientation:
    x: 0.9419704853133861
    y: -0.3232890388360401
    z: 0.09016903002497988
    w: -0.006734106569360914
---
header:
  stamp:
    sec: 1788573273
    nanosec: 495038000
  frame_id: default_cam
pose:
  position:
    x: -0.1358520851251729
    y: -0.04764300234249884
    z: 0.9941894916657504
  orientation:
    x: 0.9452961424119978
    y: -0.31326949496195117
    z: 0.09070562419781093
    w: -0.007065154362473935
---
header:
  stamp:
    sec: 1788573273
    nanosec: 527035000
  frame_id: default_cam
pose:
  position:
    x: -0.1358520851251729
    y: -0.04764300234249884
    z: 0.9941894916657504
  orientation:
    x: 0.9452961424119978
    y: -0.31326949496195117
    z: 0.09070562419781093
    w: -0.007065154362473935
---
header:
  stamp:
    sec: 1788573273
    nanosec: 559037000
  frame_id: default_cam
pose:
  position:
    x: -0.13591494155300168
    y: -0.0477538043199442
    z: 0.9952361732923752
  orientation:
    x: 0.941970574362846
    y: -0.32328877943269324
    z: 0.09016903028973104
    w: -0.006734100092732929
---
header:
  stamp:
    sec: 1788573273
    nanosec: 595037000
  frame_id: default_cam
pose:
  position:
    x: -0.13585208512515923
    y: -0.047643002342490935
    z: 0.9941894916656856
  orientation:
    x: 0.9452961424112372
    y: -0.31326949496424855
    z: 0.09070562419783827
    w: -0.007065154362029163
---
header:
  stamp:
    sec: 1788573273
    nanosec: 627035000
  frame_id: default_cam
pose:
  position:
    x: -0.13585208512515923
    y: -0.047643002342490935
    z: 0.9941894916656856
  orientation:
    x: 0.9452961424112372
    y: -0.31326949496424855
    z: 0.09070562419783827
    w: -0.007065154362029163
---
header:
  stamp:
    sec: 1788573273
    nanosec: 659038000
  frame_id: default_cam
pose:
  position:
    x: -0.13591494155300174
    y: -0.04775380431994423
    z: 0.9952361732923756
  orientation:
    x: 0.9419705743628443
    y: -0.3232887794326981
    z: 0.09016903028973179
    w: -0.00673410009273223
---
header:
  stamp:
    sec: 1788573273
    nanosec: 695037000
  frame_id: default_cam
pose:
  position:
    x: -0.13591494155300174
    y: -0.04775380431994423
    z: 0.9952361732923756
  orientation:
    x: 0.9419705743628443
    y: -0.3232887794326981
    z: 0.09016903028973179
    w: -0.00673410009273223
---
header:
  stamp:
    sec: 1788573273
    nanosec: 727038000
  frame_id: default_cam
pose:
  position:
    x: -0.13591494155300174
    y: -0.04775380431994423
    z: 0.9952361732923756
  orientation:
    x: 0.9419705743628443
    y: -0.3232887794326981
    z: 0.09016903028973179
    w: -0.00673410009273223
---
header:
  stamp:
    sec: 1788573273
    nanosec: 759037000
  frame_id: default_cam
pose:
  position:
    x: -0.13580436145049718
    y: -0.04757096270192359
    z: 0.9937139123376124
  orientation:
    x: 0.9458880732436722
    y: -0.3108751274845116
    z: 0.09281951876175451
    w: -0.006078235245401952
---
header:
  stamp:
    sec: 1788573273
    nanosec: 795037000
  frame_id: default_cam
pose:
  position:
    x: -0.13591494179257443
    y: -0.04775380370453084
    z: 0.9952361724921107
  orientation:
    x: 0.9419706156014753
    y: -0.3232886593166523
    z: 0.09016903059344272
    w: -0.0067340940339341146
---
header:
  stamp:
    sec: 1788573273
    nanosec: 827039000
  frame_id: default_cam
pose:
  position:
    x: -0.13591494179257443
    y: -0.04775380370453084
    z: 0.9952361724921107
  orientation:
    x: 0.9419706156014753
    y: -0.3232886593166523
    z: 0.09016903059344272
    w: -0.0067340940339341146
---
header:
  stamp:
    sec: 1788573273
    nanosec: 859037000
  frame_id: default_cam
pose:
  position:
    x: -0.13591494179257443
    y: -0.04775380370453084
    z: 0.9952361724921107
  orientation:
    x: 0.9419706156014753
    y: -0.3232886593166523
    z: 0.09016903059344272
    w: -0.0067340940339341146
---
header:
  stamp:
    sec: 1788573273
    nanosec: 895039000
  frame_id: default_cam
pose:
  position:
    x: -0.13591494179257443
    y: -0.04775380370453084
    z: 0.9952361724921107
  orientation:
    x: 0.9419706156014753
    y: -0.3232886593166523
    z: 0.09016903059344272
    w: -0.0067340940339341146
---
header:
  stamp:
    sec: 1788573273
    nanosec: 927039000
  frame_id: default_cam
pose:
  position:
    x: -0.13585208512515135
    y: -0.04764300234248345
    z: 0.9941894916656406
  orientation:
    x: 0.9452961424108938
    y: -0.3132694949652908
    z: 0.09070562419784084
    w: -0.007065154361723144
---
header:
  stamp:
    sec: 1788573273
    nanosec: 959039000
  frame_id: default_cam
pose:
  position:
    x: -0.13591494155300177
    y: -0.04775380431994422
    z: 0.9952361732923757
  orientation:
    x: 0.9419705743628453
    y: -0.32328877943269535
    z: 0.09016903028973076
    w: -0.006734100092732837
---
header:
  stamp:
    sec: 1788573273
    nanosec: 995039000
  frame_id: default_cam
pose:
  position:
    x: -0.1358520851251592
    y: -0.04764300234249092
    z: 0.9941894916656854
  orientation:
    x: 0.9452961424112373
    y: -0.31326949496424833
    z: 0.09070562419783766
    w: -0.007065154362029393
---
header:
  stamp:
    sec: 1788573274
    nanosec: 27042000
  frame_id: default_cam
pose:
  position:
    x: -0.1358520851251592
    y: -0.04764300234249092
    z: 0.9941894916656854
  orientation:
    x: 0.9452961424112373
    y: -0.31326949496424833
    z: 0.09070562419783766
    w: -0.007065154362029393
---
header:
  stamp:
    sec: 1788573274
    nanosec: 59040000
  frame_id: default_cam
pose:
  position:
    x: -0.1359149415530017
    y: -0.04775380431994421
    z: 0.9952361732923755
  orientation:
    x: 0.9419705743628455
    y: -0.3232887794326947
    z: 0.09016903028973158
    w: -0.006734100092732612
---
header:
  stamp:
    sec: 1788573274
    nanosec: 95043000
  frame_id: default_cam
pose:
  position:
    x: -0.1359149415530017
    y: -0.04775380431994421
    z: 0.9952361732923755
  orientation:
    x: 0.9419705743628455
    y: -0.3232887794326947
    z: 0.09016903028973158
    w: -0.006734100092732612
---
header:
  stamp:
    sec: 1788573274
    nanosec: 127041000
  frame_id: default_cam
pose:
  position:
    x: -0.13585208512515926
    y: -0.04764300234249094
    z: 0.9941894916656857
  orientation:
    x: 0.9452961424112394
    y: -0.31326949496424195
    z: 0.09070562419783808
    w: -0.007065154362029847
---
header:
  stamp:
    sec: 1788573274
    nanosec: 159040000
  frame_id: default_cam
pose:
  position:
    x: -0.1359149415530018
    y: -0.047753804319944214
    z: 0.9952361732923758
  orientation:
    x: 0.9419705743628467
    y: -0.3232887794326912
    z: 0.09016903028973099
    w: -0.006734100092733156
---
header:
  stamp:
    sec: 1788573274
    nanosec: 195041000
  frame_id: default_cam
pose:
  position:
    x: -0.1358520851251592
    y: -0.04764300234249093
    z: 0.9941894916656855
  orientation:
    x: 0.9452961424112366
    y: -0.31326949496425
    z: 0.09070562419783854
    w: -0.007065154362028942
---
header:
  stamp:
    sec: 1788573274
    nanosec: 227042000
  frame_id: default_cam
pose:
  position:
    x: -0.1359149415530017
    y: -0.047753804319944214
    z: 0.9952361732923755
  orientation:
    x: 0.9419705743628448
    y: -0.32328877943269646
    z: 0.09016903028973242
    w: -0.006734100092732158
---
header:
  stamp:
    sec: 1788573274
    nanosec: 259041000
  frame_id: default_cam
pose:
  position:
    x: -0.1359149415530017
    y: -0.047753804319944214
    z: 0.9952361732923755
  orientation:
    x: 0.9419705743628448
    y: -0.32328877943269646
    z: 0.09016903028973242
    w: -0.006734100092732158
---
header:
  stamp:
    sec: 1788573274
    nanosec: 295042000
  frame_id: default_cam
pose:
  position:
    x: -0.1359149415530017
    y: -0.047753804319944214
    z: 0.9952361732923755
  orientation:
    x: 0.9419705743628448
    y: -0.32328877943269646
    z: 0.09016903028973242
    w: -0.006734100092732158
---
header:
  stamp:
    sec: 1788573274
    nanosec: 327044000
  frame_id: default_cam
pose:
  position:
    x: -0.13582102101725707
    y: -0.047620879431007415
    z: 0.9939276412259361
  orientation:
    x: 0.9423639592079796
    y: -0.3220577070326293
    z: 0.09046930433474265
    w: -0.006656327811512317
---
header:
  stamp:
    sec: 1788573274
    nanosec: 359041000
  frame_id: default_cam
pose:
  position:
    x: -0.13591494093314493
    y: -0.047753805414108924
    z: 0.9952361741295581
  orientation:
    x: 0.9419704853101504
    y: -0.3232890388454707
    z: 0.09016903002498812
    w: -0.006734106569136812
---
header:
  stamp:
    sec: 1788573274
    nanosec: 395043000
  frame_id: default_cam
pose:
  position:
    x: -0.13591494093314493
    y: -0.047753805414108924
    z: 0.9952361741295581
  orientation:
    x: 0.9419704853101504
    y: -0.3232890388454707
    z: 0.09016903002498812
    w: -0.006734106569136812
---
header:
  stamp:
    sec: 1788573274
    nanosec: 427043000
  frame_id: default_cam
pose:
  position:
    x: -0.1358520851251728
    y: -0.04764300234249882
    z: 0.9941894916657499
  orientation:
    x: 0.945296142411998
    y: -0.3132694949619505
    z: 0.09070562419781086
    w: -0.0070651543624721536
---
header:
  stamp:
    sec: 1788573274
    nanosec: 459042000
  frame_id: default_cam
pose:
  position:
    x: -0.13591494155300174
    y: -0.04775380431994422
    z: 0.9952361732923756
  orientation:
    x: 0.9419705743628465
    y: -0.32328877943269185
    z: 0.09016903028973092
    w: -0.006734100092733117
---
header:
  stamp:
    sec: 1788573274
    nanosec: 495045000
  frame_id: default_cam
pose:
  position:
    x: -0.13591494155300174
    y: -0.04775380431994422
    z: 0.9952361732923756
  orientation:
    x: 0.9419705743628465
    y: -0.32328877943269185
    z: 0.09016903028973092
    w: -0.006734100092733117
---
header:
  stamp:
    sec: 1788573274
    nanosec: 527043000
  frame_id: default_cam
pose:
  position:
    x: -0.13585208512515923
    y: -0.04764300234249094
    z: 0.9941894916656856
  orientation:
    x: 0.945296142411238
    y: -0.31326949496424616
    z: 0.09070562419783718
    w: -0.0070651543620297765
---
header:
  stamp:
    sec: 1788573274
    nanosec: 559044000
  frame_id: default_cam
pose:
  position:
    x: -0.13591494155300174
    y: -0.047753804319944235
    z: 0.9952361732923756
  orientation:
    x: 0.9419705743628441
    y: -0.3232887794326985
    z: 0.09016903028973124
    w: -0.006734100092732379
---
header:
  stamp:
    sec: 1788573274
    nanosec: 595044000
  frame_id: default_cam
pose:
  position:
    x: -0.1358520851251592
    y: -0.047643002342490935
    z: 0.9941894916656855
  orientation:
    x: 0.9452961424112375
    y: -0.31326949496424755
    z: 0.0907056241978382
    w: -0.007065154362029276
---
header:
  stamp:
    sec: 1788573274
    nanosec: 627043000
  frame_id: default_cam
pose:
  position:
    x: -0.1358520851251592
    y: -0.047643002342490935
    z: 0.9941894916656855
  orientation:
    x: 0.9452961424112375
    y: -0.31326949496424755
    z: 0.0907056241978382
    w: -0.007065154362029276
---
header:
  stamp:
    sec: 1788573274
    nanosec: 659045000
  frame_id: default_cam
pose:
  position:
    x: -0.13582102224291467
    y: -0.04762087837755591
    z: 0.9939276424474839
  orientation:
    x: 0.9423640882570965
    y: -0.3220573331256656
    z: 0.09046929045117819
    w: -0.0066563374776022755
---
header:
  stamp:
    sec: 1788573274
    nanosec: 695048000
  frame_id: default_cam
pose:
  position:
    x: -0.13591494093317535
    y: -0.04775380541408577
    z: 0.9952361741295968
  orientation:
    x: 0.9419704853133858
    y: -0.32328903883604093
    z: 0.09016903002497986
    w: -0.006734106569360854
---
header:
  stamp:
    sec: 1788573274
    nanosec: 727047000
  frame_id: default_cam
pose:
  position:
    x: -0.13591494093317535
    y: -0.04775380541408577
    z: 0.9952361741295968
  orientation:
    x: 0.9419704853133858
    y: -0.32328903883604093
    z: 0.09016903002497986
    w: -0.006734106569360854
---
header:
  stamp:
    sec: 1788573274
    nanosec: 759047000
  frame_id: default_cam
pose:
  position:
    x: -0.13591494093317535
    y: -0.04775380541408577
    z: 0.9952361741295968
  orientation:
    x: 0.9419704853133858
    y: -0.32328903883604093
    z: 0.09016903002497986
    w: -0.006734106569360854
---
header:
  stamp:
    sec: 1788573274
    nanosec: 795048000
  frame_id: default_cam
pose:
  position:
    x: -0.13591494093317535
    y: -0.04775380541408577
    z: 0.9952361741295968
  orientation:
    x: 0.9419704853133858
    y: -0.32328903883604093
    z: 0.09016903002497986
    w: -0.006734106569360854
---
header:
  stamp:
    sec: 1788573274
    nanosec: 827047000
  frame_id: default_cam
pose:
  position:
    x: -0.1358520851251729
    y: -0.04764300234249885
    z: 0.9941894916657505
  orientation:
    x: 0.9452961424119998
    y: -0.3132694949619451
    z: 0.09070562419781109
    w: -0.007065154362474449
---
header:
  stamp:
    sec: 1788573274
    nanosec: 859046000
  frame_id: default_cam
pose:
  position:
    x: -0.1358520851251729
    y: -0.04764300234249885
    z: 0.9941894916657505
  orientation:
    x: 0.9452961424119998
    y: -0.3132694949619451
    z: 0.09070562419781109
    w: -0.007065154362474449
---
header:
  stamp:
    sec: 1788573274
    nanosec: 895047000
  frame_id: default_cam
pose:
  position:
    x: -0.1359149415530017
    y: -0.0477538043199442
    z: 0.9952361732923755
  orientation:
    x: 0.9419705743628454
    y: -0.32328877943269524
    z: 0.0901690302897303
    w: -0.006734100092731155
---
header:
  stamp:
    sec: 1788573274
    nanosec: 927048000
  frame_id: default_cam
pose:
  position:
    x: -0.13585208512515926
    y: -0.047643002342490935
    z: 0.9941894916656857
  orientation:
    x: 0.945296142411239
    y: -0.3132694949642428
    z: 0.09070562419783784
    w: -0.007065154362029862
---
header:
  stamp:
    sec: 1788573274
    nanosec: 959047000
  frame_id: default_cam
pose:
  position:
    x: -0.13591494155300177
    y: -0.047753804319944235
    z: 0.9952361732923758
  orientation:
    x: 0.9419705743628445
    y: -0.32328877943269774
    z: 0.0901690302897315
    w: -0.006734100092732353
---
header:
  stamp:
    sec: 1788573274
    nanosec: 995048000
  frame_id: default_cam
pose:
  position:
    x: -0.13591494155300177
    y: -0.047753804319944235
    z: 0.9952361732923758
  orientation:
    x: 0.9419705743628445
    y: -0.32328877943269774
    z: 0.0901690302897315
    w: -0.006734100092732353
---
header:
  stamp:
    sec: 1788573275
    nanosec: 27048000
  frame_id: default_cam
pose:
  position:
    x: -0.13585208512515917
    y: -0.04764300234249092
    z: 0.9941894916656853
  orientation:
    x: 0.9452961424112372
    y: -0.3132694949642488
    z: 0.09070562419783806
    w: -0.007065154362029215
---
header:
  stamp:
    sec: 1788573275
    nanosec: 59049000
  frame_id: default_cam
pose:
  position:
    x: -0.13585208512515917
    y: -0.04764300234249092
    z: 0.9941894916656853
  orientation:
    x: 0.9452961424112372
    y: -0.3132694949642488
    z: 0.09070562419783806
    w: -0.007065154362029215
---
header:
  stamp:
    sec: 1788573275
    nanosec: 95052000
  frame_id: default_cam
pose:
  position:
    x: -0.13591494155300182
    y: -0.04775380431994425
    z: 0.9952361732923761
  orientation:
    x: 0.9419705743628455
    y: -0.3232887794326945
    z: 0.09016903028973178
    w: -0.006734100092732566
---
header:
  stamp:
    sec: 1788573275
    nanosec: 127050000
  frame_id: default_cam
pose:
  position:
    x: -0.13591494155300182
    y: -0.04775380431994425
    z: 0.9952361732923761
  orientation:
    x: 0.9419705743628455
    y: -0.3232887794326945
    z: 0.09016903028973178
    w: -0.006734100092732566
---
header:
  stamp:
    sec: 1788573275
    nanosec: 159050000
  frame_id: default_cam
pose:
  position:
    x: -0.13585208512515923
    y: -0.047643002342490935
    z: 0.9941894916656857
  orientation:
    x: 0.9452961424112363
    y: -0.3132694949642508
    z: 0.09070562419783856
    w: -0.00706515436202885
---
header:
  stamp:
    sec: 1788573275
    nanosec: 195051000
  frame_id: default_cam
pose:
  position:
    x: -0.13591494155300174
    y: -0.04775380431994421
    z: 0.9952361732923756
  orientation:
    x: 0.9419705743628445
    y: -0.32328877943269774
    z: 0.09016903028973135
    w: -0.006734100092732411
---
header:
  stamp:
    sec: 1788573275
    nanosec: 227049000
  frame_id: default_cam
pose:
  position:
    x: -0.13585208512515917
    y: -0.047643002342490914
    z: 0.9941894916656854
  orientation:
    x: 0.9452961424112376
    y: -0.3132694949642471
    z: 0.09070562419783838
    w: -0.007065154362029274
---
header:
  stamp:
    sec: 1788573275
    nanosec: 259050000
  frame_id: default_cam
pose:
  position:
    x: -0.1359149415530018
    y: -0.04775380431994427
    z: 0.995236173292376
  orientation:
    x: 0.9419705743628449
    y: -0.32328877943269624
    z: 0.09016903028973151
    w: -0.006734100092732495
---
header:
  stamp:
    sec: 1788573275
    nanosec: 295050000
  frame_id: default_cam
pose:
  position:
    x: -0.1358520851251592
    y: -0.04764300234249093
    z: 0.9941894916656855
  orientation:
    x: 0.9452961424112368
    y: -0.3132694949642495
    z: 0.09070562419783844
    w: -0.007065154362029022
---
header:
  stamp:
    sec: 1788573275
    nanosec: 327050000
  frame_id: default_cam
pose:
  position:
    x: -0.1358520851251592
    y: -0.04764300234249093
    z: 0.9941894916656855
  orientation:
    x: 0.9452961424112368
    y: -0.3132694949642495
    z: 0.09070562419783844
    w: -0.007065154362029022
---
header:
  stamp:
    sec: 1788573275
    nanosec: 359053000
  frame_id: default_cam
pose:
  position:
    x: -0.13580436139457938
    y: -0.047570962475287616
    z: 0.9937139115573168
  orientation:
    x: 0.9458880767783401
    y: -0.3108751170780623
    z: 0.09281951793282084
    w: -0.006078230087188541
---
header:
  stamp:
    sec: 1788573275
    nanosec: 395050000
  frame_id: default_cam
pose:
  position:
    x: -0.13591494179257466
    y: -0.04775380370452561
    z: 0.9952361724920975
  orientation:
    x: 0.9419706156016983
    y: -0.3232886593160034
    z: 0.09016903059344773
    w: -0.006734094033847497
---
header:
  stamp:
    sec: 1788573275
    nanosec: 427053000
  frame_id: default_cam
pose:
  position:
    x: -0.13591494179257466
    y: -0.04775380370452561
    z: 0.9952361724920975
  orientation:
    x: 0.9419706156016983
    y: -0.3232886593160034
    z: 0.09016903059344773
    w: -0.006734094033847497
---
header:
  stamp:
    sec: 1788573275
    nanosec: 459053000
  frame_id: default_cam
pose:
  position:
    x: -0.13591494179257466
    y: -0.04775380370452561
    z: 0.9952361724920975
  orientation:
    x: 0.9419706156016983
    y: -0.3232886593160034
    z: 0.09016903059344773
    w: -0.006734094033847497
---
header:
  stamp:
    sec: 1788573275
    nanosec: 495054000
  frame_id: default_cam
pose:
  position:
    x: -0.13585208512515132
    y: -0.04764300234248344
    z: 0.9941894916656406
  orientation:
    x: 0.9452961424108932
    y: -0.31326949496529255
    z: 0.09070562419784099
    w: -0.007065154361722905
---
header:
  stamp:
    sec: 1788573275
    nanosec: 527055000
  frame_id: default_cam
pose:
  position:
    x: -0.13585208512515132
    y: -0.04764300234248344
    z: 0.9941894916656406
  orientation:
    x: 0.9452961424108932
    y: -0.31326949496529255
    z: 0.09070562419784099
    w: -0.007065154361722905
---
header:
  stamp:
    sec: 1788573275
    nanosec: 559052000
  frame_id: default_cam
pose:
  position:
    x: -0.13585208512515132
    y: -0.04764300234248344
    z: 0.9941894916656406
  orientation:
    x: 0.9452961424108932
    y: -0.31326949496529255
    z: 0.09070562419784099
    w: -0.007065154361722905
---
header:
  stamp:
    sec: 1788573275
    nanosec: 595054000
  frame_id: default_cam
pose:
  position:
    x: -0.13585208512515132
    y: -0.04764300234248344
    z: 0.9941894916656406
  orientation:
    x: 0.9452961424108932
    y: -0.31326949496529255
    z: 0.09070562419784099
    w: -0.007065154361722905
---
header:
  stamp:
    sec: 1788573275
    nanosec: 627054000
  frame_id: default_cam
pose:
  position:
    x: -0.13591494155300177
    y: -0.047753804319944235
    z: 0.9952361732923758
  orientation:
    x: 0.9419705743628447
    y: -0.32328877943269696
    z: 0.09016903028973161
    w: -0.006734100092732395
---
header:
  stamp:
    sec: 1788573275
    nanosec: 659053000
  frame_id: default_cam
pose:
  position:
    x: -0.13591494155300177
    y: -0.047753804319944235
    z: 0.9952361732923758
  orientation:
    x: 0.9419705743628447
    y: -0.32328877943269696
    z: 0.09016903028973161
    w: -0.006734100092732395
---
header:
  stamp:
    sec: 1788573275
    nanosec: 695057000
  frame_id: default_cam
pose:
  position:
    x: -0.1358520851251592
    y: -0.04764300234249093
    z: 0.9941894916656854
  orientation:
    x: 0.9452961424112365
    y: -0.3132694949642506
    z: 0.09070562419783779
    w: -0.007065154362029137
---
header:
  stamp:
    sec: 1788573275
    nanosec: 727055000
  frame_id: default_cam
pose:
  position:
    x: -0.1358520851251592
    y: -0.04764300234249093
    z: 0.9941894916656854
  orientation:
    x: 0.9452961424112365
    y: -0.3132694949642506
    z: 0.09070562419783779
    w: -0.007065154362029137
---
header:
  stamp:
    sec: 1788573275
    nanosec: 759055000
  frame_id: default_cam
pose:
  position:
    x: -0.1358520851251592
    y: -0.04764300234249093
    z: 0.9941894916656854
  orientation:
    x: 0.9452961424112365
    y: -0.3132694949642506
    z: 0.09070562419783779
    w: -0.007065154362029137
---
header:
  stamp:
    sec: 1788573275
    nanosec: 795056000
  frame_id: default_cam
pose:
  position:
    x: -0.13591494155300174
    y: -0.04775380431994423
    z: 0.9952361732923756
  orientation:
    x: 0.9419705743628449
    y: -0.3232887794326963
    z: 0.09016903028973143
    w: -0.006734100092732525
---
header:
  stamp:
    sec: 1788573275
    nanosec: 827056000
  frame_id: default_cam
pose:
  position:
    x: -0.13585208512515926
    y: -0.047643002342490956
    z: 0.9941894916656858
  orientation:
    x: 0.9452961424112377
    y: -0.3132694949642467
    z: 0.09070562419783774
    w: -0.007065154362029521
---
header:
  stamp:
    sec: 1788573275
    nanosec: 859057000
  frame_id: default_cam
pose:
  position:
    x: -0.13585208512515926
    y: -0.047643002342490956
    z: 0.9941894916656858
  orientation:
    x: 0.9452961424112377
    y: -0.3132694949642467
    z: 0.09070562419783774
    w: -0.007065154362029521
---
header:
  stamp:
    sec: 1788573275
    nanosec: 895057000
  frame_id: default_cam
pose:
  position:
    x: -0.13585208512515926
    y: -0.047643002342490956
    z: 0.9941894916656858
  orientation:
    x: 0.9452961424112377
    y: -0.3132694949642467
    z: 0.09070562419783774
    w: -0.007065154362029521
---
header:
  stamp:
    sec: 1788573275
    nanosec: 927054000
  frame_id: default_cam
pose:
  position:
    x: -0.13591494155300177
    y: -0.04775380431994423
    z: 0.9952361732923758
  orientation:
    x: 0.9419705743628443
    y: -0.32328877943269857
    z: 0.09016903028973076
    w: -0.006734100092732549
---
header:
  stamp:
    sec: 1788573275
    nanosec: 959057000
  frame_id: default_cam
pose:
  position:
    x: -0.13585208512515917
    y: -0.0476430023424909
    z: 0.9941894916656853
  orientation:
    x: 0.9452961424112378
    y: -0.31326949496424655
    z: 0.09070562419783858
    w: -0.0070651543620292604
---
header:
  stamp:
    sec: 1788573275
    nanosec: 995057000
  frame_id: default_cam
pose:
  position:
    x: -0.13591494155300182
    y: -0.04775380431994425
    z: 0.995236173292376
  orientation:
    x: 0.9419705743628451
    y: -0.32328877943269585
    z: 0.09016903028973103
    w: -0.006734100092732709
---
header:
  stamp:
    sec: 1788573276
    nanosec: 27057000
  frame_id: default_cam
pose:
  position:
    x: -0.13585208512515923
    y: -0.04764300234249093
    z: 0.9941894916656856
  orientation:
    x: 0.9452961424112377
    y: -0.31326949496424683
    z: 0.09070562419783845
    w: -0.007065154362029271
---
header:
  stamp:
    sec: 1788573276
    nanosec: 59057000
  frame_id: default_cam
pose:
  position:
    x: -0.13585208512515923
    y: -0.04764300234249093
    z: 0.9941894916656856
  orientation:
    x: 0.9452961424112377
    y: -0.31326949496424683
    z: 0.09070562419783845
    w: -0.007065154362029271
---
header:
  stamp:
    sec: 1788573276
    nanosec: 95058000
  frame_id: default_cam
pose:
  position:
    x: -0.13591494155300174
    y: -0.047753804319944214
    z: 0.9952361732923757
  orientation:
    x: 0.941970574362844
    y: -0.32328877943269846
    z: 0.09016903028973261
    w: -0.006734100092731905
---
header:
  stamp:
    sec: 1788573276
    nanosec: 127059000
  frame_id: default_cam
pose:
  position:
    x: -0.13585208512515926
    y: -0.047643002342490956
    z: 0.9941894916656858
  orientation:
    x: 0.9452961424112377
    y: -0.31326949496424694
    z: 0.09070562419783752
    w: -0.007065154362029576
---
header:
  stamp:
    sec: 1788573276
    nanosec: 159058000
  frame_id: default_cam
pose:
  position:
    x: -0.13585208512515926
    y: -0.047643002342490956
    z: 0.9941894916656858
  orientation:
    x: 0.9452961424112377
    y: -0.31326949496424694
    z: 0.09070562419783752
    w: -0.007065154362029576
---
header:
  stamp:
    sec: 1788573276
    nanosec: 195057000
  frame_id: default_cam
pose:
  position:
    x: -0.13591494155300177
    y: -0.04775380431994424
    z: 0.9952361732923759
  orientation:
    x: 0.941970574362844
    y: -0.32328877943269874
    z: 0.09016903028973164
    w: -0.006734100092732218
---
header:
  stamp:
    sec: 1788573276
    nanosec: 227059000
  frame_id: default_cam
pose:
  position:
    x: -0.13585208512515917
    y: -0.047643002342490914
    z: 0.9941894916656853
  orientation:
    x: 0.9452961424112376
    y: -0.3132694949642472
    z: 0.09070562419783858
    w: -0.0070651543620291885
---
header:
  stamp:
    sec: 1788573276
    nanosec: 259058000
  frame_id: default_cam
pose:
  position:
    x: -0.13580436139457938
    y: -0.04757096247528762
    z: 0.9937139115573166
  orientation:
    x: 0.9458880767783402
    y: -0.3108751170780619
    z: 0.09281951793282109
    w: -0.006078230087188499
---
header:
  stamp:
    sec: 1788573276
    nanosec: 295061000
  frame_id: default_cam
pose:
  position:
    x: -0.13591494179257463
    y: -0.047753803704525616
    z: 0.9952361724920973
  orientation:
    x: 0.9419706156016984
    y: -0.3232886593160028
    z: 0.09016903059344876
    w: -0.006734094033847177
---
header:
  stamp:
    sec: 1788573276
    nanosec: 327059000
  frame_id: default_cam
pose:
  position:
    x: -0.1358520851251514
    y: -0.04764300234248347
    z: 0.994189491665641
  orientation:
    x: 0.945296142410894
    y: -0.3132694949652901
    z: 0.09070562419784084
    w: -0.007065154361723197
---
header:
  stamp:
    sec: 1788573276
    nanosec: 359061000
  frame_id: default_cam
pose:
  position:
    x: -0.1358520851251514
    y: -0.04764300234248347
    z: 0.994189491665641
  orientation:
    x: 0.945296142410894
    y: -0.3132694949652901
    z: 0.09070562419784084
    w: -0.007065154361723197
---
header:
  stamp:
    sec: 1788573276
    nanosec: 395060000
  frame_id: default_cam
pose:
  position:
    x: -0.1358520851251514
    y: -0.04764300234248347
    z: 0.994189491665641
  orientation:
    x: 0.945296142410894
    y: -0.3132694949652901
    z: 0.09070562419784084
    w: -0.007065154361723197
---
header:
  stamp:
    sec: 1788573276
    nanosec: 427059000
  frame_id: default_cam
pose:
  position:
    x: -0.1359149415530017
    y: -0.04775380431994421
    z: 0.9952361732923756
  orientation:
    x: 0.9419705743628446
    y: -0.3232887794326975
    z: 0.09016903028973067
    w: -0.006734100092732678
---
header:
  stamp:
    sec: 1788573276
    nanosec: 459061000
  frame_id: default_cam
pose:
  position:
    x: -0.13585208512515923
    y: -0.04764300234249094
    z: 0.9941894916656856
  orientation:
    x: 0.9452961424112378
    y: -0.31326949496424655
    z: 0.09070562419783777
    w: -0.00706515436202953
---
header:
  stamp:
    sec: 1788573276
    nanosec: 495072000
  frame_id: default_cam
pose:
  position:
    x: -0.1358210222429147
    y: -0.047620878377555916
    z: 0.9939276424474839
  orientation:
    x: 0.9423640882570967
    y: -0.32205733312566504
    z: 0.09046929045117705
    w: -0.006656337477602713
---
header:
  stamp:
    sec: 1788573276
    nanosec: 527062000
  frame_id: default_cam
pose:
  position:
    x: -0.13591494093317533
    y: -0.047753805414085755
    z: 0.9952361741295965
  orientation:
    x: 0.9419704853133848
    y: -0.3232890388360441
    z: 0.09016903002497954
    w: -0.006734106569360662
---
header:
  stamp:
    sec: 1788573276
    nanosec: 559062000
  frame_id: default_cam
pose:
  position:
    x: -0.13585208512517288
    y: -0.04764300234249883
    z: 0.9941894916657503
  orientation:
    x: 0.9452961424119988
    y: -0.31326949496194834
    z: 0.09070562419781078
    w: -0.007065154362474247
---
header:
  stamp:
    sec: 1788573276
    nanosec: 595063000
  frame_id: default_cam
pose:
  position:
    x: -0.13591494155300177
    y: -0.04775380431994421
    z: 0.9952361732923757
  orientation:
    x: 0.9419705743628459
    y: -0.3232887794326938
    z: 0.09016903028973026
    w: -0.006734100092731295
---
header:
  stamp:
    sec: 1788573276
    nanosec: 627064000
  frame_id: default_cam
pose:
  position:
    x: -0.13585208512515917
    y: -0.047643002342490914
    z: 0.9941894916656853
  orientation:
    x: 0.9452961424112364
    y: -0.31326949496425044
    z: 0.09070562419783923
    w: -0.007065154362028669
---
header:
  stamp:
    sec: 1788573276
    nanosec: 659063000
  frame_id: default_cam
pose:
  position:
    x: -0.13580436139457938
    y: -0.04757096247528762
    z: 0.9937139115573166
  orientation:
    x: 0.94588807677834
    y: -0.3108751170780628
    z: 0.09281951793282044
    w: -0.00607823008718862
---
header:
  stamp:
    sec: 1788573276
    nanosec: 695063000
  frame_id: default_cam
pose:
  position:
    x: -0.13580436139457938
    y: -0.04757096247528762
    z: 0.9937139115573166
  orientation:
    x: 0.94588807677834
    y: -0.3108751170780628
    z: 0.09281951793282044
    w: -0.00607823008718862
---
header:
  stamp:
    sec: 1788573276
    nanosec: 727064000
  frame_id: default_cam
pose:
  position:
    x: -0.1358520855118842
    y: -0.04764300181963175
    z: 0.9941894915180741
  orientation:
    x: 0.9452961894982784
    y: -0.31326935416799995
    z: 0.09070561976064147
    w: -0.007065154141074789
---
header:
  stamp:
    sec: 1788573276
    nanosec: 759062000
  frame_id: default_cam
pose:
  position:
    x: -0.1358520855118842
    y: -0.04764300181963175
    z: 0.9941894915180741
  orientation:
    x: 0.9452961894982784
    y: -0.31326935416799995
    z: 0.09070561976064147
    w: -0.007065154141074789
---
header:
  stamp:
    sec: 1788573276
    nanosec: 795063000
  frame_id: default_cam
pose:
  position:
    x: -0.13580436139458554
    y: -0.047570962475266015
    z: 0.9937139115572798
  orientation:
    x: 0.9458880767795114
    y: -0.3108751170745478
    z: 0.09281951793267071
    w: -0.0060782300869580705
---
header:
  stamp:
    sec: 1788573276
    nanosec: 827065000
  frame_id: default_cam
pose:
  position:
    x: -0.13585208551188424
    y: -0.04764300181963174
    z: 0.9941894915180742
  orientation:
    x: 0.9452961894982795
    y: -0.3132693541679964
    z: 0.09070561976064126
    w: -0.007065154141075183
---
header:
  stamp:
    sec: 1788573276
    nanosec: 927078000
  frame_id: default_cam
pose:
  position:
    x: -0.13585208551188424
    y: -0.04764300181963174
    z: 0.9941894915180742
  orientation:
    x: 0.9452961894982795
    y: -0.3132693541679964
    z: 0.09070561976064126
    w: -0.007065154141075183
---
header:
  stamp:
    sec: 1788573276
    nanosec: 959064000
  frame_id: default_cam
pose:
  position:
    x: -0.13585208551188424
    y: -0.04764300181963174
    z: 0.9941894915180742
  orientation:
    x: 0.9452961894982795
    y: -0.3132693541679964
    z: 0.09070561976064126
    w: -0.007065154141075183
---
header:
  stamp:
    sec: 1788573276
    nanosec: 995090000
  frame_id: default_cam
pose:
  position:
    x: -0.13585208551188424
    y: -0.04764300181963174
    z: 0.9941894915180742
  orientation:
    x: 0.9452961894982795
    y: -0.3132693541679964
    z: 0.09070561976064126
    w: -0.007065154141075183
---
header:
  stamp:
    sec: 1788573277
    nanosec: 27090000
  frame_id: default_cam
pose:
  position:
    x: -0.13580436139458552
    y: -0.04757096247526601
    z: 0.9937139115572798
  orientation:
    x: 0.9458880767795101
    y: -0.3108751170745516
    z: 0.09281951793266985
    w: -0.00607823008695799
---
header:
  stamp:
    sec: 1788573277
    nanosec: 59057000
  frame_id: default_cam
pose:
  position:
    x: -0.13591494179257468
    y: -0.04775380370452564
    z: 0.9952361724920978
  orientation:
    x: 0.9419706156016968
    y: -0.32328865931600737
    z: 0.09016903059344843
    w: -0.006734094033850599
---
header:
  stamp:
    sec: 1788573277
    nanosec: 95070000
  frame_id: default_cam
pose:
  position:
    x: -0.13580436145048172
    y: -0.047570962701908776
    z: 0.9937139123375245
  orientation:
    x: 0.9458880732430075
    y: -0.31087512748654184
    z: 0.09281951876176849
    w: -0.006078235244785479
---
header:
  stamp:
    sec: 1788573277
    nanosec: 127067000
  frame_id: default_cam
pose:
  position:
    x: -0.13591494179257446
    y: -0.04775380370453086
    z: 0.995236172492111
  orientation:
    x: 0.9419706156014753
    y: -0.323288659316652
    z: 0.09016903059344414
    w: -0.006734094033935477
---
header:
  stamp:
    sec: 1788573277
    nanosec: 227067000
  frame_id: default_cam
pose:
  position:
    x: -0.13591494179257446
    y: -0.04775380370453086
    z: 0.995236172492111
  orientation:
    x: 0.9419706156014753
    y: -0.323288659316652
    z: 0.09016903059344414
    w: -0.006734094033935477
---
header:
  stamp:
    sec: 1788573277
    nanosec: 259059000
  frame_id: default_cam
pose:
  position:
    x: -0.13585208512515143
    y: -0.047643002342483476
    z: 0.9941894916656412
  orientation:
    x: 0.9452961424108947
    y: -0.3132694949652883
    z: 0.09070562419784088
    w: -0.0070651543617233515
---
header:
  stamp:
    sec: 1788573277
    nanosec: 295071000
  frame_id: default_cam
pose:
  position:
    x: -0.13585208512515143
    y: -0.047643002342483476
    z: 0.9941894916656412
  orientation:
    x: 0.9452961424108947
    y: -0.3132694949652883
    z: 0.09070562419784088
    w: -0.0070651543617233515
---
header:
  stamp:
    sec: 1788573277
    nanosec: 327068000
  frame_id: default_cam
pose:
  position:
    x: -0.13580436139457944
    y: -0.04757096247528763
    z: 0.993713911557317
  orientation:
    x: 0.9458880767783407
    y: -0.3108751170780604
    z: 0.0928195179328197
    w: -0.0060782300871891045
---
header:
  stamp:
    sec: 1788573277
    nanosec: 359071000
  frame_id: default_cam
pose:
  position:
    x: -0.13580436139457944
    y: -0.04757096247528763
    z: 0.993713911557317
  orientation:
    x: 0.9458880767783407
    y: -0.3108751170780604
    z: 0.0928195179328197
    w: -0.0060782300871891045
---
header:
  stamp:
    sec: 1788573277
    nanosec: 395078000
  frame_id: default_cam
pose:
  position:
    x: -0.13584924458245465
    y: -0.04770631358876361
    z: 0.9946330340792509
  orientation:
    x: 0.9350924267901418
    y: -0.34290219628685104
    z: 0.08942255447429374
    w: -0.004883020854868602
---
header:
  stamp:
    sec: 1788573277
    nanosec: 427073000
  frame_id: default_cam
pose:
  position:
    x: -0.13591493778390304
    y: -0.04775380147360431
    z: 0.9952361533040025
  orientation:
    x: 0.9419703885738139
    y: -0.3232893230459656
    z: 0.09016903169140994
    w: -0.0067339719640752225
---
header:
  stamp:
    sec: 1788573277
    nanosec: 459059000
  frame_id: default_cam
pose:
  position:
    x: -0.13591493778390304
    y: -0.04775380147360431
    z: 0.9952361533040025
  orientation:
    x: 0.9419703885738139
    y: -0.3232893230459656
    z: 0.09016903169140994
    w: -0.0067339719640752225
---
header:
  stamp:
    sec: 1788573277
    nanosec: 495070000
  frame_id: default_cam
pose:
  position:
    x: -0.13585208512511127
    y: -0.047643002342325484
    z: 0.9941894916650974
  orientation:
    x: 0.9452961424132257
    y: -0.3132694949584847
    z: 0.09070562419732738
    w: -0.007065154358094937
---
header:
  stamp:
    sec: 1788573277
    nanosec: 527070000
  frame_id: default_cam
pose:
  position:
    x: -0.1359149415530017
    y: -0.04775380431994419
    z: 0.9952361732923755
  orientation:
    x: 0.9419705743628461
    y: -0.3232887794326926
    z: 0.09016903028973162
    w: -0.006734100092732806
---
header:
  stamp:
    sec: 1788573277
    nanosec: 559072000
  frame_id: default_cam
pose:
  position:
    x: -0.13580436145049712
    y: -0.04757096270192358
    z: 0.9937139123376123
  orientation:
    x: 0.9458880732436722
    y: -0.3108751274845112
    z: 0.09281951876175636
    w: -0.006078235245401367
---
header:
  stamp:
    sec: 1788573277
    nanosec: 595070000
  frame_id: default_cam
pose:
  position:
    x: -0.13585208551188502
    y: -0.047643001819637376
    z: 0.9941894915180914
  orientation:
    x: 0.9452961894981535
    y: -0.31326935416836815
    z: 0.09070561976066187
    w: -0.007065154141189245
---
header:
  stamp:
    sec: 1788573277
    nanosec: 627071000
  frame_id: default_cam
pose:
  position:
    x: -0.13591494155300726
    y: -0.04775380431990879
    z: 0.9952361732923009
  orientation:
    x: 0.9419705743646003
    y: -0.3232887794275866
    z: 0.09016903028975229
    w: -0.006734100092219521
---
header:
  stamp:
    sec: 1788573277
    nanosec: 659063000
  frame_id: default_cam
pose:
  position:
    x: -0.13585208512515926
    y: -0.04764300234249095
    z: 0.9941894916656858
  orientation:
    x: 0.9452961424112365
    y: -0.31326949496425094
    z: 0.0907056241978371
    w: -0.007065154362031189
---
header:
  stamp:
    sec: 1788573277
    nanosec: 695073000
  frame_id: default_cam
pose:
  position:
    x: -0.13585208512515926
    y: -0.04764300234249095
    z: 0.9941894916656858
  orientation:
    x: 0.9452961424112365
    y: -0.31326949496425094
    z: 0.0907056241978371
    w: -0.007065154362031189
---
header:
  stamp:
    sec: 1788573277
    nanosec: 727072000
  frame_id: default_cam
pose:
  position:
    x: -0.1359149415530018
    y: -0.047753804319944235
    z: 0.9952361732923759
  orientation:
    x: 0.9419705743628449
    y: -0.3232887794326965
    z: 0.09016903028973067
    w: -0.006734100092732762
---
header:
  stamp:
    sec: 1788573277
    nanosec: 759074000
  frame_id: default_cam
pose:
  position:
    x: -0.1357734638829664
    y: -0.04754886300260473
    z: 0.9934530118929119
  orientation:
    x: 0.9429817790262256
    y: -0.31966256820496836
    z: 0.09257034345810103
    w: -0.005651409132921212
---
header:
  stamp:
    sec: 1788573277
    nanosec: 795073000
  frame_id: default_cam
pose:
  position:
    x: -0.13585208472921007
    y: -0.04764300177866327
    z: 0.9941894889201714
  orientation:
    x: 0.9452961315455599
    y: -0.3132695283390734
    z: 0.09070562362303997
    w: -0.007065135693637222
---
header:
  stamp:
    sec: 1788573277
    nanosec: 827075000
  frame_id: default_cam
pose:
  position:
    x: -0.1359149415529977
    y: -0.04775380431994098
    z: 0.9952361732923535
  orientation:
    x: 0.9419705743626566
    y: -0.3232887794332464
    z: 0.09016903028973679
    w: -0.006734100092589949
---
header:
  stamp:
    sec: 1788573277
    nanosec: 859062000
  frame_id: default_cam
pose:
  position:
    x: -0.13585208512515917
    y: -0.047643002342490914
    z: 0.9941894916656854
  orientation:
    x: 0.9452961424112374
    y: -0.313269494964248
    z: 0.09070562419783741
    w: -0.007065154362029524
---
header:
  stamp:
    sec: 1788573277
    nanosec: 895077000
  frame_id: default_cam
pose:
  position:
    x: -0.13585208512515917
    y: -0.047643002342490914
    z: 0.9941894916656854
  orientation:
    x: 0.9452961424112374
    y: -0.313269494964248
    z: 0.09070562419783741
    w: -0.007065154362029524
---
header:
  stamp:
    sec: 1788573277
    nanosec: 927076000
  frame_id: default_cam
pose:
  position:
    x: -0.13585208512515917
    y: -0.047643002342490914
    z: 0.9941894916656854
  orientation:
    x: 0.9452961424112374
    y: -0.313269494964248
    z: 0.09070562419783741
    w: -0.007065154362029524
---
header:
  stamp:
    sec: 1788573277
    nanosec: 959074000
  frame_id: default_cam
pose:
  position:
    x: -0.13585208512515917
    y: -0.047643002342490914
    z: 0.9941894916656854
  orientation:
    x: 0.9452961424112374
    y: -0.313269494964248
    z: 0.09070562419783741
    w: -0.007065154362029524
---
header:
  stamp:
    sec: 1788573277
    nanosec: 995078000
  frame_id: default_cam
pose:
  position:
    x: -0.13580436139457938
    y: -0.0475709624752876
    z: 0.9937139115573164
  orientation:
    x: 0.9458880767783399
    y: -0.3108751170780632
    z: 0.09281951793282021
    w: -0.006078230087188666
---
header:
  stamp:
    sec: 1788573278
    nanosec: 27075000
  frame_id: default_cam
pose:
  position:
    x: -0.13580436139457938
    y: -0.0475709624752876
    z: 0.9937139115573164
  orientation:
    x: 0.9458880767783399
    y: -0.3108751170780632
    z: 0.09281951793282021
    w: -0.006078230087188666
---
header:
  stamp:
    sec: 1788573278
    nanosec: 59066000
  frame_id: default_cam
pose:
  position:
    x: -0.13585208551188424
    y: -0.04764300181963176
    z: 0.9941894915180743
  orientation:
    x: 0.9452961894982786
    y: -0.31326935416799856
    z: 0.09070561976064268
    w: -0.0070651541410744955
---
header:
  stamp:
    sec: 1788573278
    nanosec: 95076000
  frame_id: default_cam
pose:
  position:
    x: -0.13585208551188424
    y: -0.04764300181963176
    z: 0.9941894915180743
  orientation:
    x: 0.9452961894982786
    y: -0.31326935416799856
    z: 0.09070561976064268
    w: -0.0070651541410744955
---
header:
  stamp:
    sec: 1788573278
    nanosec: 127076000
  frame_id: default_cam
pose:
  position:
    x: -0.13585208551188424
    y: -0.04764300181963176
    z: 0.9941894915180743
  orientation:
    x: 0.9452961894982786
    y: -0.31326935416799856
    z: 0.09070561976064268
    w: -0.0070651541410744955
---
header:
  stamp:
    sec: 1788573278
    nanosec: 159077000
  frame_id: default_cam
pose:
  position:
    x: -0.13585208551188424
    y: -0.04764300181963176
    z: 0.9941894915180743
  orientation:
    x: 0.9452961894982786
    y: -0.31326935416799856
    z: 0.09070561976064268
    w: -0.0070651541410744955
---
header:
  stamp:
    sec: 1788573278
    nanosec: 195078000
  frame_id: default_cam
pose:
  position:
    x: -0.13580436139458554
    y: -0.047570962475266
    z: 0.9937139115572798
  orientation:
    x: 0.9458880767795105
    y: -0.31087511707455057
    z: 0.09281951793267056
    w: -0.006078230086957852
---
header:
  stamp:
    sec: 1788573278
    nanosec: 227079000
  frame_id: default_cam
pose:
  position:
    x: -0.1359149417925747
    y: -0.04775380370452564
    z: 0.995236172492098
  orientation:
    x: 0.9419706156016979
    y: -0.32328865931600365
    z: 0.09016903059344851
    w: -0.006734094033850915
---
header:
  stamp:
    sec: 1788573278
    nanosec: 259068000
  frame_id: default_cam
pose:
  position:
    x: -0.1359149417925747
    y: -0.04775380370452564
    z: 0.995236172492098
  orientation:
    x: 0.9419706156016979
    y: -0.32328865931600365
    z: 0.09016903059344851
    w: -0.006734094033850915
---
header:
  stamp:
    sec: 1788573278
    nanosec: 295077000
  frame_id: default_cam
pose:
  position:
    x: -0.1359149417925747
    y: -0.04775380370452564
    z: 0.995236172492098
  orientation:
    x: 0.9419706156016979
    y: -0.32328865931600365
    z: 0.09016903059344851
    w: -0.006734094033850915
---
header:
  stamp:
    sec: 1788573278
    nanosec: 327079000
  frame_id: default_cam
pose:
  position:
    x: -0.13585208512515137
    y: -0.047643002342483476
    z: 0.9941894916656411
  orientation:
    x: 0.9452961424108932
    y: -0.31326949496529255
    z: 0.09070562419784009
    w: -0.007065154361723217
---
header:
  stamp:
    sec: 1788573278
    nanosec: 359077000
  frame_id: default_cam
pose:
  position:
    x: -0.13582102224291462
    y: -0.04762087837755587
    z: 0.9939276424474833
  orientation:
    x: 0.9423640882570982
    y: -0.3220573331256611
    z: 0.09046929045117666
    w: -0.006656337477601365
---
header:
  stamp:
    sec: 1788573278
    nanosec: 395079000
  frame_id: default_cam
pose:
  position:
    x: -0.13585208485893593
    y: -0.04764300208273986
    z: 0.9941894901306855
  orientation:
    x: 0.9452961311896879
    y: -0.3132695289877893
    z: 0.09070562445276674
    w: -0.007065143891704836
---
header:
  stamp:
    sec: 1788573278
    nanosec: 427079000
  frame_id: default_cam
pose:
  position:
    x: -0.13585208485893593
    y: -0.04764300208273986
    z: 0.9941894901306855
  orientation:
    x: 0.9452961311896879
    y: -0.3132695289877893
    z: 0.09070562445276674
    w: -0.007065143891704836
---
header:
  stamp:
    sec: 1788573278
    nanosec: 459069000
  frame_id: default_cam
pose:
  position:
    x: -0.13580436139457266
    y: -0.04757096247527671
    z: 0.9937139115572668
  orientation:
    x: 0.9458880767781954
    y: -0.31087511707851445
    z: 0.09281951793280373
    w: -0.0060782300868415535
---
header:
  stamp:
    sec: 1788573278
    nanosec: 495082000
  frame_id: default_cam
pose:
  position:
    x: -0.13591494179257466
    y: -0.04775380370452561
    z: 0.9952361724920975
  orientation:
    x: 0.9419706156016975
    y: -0.32328865931600587
    z: 0.09016903059344702
    w: -0.0067340940338475085
---
header:
  stamp:
    sec: 1788573278
    nanosec: 527082000
  frame_id: default_cam
pose:
  position:
    x: -0.13582102101725985
    y: -0.04762087943098483
    z: 0.9939276412258871
  orientation:
    x: 0.9423639592089368
    y: -0.3220577070298765
    z: 0.09046930433459555
    w: -0.006656327811177666
---
header:
  stamp:
    sec: 1788573278
    nanosec: 559082000
  frame_id: default_cam
pose:
  position:
    x: -0.1358043610805323
    y: -0.04757096223472314
    z: 0.9937139099335355
  orientation:
    x: 0.9458880612956111
    y: -0.3108751641536063
    z: 0.09281951879440649
    w: -0.006078218626647275
---
header:
  stamp:
    sec: 1788573278
    nanosec: 595082000
  frame_id: default_cam
pose:
  position:
    x: -0.13585208551187603
    y: -0.04764300181962768
    z: 0.994189491518037
  orientation:
    x: 0.9452961894978001
    y: -0.31326935416944257
    z: 0.09070561976066228
    w: -0.007065154140817858
---
header:
  stamp:
    sec: 1788573278
    nanosec: 627083000
  frame_id: default_cam
pose:
  position:
    x: -0.13588331709525028
    y: -0.047731470373091105
    z: 0.9949707405697791
  orientation:
    x: 0.938936934907524
    y: -0.33206730747406255
    z: 0.08993765121093925
    w: -0.006320954678683948
---
header:
  stamp:
    sec: 1788573278
    nanosec: 659072000
  frame_id: default_cam
pose:
  position:
    x: -0.1358520853596607
    y: -0.047643001009205856
    z: 0.9941894889171876
  orientation:
    x: 0.9452962053817721
    y: -0.31326930739875647
    z: 0.09070561711698859
    w: -0.00706513666904463
---
header:
  stamp:
    sec: 1788573278
    nanosec: 695085000
  frame_id: default_cam
pose:
  position:
    x: -0.1358520853596607
    y: -0.047643001009205856
    z: 0.9941894889171876
  orientation:
    x: 0.9452962053817721
    y: -0.31326930739875647
    z: 0.09070561711698859
    w: -0.00706513666904463
---
header:
  stamp:
    sec: 1788573278
    nanosec: 727081000
  frame_id: default_cam
pose:
  position:
    x: -0.13582102224294387
    y: -0.04762087837749882
    z: 0.9939276424474318
  orientation:
    x: 0.9423640882612109
    y: -0.32205733311377616
    z: 0.09046929045066963
    w: -0.006656337477266999
---
header:
  stamp:
    sec: 1788573278
    nanosec: 759082000
  frame_id: default_cam
pose:
  position:
    x: -0.13585208485893593
    y: -0.04764300208273987
    z: 0.9941894901306857
  orientation:
    x: 0.9452961311896867
    y: -0.3132695289877927
    z: 0.09070562445276797
    w: -0.007065143891704086
---
header:
  stamp:
    sec: 1788573278
    nanosec: 795081000
  frame_id: default_cam
pose:
  position:
    x: -0.13582102224290776
    y: -0.04762087837755443
    z: 0.9939276424474573
  orientation:
    x: 0.942364088256618
    y: -0.3220573331270597
    z: 0.09046929045121309
    w: -0.0066563374774185734
---
header:
  stamp:
    sec: 1788573278
    nanosec: 827084000
  frame_id: default_cam
pose:
  position:
    x: -0.13585208485893588
    y: -0.04764300208273983
    z: 0.9941894901306852
  orientation:
    x: 0.9452961311896878
    y: -0.3132695289877898
    z: 0.09070562445276711
    w: -0.007065143891704665
---
header:
  stamp:
    sec: 1788573278
    nanosec: 859072000
  frame_id: default_cam
pose:
  position:
    x: -0.13583420838408095
    y: -0.047626959209235264
    z: 0.9943128885035474
  orientation:
    x: 0.9437316711488386
    y: -0.3172818877926445
    z: 0.0931264395206804
    w: -0.005495708467259029
---
header:
  stamp:
    sec: 1788573278
    nanosec: 895083000
  frame_id: default_cam
pose:
  position:
    x: -0.13585202563146834
    y: -0.04764298916326072
    z: 0.9941893858819685
  orientation:
    x: 0.9452893652338601
    y: -0.3132897643909178
    z: 0.09070638136754727
    w: -0.007063418637891405
---
header:
  stamp:
    sec: 1788573278
    nanosec: 927085000
  frame_id: default_cam
pose:
  position:
    x: -0.13585202563146834
    y: -0.04764298916326072
    z: 0.9941893858819685
  orientation:
    x: 0.9452893652338601
    y: -0.3132897643909178
    z: 0.09070638136754727
    w: -0.007063418637891405
---
header:
  stamp:
    sec: 1788573278
    nanosec: 959085000
  frame_id: default_cam
pose:
  position:
    x: -0.1358833170937975
    y: -0.04773147037991693
    z: 0.9949707405823287
  orientation:
    x: 0.9389369345448964
    y: -0.3320673084946511
    z: 0.08993765122217458
    w: -0.006320954768844925
---
header:
  stamp:
    sec: 1788573278
    nanosec: 995093000
  frame_id: default_cam
pose:
  position:
    x: -0.13591494005348842
    y: -0.04775380505594228
    z: 0.9952361702767404
  orientation:
    x: 0.9419704307770678
    y: -0.32328919806913886
    z: 0.09016903067267944
    w: -0.0067340820479015375
---
header:
  stamp:
    sec: 1788573279
    nanosec: 27087000
  frame_id: default_cam
pose:
  position:
    x: -0.13577346388295472
    y: -0.047548863002648455
    z: 0.9934530118929871
  orientation:
    x: 0.9429817790239026
    y: -0.3196625682117133
    z: 0.09257034345844473
    w: -0.00565140913340913
---
header:
  stamp:
    sec: 1788573279
    nanosec: 59075000
  frame_id: default_cam
pose:
  position:
    x: -0.1359149411063627
    y: -0.04775380507545523
    z: 0.995236173802939
  orientation:
    x: 0.941970511369769
    y: -0.32328896299872895
    z: 0.09016902990420736
    w: -0.006734104180719872
---
header:
  stamp:
    sec: 1788573279
    nanosec: 95088000
  frame_id: default_cam
pose:
  position:
    x: -0.13585208512516847
    y: -0.04764300234249576
    z: 0.9941894916657278
  orientation:
    x: 0.9452961424117783
    y: -0.3132694949626158
    z: 0.09070562419781548
    w: -0.007065154362323087
---
header:
  stamp:
    sec: 1788573279
    nanosec: 127085000
  frame_id: default_cam
pose:
  position:
    x: -0.13585208512516847
    y: -0.04764300234249576
    z: 0.9941894916657278
  orientation:
    x: 0.9452961424117783
    y: -0.3132694949626158
    z: 0.09070562419781548
    w: -0.007065154362323087
---
header:
  stamp:
    sec: 1788573279
    nanosec: 159086000
  frame_id: default_cam
pose:
  position:
    x: -0.13591494155300168
    y: -0.04775380431994421
    z: 0.9952361732923752
  orientation:
    x: 0.9419705743628449
    y: -0.3232887794326963
    z: 0.09016903028973139
    w: -0.0067341000927325315
---
header:
  stamp:
    sec: 1788573279
    nanosec: 195088000
  frame_id: default_cam
pose:
  position:
    x: -0.13585208512515923
    y: -0.04764300234249092
    z: 0.9941894916656856
  orientation:
    x: 0.9452961424112372
    y: -0.3132694949642493
    z: 0.09070562419783627
    w: -0.007065154362029782
---
header:
  stamp:
    sec: 1788573279
    nanosec: 227088000
  frame_id: default_cam
pose:
  position:
    x: -0.13582102224291467
    y: -0.047620878377555874
    z: 0.9939276424474838
  orientation:
    x: 0.9423640882570975
    y: -0.32205733312566287
    z: 0.09046929045117713
    w: -0.006656337477602882
---
header:
  stamp:
    sec: 1788573279
    nanosec: 259076000
  frame_id: default_cam
pose:
  position:
    x: -0.1358520848589359
    y: -0.04764300208273985
    z: 0.9941894901306854
  orientation:
    x: 0.9452961311896878
    y: -0.31326952898778965
    z: 0.09070562445276746
    w: -0.007065143891704565
---
header:
  stamp:
    sec: 1788573279
    nanosec: 295091000
  frame_id: default_cam
pose:
  position:
    x: -0.13582102224290776
    y: -0.047620878377554424
    z: 0.9939276424474573
  orientation:
    x: 0.9423640882566178
    y: -0.32205733312706075
    z: 0.09046929045121137
    w: -0.006656337477419079
---
header:
  stamp:
    sec: 1788573279
    nanosec: 327090000
  frame_id: default_cam
pose:
  position:
    x: -0.13582102224290776
    y: -0.047620878377554424
    z: 0.9939276424474573
  orientation:
    x: 0.9423640882566178
    y: -0.32205733312706075
    z: 0.09046929045121137
    w: -0.006656337477419079
---
header:
  stamp:
    sec: 1788573279
    nanosec: 359091000
  frame_id: default_cam
pose:
  position:
    x: -0.1358520848589359
    y: -0.047643002082739846
    z: 0.9941894901306855
  orientation:
    x: 0.9452961311896871
    y: -0.3132695289877917
    z: 0.09070562445276702
    w: -0.007065143891704514
---
header:
  stamp:
    sec: 1788573279
    nanosec: 395092000
  frame_id: default_cam
pose:
  position:
    x: -0.1359149415529989
    y: -0.04775380431994628
    z: 0.9952361732923716
  orientation:
    x: 0.9419705743625498
    y: -0.3232887794335565
    z: 0.09016903028973207
    w: -0.0067341000927098795
---
header:
  stamp:
    sec: 1788573279
    nanosec: 427094000
  frame_id: default_cam
pose:
  position:
    x: -0.1359149415529989
    y: -0.04775380431994628
    z: 0.9952361732923716
  orientation:
    x: 0.9419705743625498
    y: -0.3232887794335565
    z: 0.09016903028973207
    w: -0.0067341000927098795
---
header:
  stamp:
    sec: 1788573279
    nanosec: 459081000
  frame_id: default_cam
pose:
  position:
    x: -0.1358520851251592
    y: -0.04764300234249093
    z: 0.9941894916656855
  orientation:
    x: 0.9452961424112384
    y: -0.3132694949642449
    z: 0.09070562419783823
    w: -0.007065154362029518
---
header:
  stamp:
    sec: 1788573279
    nanosec: 495092000
  frame_id: default_cam
pose:
  position:
    x: -0.13577346516662844
    y: -0.0475488617194908
    z: 0.9934530127201554
  orientation:
    x: 0.9429819183449565
    y: -0.3196621618786379
    z: 0.09257032691449872
    w: -0.005651416856352524
---
header:
  stamp:
    sec: 1788573279
    nanosec: 527091000
  frame_id: default_cam
pose:
  position:
    x: -0.13582102126841228
    y: -0.047620878897425424
    z: 0.9939276406512664
  orientation:
    x: 0.9423639963255768
    y: -0.3220575998039457
    z: 0.0904692996834514
    w: -0.006656324255607698
---
header:
  stamp:
    sec: 1788573279
    nanosec: 559093000
  frame_id: default_cam
pose:
  position:
    x: -0.13588331651310426
    y: -0.047731472760736776
    z: 0.9949707448078415
  orientation:
    x: 0.9389368009282588
    y: -0.3320676845443884
    z: 0.08993765564488329
    w: -0.0063209841827146325
---
header:
  stamp:
    sec: 1788573279
    nanosec: 595093000
  frame_id: default_cam
pose:
  position:
    x: -0.13588331651310426
    y: -0.047731472760736776
    z: 0.9949707448078415
  orientation:
    x: 0.9389368009282588
    y: -0.3320676845443884
    z: 0.08993765564488329
    w: -0.0063209841827146325
---
header:
  stamp:
    sec: 1788573279
    nanosec: 627090000
  frame_id: default_cam
pose:
  position:
    x: -0.1358520853597228
    y: -0.04764300100919699
    z: 0.9941894889173626
  orientation:
    x: 0.9452962053868013
    y: -0.3132693073836468
    z: 0.09070561711666372
    w: -0.007065136670296475
---
header:
  stamp:
    sec: 1788573279
    nanosec: 659081000
  frame_id: default_cam
pose:
  position:
    x: -0.1358520853597228
    y: -0.04764300100919699
    z: 0.9941894889173626
  orientation:
    x: 0.9452962053868013
    y: -0.3132693073836468
    z: 0.09070561711666372
    w: -0.007065136670296475
---
header:
  stamp:
    sec: 1788573279
    nanosec: 695095000
  frame_id: default_cam
pose:
  position:
    x: -0.13580281024470933
    y: -0.04760466400856302
    z: 0.9940489844606133
  orientation:
    x: 0.9407536056512761
    y: -0.32608451986409137
    z: 0.09287615207368251
    w: -0.005055663667070205
---
header:
  stamp:
    sec: 1788573279
    nanosec: 727095000
  frame_id: default_cam
pose:
  position:
    x: -0.13585208461010254
    y: -0.047643001040745016
    z: 0.9941894866059074
  orientation:
    x: 0.9452961474378532
    y: -0.31326948151754236
    z: 0.09070562090799604
    w: -0.007065120280478025
---
header:
  stamp:
    sec: 1788573279
    nanosec: 759093000
  frame_id: default_cam
pose:
  position:
    x: -0.13585208461010254
    y: -0.047643001040745016
    z: 0.9941894866059074
  orientation:
    x: 0.9452961474378532
    y: -0.31326948151754236
    z: 0.09070562090799604
    w: -0.007065120280478025
---
header:
  stamp:
    sec: 1788573279
    nanosec: 795097000
  frame_id: default_cam
pose:
  position:
    x: -0.13588331709524337
    y: -0.04773147037312266
    z: 0.9949707405698367
  orientation:
    x: 0.9389369349058322
    y: -0.33206730747882063
    z: 0.08993765121100389
    w: -0.006320954679094769
---
header:
  stamp:
    sec: 1788573279
    nanosec: 827095000
  frame_id: default_cam
pose:
  position:
    x: -0.1358520853596607
    y: -0.047643001009205814
    z: 0.9941894889171874
  orientation:
    x: 0.945296205381772
    y: -0.3132693073987568
    z: 0.09070561711698845
    w: -0.0070651366690428
---
header:
  stamp:
    sec: 1788573279
    nanosec: 859083000
  frame_id: default_cam
pose:
  position:
    x: -0.13588331709525497
    y: -0.04773147037306523
    z: 0.9949707405697289
  orientation:
    x: 0.9389369349088352
    y: -0.33206730747037005
    z: 0.08993765121090817
    w: -0.006320954678324004
---
header:
  stamp:
    sec: 1788573279
    nanosec: 895097000
  frame_id: default_cam
pose:
  position:
    x: -0.13585208535966056
    y: -0.04764300100920579
    z: 0.9941894889171868
  orientation:
    x: 0.945296205381772
    y: -0.3132693073987572
    z: 0.09070561711698737
    w: -0.00706513666904314
---
header:
  stamp:
    sec: 1788573279
    nanosec: 927097000
  frame_id: default_cam
pose:
  position:
    x: -0.13585208535966056
    y: -0.04764300100920579
    z: 0.9941894889171868
  orientation:
    x: 0.945296205381772
    y: -0.3132693073987572
    z: 0.09070561711698737
    w: -0.00706513666904314
---
header:
  stamp:
    sec: 1788573279
    nanosec: 959097000
  frame_id: default_cam
pose:
  position:
    x: -0.13583420839327773
    y: -0.047626959221544286
    z: 0.9943128885717151
  orientation:
    x: 0.9437316712489541
    y: -0.3172818874947848
    z: 0.09312643949545052
    w: -0.005495708899041226
---
header:
  stamp:
    sec: 1788573279
    nanosec: 995098000
  frame_id: default_cam
pose:
  position:
    x: -0.1358042918138118
    y: -0.04757079817715271
    z: 0.9937132525794058
  orientation:
    x: 0.9458840777139333
    y: -0.3108875294154501
    z: 0.09281892601042703
    w: -0.006074747360196403
---
header:
  stamp:
    sec: 1788573280
    nanosec: 27095000
  frame_id: default_cam
pose:
  position:
    x: -0.13585208550948197
    y: -0.047643001818012676
    z: 0.9941894915061557
  orientation:
    x: 0.9452961893714094
    y: -0.3132693545512707
    z: 0.09070561976552509
    w: -0.0070651540588134954
---
header:
  stamp:
    sec: 1788573280
    nanosec: 59085000
  frame_id: default_cam
pose:
  position:
    x: -0.13582102224293802
    y: -0.04762087837752429
    z: 0.993927642447478
  orientation:
    x: 0.9423640882599236
    y: -0.32205733311748624
    z: 0.09046929045084948
    w: -0.006656337477578737
---
header:
  stamp:
    sec: 1788573280
    nanosec: 95096000
  frame_id: default_cam
pose:
  position:
    x: -0.13588331651312485
    y: -0.04773147276068442
    z: 0.9949707448077725
  orientation:
    x: 0.9389368009318395
    y: -0.3320676845343051
    z: 0.08993765564476484
    w: -0.006320984182242875
---
header:
  stamp:
    sec: 1788573280
    nanosec: 127097000
  frame_id: default_cam
pose:
  position:
    x: -0.13585208535972285
    y: -0.047643001009197
    z: 0.9941894889173628
  orientation:
    x: 0.9452962053868005
    y: -0.31326930738364894
    z: 0.09070561711666301
    w: -0.007065136670298386
---
header:
  stamp:
    sec: 1788573280
    nanosec: 159097000
  frame_id: default_cam
pose:
  position:
    x: -0.1358833170952548
    y: -0.047731470373065146
    z: 0.9949707405697277
  orientation:
    x: 0.938936934908836
    y: -0.3320673074703679
    z: 0.08993765121090824
    w: -0.006320954678324172
---
header:
  stamp:
    sec: 1788573280
    nanosec: 195098000
  frame_id: default_cam
pose:
  position:
    x: -0.13582102094126625
    y: -0.047620879485689625
    z: 0.9939276411252583
  orientation:
    x: 0.9423639515892196
    y: -0.3220577290872492
    z: 0.09046930524089707
    w: -0.006656327031048211
---
header:
  stamp:
    sec: 1788573280
    nanosec: 227099000
  frame_id: default_cam
pose:
  position:
    x: -0.13577346395404982
    y: -0.047548862769887006
    z: 0.9934530115156007
  orientation:
    x: 0.9429817923722866
    y: -0.31966252937786876
    z: 0.09257034172613869
    w: -0.005651406798202332
---
header:
  stamp:
    sec: 1788573280
    nanosec: 259086000
  frame_id: default_cam
pose:
  position:
    x: -0.13588331681781193
    y: -0.0477314722378053
    z: 0.9949707444601789
  orientation:
    x: 0.9389368442818417
    y: -0.33206756238082186
    z: 0.08993765427924387
    w: -0.0063209815110371725
---
header:
  stamp:
    sec: 1788573280
    nanosec: 295100000
  frame_id: default_cam
pose:
  position:
    x: -0.1358043622768442
    y: -0.04757096132191462
    z: 0.9937139113726835
  orientation:
    x: 0.9458881808669846
    y: -0.3108748035769273
    z: 0.09281950714888897
    w: -0.006078230810926791
---
header:
  stamp:
    sec: 1788573280
    nanosec: 327100000
  frame_id: default_cam
pose:
  position:
    x: -0.13588331753151142
    y: -0.04773146962063878
    z: 0.994970740142741
  orientation:
    x: 0.9389369962532786
    y: -0.33206713445742775
    z: 0.08993764987942869
    w: -0.006320950424459652
---
header:
  stamp:
    sec: 1788573280
    nanosec: 359099000
  frame_id: default_cam
pose:
  position:
    x: -0.1358210209412531
    y: -0.04762087948568042
    z: 0.9939276411251925
  orientation:
    x: 0.942363951588516
    y: -0.3220577290893087
    z: 0.09046930524092867
    w: -0.006656327030583792
---
header:
  stamp:
    sec: 1788573280
    nanosec: 395102000
  frame_id: default_cam
pose:
  position:
    x: -0.13588331651309546
    y: -0.0477314727607672
    z: 0.9949707448078924
  orientation:
    x: 0.9389368009264218
    y: -0.33206768454955865
    z: 0.08993765564494813
    w: -0.0063209841830551405
---
header:
  stamp:
    sec: 1788573280
    nanosec: 427105000
  frame_id: default_cam
pose:
  position:
    x: -0.1357734641112041
    y: -0.04754886312490874
    z: 0.9934530129323033
  orientation:
    x: 0.9429817926121213
    y: -0.3196625282196528
    z: 0.09257034267545453
    w: -0.005651416742616013
---
header:
  stamp:
    sec: 1788573280
    nanosec: 459089000
  frame_id: default_cam
pose:
  position:
    x: -0.13582102126837547
    y: -0.047620878897468154
    z: 0.9939276406512585
  orientation:
    x: 0.9423639963213293
    y: -0.32205759981623994
    z: 0.09046929968393665
    w: -0.0066563242555112345
---
header:
  stamp:
    sec: 1788573280
    nanosec: 495104000
  frame_id: default_cam
pose:
  position:
    x: -0.13585208485893077
    y: -0.047643002082720765
    z: 0.9941894901306189
  orientation:
    x: 0.9452961311899489
    y: -0.31326952898702826
    z: 0.09070562445270983
    w: -0.00706514389125923
---
header:
  stamp:
    sec: 1788573280
    nanosec: 527101000
  frame_id: default_cam
pose:
  position:
    x: -0.1358833170952382
    y: -0.04773147037315181
    z: 0.9949707405698937
  orientation:
    x: 0.9389369349043609
    y: -0.3320673074829637
    z: 0.08993765121103846
    w: -0.006320954679502985
---
header:
  stamp:
    sec: 1788573280
    nanosec: 559103000
  frame_id: default_cam
pose:
  position:
    x: -0.13582102094126614
    y: -0.04762087948568959
    z: 0.9939276411252579
  orientation:
    x: 0.9423639515892203
    y: -0.3220577290872474
    z: 0.09046930524089737
    w: -0.006656327031046401
---
header:
  stamp:
    sec: 1788573280
    nanosec: 595105000
  frame_id: default_cam
pose:
  position:
    x: -0.13588331651309551
    y: -0.04773147276076721
    z: 0.9949707448078926
  orientation:
    x: 0.9389368009264231
    y: -0.3320676845495556
    z: 0.08993765564494634
    w: -0.006320984183054207
---
header:
  stamp:
    sec: 1788573280
    nanosec: 627104000
  frame_id: default_cam
pose:
  position:
    x: -0.13588331651309551
    y: -0.04773147276076721
    z: 0.9949707448078926
  orientation:
    x: 0.9389368009264231
    y: -0.3320676845495556
    z: 0.08993765564494634
    w: -0.006320984183054207
---
header:
  stamp:
    sec: 1788573280
    nanosec: 659092000
  frame_id: default_cam
pose:
  position:
    x: -0.13585208535972293
    y: -0.047643001009197085
    z: 0.9941894889173636
  orientation:
    x: 0.9452962053868009
    y: -0.3132693073836474
    z: 0.09070561711666435
    w: -0.007065136670299906
---
header:
  stamp:
    sec: 1788573280
    nanosec: 695105000
  frame_id: default_cam
pose:
  position:
    x: -0.13588331709525484
    y: -0.047731470373065174
    z: 0.994970740569728
  orientation:
    x: 0.9389369349088378
    y: -0.3320673074703629
    z: 0.08993765121090802
    w: -0.006320954678324728
---
header:
  stamp:
    sec: 1788573280
    nanosec: 727104000
  frame_id: default_cam
pose:
  position:
    x: -0.13585208535966065
    y: -0.04764300100920583
    z: 0.9941894889171872
  orientation:
    x: 0.9452962053817722
    y: -0.31326930739875664
    z: 0.0907056171169876
    w: -0.007065136669043109
---
header:
  stamp:
    sec: 1788573280
    nanosec: 759105000
  frame_id: default_cam
pose:
  position:
    x: -0.13588331709525492
    y: -0.04773147037306521
    z: 0.9949707405697285
  orientation:
    x: 0.9389369349088359
    y: -0.3320673074703683
    z: 0.08993765121090758
    w: -0.006320954678324386
---
header:
  stamp:
    sec: 1788573280
    nanosec: 795105000
  frame_id: default_cam
pose:
  position:
    x: -0.1358210209412662
    y: -0.04762087948568962
    z: 0.9939276411252582
  orientation:
    x: 0.942363951589218
    y: -0.32205772908725333
    z: 0.09046930524089829
    w: -0.006656327031047377
---
header:
  stamp:
    sec: 1788573280
    nanosec: 827104000
  frame_id: default_cam
pose:
  position:
    x: -0.1358833165130955
    y: -0.047731472760767196
    z: 0.9949707448078925
  orientation:
    x: 0.9389368009264235
    y: -0.3320676845495545
    z: 0.08993765564494563
    w: -0.006320984183054572
---
header:
  stamp:
    sec: 1788573280
    nanosec: 859093000
  frame_id: default_cam
pose:
  position:
    x: -0.1358210209413045
    y: -0.04762087948573585
    z: 0.9939276411254994
  orientation:
    x: 0.9423639515906392
    y: -0.32205772908305447
    z: 0.09046930524091759
    w: -0.0066563270327438355
---
header:
  stamp:
    sec: 1788573280
    nanosec: 895105000
  frame_id: default_cam
pose:
  position:
    x: -0.1358210209413045
    y: -0.04762087948573585
    z: 0.9939276411254994
  orientation:
    x: 0.9423639515906392
    y: -0.32205772908305447
    z: 0.09046930524091759
    w: -0.0066563270327438355
---
header:
  stamp:
    sec: 1788573280
    nanosec: 927107000
  frame_id: default_cam
pose:
  position:
    x: -0.13588331651309546
    y: -0.0477314727607672
    z: 0.9949707448078923
  orientation:
    x: 0.9389368009264217
    y: -0.3320676845495595
    z: 0.08993765564494635
    w: -0.006320984183053829
---
header:
  stamp:
    sec: 1788573280
    nanosec: 959106000
  frame_id: default_cam
pose:
  position:
    x: -0.13580436227687143
    y: -0.047570961321907676
    z: 0.9937139113727522
  orientation:
    x: 0.9458881808692607
    y: -0.3108748035700472
    z: 0.09281950714870185
    w: -0.006078230811443199
---
header:
  stamp:
    sec: 1788573280
    nanosec: 995108000
  frame_id: default_cam
pose:
  position:
    x: -0.13582102272466692
    y: -0.04762087780931976
    z: 0.9939276425550594
  orientation:
    x: 0.9423641437364173
    y: -0.32205717252003857
    z: 0.09046928421670904
    w: -0.006656338456197519
---
header:
  stamp:
    sec: 1788573281
    nanosec: 27106000
  frame_id: default_cam
pose:
  position:
    x: -0.13582102272466692
    y: -0.04762087780931976
    z: 0.9939276425550594
  orientation:
    x: 0.9423641437364173
    y: -0.32205717252003857
    z: 0.09046928421670904
    w: -0.006656338456197519
---
header:
  stamp:
    sec: 1788573281
    nanosec: 59095000
  frame_id: default_cam
pose:
  position:
    x: -0.1358833165131364
    y: -0.04773147276064913
    z: 0.9949707448077184
  orientation:
    x: 0.9389368009340698
    y: -0.33206768452802604
    z: 0.08993765564469018
    w: -0.006320984181876706
---
header:
  stamp:
    sec: 1788573281
    nanosec: 95110000
  frame_id: default_cam
pose:
  position:
    x: -0.1358833165131364
    y: -0.04773147276064913
    z: 0.9949707448077184
  orientation:
    x: 0.9389368009340698
    y: -0.33206768452802604
    z: 0.08993765564469018
    w: -0.006320984181876706
---
header:
  stamp:
    sec: 1788573281
    nanosec: 127108000
  frame_id: default_cam
pose:
  position:
    x: -0.13582102094130458
    y: -0.04762087948573589
    z: 0.9939276411254998
  orientation:
    x: 0.9423639515906393
    y: -0.3220577290830546
    z: 0.0904693052409162
    w: -0.006656327032744307
---
header:
  stamp:
    sec: 1788573281
    nanosec: 159110000
  frame_id: default_cam
pose:
  position:
    x: -0.13582102094130458
    y: -0.04762087948573589
    z: 0.9939276411254998
  orientation:
    x: 0.9423639515906393
    y: -0.3220577290830546
    z: 0.0904693052409162
    w: -0.006656327032744307
---
header:
  stamp:
    sec: 1788573281
    nanosec: 195110000
  frame_id: default_cam
pose:
  position:
    x: -0.13582102094130458
    y: -0.04762087948573589
    z: 0.9939276411254998
  orientation:
    x: 0.9423639515906393
    y: -0.3220577290830546
    z: 0.0904693052409162
    w: -0.006656327032744307
---
header:
  stamp:
    sec: 1788573281
    nanosec: 227109000
  frame_id: default_cam
pose:
  position:
    x: -0.13582102094130458
    y: -0.04762087948573589
    z: 0.9939276411254998
  orientation:
    x: 0.9423639515906393
    y: -0.3220577290830546
    z: 0.0904693052409162
    w: -0.006656327032744307
---
header:
  stamp:
    sec: 1788573281
    nanosec: 259097000
  frame_id: default_cam
pose:
  position:
    x: -0.13588331651309546
    y: -0.04773147276076719
    z: 0.9949707448078923
  orientation:
    x: 0.938936800926422
    y: -0.3320676845495588
    z: 0.08993765564494671
    w: -0.006320984183053763
---
header:
  stamp:
    sec: 1788573281
    nanosec: 295110000
  frame_id: default_cam
pose:
  position:
    x: -0.13588331651309546
    y: -0.04773147276076719
    z: 0.9949707448078923
  orientation:
    x: 0.938936800926422
    y: -0.3320676845495588
    z: 0.08993765564494671
    w: -0.006320984183053763
---
header:
  stamp:
    sec: 1788573281
    nanosec: 327110000
  frame_id: default_cam
pose:
  position:
    x: -0.13585208535972274
    y: -0.04764300100919698
    z: 0.9941894889173621
  orientation:
    x: 0.9452962053868011
    y: -0.313269307383647
    z: 0.09070561711666343
    w: -0.007065136670296559
---
header:
  stamp:
    sec: 1788573281
    nanosec: 359110000
  frame_id: default_cam
pose:
  position:
    x: -0.1358833170952549
    y: -0.04773147037306519
    z: 0.9949707405697283
  orientation:
    x: 0.9389369349088356
    y: -0.332067307470369
    z: 0.0899376512109089
    w: -0.006320954678323842
---
header:
  stamp:
    sec: 1788573281
    nanosec: 395114000
  frame_id: default_cam
pose:
  position:
    x: -0.13582102094126622
    y: -0.047620879485689604
    z: 0.9939276411252581
  orientation:
    x: 0.9423639515892211
    y: -0.32205772908724467
    z: 0.09046930524089733
    w: -0.00665632703104854
---
header:
  stamp:
    sec: 1788573281
    nanosec: 427113000
  frame_id: default_cam
pose:
  position:
    x: -0.13588331651309554
    y: -0.04773147276076723
    z: 0.9949707448078928
  orientation:
    x: 0.9389368009264233
    y: -0.33206768454955515
    z: 0.08993765564494652
    w: -0.006320984183054177
---
header:
  stamp:
    sec: 1788573281
    nanosec: 459102000
  frame_id: default_cam
pose:
  position:
    x: -0.13582102094130447
    y: -0.047620879485735845
    z: 0.9939276411254993
  orientation:
    x: 0.9423639515906401
    y: -0.3220577290830522
    z: 0.09046930524091644
    w: -0.006656327032744458
---
header:
  stamp:
    sec: 1788573281
    nanosec: 495113000
  frame_id: default_cam
pose:
  position:
    x: -0.13588331651309546
    y: -0.04773147276076719
    z: 0.9949707448078923
  orientation:
    x: 0.9389368009264224
    y: -0.33206768454955726
    z: 0.08993765564494742
    w: -0.006320984183053656
---
header:
  stamp:
    sec: 1788573281
    nanosec: 527111000
  frame_id: default_cam
pose:
  position:
    x: -0.13582102094130447
    y: -0.04762087948573585
    z: 0.9939276411254994
  orientation:
    x: 0.9423639515906396
    y: -0.32205772908305397
    z: 0.09046930524091658
    w: -0.006656327032744233
---
header:
  stamp:
    sec: 1788573281
    nanosec: 559111000
  frame_id: default_cam
pose:
  position:
    x: -0.13585208485893382
    y: -0.047643002082721826
    z: 0.9941894901306312
  orientation:
    x: 0.9452961311901459
    y: -0.31326952898643423
    z: 0.09070562445270264
    w: -0.007065143891346856
---
header:
  stamp:
    sec: 1788573281
    nanosec: 595113000
  frame_id: default_cam
pose:
  position:
    x: -0.1358833170952381
    y: -0.04773147037315178
    z: 0.994970740569893
  orientation:
    x: 0.9389369349043599
    y: -0.33206730748296664
    z: 0.08993765121103782
    w: -0.006320954679502944
---
header:
  stamp:
    sec: 1788573281
    nanosec: 627113000
  frame_id: default_cam
pose:
  position:
    x: -0.1358833170952381
    y: -0.04773147037315178
    z: 0.994970740569893
  orientation:
    x: 0.9389369349043599
    y: -0.33206730748296664
    z: 0.08993765121103782
    w: -0.006320954679502944
---
header:
  stamp:
    sec: 1788573281
    nanosec: 659102000
  frame_id: default_cam
pose:
  position:
    x: -0.13577346411114044
    y: -0.047548863124829935
    z: 0.9934530129318987
  orientation:
    x: 0.9429817926098196
    y: -0.3196625282264984
    z: 0.09257034267543944
    w: -0.005651416739714115
---
header:
  stamp:
    sec: 1788573281
    nanosec: 695113000
  frame_id: default_cam
pose:
  position:
    x: -0.13582102126837545
    y: -0.04762087889746815
    z: 0.9939276406512585
  orientation:
    x: 0.9423639963213299
    y: -0.3220575998162385
    z: 0.09046929968393491
    w: -0.006656324255510126
---
header:
  stamp:
    sec: 1788573281
    nanosec: 727115000
  frame_id: default_cam
pose:
  position:
    x: -0.13577346395405487
    y: -0.04754886276986197
    z: 0.9934530115155528
  orientation:
    x: 0.9429817923734848
    y: -0.3196625293743935
    z: 0.09257034172595442
    w: -0.005651406797879672
---
header:
  stamp:
    sec: 1788573281
    nanosec: 759115000
  frame_id: default_cam
pose:
  position:
    x: -0.13582102126837198
    y: -0.04762087889745987
    z: 0.9939276406512261
  orientation:
    x: 0.9423639963213338
    y: -0.3220575998162384
    z: 0.090469299683911
    w: -0.006656324255284025
---
header:
  stamp:
    sec: 1788573281
    nanosec: 795118000
  frame_id: default_cam
pose:
  position:
    x: -0.13588331651310434
    y: -0.04773147276073682
    z: 0.9949707448078421
  orientation:
    x: 0.938936800928258
    y: -0.33206768454439073
    z: 0.08993765564488333
    w: -0.006320984182714396
---
header:
  stamp:
    sec: 1788573281
    nanosec: 827117000
  frame_id: default_cam
pose:
  position:
    x: -0.13582102094130452
    y: -0.047620879485735866
    z: 0.9939276411254997
  orientation:
    x: 0.9423639515906412
    y: -0.32205772908304914
    z: 0.0904693052409163
    w: -0.006656327032744788
---
header:
  stamp:
    sec: 1788573281
    nanosec: 859106000
  frame_id: default_cam
pose:
  position:
    x: -0.13588331651309546
    y: -0.04773147276076719
    z: 0.9949707448078924
  orientation:
    x: 0.9389368009264223
    y: -0.3320676845495579
    z: 0.08993765564494609
    w: -0.006320984183054078
---
header:
  stamp:
    sec: 1788573281
    nanosec: 895118000
  frame_id: default_cam
pose:
  position:
    x: -0.13582102094130447
    y: -0.04762087948573586
    z: 0.9939276411254993
  orientation:
    x: 0.94236395159064
    y: -0.32205772908305275
    z: 0.09046930524091604
    w: -0.006656327032744539
---
header:
  stamp:
    sec: 1788573281
    nanosec: 927117000
  frame_id: default_cam
pose:
  position:
    x: -0.13588331651309546
    y: -0.04773147276076718
    z: 0.9949707448078923
  orientation:
    x: 0.9389368009264225
    y: -0.3320676845495573
    z: 0.08993765564494659
    w: -0.006320984183053951
---
header:
  stamp:
    sec: 1788573281
    nanosec: 959116000
  frame_id: default_cam
pose:
  position:
    x: -0.13588331651309546
    y: -0.04773147276076718
    z: 0.9949707448078923
  orientation:
    x: 0.9389368009264225
    y: -0.3320676845495573
    z: 0.08993765564494659
    w: -0.006320984183053951
---
header:
  stamp:
    sec: 1788573281
    nanosec: 995118000
  frame_id: default_cam
pose:
  position:
    x: -0.13582102094130447
    y: -0.04762087948573586
    z: 0.9939276411254994
  orientation:
    x: 0.9423639515906396
    y: -0.3220577290830539
    z: 0.09046930524091687
    w: -0.0066563270327441295
---
header:
  stamp:
    sec: 1788573282
    nanosec: 27117000
  frame_id: default_cam
pose:
  position:
    x: -0.13588331651309543
    y: -0.04773147276076719
    z: 0.9949707448078922
  orientation:
    x: 0.9389368009264217
    y: -0.33206768454955937
    z: 0.0899376556449468
    w: -0.006320984183053681
---
header:
  stamp:
    sec: 1788573282
    nanosec: 59107000
  frame_id: default_cam
pose:
  position:
    x: -0.13582102094130447
    y: -0.047620879485735866
    z: 0.9939276411254993
  orientation:
    x: 0.94236395159064
    y: -0.32205772908305275
    z: 0.09046930524091606
    w: -0.006656327032744531
---
header:
  stamp:
    sec: 1788573282
    nanosec: 95121000
  frame_id: default_cam
pose:
  position:
    x: -0.13588331651309546
    y: -0.04773147276076719
    z: 0.9949707448078923
  orientation:
    x: 0.9389368009264225
    y: -0.33206768454955726
    z: 0.08993765564494662
    w: -0.00632098418305394
---
header:
  stamp:
    sec: 1788573282
    nanosec: 127121000
  frame_id: default_cam
pose:
  position:
    x: -0.13588331651309546
    y: -0.04773147276076719
    z: 0.9949707448078923
  orientation:
    x: 0.9389368009264225
    y: -0.33206768454955726
    z: 0.08993765564494662
    w: -0.00632098418305394
---
header:
  stamp:
    sec: 1788573282
    nanosec: 159120000
  frame_id: default_cam
pose:
  position:
    x: -0.13588331651309546
    y: -0.04773147276076719
    z: 0.9949707448078923
  orientation:
    x: 0.9389368009264225
    y: -0.33206768454955726
    z: 0.08993765564494662
    w: -0.00632098418305394
---
header:
  stamp:
    sec: 1788573282
    nanosec: 195121000
  frame_id: default_cam
pose:
  position:
    x: -0.13582102094130447
    y: -0.047620879485735866
    z: 0.9939276411254994
  orientation:
    x: 0.9423639515906395
    y: -0.3220577290830541
    z: 0.09046930524091688
    w: -0.006656327032744117
---
header:
  stamp:
    sec: 1788573282
    nanosec: 227119000
  frame_id: default_cam
pose:
  position:
    x: -0.13588331651309543
    y: -0.04773147276076719
    z: 0.9949707448078922
  orientation:
    x: 0.9389368009264215
    y: -0.33206768454955965
    z: 0.08993765564494675
    w: -0.006320984183053669
---
header:
  stamp:
    sec: 1788573282
    nanosec: 259109000
  frame_id: default_cam
pose:
  position:
    x: -0.13588331651309543
    y: -0.04773147276076719
    z: 0.9949707448078922
  orientation:
    x: 0.9389368009264215
    y: -0.33206768454955965
    z: 0.08993765564494675
    w: -0.006320984183053669
---
header:
  stamp:
    sec: 1788573282
    nanosec: 327121000
  frame_id: default_cam
pose:
  position:
    x: -0.13588331651309543
    y: -0.04773147276076719
    z: 0.9949707448078922
  orientation:
    x: 0.9389368009264215
    y: -0.33206768454955965
    z: 0.08993765564494675
    w: -0.006320984183053669
---
header:
  stamp:
    sec: 1788573282
    nanosec: 359123000
  frame_id: default_cam
pose:
  position:
    x: -0.13577346411120414
    y: -0.04754886312490877
    z: 0.9934530129323035
  orientation:
    x: 0.9429817926121217
    y: -0.3196625282196518
    z: 0.09257034267545416
    w: -0.005651416742616228
---
header:
  stamp:
    sec: 1788573282
    nanosec: 395122000
  frame_id: default_cam
pose:
  position:
    x: -0.13588331681781243
    y: -0.047731472237808846
    z: 0.9949707444601896
  orientation:
    x: 0.9389368442817505
    y: -0.33206756238107726
    z: 0.08993765427924755
    w: -0.006320981511111072
---
header:
  stamp:
    sec: 1788573282
    nanosec: 427126000
  frame_id: default_cam
pose:
  position:
    x: -0.1358210209412953
    y: -0.047620879485729586
    z: 0.9939276411254538
  orientation:
    x: 0.94236395159014
    y: -0.3220577290845164
    z: 0.09046930524093802
    w: -0.006656327032421169
---
header:
  stamp:
    sec: 1788573282
    nanosec: 459111000
  frame_id: default_cam
pose:
  position:
    x: -0.13588331651309551
    y: -0.0477314727607672
    z: 0.9949707448078925
  orientation:
    x: 0.938936800926423
    y: -0.33206768454955576
    z: 0.08993765564494698
    w: -0.006320984183053957
---
header:
  stamp:
    sec: 1788573282
    nanosec: 495124000
  frame_id: default_cam
pose:
  position:
    x: -0.13588331651309551
    y: -0.0477314727607672
    z: 0.9949707448078925
  orientation:
    x: 0.938936800926423
    y: -0.33206768454955576
    z: 0.08993765564494698
    w: -0.006320984183053957
---
header:
  stamp:
    sec: 1788573282
    nanosec: 527125000
  frame_id: default_cam
pose:
  position:
    x: -0.13582102094130444
    y: -0.047620879485735845
    z: 0.9939276411254991
  orientation:
    x: 0.9423639515906392
    y: -0.3220577290830546
    z: 0.09046930524091774
    w: -0.006656327032743766
---
header:
  stamp:
    sec: 1788573282
    nanosec: 559125000
  frame_id: default_cam
pose:
  position:
    x: -0.13588331651309554
    y: -0.0477314727607672
    z: 0.9949707448078926
  orientation:
    x: 0.9389368009264226
    y: -0.3320676845495572
    z: 0.08993765564494495
    w: -0.0063209841830545776
---
header:
  stamp:
    sec: 1788573282
    nanosec: 595126000
  frame_id: default_cam
pose:
  position:
    x: -0.13588331651309554
    y: -0.0477314727607672
    z: 0.9949707448078926
  orientation:
    x: 0.9389368009264226
    y: -0.3320676845495572
    z: 0.08993765564494495
    w: -0.0063209841830545776
---
header:
  stamp:
    sec: 1788573282
    nanosec: 627126000
  frame_id: default_cam
pose:
  position:
    x: -0.13588331651309554
    y: -0.0477314727607672
    z: 0.9949707448078926
  orientation:
    x: 0.9389368009264226
    y: -0.3320676845495572
    z: 0.08993765564494495
    w: -0.0063209841830545776
---
header:
  stamp:
    sec: 1788573282
    nanosec: 659114000
  frame_id: default_cam
pose:
  position:
    x: -0.13588331651309554
    y: -0.0477314727607672
    z: 0.9949707448078926
  orientation:
    x: 0.9389368009264226
    y: -0.3320676845495572
    z: 0.08993765564494495
    w: -0.0063209841830545776
---
header:
  stamp:
    sec: 1788573282
    nanosec: 695127000
  frame_id: default_cam
pose:
  position:
    x: -0.13582102094130447
    y: -0.04762087948573584
    z: 0.9939276411254993
  orientation:
    x: 0.9423639515906399
    y: -0.3220577290830529
    z: 0.09046930524091695
    w: -0.006656327032744203
---
header:
  stamp:
    sec: 1788573282
    nanosec: 727125000
  frame_id: default_cam
pose:
  position:
    x: -0.13588331651309546
    y: -0.0477314727607672
    z: 0.9949707448078924
  orientation:
    x: 0.9389368009264224
    y: -0.3320676845495576
    z: 0.08993765564494681
    w: -0.006320984183053841
---
header:
  stamp:
    sec: 1788573282
    nanosec: 759126000
  frame_id: default_cam
pose:
  position:
    x: -0.13588331651309546
    y: -0.0477314727607672
    z: 0.9949707448078924
  orientation:
    x: 0.9389368009264224
    y: -0.3320676845495576
    z: 0.08993765564494681
    w: -0.006320984183053841
---
header:
  stamp:
    sec: 1788573282
    nanosec: 795126000
  frame_id: default_cam
pose:
  position:
    x: -0.13588331651309546
    y: -0.0477314727607672
    z: 0.9949707448078924
  orientation:
    x: 0.9389368009264224
    y: -0.3320676845495576
    z: 0.08993765564494681
    w: -0.006320984183053841
---
header:
  stamp:
    sec: 1788573282
    nanosec: 827126000
  frame_id: default_cam
pose:
  position:
    x: -0.13588331651309546
    y: -0.0477314727607672
    z: 0.9949707448078924
  orientation:
    x: 0.9389368009264224
    y: -0.3320676845495576
    z: 0.08993765564494681
    w: -0.006320984183053841
---
header:
  stamp:
    sec: 1788573282
    nanosec: 859116000
  frame_id: default_cam
pose:
  position:
    x: -0.13588331651309546
    y: -0.0477314727607672
    z: 0.9949707448078924
  orientation:
    x: 0.9389368009264224
    y: -0.3320676845495576
    z: 0.08993765564494681
    w: -0.006320984183053841
---
header:
  stamp:
    sec: 1788573282
    nanosec: 895128000
  frame_id: default_cam
pose:
  position:
    x: -0.1358210209413045
    y: -0.04762087948573588
    z: 0.9939276411254995
  orientation:
    x: 0.9423639515906407
    y: -0.3220577290830509
    z: 0.09046930524091609
    w: -0.006656327032744697
---
header:
  stamp:
    sec: 1788573282
    nanosec: 927127000
  frame_id: default_cam
pose:
  position:
    x: -0.1358210209413045
    y: -0.04762087948573588
    z: 0.9939276411254995
  orientation:
    x: 0.9423639515906407
    y: -0.3220577290830509
    z: 0.09046930524091609
    w: -0.006656327032744697
---
header:
  stamp:
    sec: 1788573282
    nanosec: 959128000
  frame_id: default_cam
pose:
  position:
    x: -0.13588331651309546
    y: -0.04773147276076718
    z: 0.9949707448078922
  orientation:
    x: 0.9389368009264225
    y: -0.33206768454955743
    z: 0.08993765564494553
    w: -0.006320984183054324
---
header:
  stamp:
    sec: 1788573282
    nanosec: 995131000
  frame_id: default_cam
pose:
  position:
    x: -0.13582102094130447
    y: -0.04762087948573585
    z: 0.9939276411254993
  orientation:
    x: 0.9423639515906405
    y: -0.3220577290830512
    z: 0.09046930524091702
    w: -0.006656327032744338
---
header:
  stamp:
    sec: 1788573283
    nanosec: 27131000
  frame_id: default_cam
pose:
  position:
    x: -0.13582102094130447
    y: -0.04762087948573585
    z: 0.9939276411254993
  orientation:
    x: 0.9423639515906405
    y: -0.3220577290830512
    z: 0.09046930524091702
    w: -0.006656327032744338
---
header:
  stamp:
    sec: 1788573283
    nanosec: 59116000
  frame_id: default_cam
pose:
  position:
    x: -0.1358043610805333
    y: -0.04757096223472241
    z: 0.9937139099335374
  orientation:
    x: 0.9458880612957024
    y: -0.3108751641533309
    z: 0.09281951879439912
    w: -0.006078218626653963
---
header:
  stamp:
    sec: 1788573283
    nanosec: 95131000
  frame_id: default_cam
pose:
  position:
    x: -0.13588331753147853
    y: -0.04773146962077491
    z: 0.9949707401429738
  orientation:
    x: 0.9389369962457842
    y: -0.33206713447853486
    z: 0.08993764987961643
    w: -0.006320950426195124
---
header:
  stamp:
    sec: 1788573283
    nanosec: 127131000
  frame_id: default_cam
pose:
  position:
    x: -0.13582102094125315
    y: -0.04762087948568045
    z: 0.993927641125193
  orientation:
    x: 0.9423639515885152
    y: -0.32205772908931135
    z: 0.0904693052409281
    w: -0.006656327030585606
---
header:
  stamp:
    sec: 1788573283
    nanosec: 159130000
  frame_id: default_cam
pose:
  position:
    x: -0.1358833165130955
    y: -0.047731472760767196
    z: 0.9949707448078924
  orientation:
    x: 0.9389368009264221
    y: -0.3320676845495586
    z: 0.0899376556449464
    w: -0.006320984183055784
---
header:
  stamp:
    sec: 1788573283
    nanosec: 195132000
  frame_id: default_cam
pose:
  position:
    x: -0.13577346411120403
    y: -0.04754886312490871
    z: 0.9934530129323027
  orientation:
    x: 0.9429817926121209
    y: -0.3196625282196544
    z: 0.09257034267545344
    w: -0.00565141674261436
---
header:
  stamp:
    sec: 1788573283
    nanosec: 227130000
  frame_id: default_cam
pose:
  position:
    x: -0.13577346411120403
    y: -0.04754886312490871
    z: 0.9934530129323027
  orientation:
    x: 0.9429817926121209
    y: -0.3196625282196544
    z: 0.09257034267545344
    w: -0.00565141674261436
---
header:
  stamp:
    sec: 1788573283
    nanosec: 259133000
  frame_id: default_cam
pose:
  position:
    x: -0.13582102126837547
    y: -0.04762087889746817
    z: 0.9939276406512587
  orientation:
    x: 0.9423639963213296
    y: -0.32205759981623894
    z: 0.09046929968393583
    w: -0.0066563242555116205
---
header:
  stamp:
    sec: 1788573283
    nanosec: 295132000
  frame_id: default_cam
pose:
  position:
    x: -0.13582102126837547
    y: -0.04762087889746817
    z: 0.9939276406512587
  orientation:
    x: 0.9423639963213296
    y: -0.32205759981623894
    z: 0.09046929968393583
    w: -0.0066563242555116205
---
header:
  stamp:
    sec: 1788573283
    nanosec: 327133000
  frame_id: default_cam
pose:
  position:
    x: -0.13582102126837547
    y: -0.04762087889746817
    z: 0.9939276406512587
  orientation:
    x: 0.9423639963213296
    y: -0.32205759981623894
    z: 0.09046929968393583
    w: -0.0066563242555116205
---
header:
  stamp:
    sec: 1788573283
    nanosec: 359132000
  frame_id: default_cam
pose:
  position:
    x: -0.13582102126837547
    y: -0.04762087889746817
    z: 0.9939276406512587
  orientation:
    x: 0.9423639963213296
    y: -0.32205759981623894
    z: 0.09046929968393583
    w: -0.0066563242555116205
---
header:
  stamp:
    sec: 1788573283
    nanosec: 395136000
  frame_id: default_cam
pose:
  position:
    x: -0.1358833165131043
    y: -0.04773147276073681
    z: 0.994970744807842
  orientation:
    x: 0.9389368009282586
    y: -0.3320676845443892
    z: 0.0899376556448834
    w: -0.006320984182716379
---
header:
  stamp:
    sec: 1788573283
    nanosec: 427137000
  frame_id: default_cam
pose:
  position:
    x: -0.13582102094130447
    y: -0.04762087948573587
    z: 0.9939276411254993
  orientation:
    x: 0.9423639515906396
    y: -0.3220577290830539
    z: 0.09046930524091691
    w: -0.006656327032744118
---
header:
  stamp:
    sec: 1788573283
    nanosec: 459134000
  frame_id: default_cam
pose:
  position:
    x: -0.13588331651309546
    y: -0.047731472760767175
    z: 0.9949707448078922
  orientation:
    x: 0.938936800926422
    y: -0.33206768454955904
    z: 0.08993765564494571
    w: -0.006320984183054112
---
header:
  stamp:
    sec: 1788573283
    nanosec: 495135000
  frame_id: default_cam
pose:
  position:
    x: -0.1358210209413045
    y: -0.047620879485735866
    z: 0.9939276411254994
  orientation:
    x: 0.9423639515906401
    y: -0.3220577290830524
    z: 0.09046930524091606
    w: -0.006656327032744565
---
header:
  stamp:
    sec: 1788573283
    nanosec: 527137000
  frame_id: default_cam
pose:
  position:
    x: -0.13588331651309546
    y: -0.047731472760767196
    z: 0.9949707448078922
  orientation:
    x: 0.9389368009264223
    y: -0.3320676845495581
    z: 0.08993765564494591
    w: -0.006320984183054126
---
header:
  stamp:
    sec: 1788573283
    nanosec: 559137000
  frame_id: default_cam
pose:
  position:
    x: -0.13582102094130447
    y: -0.04762087948573586
    z: 0.9939276411254993
  orientation:
    x: 0.94236395159064
    y: -0.3220577290830524
    z: 0.09046930524091673
    w: -0.006656327032744329
---
header:
  stamp:
    sec: 1788573283
    nanosec: 595133000
  frame_id: default_cam
pose:
  position:
    x: -0.13588331651309546
    y: -0.04773147276076718
    z: 0.9949707448078923
  orientation:
    x: 0.9389368009264224
    y: -0.3320676845495576
    z: 0.08993765564494659
    w: -0.006320984183053926
---
header:
  stamp:
    sec: 1788573283
    nanosec: 627137000
  frame_id: default_cam
pose:
  position:
    x: -0.13588331651309546
    y: -0.04773147276076718
    z: 0.9949707448078923
  orientation:
    x: 0.9389368009264224
    y: -0.3320676845495576
    z: 0.08993765564494659
    w: -0.006320984183053926
---
header:
  stamp:
    sec: 1788573283
    nanosec: 659137000
  frame_id: default_cam
pose:
  position:
    x: -0.13588331651309546
    y: -0.04773147276076718
    z: 0.9949707448078923
  orientation:
    x: 0.9389368009264224
    y: -0.3320676845495576
    z: 0.08993765564494659
    w: -0.006320984183053926
---
header:
  stamp:
    sec: 1788573283
    nanosec: 695136000
  frame_id: default_cam
pose:
  position:
    x: -0.13582102094130447
    y: -0.04762087948573586
    z: 0.9939276411254994
  orientation:
    x: 0.9423639515906395
    y: -0.3220577290830542
    z: 0.09046930524091688
    w: -0.006656327032744105
---
header:
  stamp:
    sec: 1788573283
    nanosec: 727138000
  frame_id: default_cam
pose:
  position:
    x: -0.13588331651309543
    y: -0.04773147276076719
    z: 0.9949707448078922
  orientation:
    x: 0.9389368009264216
    y: -0.33206768454955965
    z: 0.08993765564494681
    w: -0.006320984183053658
---
header:
  stamp:
    sec: 1788573283
    nanosec: 759139000
  frame_id: default_cam
pose:
  position:
    x: -0.13582102094130447
    y: -0.047620879485735866
    z: 0.9939276411254993
  orientation:
    x: 0.9423639515906399
    y: -0.3220577290830531
    z: 0.09046930524091608
    w: -0.006656327032744503
---
header:
  stamp:
    sec: 1788573283
    nanosec: 795141000
  frame_id: default_cam
pose:
  position:
    x: -0.13588331651309546
    y: -0.04773147276076719
    z: 0.9949707448078923
  orientation:
    x: 0.9389368009264224
    y: -0.33206768454955754
    z: 0.08993765564494662
    w: -0.006320984183053913
---
header:
  stamp:
    sec: 1788573283
    nanosec: 827138000
  frame_id: default_cam
pose:
  position:
    x: -0.13588331651309546
    y: -0.04773147276076719
    z: 0.9949707448078923
  orientation:
    x: 0.9389368009264224
    y: -0.33206768454955754
    z: 0.08993765564494662
    w: -0.006320984183053913
---
header:
  stamp:
    sec: 1788573283
    nanosec: 859138000
  frame_id: default_cam
pose:
  position:
    x: -0.13582102094130447
    y: -0.047620879485735866
    z: 0.9939276411254994
  orientation:
    x: 0.9423639515906393
    y: -0.3220577290830543
    z: 0.09046930524091688
    w: -0.0066563270327440905
---
header:
  stamp:
    sec: 1788573283
    nanosec: 895140000
  frame_id: default_cam
pose:
  position:
    x: -0.13588331651309543
    y: -0.04773147276076719
    z: 0.9949707448078922
  orientation:
    x: 0.9389368009264215
    y: -0.3320676845495599
    z: 0.08993765564494675
    w: -0.006320984183053643
---
header:
  stamp:
    sec: 1788573283
    nanosec: 927139000
  frame_id: default_cam
pose:
  position:
    x: -0.1358210209413045
    y: -0.04762087948573588
    z: 0.9939276411254995
  orientation:
    x: 0.94236395159064
    y: -0.3220577290830522
    z: 0.09046930524091783
    w: -0.0066563270327439665
---
header:
  stamp:
    sec: 1788573283
    nanosec: 959139000
  frame_id: default_cam
pose:
  position:
    x: -0.13588331651309543
    y: -0.047731472760767175
    z: 0.994970744807892
  orientation:
    x: 0.938936800926421
    y: -0.3320676845495617
    z: 0.08993765564494584
    w: -0.006320984183053823
---
header:
  stamp:
    sec: 1788573283
    nanosec: 995140000
  frame_id: default_cam
pose:
  position:
    x: -0.1358210209413045
    y: -0.04762087948573587
    z: 0.9939276411254994
  orientation:
    x: 0.9423639515906405
    y: -0.3220577290830515
    z: 0.09046930524091631
    w: -0.00665632703274456
---
header:
  stamp:
    sec: 1788573284
    nanosec: 27142000
  frame_id: default_cam
pose:
  position:
    x: -0.1358833165130955
    y: -0.047731472760767196
    z: 0.9949707448078923
  orientation:
    x: 0.9389368009264227
    y: -0.33206768454955665
    z: 0.08993765564494617
    w: -0.006320984183054167
---
header:
  stamp:
    sec: 1788573284
    nanosec: 59143000
  frame_id: default_cam
pose:
  position:
    x: -0.1358833165130955
    y: -0.047731472760767196
    z: 0.9949707448078923
  orientation:
    x: 0.9389368009264227
    y: -0.33206768454955665
    z: 0.08993765564494617
    w: -0.006320984183054167
---
header:
  stamp:
    sec: 1788573284
    nanosec: 95142000
  frame_id: default_cam
pose:
  position:
    x: -0.1358833165130955
    y: -0.047731472760767196
    z: 0.9949707448078923
  orientation:
    x: 0.9389368009264227
    y: -0.33206768454955665
    z: 0.08993765564494617
    w: -0.006320984183054167
---
header:
  stamp:
    sec: 1788573284
    nanosec: 127142000
  frame_id: default_cam
pose:
  position:
    x: -0.1358833165130955
    y: -0.047731472760767196
    z: 0.9949707448078923
  orientation:
    x: 0.9389368009264227
    y: -0.33206768454955665
    z: 0.08993765564494617
    w: -0.006320984183054167
---
header:
  stamp:
    sec: 1788573284
    nanosec: 159143000
  frame_id: default_cam
pose:
  position:
    x: -0.1358210209413045
    y: -0.04762087948573586
    z: 0.9939276411254994
  orientation:
    x: 0.9423639515906406
    y: -0.322057729083051
    z: 0.09046930524091697
    w: -0.006656327032744364
---
header:
  stamp:
    sec: 1788573284
    nanosec: 195145000
  frame_id: default_cam
pose:
  position:
    x: -0.1358210209413045
    y: -0.04762087948573586
    z: 0.9939276411254994
  orientation:
    x: 0.9423639515906406
    y: -0.322057729083051
    z: 0.09046930524091697
    w: -0.006656327032744364
---
header:
  stamp:
    sec: 1788573284
    nanosec: 227143000
  frame_id: default_cam
pose:
  position:
    x: -0.1358210209413045
    y: -0.04762087948573586
    z: 0.9939276411254994
  orientation:
    x: 0.9423639515906406
    y: -0.322057729083051
    z: 0.09046930524091697
    w: -0.006656327032744364
---
header:
  stamp:
    sec: 1788573284
    nanosec: 259142000
  frame_id: default_cam
pose:
  position:
    x: -0.13588331651309546
    y: -0.04773147276076719
    z: 0.9949707448078922
  orientation:
    x: 0.9389368009264227
    y: -0.33206768454955643
    z: 0.08993765564494688
    w: -0.006320984183053928
---
header:
  stamp:
    sec: 1788573284
    nanosec: 295143000
  frame_id: default_cam
pose:
  position:
    x: -0.13588331651309546
    y: -0.04773147276076719
    z: 0.9949707448078922
  orientation:
    x: 0.9389368009264227
    y: -0.33206768454955643
    z: 0.08993765564494688
    w: -0.006320984183053928
---
header:
  stamp:
    sec: 1788573284
    nanosec: 327147000
  frame_id: default_cam
pose:
  position:
    x: -0.13582102094130447
    y: -0.04762087948573585
    z: 0.9939276411254993
  orientation:
    x: 0.9423639515906399
    y: -0.3220577290830532
    z: 0.09046930524091605
    w: -0.0066563270327445
---
header:
  stamp:
    sec: 1788573284
    nanosec: 359143000
  frame_id: default_cam
pose:
  position:
    x: -0.13582102094130447
    y: -0.04762087948573585
    z: 0.9939276411254993
  orientation:
    x: 0.9423639515906399
    y: -0.3220577290830532
    z: 0.09046930524091605
    w: -0.0066563270327445
---
header:
  stamp:
    sec: 1788573284
    nanosec: 395147000
  frame_id: default_cam
pose:
  position:
    x: -0.13582102094130447
    y: -0.04762087948573585
    z: 0.9939276411254993
  orientation:
    x: 0.9423639515906399
    y: -0.3220577290830532
    z: 0.09046930524091605
    w: -0.0066563270327445
---
header:
  stamp:
    sec: 1788573284
    nanosec: 427145000
  frame_id: default_cam
pose:
  position:
    x: -0.13588331651309546
    y: -0.047731472760767196
    z: 0.9949707448078923
  orientation:
    x: 0.9389368009264221
    y: -0.3320676845495584
    z: 0.08993765564494705
    w: -0.006320984183053706
---
header:
  stamp:
    sec: 1788573284
    nanosec: 459146000
  frame_id: default_cam
pose:
  position:
    x: -0.13582102094130447
    y: -0.04762087948573585
    z: 0.9939276411254991
  orientation:
    x: 0.9423639515906399
    y: -0.3220577290830531
    z: 0.0904693052409159
    w: -0.00665632703274457
---
header:
  stamp:
    sec: 1788573284
    nanosec: 495145000
  frame_id: default_cam
pose:
  position:
    x: -0.13588331651309546
    y: -0.047731472760767196
    z: 0.9949707448078924
  orientation:
    x: 0.9389368009264227
    y: -0.33206768454955665
    z: 0.08993765564494617
    w: -0.0063209841830541656
---
header:
  stamp:
    sec: 1788573284
    nanosec: 527148000
  frame_id: default_cam
pose:
  position:
    x: -0.13588331651309546
    y: -0.047731472760767196
    z: 0.9949707448078924
  orientation:
    x: 0.9389368009264227
    y: -0.33206768454955665
    z: 0.08993765564494617
    w: -0.0063209841830541656
---
header:
  stamp:
    sec: 1788573284
    nanosec: 559147000
  frame_id: default_cam
pose:
  position:
    x: -0.13588331651309546
    y: -0.047731472760767196
    z: 0.9949707448078924
  orientation:
    x: 0.9389368009264227
    y: -0.33206768454955665
    z: 0.08993765564494617
    w: -0.0063209841830541656
---
header:
  stamp:
    sec: 1788573284
    nanosec: 595147000
  frame_id: default_cam
pose:
  position:
    x: -0.1358210209413045
    y: -0.047620879485735866
    z: 0.9939276411254994
  orientation:
    x: 0.9423639515906405
    y: -0.3220577290830516
    z: 0.09046930524091609
    w: -0.006656327032744637
---
header:
  stamp:
    sec: 1788573284
    nanosec: 627149000
  frame_id: default_cam
pose:
  position:
    x: -0.13588331651309546
    y: -0.047731472760767196
    z: 0.9949707448078922
  orientation:
    x: 0.9389368009264225
    y: -0.3320676845495572
    z: 0.08993765564494595
    w: -0.0063209841830542
---
header:
  stamp:
    sec: 1788573284
    nanosec: 659148000
  frame_id: default_cam
pose:
  position:
    x: -0.13588331651309546
    y: -0.047731472760767196
    z: 0.9949707448078922
  orientation:
    x: 0.9389368009264225
    y: -0.3320676845495572
    z: 0.08993765564494595
    w: -0.0063209841830542
---
header:
  stamp:
    sec: 1788573284
    nanosec: 695150000
  frame_id: default_cam
pose:
  position:
    x: -0.13582102094130447
    y: -0.04762087948573586
    z: 0.9939276411254993
  orientation:
    x: 0.9423639515906403
    y: -0.3220577290830515
    z: 0.09046930524091676
    w: -0.006656327032744396
---
header:
  stamp:
    sec: 1788573284
    nanosec: 727149000
  frame_id: default_cam
pose:
  position:
    x: -0.13588331651309543
    y: -0.04773147276076717
    z: 0.9949707448078922
  orientation:
    x: 0.9389368009264215
    y: -0.3320676845495601
    z: 0.08993765564494652
    w: -0.006320984183053719
---
header:
  stamp:
    sec: 1788573284
    nanosec: 759149000
  frame_id: default_cam
pose:
  position:
    x: -0.13588331651309543
    y: -0.04773147276076717
    z: 0.9949707448078922
  orientation:
    x: 0.9389368009264215
    y: -0.3320676845495601
    z: 0.08993765564494652
    w: -0.006320984183053719
---
header:
  stamp:
    sec: 1788573284
    nanosec: 795149000
  frame_id: default_cam
pose:
  position:
    x: -0.13588331651309543
    y: -0.04773147276076717
    z: 0.9949707448078922
  orientation:
    x: 0.9389368009264215
    y: -0.3320676845495601
    z: 0.08993765564494652
    w: -0.006320984183053719
---
header:
  stamp:
    sec: 1788573284
    nanosec: 827152000
  frame_id: default_cam
pose:
  position:
    x: -0.1358210209413045
    y: -0.047620879485735894
    z: 0.9939276411254996
  orientation:
    x: 0.9423639515906412
    y: -0.3220577290830489
    z: 0.09046930524091656
    w: -0.0066563270327447185
---
header:
  stamp:
    sec: 1788573284
    nanosec: 859151000
  frame_id: default_cam
pose:
  position:
    x: -0.13588331651309546
    y: -0.04773147276076718
    z: 0.9949707448078922
  orientation:
    x: 0.9389368009264234
    y: -0.33206768454955493
    z: 0.08993765564494563
    w: -0.006320984183054546
---
header:
  stamp:
    sec: 1788573284
    nanosec: 895150000
  frame_id: default_cam
pose:
  position:
    x: -0.13582102094130447
    y: -0.047620879485735845
    z: 0.9939276411254991
  orientation:
    x: 0.9423639515906401
    y: -0.3220577290830521
    z: 0.090469305240917
    w: -0.006656327032744275
---
header:
  stamp:
    sec: 1788573284
    nanosec: 927153000
  frame_id: default_cam
pose:
  position:
    x: -0.13582102094130447
    y: -0.047620879485735845
    z: 0.9939276411254991
  orientation:
    x: 0.9423639515906401
    y: -0.3220577290830521
    z: 0.090469305240917
    w: -0.006656327032744275
---
header:
  stamp:
    sec: 1788573284
    nanosec: 959152000
  frame_id: default_cam
pose:
  position:
    x: -0.13577346395404988
    y: -0.04754886276988702
    z: 0.993453011515601
  orientation:
    x: 0.9429817923722881
    y: -0.31966252937786493
    z: 0.09257034172613822
    w: -0.005651406798201012
---
header:
  stamp:
    sec: 1788573284
    nanosec: 995156000
  frame_id: default_cam
pose:
  position:
    x: -0.13582102126837192
    y: -0.04762087889745984
    z: 0.993927640651226
  orientation:
    x: 0.9423639963213347
    y: -0.32205759981623605
    z: 0.09046929968391057
    w: -0.00665632425528438
---
header:
  stamp:
    sec: 1788573285
    nanosec: 27153000
  frame_id: default_cam
pose:
  position:
    x: -0.13582102126837192
    y: -0.04762087889745984
    z: 0.993927640651226
  orientation:
    x: 0.9423639963213347
    y: -0.32205759981623605
    z: 0.09046929968391057
    w: -0.00665632425528438
---
header:
  stamp:
    sec: 1788573285
    nanosec: 59154000
  frame_id: default_cam
pose:
  position:
    x: -0.13577346395405496
    y: -0.047548862769861984
    z: 0.9934530115155531
  orientation:
    x: 0.9429817923734856
    y: -0.31966252937439094
    z: 0.09257034172595494
    w: -0.005651406797879737
---
header:
  stamp:
    sec: 1788573285
    nanosec: 95156000
  frame_id: default_cam
pose:
  position:
    x: -0.13582102126837192
    y: -0.04762087889745985
    z: 0.9939276406512257
  orientation:
    x: 0.9423639963213336
    y: -0.32205759981623894
    z: 0.09046929968391135
    w: -0.006656324255283843
---
header:
  stamp:
    sec: 1788573285
    nanosec: 127158000
  frame_id: default_cam
pose:
  position:
    x: -0.13582102126837192
    y: -0.04762087889745985
    z: 0.9939276406512257
  orientation:
    x: 0.9423639963213336
    y: -0.32205759981623894
    z: 0.09046929968391135
    w: -0.006656324255283843
---
header:
  stamp:
    sec: 1788573285
    nanosec: 227162000
  frame_id: default_cam
pose:
  position:
    x: -0.13582102126837192
    y: -0.04762087889745985
    z: 0.9939276406512257
  orientation:
    x: 0.9423639963213336
    y: -0.32205759981623894
    z: 0.09046929968391135
    w: -0.006656324255283843
---
header:
  stamp:
    sec: 1788573285
    nanosec: 259158000
  frame_id: default_cam
pose:
  position:
    x: -0.13588331651310434
    y: -0.04773147276073682
    z: 0.9949707448078421
  orientation:
    x: 0.9389368009282585
    y: -0.3320676845443896
    z: 0.08993765564488328
    w: -0.006320984182714508
---
header:
  stamp:
    sec: 1788573285
    nanosec: 295166000
  frame_id: default_cam
pose:
  position:
    x: -0.1358210209413045
    y: -0.04762087948573585
    z: 0.9939276411254995
  orientation:
    x: 0.9423639515906392
    y: -0.3220577290830549
    z: 0.09046930524091605
    w: -0.00665632703274434
---
