[INFO] [1788573194.823644508] [carolus_ros2]: image subscription QoS profile: sensor_data (best effort)
[INFO] [1788573194.825832704] [carolus_ros2]: carolus_ros2 up, camera_topic=/image_raw
[INFO] [1788573194.844171801] [carolus_ros2]: Time to find contours: 0.000462 seconds
[INFO] [1788573194.844783113] [carolus_ros2]: max distance = 107.985095
[INFO] [1788573194.852801449] [carolus_ros2]: [P4P] final_cost=0.0519017 iterations=17 converged=1 warm_start=prior candidate=15
[INFO] [1788573194.872598720] [carolus_ros2]: Time to find contours: 0.000579 seconds
[INFO] [1788573194.873016261] [carolus_ros2]: max distance = 107.997437
[INFO] [1788573194.878515457] [carolus_ros2]: [P4P] final_cost=0.0751259 iterations=3 converged=1 warm_start=prior candidate=15
[INFO] [1788573194.904083809] [carolus_ros2]: Time to find contours: 0.000379 seconds
[INFO] [1788573194.904528148] [carolus_ros2]: max distance = 107.985095
[INFO] [1788573194.910106200] [carolus_ros2]: [P4P] final_cost=0.0519017 iterations=3 converged=1 warm_start=prior candidate=15
[INFO] [1788573194.939883213] [carolus_ros2]: Time to find contours: 0.000287 seconds
[INFO] [1788573194.940355165] [carolus_ros2]: max distance = 107.985095
[INFO] [1788573194.945869102] [carolus_ros2]: [P4P] final_cost=0.0519017 iterations=1 converged=1 warm_start=prior candidate=15
[INFO] [1788573194.970978391] [carolus_ros2]: Time to find contours: 0.000288 seconds
[INFO] [1788573194.971382729] [carolus_ros2]: max distance = 108.106691
[INFO] [1788573194.977805198] [carolus_ros2]: [P4P] final_cost=0.0672899 iterations=3 converged=1 warm_start=prior candidate=15
[INFO] [1788573195.003341326] [carolus_ros2]: Time to find contours: 0.000278 seconds
[INFO] [1788573195.003751682] [carolus_ros2]: max distance = 107.985095
[INFO] [1788573195.009331364] [carolus_ros2]: [P4P] final_cost=0.0519017 iterations=3 converged=1 warm_start=prior candidate=15
[INFO] [1788573195.039636537] [carolus_ros2]: Time to find contours: 0.000308 seconds
[INFO] [1788573195.040032688] [carolus_ros2]: max distance = 108.007234
[INFO] [1788573195.046202422] [carolus_ros2]: [P4P] final_cost=0.056687 iterations=3 converged=1 warm_start=prior candidate=15
[INFO] [1788573195.071196557] [carolus_ros2]: Time to find contours: 0.000293 seconds
[INFO] [1788573195.071629433] [carolus_ros2]: max distance = 107.897828
[INFO] [1788573195.077845743] [carolus_ros2]: [P4P] final_cost=0.0596068 iterations=3 converged=1 warm_start=prior candidate=15
[INFO] [1788573195.103359630] [carolus_ros2]: Time to find contours: 0.000275 seconds
[INFO] [1788573195.103755596] [carolus_ros2]: max distance = 108.007234
[INFO] [1788573195.109149323] [carolus_ros2]: [P4P] final_cost=0.056687 iterations=3 converged=1 warm_start=prior candidate=15
[INFO] [1788573195.139780829] [carolus_ros2]: Time to find contours: 0.000263 seconds
[INFO] [1788573195.140203279] [carolus_ros2]: max distance = 107.997437
[INFO] [1788573195.145974897] [carolus_ros2]: [P4P] final_cost=0.0751259 iterations=3 converged=1 warm_start=prior candidate=15
[INFO] [1788573195.171549009] [carolus_ros2]: Time to find contours: 0.000284 seconds
[INFO] [1788573195.171926382] [carolus_ros2]: max distance = 107.997437
[INFO] [1788573195.177212011] [carolus_ros2]: [P4P] final_cost=0.0751259 iterations=1 converged=1 warm_start=prior candidate=15
[INFO] [1788573195.203904593] [carolus_ros2]: Time to find contours: 0.000264 seconds
[INFO] [1788573195.204292244] [carolus_ros2]: max distance = 108.094547
[INFO] [1788573195.209410030] [carolus_ros2]: [P4P] final_cost=0.0471589 iterations=2 converged=1 warm_start=prior candidate=15
[INFO] [1788573195.239859710] [carolus_ros2]: Time to find contours: 0.000296 seconds
[INFO] [1788573195.240268974] [carolus_ros2]: max distance = 107.985095
[INFO] [1788573195.246630014] [carolus_ros2]: [P4P] final_cost=0.0519017 iterations=3 converged=1 warm_start=prior candidate=15
[INFO] [1788573195.271208756] [carolus_ros2]: Time to find contours: 0.000280 seconds
[INFO] [1788573195.271612557] [carolus_ros2]: max distance = 107.985095
[INFO] [1788573195.277752992] [carolus_ros2]: [P4P] final_cost=0.0519017 iterations=1 converged=1 warm_start=prior candidate=15
[INFO] [1788573195.303525523] [carolus_ros2]: Time to find contours: 0.000294 seconds
[INFO] [1788573195.303910803] [carolus_ros2]: max distance = 108.009050
[INFO] [1788573195.309228471] [carolus_ros2]: [P4P] final_cost=0.0777734 iterations=3 converged=1 warm_start=prior candidate=15
[INFO] [1788573195.339786528] [carolus_ros2]: Time to find contours: 0.000287 seconds
[INFO] [1788573195.340180161] [carolus_ros2]: max distance = 107.997437
[INFO] [1788573195.345669152] [carolus_ros2]: [P4P] final_cost=0.0751259 iterations=3 converged=1 warm_start=prior candidate=15
[INFO] [1788573195.371949693] [carolus_ros2]: Time to find contours: 0.000265 seconds
[INFO] [1788573195.372341937] [carolus_ros2]: max distance = 108.094547
[INFO] [1788573195.377466593] [carolus_ros2]: [P4P] final_cost=0.0471589 iterations=2 converged=1 warm_start=prior candidate=15
[INFO] [1788573195.403905847] [carolus_ros2]: Time to find contours: 0.000259 seconds
[INFO] [1788573195.404275756] [carolus_ros2]: max distance = 107.997437
[INFO] [1788573195.409474528] [carolus_ros2]: [P4P] final_cost=0.075126 iterations=2 converged=1 warm_start=prior candidate=15
[INFO] [1788573195.439889614] [carolus_ros2]: Time to find contours: 0.000273 seconds
[INFO] [1788573195.440259838] [carolus_ros2]: max distance = 107.897828
[INFO] [1788573195.446075126] [carolus_ros2]: [P4P] final_cost=0.0596068 iterations=3 converged=1 warm_start=prior candidate=15
[INFO] [1788573195.471271273] [carolus_ros2]: Time to find contours: 0.000275 seconds
[INFO] [1788573195.471664832] [carolus_ros2]: max distance = 107.985095
[INFO] [1788573195.477595255] [carolus_ros2]: [P4P] final_cost=0.0519018 iterations=2 converged=1 warm_start=prior candidate=15
[INFO] [1788573195.503992895] [carolus_ros2]: Time to find contours: 0.000266 seconds
[INFO] [1788573195.504371157] [carolus_ros2]: max distance = 108.094547
[INFO] [1788573195.509557817] [carolus_ros2]: [P4P] final_cost=0.0471588 iterations=3 converged=1 warm_start=prior candidate=15
[INFO] [1788573195.539794430] [carolus_ros2]: Time to find contours: 0.000280 seconds
[INFO] [1788573195.540192693] [carolus_ros2]: max distance = 108.094547
[INFO] [1788573195.546093522] [carolus_ros2]: [P4P] final_cost=0.0471588 iterations=1 converged=1 warm_start=prior candidate=15
[INFO] [1788573195.571382193] [carolus_ros2]: Time to find contours: 0.000291 seconds
[INFO] [1788573195.571803957] [carolus_ros2]: max distance = 107.897828
[INFO] [1788573195.578073196] [carolus_ros2]: [P4P] final_cost=0.0624567 iterations=3 converged=1 warm_start=prior candidate=15
[INFO] [1788573195.603222729] [carolus_ros2]: Time to find contours: 0.000289 seconds
[INFO] [1788573195.603648808] [carolus_ros2]: max distance = 108.106691
[INFO] [1788573195.609775836] [carolus_ros2]: [P4P] final_cost=0.0672899 iterations=3 converged=1 warm_start=prior candidate=15
[INFO] [1788573195.639481327] [carolus_ros2]: Time to find contours: 0.000297 seconds
[INFO] [1788573195.639877978] [carolus_ros2]: max distance = 107.997437
[INFO] [1788573195.645943169] [carolus_ros2]: [P4P] final_cost=0.0782016 iterations=3 converged=1 warm_start=prior candidate=15
[INFO] [1788573195.671369477] [carolus_ros2]: Time to find contours: 0.000278 seconds
[INFO] [1788573195.671774999] [carolus_ros2]: max distance = 107.985095
[INFO] [1788573195.678120890] [carolus_ros2]: [P4P] final_cost=0.0519017 iterations=3 converged=1 warm_start=prior candidate=15
[INFO] [1788573195.703562532] [carolus_ros2]: Time to find contours: 0.000301 seconds
[INFO] [1788573195.703954832] [carolus_ros2]: max distance = 107.985095
[INFO] [1788573195.709443175] [carolus_ros2]: [P4P] final_cost=0.0544976 iterations=3 converged=1 warm_start=prior candidate=15
[INFO] [1788573195.739714661] [carolus_ros2]: Time to find contours: 0.000262 seconds
[INFO] [1788573195.740096590] [carolus_ros2]: max distance = 108.094547
[INFO] [1788573195.745789185] [carolus_ros2]: [P4P] final_cost=0.0471588 iterations=3 converged=1 warm_start=prior candidate=15
[INFO] [1788573195.771786210] [carolus_ros2]: Time to find contours: 0.000303 seconds
[INFO] [1788573195.772195307] [carolus_ros2]: max distance = 108.094547
[INFO] [1788573195.778332261] [carolus_ros2]: [P4P] final_cost=0.0471588 iterations=1 converged=1 warm_start=prior candidate=15
[INFO] [1788573195.803510647] [carolus_ros2]: Time to find contours: 0.000289 seconds
[INFO] [1788573195.803900354] [carolus_ros2]: max distance = 107.985095
[INFO] [1788573195.810153370] [carolus_ros2]: [P4P] final_cost=0.0519017 iterations=3 converged=1 warm_start=prior candidate=15
[INFO] [1788573195.839472599] [carolus_ros2]: Time to find contours: 0.000291 seconds
[INFO] [1788573195.839866176] [carolus_ros2]: max distance = 108.094547
[INFO] [1788573195.846293312] [carolus_ros2]: [P4P] final_cost=0.0471588 iterations=3 converged=1 warm_start=prior candidate=15
[INFO] [1788573195.871510312] [carolus_ros2]: Time to find contours: 0.000285 seconds
[INFO] [1788573195.871881370] [carolus_ros2]: max distance = 107.897828
[INFO] [1788573195.877730956] [carolus_ros2]: [P4P] final_cost=0.0596068 iterations=3 converged=1 warm_start=prior candidate=15
[INFO] [1788573195.903979384] [carolus_ros2]: Time to find contours: 0.000274 seconds
[INFO] [1788573195.904361960] [carolus_ros2]: max distance = 108.094547
[INFO] [1788573195.909510414] [carolus_ros2]: [P4P] final_cost=0.0471588 iterations=3 converged=1 warm_start=prior candidate=15
[INFO] [1788573195.939768770] [carolus_ros2]: Time to find contours: 0.000250 seconds
[INFO] [1788573195.940138031] [carolus_ros2]: max distance = 108.007234
[INFO] [1788573195.946010544] [carolus_ros2]: [P4P] final_cost=0.056687 iterations=3 converged=1 warm_start=prior candidate=15
[INFO] [1788573195.971655734] [carolus_ros2]: Time to find contours: 0.000317 seconds
[INFO] [1788573195.972052794] [carolus_ros2]: max distance = 107.985095
[INFO] [1788573195.977843709] [carolus_ros2]: [P4P] final_cost=0.0493442 iterations=2 converged=1 warm_start=prior candidate=15
[INFO] [1788573196.003557496] [carolus_ros2]: Time to find contours: 0.000318 seconds
[INFO] [1788573196.003949889] [carolus_ros2]: max distance = 107.985095
[INFO] [1788573196.009518366] [carolus_ros2]: [P4P] final_cost=0.0519017 iterations=3 converged=1 warm_start=prior candidate=15
[INFO] [1788573196.039806243] [carolus_ros2]: Time to find contours: 0.000289 seconds
[INFO] [1788573196.040210302] [carolus_ros2]: max distance = 108.094547
[INFO] [1788573196.046656459] [carolus_ros2]: [P4P] final_cost=0.0471588 iterations=3 converged=1 warm_start=prior candidate=15
[INFO] [1788573196.071295816] [carolus_ros2]: Time to find contours: 0.000261 seconds
[INFO] [1788573196.071689505] [carolus_ros2]: max distance = 107.899837
[INFO] [1788573196.077371470] [carolus_ros2]: [P4P] final_cost=0.0834051 iterations=2 converged=1 warm_start=prior candidate=15
[INFO] [1788573196.103833448] [carolus_ros2]: Time to find contours: 0.000281 seconds
[INFO] [1788573196.104209746] [carolus_ros2]: max distance = 108.094547
[INFO] [1788573196.109659051] [carolus_ros2]: [P4P] final_cost=0.0471588 iterations=3 converged=1 warm_start=prior candidate=15
[INFO] [1788573196.139862256] [carolus_ros2]: Time to find contours: 0.000281 seconds
[INFO] [1788573196.140268927] [carolus_ros2]: max distance = 107.985095
[INFO] [1788573196.146871240] [carolus_ros2]: [P4P] final_cost=0.0519017 iterations=3 converged=1 warm_start=prior candidate=15
[INFO] [1788573196.171534784] [carolus_ros2]: Time to find contours: 0.000284 seconds
[INFO] [1788573196.171944788] [carolus_ros2]: max distance = 107.897828
[INFO] [1788573196.178065426] [carolus_ros2]: [P4P] final_cost=0.0596068 iterations=3 converged=1 warm_start=prior candidate=15
[INFO] [1788573196.203203534] [carolus_ros2]: Time to find contours: 0.000275 seconds
[INFO] [1788573196.203609538] [carolus_ros2]: max distance = 107.897828
[INFO] [1788573196.209242889] [carolus_ros2]: [P4P] final_cost=0.0596068 iterations=1 converged=1 warm_start=prior candidate=15
[INFO] [1788573196.239682867] [carolus_ros2]: Time to find contours: 0.000311 seconds
[INFO] [1788573196.240089464] [carolus_ros2]: max distance = 107.985095
[INFO] [1788573196.246423447] [carolus_ros2]: [P4P] final_cost=0.0519018 iterations=2 converged=1 warm_start=prior candidate=15
[INFO] [1788573196.271638763] [carolus_ros2]: Time to find contours: 0.000299 seconds
[INFO] [1788573196.272027803] [carolus_ros2]: max distance = 107.985095
[INFO] [1788573196.277347748] [carolus_ros2]: [P4P] final_cost=0.0683523 iterations=2 converged=1 warm_start=prior candidate=15
[INFO] [1788573196.304075370] [carolus_ros2]: Time to find contours: 0.000283 seconds
[INFO] [1788573196.304481634] [carolus_ros2]: max distance = 108.007234
[INFO] [1788573196.309588271] [carolus_ros2]: [P4P] final_cost=0.056687 iterations=3 converged=1 warm_start=prior candidate=15
[INFO] [1788573196.339939873] [carolus_ros2]: Time to find contours: 0.000286 seconds
[INFO] [1788573196.340337562] [carolus_ros2]: max distance = 107.985095
[INFO] [1788573196.346397011] [carolus_ros2]: [P4P] final_cost=0.0519017 iterations=3 converged=1 warm_start=prior candidate=15
[INFO] [1788573196.371477375] [carolus_ros2]: Time to find contours: 0.000306 seconds
[INFO] [1788573196.371868063] [carolus_ros2]: max distance = 108.007234
[INFO] [1788573196.377911864] [carolus_ros2]: [P4P] final_cost=0.056687 iterations=3 converged=1 warm_start=prior candidate=15
[INFO] [1788573196.403836571] [carolus_ros2]: Time to find contours: 0.000290 seconds
[INFO] [1788573196.404217870] [carolus_ros2]: max distance = 107.985095
[INFO] [1788573196.410327211] [carolus_ros2]: [P4P] final_cost=0.0519017 iterations=3 converged=1 warm_start=prior candidate=15
[INFO] [1788573196.439969977] [carolus_ros2]: Time to find contours: 0.000296 seconds
[INFO] [1788573196.440351887] [carolus_ros2]: max distance = 108.106691
[INFO] [1788573196.446788265] [carolus_ros2]: [P4P] final_cost=0.0672899 iterations=3 converged=1 warm_start=prior candidate=15
[INFO] [1788573196.471533240] [carolus_ros2]: Time to find contours: 0.000299 seconds
[INFO] [1788573196.471926225] [carolus_ros2]: max distance = 107.985095
[INFO] [1788573196.478377752] [carolus_ros2]: [P4P] final_cost=0.0519017 iterations=3 converged=1 warm_start=prior candidate=15
[INFO] [1788573196.503560454] [carolus_ros2]: Time to find contours: 0.000310 seconds
[INFO] [1788573196.503943920] [carolus_ros2]: max distance = 107.897828
[INFO] [1788573196.509974960] [carolus_ros2]: [P4P] final_cost=0.0596068 iterations=3 converged=1 warm_start=prior candidate=15
[INFO] [1788573196.539767291] [carolus_ros2]: Time to find contours: 0.000285 seconds
[INFO] [1788573196.540166924] [carolus_ros2]: max distance = 107.897828
[INFO] [1788573196.546090903] [carolus_ros2]: [P4P] final_cost=0.0596068 iterations=1 converged=1 warm_start=prior candidate=15
[INFO] [1788573196.572004091] [carolus_ros2]: Time to find contours: 0.000272 seconds
[INFO] [1788573196.572393113] [carolus_ros2]: max distance = 107.997437
[INFO] [1788573196.577509102] [carolus_ros2]: [P4P] final_cost=0.0751259 iterations=3 converged=1 warm_start=prior candidate=15
[INFO] [1788573196.604126181] [carolus_ros2]: Time to find contours: 0.000272 seconds
[INFO] [1788573196.604515906] [carolus_ros2]: max distance = 108.009050
[INFO] [1788573196.609658286] [carolus_ros2]: [P4P] final_cost=0.0777734 iterations=3 converged=1 warm_start=prior candidate=15
[INFO] [1788573196.640157397] [carolus_ros2]: Time to find contours: 0.000281 seconds
[INFO] [1788573196.640576235] [carolus_ros2]: max distance = 107.985095
[INFO] [1788573196.646895717] [carolus_ros2]: [P4P] final_cost=0.0519017 iterations=3 converged=1 warm_start=prior candidate=15
[INFO] [1788573196.671374770] [carolus_ros2]: Time to find contours: 0.000282 seconds
[INFO] [1788573196.671777718] [carolus_ros2]: max distance = 107.985095
[INFO] [1788573196.677947711] [carolus_ros2]: [P4P] final_cost=0.0519017 iterations=1 converged=1 warm_start=prior candidate=15
[INFO] [1788573196.703653405] [carolus_ros2]: Time to find contours: 0.000333 seconds
[INFO] [1788573196.704054076] [carolus_ros2]: max distance = 107.897828
[INFO] [1788573196.710449359] [carolus_ros2]: [P4P] final_cost=0.0596068 iterations=3 converged=1 warm_start=prior candidate=15
[INFO] [1788573196.739776311] [carolus_ros2]: Time to find contours: 0.000277 seconds
[INFO] [1788573196.740152721] [carolus_ros2]: max distance = 108.007234
[INFO] [1788573196.745853743] [carolus_ros2]: [P4P] final_cost=0.056687 iterations=3 converged=1 warm_start=prior candidate=15
[INFO] [1788573196.772008704] [carolus_ros2]: Time to find contours: 0.000273 seconds
[INFO] [1788573196.772388929] [carolus_ros2]: max distance = 108.007234
[INFO] [1788573196.777625258] [carolus_ros2]: [P4P] final_cost=0.056687 iterations=1 converged=1 warm_start=prior candidate=15
[INFO] [1788573196.808241505] [carolus_ros2]: Time to find contours: 0.000257 seconds
[INFO] [1788573196.808620952] [carolus_ros2]: max distance = 107.985095
[INFO] [1788573196.814894914] [carolus_ros2]: [P4P] final_cost=0.0519017 iterations=3 converged=1 warm_start=prior candidate=15
[INFO] [1788573196.839517733] [carolus_ros2]: Time to find contours: 0.000296 seconds
[INFO] [1788573196.839920348] [carolus_ros2]: max distance = 107.897828
[INFO] [1788573196.845873217] [carolus_ros2]: [P4P] final_cost=0.0596068 iterations=3 converged=1 warm_start=prior candidate=15
[INFO] [1788573196.871354511] [carolus_ros2]: Time to find contours: 0.000287 seconds
[INFO] [1788573196.871751292] [carolus_ros2]: max distance = 107.997437
[INFO] [1788573196.877361068] [carolus_ros2]: [P4P] final_cost=0.0751259 iterations=3 converged=1 warm_start=prior candidate=15
[INFO] [1788573196.904041632] [carolus_ros2]: Time to find contours: 0.000279 seconds
[INFO] [1788573196.904408079] [carolus_ros2]: max distance = 107.899837
[INFO] [1788573196.909626778] [carolus_ros2]: [P4P] final_cost=0.102395 iterations=3 converged=1 warm_start=prior candidate=15
[INFO] [1788573196.939944508] [carolus_ros2]: Time to find contours: 0.000292 seconds
[INFO] [1788573196.940407459] [carolus_ros2]: max distance = 107.897828
[INFO] [1788573196.954659200] [carolus_ros2]: [P4P] final_cost=0.0596068 iterations=3 converged=1 warm_start=prior candidate=15
[INFO] [1788573196.971428136] [carolus_ros2]: Time to find contours: 0.000296 seconds
[INFO] [1788573196.971829992] [carolus_ros2]: max distance = 108.094547
[INFO] [1788573196.977918591] [carolus_ros2]: [P4P] final_cost=0.0471588 iterations=3 converged=1 warm_start=prior candidate=15
[INFO] [1788573197.003365419] [carolus_ros2]: Time to find contours: 0.000292 seconds
[INFO] [1788573197.003778646] [carolus_ros2]: max distance = 108.094547
[INFO] [1788573197.009541542] [carolus_ros2]: [P4P] final_cost=0.0471588 iterations=1 converged=1 warm_start=prior candidate=15
[INFO] [1788573197.040452936] [carolus_ros2]: Time to find contours: 0.000308 seconds
[INFO] [1788573197.040860144] [carolus_ros2]: max distance = 107.985095
[INFO] [1788573197.047075714] [carolus_ros2]: [P4P] final_cost=0.0519017 iterations=3 converged=1 warm_start=prior candidate=15
[INFO] [1788573197.071901712] [carolus_ros2]: Time to find contours: 0.000297 seconds
[INFO] [1788573197.072304920] [carolus_ros2]: max distance = 108.007234
[INFO] [1788573197.077757632] [carolus_ros2]: [P4P] final_cost=0.056687 iterations=3 converged=1 warm_start=prior candidate=15
[INFO] [1788573197.104084825] [carolus_ros2]: Time to find contours: 0.000264 seconds
[INFO] [1788573197.104505849] [carolus_ros2]: max distance = 108.094547
[INFO] [1788573197.109899076] [carolus_ros2]: [P4P] final_cost=0.0471589 iterations=2 converged=1 warm_start=prior candidate=15
[INFO] [1788573197.140227363] [carolus_ros2]: Time to find contours: 0.000299 seconds
[INFO] [1788573197.140639368] [carolus_ros2]: max distance = 108.007234
[INFO] [1788573197.146977814] [carolus_ros2]: [P4P] final_cost=0.0566871 iterations=2 converged=1 warm_start=prior candidate=15
[INFO] [1788573197.171431162] [carolus_ros2]: Time to find contours: 0.000285 seconds
[INFO] [1788573197.171820869] [carolus_ros2]: max distance = 107.985095
[INFO] [1788573197.177830742] [carolus_ros2]: [P4P] final_cost=0.0519017 iterations=3 converged=1 warm_start=prior candidate=15
[INFO] [1788573197.208264831] [carolus_ros2]: Time to find contours: 0.000310 seconds
[INFO] [1788573197.208717616] [carolus_ros2]: max distance = 107.897828
[INFO] [1788573197.214149494] [carolus_ros2]: [P4P] final_cost=0.0596068 iterations=3 converged=1 warm_start=prior candidate=15
[INFO] [1788573197.239371051] [carolus_ros2]: Time to find contours: 0.000273 seconds
[INFO] [1788573197.239779240] [carolus_ros2]: max distance = 107.897828
[INFO] [1788573197.245696479] [carolus_ros2]: [P4P] final_cost=0.0596068 iterations=1 converged=1 warm_start=prior candidate=15
[INFO] [1788573197.271968761] [carolus_ros2]: Time to find contours: 0.000276 seconds
[INFO] [1788573197.272344393] [carolus_ros2]: max distance = 108.007234
[INFO] [1788573197.277521886] [carolus_ros2]: [P4P] final_cost=0.056687 iterations=3 converged=1 warm_start=prior candidate=15
[INFO] [1788573197.304401925] [carolus_ros2]: Time to find contours: 0.000281 seconds
[INFO] [1788573197.304781039] [carolus_ros2]: max distance = 107.897828
[INFO] [1788573197.310270142] [carolus_ros2]: [P4P] final_cost=0.0596068 iterations=3 converged=1 warm_start=prior candidate=15
[INFO] [1788573197.340283875] [carolus_ros2]: Time to find contours: 0.000283 seconds
[INFO] [1788573197.340685934] [carolus_ros2]: max distance = 107.897828
[INFO] [1788573197.346292766] [carolus_ros2]: [P4P] final_cost=0.0596068 iterations=1 converged=1 warm_start=prior candidate=15
[INFO] [1788573197.372394447] [carolus_ros2]: Time to find contours: 0.000260 seconds
[INFO] [1788573197.372801044] [carolus_ros2]: max distance = 107.985095
[INFO] [1788573197.378130601] [carolus_ros2]: [P4P] final_cost=0.0519018 iterations=2 converged=1 warm_start=prior candidate=15
[INFO] [1788573197.407967879] [carolus_ros2]: Time to find contours: 0.000298 seconds
[INFO] [1788573197.408403940] [carolus_ros2]: max distance = 107.997437
[INFO] [1788573197.413889488] [carolus_ros2]: [P4P] final_cost=0.0751259 iterations=3 converged=1 warm_start=prior candidate=15
[INFO] [1788573197.439843123] [carolus_ros2]: Time to find contours: 0.000312 seconds
[INFO] [1788573197.440266721] [carolus_ros2]: max distance = 107.997437
[INFO] [1788573197.445729785] [carolus_ros2]: [P4P] final_cost=0.0751259 iterations=1 converged=1 warm_start=prior candidate=15
[INFO] [1788573197.471480168] [carolus_ros2]: Time to find contours: 0.000290 seconds
[INFO] [1788573197.471893784] [carolus_ros2]: max distance = 108.094547
[INFO] [1788573197.478145059] [carolus_ros2]: [P4P] final_cost=0.0471589 iterations=2 converged=1 warm_start=prior candidate=15
[INFO] [1788573197.503833736] [carolus_ros2]: Time to find contours: 0.000295 seconds
[INFO] [1788573197.504222794] [carolus_ros2]: max distance = 107.985095
[INFO] [1788573197.510445216] [carolus_ros2]: [P4P] final_cost=0.0519017 iterations=3 converged=1 warm_start=prior candidate=15
[INFO] [1788573197.539688406] [carolus_ros2]: Time to find contours: 0.000305 seconds
[INFO] [1788573197.540069760] [carolus_ros2]: max distance = 107.985095
[INFO] [1788573197.545751226] [carolus_ros2]: [P4P] final_cost=0.0519017 iterations=1 converged=1 warm_start=prior candidate=15
[INFO] [1788573197.572195444] [carolus_ros2]: Time to find contours: 0.000271 seconds
[INFO] [1788573197.572607967] [carolus_ros2]: max distance = 108.094547
[INFO] [1788573197.577816795] [carolus_ros2]: [P4P] final_cost=0.0471588 iterations=3 converged=1 warm_start=prior candidate=15
[INFO] [1788573197.604097171] [carolus_ros2]: Time to find contours: 0.000272 seconds
[INFO] [1788573197.604494508] [carolus_ros2]: max distance = 107.985095
[INFO] [1788573197.610322593] [carolus_ros2]: [P4P] final_cost=0.0519017 iterations=3 converged=1 warm_start=prior candidate=15
[INFO] [1788573197.640375939] [carolus_ros2]: Time to find contours: 0.000292 seconds
[INFO] [1788573197.640778350] [carolus_ros2]: max distance = 108.094547
[INFO] [1788573197.646428740] [carolus_ros2]: [P4P] final_cost=0.0471588 iterations=3 converged=1 warm_start=prior candidate=15
[INFO] [1788573197.671572145] [carolus_ros2]: Time to find contours: 0.000294 seconds
[INFO] [1788573197.672032152] [carolus_ros2]: max distance = 107.985095
[INFO] [1788573197.678493495] [carolus_ros2]: [P4P] final_cost=0.0544976 iterations=3 converged=1 warm_start=prior candidate=15
[INFO] [1788573197.703757055] [carolus_ros2]: Time to find contours: 0.000279 seconds
[INFO] [1788573197.704154595] [carolus_ros2]: max distance = 107.897828
[INFO] [1788573197.710433465] [carolus_ros2]: [P4P] final_cost=0.0596068 iterations=3 converged=1 warm_start=prior candidate=15
[INFO] [1788573197.739732694] [carolus_ros2]: Time to find contours: 0.000304 seconds
[INFO] [1788573197.740131994] [carolus_ros2]: max distance = 107.985095
[INFO] [1788573197.746421809] [carolus_ros2]: [P4P] final_cost=0.0519018 iterations=2 converged=1 warm_start=prior candidate=15
[INFO] [1788573197.772033110] [carolus_ros2]: Time to find contours: 0.000272 seconds
[INFO] [1788573197.772428707] [carolus_ros2]: max distance = 107.985095
[INFO] [1788573197.778179935] [carolus_ros2]: [P4P] final_cost=0.0544976 iterations=3 converged=1 warm_start=prior candidate=15
[INFO] [1788573197.804099087] [carolus_ros2]: Time to find contours: 0.000274 seconds
[INFO] [1788573197.804492776] [carolus_ros2]: max distance = 107.897828
[INFO] [1788573197.809833185] [carolus_ros2]: [P4P] final_cost=0.0624567 iterations=3 converged=1 warm_start=prior candidate=15
[INFO] [1788573197.840221569] [carolus_ros2]: Time to find contours: 0.000287 seconds
[INFO] [1788573197.840631777] [carolus_ros2]: max distance = 108.094547
[INFO] [1788573197.846821789] [carolus_ros2]: [P4P] final_cost=0.0471588 iterations=3 converged=1 warm_start=prior candidate=15
[INFO] [1788573197.871564505] [carolus_ros2]: Time to find contours: 0.000292 seconds
[INFO] [1788573197.871965768] [carolus_ros2]: max distance = 107.985095
[INFO] [1788573197.878562155] [carolus_ros2]: [P4P] final_cost=0.0519017 iterations=3 converged=1 warm_start=prior candidate=15
[INFO] [1788573197.904020782] [carolus_ros2]: Time to find contours: 0.000280 seconds
[INFO] [1788573197.904386617] [carolus_ros2]: max distance = 107.985095
[INFO] [1788573197.910097732] [carolus_ros2]: [P4P] final_cost=0.0519017 iterations=1 converged=1 warm_start=prior candidate=15
[INFO] [1788573197.940240972] [carolus_ros2]: Time to find contours: 0.000270 seconds
[INFO] [1788573197.940623975] [carolus_ros2]: max distance = 107.985095
[INFO] [1788573197.946684165] [carolus_ros2]: [P4P] final_cost=0.0519017 iterations=1 converged=1 warm_start=prior candidate=15
[INFO] [1788573197.972438938] [carolus_ros2]: Time to find contours: 0.000294 seconds
[INFO] [1788573197.972830830] [carolus_ros2]: max distance = 108.094547
[INFO] [1788573197.978317248] [carolus_ros2]: [P4P] final_cost=0.0471588 iterations=3 converged=1 warm_start=prior candidate=15
[INFO] [1788573198.004131061] [carolus_ros2]: Time to find contours: 0.000271 seconds
[INFO] [1788573198.004552418] [carolus_ros2]: max distance = 107.897828
[INFO] [1788573198.010087171] [carolus_ros2]: [P4P] final_cost=0.0596068 iterations=3 converged=1 warm_start=prior candidate=15
[INFO] [1788573198.040491445] [carolus_ros2]: Time to find contours: 0.000309 seconds
[INFO] [1788573198.040882356] [carolus_ros2]: max distance = 107.897828
[INFO] [1788573198.046989364] [carolus_ros2]: [P4P] final_cost=0.0596068 iterations=1 converged=1 warm_start=prior candidate=15
[INFO] [1788573198.071678245] [carolus_ros2]: Time to find contours: 0.000318 seconds
[INFO] [1788573198.072075267] [carolus_ros2]: max distance = 107.897828
[INFO] [1788573198.078272224] [carolus_ros2]: [P4P] final_cost=0.0596068 iterations=1 converged=1 warm_start=prior candidate=15
[INFO] [1788573198.103730629] [carolus_ros2]: Time to find contours: 0.000284 seconds
[INFO] [1788573198.104135245] [carolus_ros2]: max distance = 107.897828
[INFO] [1788573198.110256013] [carolus_ros2]: [P4P] final_cost=0.0596068 iterations=1 converged=1 warm_start=prior candidate=15
[INFO] [1788573198.139736309] [carolus_ros2]: Time to find contours: 0.000288 seconds
[INFO] [1788573198.140134276] [carolus_ros2]: max distance = 107.997437
[INFO] [1788573198.146123203] [carolus_ros2]: [P4P] final_cost=0.0751259 iterations=3 converged=1 warm_start=prior candidate=15
[INFO] [1788573198.172147251] [carolus_ros2]: Time to find contours: 0.000278 seconds
[INFO] [1788573198.172549310] [carolus_ros2]: max distance = 107.897828
[INFO] [1788573198.177881090] [carolus_ros2]: [P4P] final_cost=0.0596068 iterations=3 converged=1 warm_start=prior candidate=15
[INFO] [1788573198.203542691] [carolus_ros2]: Time to find contours: 0.000301 seconds
[INFO] [1788573198.203946232] [carolus_ros2]: max distance = 108.094547
[INFO] [1788573198.210229139] [carolus_ros2]: [P4P] final_cost=0.0496941 iterations=3 converged=1 warm_start=prior candidate=15
[INFO] [1788573198.240115532] [carolus_ros2]: Time to find contours: 0.000281 seconds
[INFO] [1788573198.240513684] [carolus_ros2]: max distance = 107.897828
[INFO] [1788573198.246253283] [carolus_ros2]: [P4P] final_cost=0.0596068 iterations=3 converged=1 warm_start=prior candidate=15
[INFO] [1788573198.271617794] [carolus_ros2]: Time to find contours: 0.000305 seconds
[INFO] [1788573198.272008445] [carolus_ros2]: max distance = 108.106691
[INFO] [1788573198.277931925] [carolus_ros2]: [P4P] final_cost=0.0672899 iterations=3 converged=1 warm_start=prior candidate=15
[INFO] [1788573198.304208671] [carolus_ros2]: Time to find contours: 0.000268 seconds
[INFO] [1788573198.304602953] [carolus_ros2]: max distance = 107.985095
[INFO] [1788573198.309930399] [carolus_ros2]: [P4P] final_cost=0.0519017 iterations=3 converged=1 warm_start=prior candidate=15
[INFO] [1788573198.340306319] [carolus_ros2]: Time to find contours: 0.000276 seconds
[INFO] [1788573198.340713990] [carolus_ros2]: max distance = 107.897828
[INFO] [1788573198.346954598] [carolus_ros2]: [P4P] final_cost=0.0596068 iterations=3 converged=1 warm_start=prior candidate=15
[INFO] [1788573198.371885566] [carolus_ros2]: Time to find contours: 0.000296 seconds
[INFO] [1788573198.372288922] [carolus_ros2]: max distance = 107.985095
[INFO] [1788573198.378291906] [carolus_ros2]: [P4P] final_cost=0.0519018 iterations=2 converged=1 warm_start=prior candidate=15
[INFO] [1788573198.403574672] [carolus_ros2]: Time to find contours: 0.000298 seconds
[INFO] [1788573198.403969249] [carolus_ros2]: max distance = 107.985095
[INFO] [1788573198.409936027] [carolus_ros2]: [P4P] final_cost=0.0519018 iterations=1 converged=1 warm_start=prior candidate=15
[INFO] [1788573198.440306151] [carolus_ros2]: Time to find contours: 0.000251 seconds
[INFO] [1788573198.440683135] [carolus_ros2]: max distance = 108.007234
[INFO] [1788573198.446741122] [carolus_ros2]: [P4P] final_cost=0.056687 iterations=3 converged=1 warm_start=prior candidate=15
[INFO] [1788573198.471877694] [carolus_ros2]: Time to find contours: 0.000270 seconds
[INFO] [1788573198.472284828] [carolus_ros2]: max distance = 107.985095
[INFO] [1788573198.477754097] [carolus_ros2]: [P4P] final_cost=0.0519017 iterations=3 converged=1 warm_start=prior candidate=15
[INFO] [1788573198.504468813] [carolus_ros2]: Time to find contours: 0.000296 seconds
[INFO] [1788573198.504892003] [carolus_ros2]: max distance = 107.985095
[INFO] [1788573198.510596451] [carolus_ros2]: [P4P] final_cost=0.0519017 iterations=1 converged=1 warm_start=prior candidate=15
[INFO] [1788573198.540293538] [carolus_ros2]: Time to find contours: 0.000282 seconds
[INFO] [1788573198.540709802] [carolus_ros2]: max distance = 107.899837
[INFO] [1788573198.546836663] [carolus_ros2]: [P4P] final_cost=0.083405 iterations=3 converged=1 warm_start=prior candidate=15
[INFO] [1788573198.571805429] [carolus_ros2]: Time to find contours: 0.000295 seconds
[INFO] [1788573198.572205711] [carolus_ros2]: max distance = 107.985095
[INFO] [1788573198.578156284] [carolus_ros2]: [P4P] final_cost=0.0519017 iterations=3 converged=1 warm_start=prior candidate=15
[INFO] [1788573198.604155238] [carolus_ros2]: Time to find contours: 0.000290 seconds
[INFO] [1788573198.604575095] [carolus_ros2]: max distance = 107.985095
[INFO] [1788573198.610845464] [carolus_ros2]: [P4P] final_cost=0.0519017 iterations=1 converged=1 warm_start=prior candidate=15
[INFO] [1788573198.640009983] [carolus_ros2]: Time to find contours: 0.000287 seconds
[INFO] [1788573198.640420969] [carolus_ros2]: max distance = 108.007234
[INFO] [1788573198.646738934] [carolus_ros2]: [P4P] final_cost=0.056687 iterations=3 converged=1 warm_start=prior candidate=15
[INFO] [1788573198.671729868] [carolus_ros2]: Time to find contours: 0.000303 seconds
[INFO] [1788573198.672136354] [carolus_ros2]: max distance = 108.094547
[INFO] [1788573198.678423853] [carolus_ros2]: [P4P] final_cost=0.0471589 iterations=2 converged=1 warm_start=prior candidate=15
[INFO] [1788573198.704198054] [carolus_ros2]: Time to find contours: 0.000276 seconds
[INFO] [1788573198.704590909] [carolus_ros2]: max distance = 107.985095
[INFO] [1788573198.710297728] [carolus_ros2]: [P4P] final_cost=0.0519017 iterations=3 converged=1 warm_start=prior candidate=15
[INFO] [1788573198.739959646] [carolus_ros2]: Time to find contours: 0.000297 seconds
[INFO] [1788573198.740379077] [carolus_ros2]: max distance = 107.897828
[INFO] [1788573198.746429396] [carolus_ros2]: [P4P] final_cost=0.0596068 iterations=3 converged=1 warm_start=prior candidate=15
[INFO] [1788573198.771936508] [carolus_ros2]: Time to find contours: 0.000288 seconds
[INFO] [1788573198.772330344] [carolus_ros2]: max distance = 107.997437
[INFO] [1788573198.778327458] [carolus_ros2]: [P4P] final_cost=0.0751259 iterations=3 converged=1 warm_start=prior candidate=15
[INFO] [1788573198.803778418] [carolus_ros2]: Time to find contours: 0.000278 seconds
[INFO] [1788573198.804184144] [carolus_ros2]: max distance = 107.897828
[INFO] [1788573198.810596447] [carolus_ros2]: [P4P] final_cost=0.0596068 iterations=3 converged=1 warm_start=prior candidate=15
[INFO] [1788573198.840477506] [carolus_ros2]: Time to find contours: 0.000320 seconds
[INFO] [1788573198.840897474] [carolus_ros2]: max distance = 107.897828
[INFO] [1788573198.846223568] [carolus_ros2]: [P4P] final_cost=0.0596068 iterations=1 converged=1 warm_start=prior candidate=15
[INFO] [1788573198.871578856] [carolus_ros2]: Time to find contours: 0.000313 seconds
[INFO] [1788573198.871982231] [carolus_ros2]: max distance = 107.985095
[INFO] [1788573198.878064830] [carolus_ros2]: [P4P] final_cost=0.0519018 iterations=2 converged=1 warm_start=prior candidate=15
[INFO] [1788573198.903989613] [carolus_ros2]: Time to find contours: 0.000293 seconds
[INFO] [1788573198.904401340] [carolus_ros2]: max distance = 108.094547
[INFO] [1788573198.910519422] [carolus_ros2]: [P4P] final_cost=0.0471588 iterations=3 converged=1 warm_start=prior candidate=15
[INFO] [1788573198.939839247] [carolus_ros2]: Time to find contours: 0.000274 seconds
[INFO] [1788573198.940230287] [carolus_ros2]: max distance = 107.985095
[INFO] [1788573198.946123728] [carolus_ros2]: [P4P] final_cost=0.0519017 iterations=3 converged=1 warm_start=prior candidate=15
[INFO] [1788573198.972301303] [carolus_ros2]: Time to find contours: 0.000284 seconds
[INFO] [1788573198.972699843] [carolus_ros2]: max distance = 107.985095
[INFO] [1788573198.978120943] [carolus_ros2]: [P4P] final_cost=0.0519017 iterations=1 converged=1 warm_start=prior candidate=15
[INFO] [1788573199.003639129] [carolus_ros2]: Time to find contours: 0.000310 seconds
[INFO] [1788573199.004042077] [carolus_ros2]: max distance = 107.985095
[INFO] [1788573199.010173143] [carolus_ros2]: [P4P] final_cost=0.0519017 iterations=1 converged=1 warm_start=prior candidate=15
[INFO] [1788573199.040137338] [carolus_ros2]: Time to find contours: 0.000286 seconds
[INFO] [1788573199.040561546] [carolus_ros2]: max distance = 107.997437
[INFO] [1788573199.046857195] [carolus_ros2]: [P4P] final_cost=0.0751259 iterations=3 converged=1 warm_start=prior candidate=15
[INFO] [1788573199.071721605] [carolus_ros2]: Time to find contours: 0.000298 seconds
[INFO] [1788573199.072124071] [carolus_ros2]: max distance = 107.897828
[INFO] [1788573199.078365624] [carolus_ros2]: [P4P] final_cost=0.0596068 iterations=3 converged=1 warm_start=prior candidate=15
[INFO] [1788573199.104315539] [carolus_ros2]: Time to find contours: 0.000296 seconds
[INFO] [1788573199.104784232] [carolus_ros2]: max distance = 107.899837
[INFO] [1788573199.110955892] [carolus_ros2]: [P4P] final_cost=0.083405 iterations=3 converged=1 warm_start=prior candidate=15
[INFO] [1788573199.139935587] [carolus_ros2]: Time to find contours: 0.000293 seconds
[INFO] [1788573199.140341740] [carolus_ros2]: max distance = 107.985095
[INFO] [1788573199.146262941] [carolus_ros2]: [P4P] final_cost=0.0519017 iterations=3 converged=1 warm_start=prior candidate=15
[INFO] [1788573199.171899524] [carolus_ros2]: Time to find contours: 0.000296 seconds
[INFO] [1788573199.172304195] [carolus_ros2]: max distance = 107.985095
[INFO] [1788573199.178420870] [carolus_ros2]: [P4P] final_cost=0.0519017 iterations=1 converged=1 warm_start=prior candidate=15
[INFO] [1788573199.203745991] [carolus_ros2]: Time to find contours: 0.000319 seconds
[INFO] [1788573199.204153439] [carolus_ros2]: max distance = 107.997437
[INFO] [1788573199.210306987] [carolus_ros2]: [P4P] final_cost=0.0751259 iterations=3 converged=1 warm_start=prior candidate=15
[INFO] [1788573199.240465100] [carolus_ros2]: Time to find contours: 0.000315 seconds
[INFO] [1788573199.240886791] [carolus_ros2]: max distance = 107.985095
[INFO] [1788573199.246296019] [carolus_ros2]: [P4P] final_cost=0.0519017 iterations=3 converged=1 warm_start=prior candidate=15
[INFO] [1788573199.271684569] [carolus_ros2]: Time to find contours: 0.000307 seconds
[INFO] [1788573199.272094500] [carolus_ros2]: max distance = 107.897828
[INFO] [1788573199.278376944] [carolus_ros2]: [P4P] final_cost=0.0596068 iterations=3 converged=1 warm_start=prior candidate=15
[INFO] [1788573199.304048695] [carolus_ros2]: Time to find contours: 0.000286 seconds
[INFO] [1788573199.304464959] [carolus_ros2]: max distance = 107.985095
[INFO] [1788573199.310369067] [carolus_ros2]: [P4P] final_cost=0.0519018 iterations=2 converged=1 warm_start=prior candidate=15
[INFO] [1788573199.340104138] [carolus_ros2]: Time to find contours: 0.000292 seconds
[INFO] [1788573199.340533606] [carolus_ros2]: max distance = 107.897828
[INFO] [1788573199.346429843] [carolus_ros2]: [P4P] final_cost=0.0624567 iterations=3 converged=1 warm_start=prior candidate=15
[INFO] [1788573199.371787632] [carolus_ros2]: Time to find contours: 0.000286 seconds
[INFO] [1788573199.372186747] [carolus_ros2]: max distance = 107.985095
[INFO] [1788573199.378254809] [carolus_ros2]: [P4P] final_cost=0.0683523 iterations=3 converged=1 warm_start=prior candidate=15
[INFO] [1788573199.404335342] [carolus_ros2]: Time to find contours: 0.000274 seconds
[INFO] [1788573199.404733383] [carolus_ros2]: max distance = 107.897828
[INFO] [1788573199.409785129] [carolus_ros2]: [P4P] final_cost=0.0596069 iterations=2 converged=1 warm_start=prior candidate=15
[INFO] [1788573199.440393971] [carolus_ros2]: Time to find contours: 0.000292 seconds
[INFO] [1788573199.440804957] [carolus_ros2]: max distance = 107.985095
[INFO] [1788573199.446780346] [carolus_ros2]: [P4P] final_cost=0.0519018 iterations=2 converged=1 warm_start=prior candidate=15
[INFO] [1788573199.471883362] [carolus_ros2]: Time to find contours: 0.000291 seconds
[INFO] [1788573199.472289811] [carolus_ros2]: max distance = 107.985095
[INFO] [1788573199.478396819] [carolus_ros2]: [P4P] final_cost=0.0519018 iterations=1 converged=1 warm_start=prior candidate=15
[INFO] [1788573199.503770127] [carolus_ros2]: Time to find contours: 0.000295 seconds
[INFO] [1788573199.504169650] [carolus_ros2]: max distance = 107.985095
[INFO] [1788573199.510152540] [carolus_ros2]: [P4P] final_cost=0.0519018 iterations=1 converged=1 warm_start=prior candidate=15
[INFO] [1788573199.540303930] [carolus_ros2]: Time to find contours: 0.000286 seconds
[INFO] [1788573199.540707823] [carolus_ros2]: max distance = 107.985095
[INFO] [1788573199.546727716] [carolus_ros2]: [P4P] final_cost=0.0544976 iterations=3 converged=1 warm_start=prior candidate=15
[INFO] [1788573199.571974943] [carolus_ros2]: Time to find contours: 0.000299 seconds
[INFO] [1788573199.572382355] [carolus_ros2]: max distance = 107.897828
[INFO] [1788573199.578621278] [carolus_ros2]: [P4P] final_cost=0.0596068 iterations=3 converged=1 warm_start=prior candidate=15
[INFO] [1788573199.603936824] [carolus_ros2]: Time to find contours: 0.000295 seconds
[INFO] [1788573199.604343920] [carolus_ros2]: max distance = 107.985095
[INFO] [1788573199.610340534] [carolus_ros2]: [P4P] final_cost=0.0519018 iterations=2 converged=1 warm_start=prior candidate=15
[INFO] [1788573199.640119644] [carolus_ros2]: Time to find contours: 0.000294 seconds
[INFO] [1788573199.640541020] [carolus_ros2]: max distance = 107.897828
[INFO] [1788573199.646607600] [carolus_ros2]: [P4P] final_cost=0.075213 iterations=3 converged=1 warm_start=prior candidate=15
[INFO] [1788573199.671821547] [carolus_ros2]: Time to find contours: 0.000279 seconds
[INFO] [1788573199.672199550] [carolus_ros2]: max distance = 107.899837
[INFO] [1788573199.678056526] [carolus_ros2]: [P4P] final_cost=0.083405 iterations=3 converged=1 warm_start=prior candidate=15
[INFO] [1788573199.704045295] [carolus_ros2]: Time to find contours: 0.000284 seconds
[INFO] [1788573199.704457595] [carolus_ros2]: max distance = 107.897828
[INFO] [1788573199.710718205] [carolus_ros2]: [P4P] final_cost=0.0596068 iterations=3 converged=1 warm_start=prior candidate=15
[INFO] [1788573199.740480851] [carolus_ros2]: Time to find contours: 0.000332 seconds
[INFO] [1788573199.740902264] [carolus_ros2]: max distance = 107.985095
[INFO] [1788573199.746215876] [carolus_ros2]: [P4P] final_cost=0.0519018 iterations=2 converged=1 warm_start=prior candidate=15
[INFO] [1788573199.771878719] [carolus_ros2]: Time to find contours: 0.000293 seconds
[INFO] [1788573199.772282834] [carolus_ros2]: max distance = 107.985095
[INFO] [1788573199.778300097] [carolus_ros2]: [P4P] final_cost=0.0519018 iterations=1 converged=1 warm_start=prior candidate=15
[INFO] [1788573199.803740076] [carolus_ros2]: Time to find contours: 0.000281 seconds
[INFO] [1788573199.804113634] [carolus_ros2]: max distance = 107.985095
[INFO] [1788573199.809849992] [carolus_ros2]: [P4P] final_cost=0.0519018 iterations=1 converged=1 warm_start=prior candidate=15
[INFO] [1788573199.840394219] [carolus_ros2]: Time to find contours: 0.000305 seconds
[INFO] [1788573199.840842985] [carolus_ros2]: max distance = 107.897828
[INFO] [1788573199.846534118] [carolus_ros2]: [P4P] final_cost=0.0596068 iterations=3 converged=1 warm_start=prior candidate=15
[INFO] [1788573199.871669728] [carolus_ros2]: Time to find contours: 0.000303 seconds
[INFO] [1788573199.872066917] [carolus_ros2]: max distance = 107.897828
[INFO] [1788573199.877677675] [carolus_ros2]: [P4P] final_cost=0.0596068 iterations=1 converged=1 warm_start=prior candidate=15
[INFO] [1788573199.904451654] [carolus_ros2]: Time to find contours: 0.000278 seconds
[INFO] [1788573199.904827712] [carolus_ros2]: max distance = 107.985095
[INFO] [1788573199.910154881] [carolus_ros2]: [P4P] final_cost=0.0519018 iterations=2 converged=1 warm_start=prior candidate=15
[INFO] [1788573199.940434130] [carolus_ros2]: Time to find contours: 0.000272 seconds
[INFO] [1788573199.940819467] [carolus_ros2]: max distance = 108.007234
[INFO] [1788573199.946889047] [carolus_ros2]: [P4P] final_cost=0.056687 iterations=3 converged=1 warm_start=prior candidate=15
[INFO] [1788573199.972825831] [carolus_ros2]: Time to find contours: 0.000287 seconds
[INFO] [1788573199.973221298] [carolus_ros2]: max distance = 107.985095
[INFO] [1788573199.978441646] [carolus_ros2]: [P4P] final_cost=0.0519017 iterations=3 converged=1 warm_start=prior candidate=15
[INFO] [1788573200.004451527] [carolus_ros2]: Time to find contours: 0.000293 seconds
[INFO] [1788573200.004831455] [carolus_ros2]: max distance = 107.985095
[INFO] [1788573200.010210386] [carolus_ros2]: [P4P] final_cost=0.0519017 iterations=1 converged=1 warm_start=prior candidate=15
[INFO] [1788573200.040699797] [carolus_ros2]: Time to find contours: 0.000291 seconds
[INFO] [1788573200.041086892] [carolus_ros2]: max distance = 107.985095
[INFO] [1788573200.046788786] [carolus_ros2]: [P4P] final_cost=0.0519017 iterations=1 converged=1 warm_start=prior candidate=15
[INFO] [1788573200.072445740] [carolus_ros2]: Time to find contours: 0.000271 seconds
[INFO] [1788573200.072804983] [carolus_ros2]: max distance = 107.897828
[INFO] [1788573200.078288845] [carolus_ros2]: [P4P] final_cost=0.0596068 iterations=3 converged=1 warm_start=prior candidate=15
[INFO] [1788573200.104716102] [carolus_ros2]: Time to find contours: 0.000287 seconds
[INFO] [1788573200.105106050] [carolus_ros2]: max distance = 107.985095
[INFO] [1788573200.110482351] [carolus_ros2]: [P4P] final_cost=0.0544976 iterations=3 converged=1 warm_start=prior candidate=15
[INFO] [1788573200.140510902] [carolus_ros2]: Time to find contours: 0.000289 seconds
[INFO] [1788573200.140912906] [carolus_ros2]: max distance = 107.985095
[INFO] [1788573200.146694563] [carolus_ros2]: [P4P] final_cost=0.0519017 iterations=3 converged=1 warm_start=prior candidate=15
[INFO] [1788573200.171864028] [carolus_ros2]: Time to find contours: 0.000281 seconds
[INFO] [1788573200.172270014] [carolus_ros2]: max distance = 107.997437
[INFO] [1788573200.178146380] [carolus_ros2]: [P4P] final_cost=0.0751259 iterations=3 converged=1 warm_start=prior candidate=15
[INFO] [1788573200.203802279] [carolus_ros2]: Time to find contours: 0.000288 seconds
[INFO] [1788573200.204192930] [carolus_ros2]: max distance = 107.897828
[INFO] [1788573200.210471448] [carolus_ros2]: [P4P] final_cost=0.0596068 iterations=3 converged=1 warm_start=prior candidate=15
[INFO] [1788573200.240484462] [carolus_ros2]: Time to find contours: 0.000300 seconds
[INFO] [1788573200.240881354] [carolus_ros2]: max distance = 107.897828
[INFO] [1788573200.247005697] [carolus_ros2]: [P4P] final_cost=0.0596068 iterations=1 converged=1 warm_start=prior candidate=15
[INFO] [1788573200.271888590] [carolus_ros2]: Time to find contours: 0.000287 seconds
[INFO] [1788573200.272293168] [carolus_ros2]: max distance = 107.985095
[INFO] [1788573200.278384991] [carolus_ros2]: [P4P] final_cost=0.0519018 iterations=2 converged=1 warm_start=prior candidate=15
[INFO] [1788573200.304056835] [carolus_ros2]: Time to find contours: 0.000289 seconds
[INFO] [1788573200.304482415] [carolus_ros2]: max distance = 107.997437
[INFO] [1788573200.310591034] [carolus_ros2]: [P4P] final_cost=0.0751259 iterations=3 converged=1 warm_start=prior candidate=15
[INFO] [1788573200.340022145] [carolus_ros2]: Time to find contours: 0.000283 seconds
[INFO] [1788573200.340442928] [carolus_ros2]: max distance = 107.985095
[INFO] [1788573200.346567363] [carolus_ros2]: [P4P] final_cost=0.0519017 iterations=3 converged=1 warm_start=prior candidate=15
[INFO] [1788573200.372098478] [carolus_ros2]: Time to find contours: 0.000296 seconds
[INFO] [1788573200.372515168] [carolus_ros2]: max distance = 107.897828
[INFO] [1788573200.378657104] [carolus_ros2]: [P4P] final_cost=0.0596068 iterations=3 converged=1 warm_start=prior candidate=15
[INFO] [1788573200.403907554] [carolus_ros2]: Time to find contours: 0.000277 seconds
[INFO] [1788573200.404297521] [carolus_ros2]: max distance = 107.985095
[INFO] [1788573200.410307579] [carolus_ros2]: [P4P] final_cost=0.0519018 iterations=2 converged=1 warm_start=prior candidate=15
[INFO] [1788573200.440260849] [carolus_ros2]: Time to find contours: 0.000294 seconds
[INFO] [1788573200.440679872] [carolus_ros2]: max distance = 107.985095
[INFO] [1788573200.446904813] [carolus_ros2]: [P4P] final_cost=0.0519018 iterations=1 converged=1 warm_start=prior candidate=15
[INFO] [1788573200.471823190] [carolus_ros2]: Time to find contours: 0.000278 seconds
[INFO] [1788573200.472221860] [carolus_ros2]: max distance = 107.985095
[INFO] [1788573200.478145044] [carolus_ros2]: [P4P] final_cost=0.0519018 iterations=1 converged=1 warm_start=prior candidate=15
[INFO] [1788573200.504309638] [carolus_ros2]: Time to find contours: 0.000286 seconds
[INFO] [1788573200.504702956] [carolus_ros2]: max distance = 107.985095
[INFO] [1788573200.510648548] [carolus_ros2]: [P4P] final_cost=0.0519018 iterations=1 converged=1 warm_start=prior candidate=15
[INFO] [1788573200.540018952] [carolus_ros2]: Time to find contours: 0.000277 seconds
[INFO] [1788573200.540441475] [carolus_ros2]: max distance = 107.985095
[INFO] [1788573200.546435700] [carolus_ros2]: [P4P] final_cost=0.0519018 iterations=1 converged=1 warm_start=prior candidate=15
[INFO] [1788573200.572080339] [carolus_ros2]: Time to find contours: 0.000290 seconds
[INFO] [1788573200.572502085] [carolus_ros2]: max distance = 107.985095
[INFO] [1788573200.578554553] [carolus_ros2]: [P4P] final_cost=0.0544976 iterations=3 converged=1 warm_start=prior candidate=15
[INFO] [1788573200.603837413] [carolus_ros2]: Time to find contours: 0.000289 seconds
[INFO] [1788573200.604245028] [carolus_ros2]: max distance = 107.985095
[INFO] [1788573200.610078836] [carolus_ros2]: [P4P] final_cost=0.0519017 iterations=3 converged=1 warm_start=prior candidate=15
[INFO] [1788573200.640393996] [carolus_ros2]: Time to find contours: 0.000274 seconds
[INFO] [1788573200.640796149] [carolus_ros2]: max distance = 107.985095
[INFO] [1788573200.646666070] [carolus_ros2]: [P4P] final_cost=0.0519017 iterations=1 converged=1 warm_start=prior candidate=15
[INFO] [1788573200.671719361] [carolus_ros2]: Time to find contours: 0.000297 seconds
[INFO] [1788573200.672115161] [carolus_ros2]: max distance = 108.007234
[INFO] [1788573200.678050567] [carolus_ros2]: [P4P] final_cost=0.056687 iterations=3 converged=1 warm_start=prior candidate=15
[INFO] [1788573200.704032651] [carolus_ros2]: Time to find contours: 0.000283 seconds
[INFO] [1788573200.704455786] [carolus_ros2]: max distance = 107.985095
[INFO] [1788573200.710712877] [carolus_ros2]: [P4P] final_cost=0.0519017 iterations=3 converged=1 warm_start=prior candidate=15
[INFO] [1788573200.740098078] [carolus_ros2]: Time to find contours: 0.000285 seconds
[INFO] [1788573200.740514490] [carolus_ros2]: max distance = 107.897828
[INFO] [1788573200.746855752] [carolus_ros2]: [P4P] final_cost=0.0596068 iterations=3 converged=1 warm_start=prior candidate=15
[INFO] [1788573200.771889265] [carolus_ros2]: Time to find contours: 0.000283 seconds
[INFO] [1788573200.772301825] [carolus_ros2]: max distance = 107.985095
[INFO] [1788573200.778178413] [carolus_ros2]: [P4P] final_cost=0.0519018 iterations=2 converged=1 warm_start=prior candidate=15
[INFO] [1788573200.804052880] [carolus_ros2]: Time to find contours: 0.000264 seconds
[INFO] [1788573200.804442976] [carolus_ros2]: max distance = 107.997437
[INFO] [1788573200.810365048] [carolus_ros2]: [P4P] final_cost=0.0751259 iterations=3 converged=1 warm_start=prior candidate=15
[INFO] [1788573200.840637761] [carolus_ros2]: Time to find contours: 0.000320 seconds
[INFO] [1788573200.841058415] [carolus_ros2]: max distance = 107.985095
[INFO] [1788573200.846448642] [carolus_ros2]: [P4P] final_cost=0.0519017 iterations=3 converged=1 warm_start=prior candidate=15
[INFO] [1788573200.871802617] [carolus_ros2]: Time to find contours: 0.000278 seconds
[INFO] [1788573200.872205214] [carolus_ros2]: max distance = 107.985095
[INFO] [1788573200.878419765] [carolus_ros2]: [P4P] final_cost=0.0519017 iterations=1 converged=1 warm_start=prior candidate=15
[INFO] [1788573200.904097406] [carolus_ros2]: Time to find contours: 0.000287 seconds
[INFO] [1788573200.904505874] [carolus_ros2]: max distance = 107.897828
[INFO] [1788573200.910606845] [carolus_ros2]: [P4P] final_cost=0.0596068 iterations=3 converged=1 warm_start=prior candidate=15
[INFO] [1788573200.940431533] [carolus_ros2]: Time to find contours: 0.000281 seconds
[INFO] [1788573200.940811258] [carolus_ros2]: max distance = 107.897828
[INFO] [1788573200.946618046] [carolus_ros2]: [P4P] final_cost=0.0624567 iterations=3 converged=1 warm_start=prior candidate=15
[INFO] [1788573200.972030654] [carolus_ros2]: Time to find contours: 0.000293 seconds
[INFO] [1788573200.972440954] [carolus_ros2]: max distance = 107.997437
[INFO] [1788573200.978381287] [carolus_ros2]: [P4P] final_cost=0.0751259 iterations=3 converged=1 warm_start=prior candidate=15
[INFO] [1788573201.004173249] [carolus_ros2]: Time to find contours: 0.000279 seconds
[INFO] [1788573201.004564568] [carolus_ros2]: max distance = 107.985095
[INFO] [1788573201.010266683] [carolus_ros2]: [P4P] final_cost=0.0519017 iterations=3 converged=1 warm_start=prior candidate=15
[INFO] [1788573201.040670349] [carolus_ros2]: Time to find contours: 0.000319 seconds
[INFO] [1788573201.041059167] [carolus_ros2]: max distance = 107.985095
[INFO] [1788573201.046799822] [carolus_ros2]: [P4P] final_cost=0.0519017 iterations=1 converged=1 warm_start=prior candidate=15
[INFO] [1788573201.072623250] [carolus_ros2]: Time to find contours: 0.000295 seconds
[INFO] [1788573201.072991678] [carolus_ros2]: max distance = 107.997437
[INFO] [1788573201.078164468] [carolus_ros2]: [P4P] final_cost=0.0751259 iterations=3 converged=1 warm_start=prior candidate=15
[INFO] [1788573201.104629080] [carolus_ros2]: Time to find contours: 0.000294 seconds
[INFO] [1788573201.105013249] [carolus_ros2]: max distance = 107.985095
[INFO] [1788573201.110443350] [carolus_ros2]: [P4P] final_cost=0.0519017 iterations=3 converged=1 warm_start=prior candidate=15
[INFO] [1788573201.140577686] [carolus_ros2]: Time to find contours: 0.000290 seconds
[INFO] [1788573201.140973282] [carolus_ros2]: max distance = 107.985095
[INFO] [1788573201.147023973] [carolus_ros2]: [P4P] final_cost=0.0519017 iterations=1 converged=1 warm_start=prior candidate=15
[INFO] [1788573201.172357262] [carolus_ros2]: Time to find contours: 0.000287 seconds
[INFO] [1788573201.172775063] [carolus_ros2]: max distance = 107.985095
[INFO] [1788573201.178825976] [carolus_ros2]: [P4P] final_cost=0.0519017 iterations=1 converged=1 warm_start=prior candidate=15
[INFO] [1788573201.204242048] [carolus_ros2]: Time to find contours: 0.000277 seconds
[INFO] [1788573201.204641163] [carolus_ros2]: max distance = 107.985095
[INFO] [1788573201.210670056] [carolus_ros2]: [P4P] final_cost=0.0519017 iterations=1 converged=1 warm_start=prior candidate=15
[INFO] [1788573201.240781410] [carolus_ros2]: Time to find contours: 0.000288 seconds
[INFO] [1788573201.241176969] [carolus_ros2]: max distance = 108.094547
[INFO] [1788573201.247221752] [carolus_ros2]: [P4P] final_cost=0.0471588 iterations=3 converged=1 warm_start=prior candidate=15
[INFO] [1788573201.272376105] [carolus_ros2]: Time to find contours: 0.000275 seconds
[INFO] [1788573201.272773146] [carolus_ros2]: max distance = 108.094547
[INFO] [1788573201.277995939] [carolus_ros2]: [P4P] final_cost=0.0471588 iterations=1 converged=1 warm_start=prior candidate=15
[INFO] [1788573201.304751697] [carolus_ros2]: Time to find contours: 0.000277 seconds
[INFO] [1788573201.305129014] [carolus_ros2]: max distance = 108.094547
[INFO] [1788573201.310108182] [carolus_ros2]: [P4P] final_cost=0.0471588 iterations=1 converged=1 warm_start=prior candidate=15
[INFO] [1788573201.339854496] [carolus_ros2]: Time to find contours: 0.000294 seconds
[INFO] [1788573201.340272834] [carolus_ros2]: max distance = 107.897828
[INFO] [1788573201.346743234] [carolus_ros2]: [P4P] final_cost=0.0596068 iterations=3 converged=1 warm_start=prior candidate=15
[INFO] [1788573201.372291869] [carolus_ros2]: Time to find contours: 0.000276 seconds
[INFO] [1788573201.372695484] [carolus_ros2]: max distance = 107.985095
[INFO] [1788573201.378276278] [carolus_ros2]: [P4P] final_cost=0.0519018 iterations=2 converged=1 warm_start=prior candidate=15
[INFO] [1788573201.404362017] [carolus_ros2]: Time to find contours: 0.000267 seconds
[INFO] [1788573201.404765762] [carolus_ros2]: max distance = 107.985095
[INFO] [1788573201.410187306] [carolus_ros2]: [P4P] final_cost=0.0519018 iterations=1 converged=1 warm_start=prior candidate=15
[INFO] [1788573201.440802076] [carolus_ros2]: Time to find contours: 0.000268 seconds
[INFO] [1788573201.441181468] [carolus_ros2]: max distance = 107.985095
[INFO] [1788573201.446338183] [carolus_ros2]: [P4P] final_cost=0.0519018 iterations=1 converged=1 warm_start=prior candidate=15
[INFO] [1788573201.472664083] [carolus_ros2]: Time to find contours: 0.000306 seconds
[INFO] [1788573201.473052179] [carolus_ros2]: max distance = 107.985095
[INFO] [1788573201.478209246] [carolus_ros2]: [P4P] final_cost=0.0519018 iterations=1 converged=1 warm_start=prior candidate=15
[INFO] [1788573201.504776734] [carolus_ros2]: Time to find contours: 0.000269 seconds
[INFO] [1788573201.505148810] [carolus_ros2]: max distance = 107.897828
[INFO] [1788573201.510207723] [carolus_ros2]: [P4P] final_cost=0.0596068 iterations=3 converged=1 warm_start=prior candidate=15
[INFO] [1788573201.540809419] [carolus_ros2]: Time to find contours: 0.000303 seconds
[INFO] [1788573201.541191162] [carolus_ros2]: max distance = 107.897828
[INFO] [1788573201.546865184] [carolus_ros2]: [P4P] final_cost=0.0596068 iterations=1 converged=1 warm_start=prior candidate=15
[INFO] [1788573201.572748485] [carolus_ros2]: Time to find contours: 0.000275 seconds
[INFO] [1788573201.573122543] [carolus_ros2]: max distance = 107.897828
[INFO] [1788573201.578209384] [carolus_ros2]: [P4P] final_cost=0.0596068 iterations=1 converged=1 warm_start=prior candidate=15
[INFO] [1788573201.603906101] [carolus_ros2]: Time to find contours: 0.000297 seconds
[INFO] [1788573201.604316439] [carolus_ros2]: max distance = 107.985095
[INFO] [1788573201.610540732] [carolus_ros2]: [P4P] final_cost=0.0519018 iterations=2 converged=1 warm_start=prior candidate=15
[INFO] [1788573201.640548376] [carolus_ros2]: Time to find contours: 0.000310 seconds
[INFO] [1788573201.640943324] [carolus_ros2]: max distance = 107.985095
[INFO] [1788573201.647278030] [carolus_ros2]: [P4P] final_cost=0.0519018 iterations=1 converged=1 warm_start=prior candidate=15
[INFO] [1788573201.672587800] [carolus_ros2]: Time to find contours: 0.000298 seconds
[INFO] [1788573201.672967469] [carolus_ros2]: max distance = 107.985095
[INFO] [1788573201.678079552] [carolus_ros2]: [P4P] final_cost=0.0683523 iterations=2 converged=1 warm_start=prior candidate=15
[INFO] [1788573201.704761084] [carolus_ros2]: Time to find contours: 0.000276 seconds
[INFO] [1788573201.705178033] [carolus_ros2]: max distance = 107.897828
[INFO] [1788573201.710258669] [carolus_ros2]: [P4P] final_cost=0.0596069 iterations=2 converged=1 warm_start=prior candidate=15
[INFO] [1788573201.740796324] [carolus_ros2]: Time to find contours: 0.000272 seconds
[INFO] [1788573201.741174660] [carolus_ros2]: max distance = 107.985095
[INFO] [1788573201.746309966] [carolus_ros2]: [P4P] final_cost=0.0519018 iterations=2 converged=1 warm_start=prior candidate=15
[INFO] [1788573201.772687388] [carolus_ros2]: Time to find contours: 0.000288 seconds
[INFO] [1788573201.773065780] [carolus_ros2]: max distance = 107.997437
[INFO] [1788573201.778255404] [carolus_ros2]: [P4P] final_cost=0.0952654 iterations=3 converged=1 warm_start=prior candidate=15
[INFO] [1788573201.804750240] [carolus_ros2]: Time to find contours: 0.000272 seconds
[INFO] [1788573201.805124464] [carolus_ros2]: max distance = 107.985095
[INFO] [1788573201.810293384] [carolus_ros2]: [P4P] final_cost=0.0519017 iterations=3 converged=1 warm_start=prior candidate=15
[INFO] [1788573201.840750904] [carolus_ros2]: Time to find contours: 0.000462 seconds
[INFO] [1788573201.841122258] [carolus_ros2]: max distance = 107.985095
[INFO] [1788573201.846889174] [carolus_ros2]: [P4P] final_cost=0.0519017 iterations=1 converged=1 warm_start=prior candidate=15
[INFO] [1788573201.872725214] [carolus_ros2]: Time to find contours: 0.000307 seconds
[INFO] [1788573201.873100031] [carolus_ros2]: max distance = 108.094547
[INFO] [1788573201.878331565] [carolus_ros2]: [P4P] final_cost=0.0471588 iterations=3 converged=1 warm_start=prior candidate=15
[INFO] [1788573201.904772861] [carolus_ros2]: Time to find contours: 0.000290 seconds
[INFO] [1788573201.905143141] [carolus_ros2]: max distance = 108.007234
[INFO] [1788573201.910776734] [carolus_ros2]: [P4P] final_cost=0.056687 iterations=3 converged=1 warm_start=prior candidate=15
[INFO] [1788573201.940673112] [carolus_ros2]: Time to find contours: 0.000300 seconds
[INFO] [1788573201.941101618] [carolus_ros2]: max distance = 107.997437
[INFO] [1788573201.947325929] [carolus_ros2]: [P4P] final_cost=0.0751259 iterations=3 converged=1 warm_start=prior candidate=15
[INFO] [1788573201.972099947] [carolus_ros2]: Time to find contours: 0.000303 seconds
[INFO] [1788573201.972562380] [carolus_ros2]: max distance = 108.094547
[INFO] [1788573201.978948330] [carolus_ros2]: [P4P] final_cost=0.0471589 iterations=2 converged=1 warm_start=prior candidate=15
[INFO] [1788573202.004371884] [carolus_ros2]: Time to find contours: 0.000301 seconds
[INFO] [1788573202.004798593] [carolus_ros2]: max distance = 107.985095
[INFO] [1788573202.011092872] [carolus_ros2]: [P4P] final_cost=0.0519017 iterations=3 converged=1 warm_start=prior candidate=15
[INFO] [1788573202.040313065] [carolus_ros2]: Time to find contours: 0.000289 seconds
[INFO] [1788573202.040719532] [carolus_ros2]: max distance = 108.007234
[INFO] [1788573202.046746296] [carolus_ros2]: [P4P] final_cost=0.0539636 iterations=3 converged=1 warm_start=prior candidate=15
[INFO] [1788573202.072510888] [carolus_ros2]: Time to find contours: 0.000295 seconds
[INFO] [1788573202.072887354] [carolus_ros2]: max distance = 108.094547
[INFO] [1788573202.078114665] [carolus_ros2]: [P4P] final_cost=0.0471588 iterations=3 converged=1 warm_start=prior candidate=15
[INFO] [1788573202.104048859] [carolus_ros2]: Time to find contours: 0.000290 seconds
[INFO] [1788573202.104473383] [carolus_ros2]: max distance = 108.106691
[INFO] [1788573202.110798127] [carolus_ros2]: [P4P] final_cost=0.0672899 iterations=3 converged=1 warm_start=prior candidate=15
[INFO] [1788573202.140698839] [carolus_ros2]: Time to find contours: 0.000301 seconds
[INFO] [1788573202.141090676] [carolus_ros2]: max distance = 108.094547
[INFO] [1788573202.147006434] [carolus_ros2]: [P4P] final_cost=0.0471588 iterations=3 converged=1 warm_start=prior candidate=15
[INFO] [1788573202.172691262] [carolus_ros2]: Time to find contours: 0.000319 seconds
[INFO] [1788573202.173091118] [carolus_ros2]: max distance = 107.997437
[INFO] [1788573202.178348616] [carolus_ros2]: [P4P] final_cost=0.075126 iterations=2 converged=1 warm_start=prior candidate=15
[INFO] [1788573202.204685148] [carolus_ros2]: Time to find contours: 0.000300 seconds
[INFO] [1788573202.205072855] [carolus_ros2]: max distance = 107.985095
[INFO] [1788573202.210268905] [carolus_ros2]: [P4P] final_cost=0.0519017 iterations=3 converged=1 warm_start=prior candidate=15
[INFO] [1788573202.240853527] [carolus_ros2]: Time to find contours: 0.000271 seconds
[INFO] [1788573202.241269717] [carolus_ros2]: max distance = 107.985095
[INFO] [1788573202.247903848] [carolus_ros2]: [P4P] final_cost=0.0519017 iterations=1 converged=1 warm_start=prior candidate=15
[INFO] [1788573202.272164152] [carolus_ros2]: Time to find contours: 0.000283 seconds
[INFO] [1788573202.272558156] [carolus_ros2]: max distance = 108.094547
[INFO] [1788573202.278951736] [carolus_ros2]: [P4P] final_cost=0.0471588 iterations=3 converged=1 warm_start=prior candidate=15
[INFO] [1788573202.304382939] [carolus_ros2]: Time to find contours: 0.000280 seconds
[INFO] [1788573202.304783332] [carolus_ros2]: max distance = 107.997437
[INFO] [1788573202.310858821] [carolus_ros2]: [P4P] final_cost=0.075126 iterations=2 converged=1 warm_start=prior candidate=15
[INFO] [1788573202.340160870] [carolus_ros2]: Time to find contours: 0.000294 seconds
[INFO] [1788573202.340590024] [carolus_ros2]: max distance = 107.985095
[INFO] [1788573202.346993642] [carolus_ros2]: [P4P] final_cost=0.0519017 iterations=3 converged=1 warm_start=prior candidate=15
[INFO] [1788573202.372583965] [carolus_ros2]: Time to find contours: 0.000331 seconds
[INFO] [1788573202.373004174] [carolus_ros2]: max distance = 108.106691
[INFO] [1788573202.378980509] [carolus_ros2]: [P4P] final_cost=0.0672899 iterations=3 converged=1 warm_start=prior candidate=15
[INFO] [1788573202.404634947] [carolus_ros2]: Time to find contours: 0.000339 seconds
[INFO] [1788573202.405093991] [carolus_ros2]: max distance = 108.094547
[INFO] [1788573202.410136681] [carolus_ros2]: [P4P] final_cost=0.0471588 iterations=3 converged=1 warm_start=prior candidate=15
[INFO] [1788573202.440387136] [carolus_ros2]: Time to find contours: 0.000310 seconds
[INFO] [1788573202.440864477] [carolus_ros2]: max distance = 107.985095
[INFO] [1788573202.445833515] [carolus_ros2]: [P4P] final_cost=0.0519017 iterations=3 converged=1 warm_start=prior candidate=15
[INFO] [1788573202.472081931] [carolus_ros2]: Time to find contours: 0.000306 seconds
[INFO] [1788573202.472586570] [carolus_ros2]: max distance = 108.106691
[INFO] [1788573202.477423341] [carolus_ros2]: [P4P] final_cost=0.0672899 iterations=3 converged=1 warm_start=prior candidate=15
[INFO] [1788573202.504861842] [carolus_ros2]: Time to find contours: 0.000362 seconds
[INFO] [1788573202.505318367] [carolus_ros2]: max distance = 107.997437
[INFO] [1788573202.510249033] [carolus_ros2]: [P4P] final_cost=0.0952655 iterations=2 converged=1 warm_start=prior candidate=15
[INFO] [1788573202.540002274] [carolus_ros2]: Time to find contours: 0.000308 seconds
[INFO] [1788573202.540468578] [carolus_ros2]: max distance = 107.997437
[INFO] [1788573202.545235753] [carolus_ros2]: [P4P] final_cost=0.0751259 iterations=2 converged=1 warm_start=prior candidate=15
[INFO] [1788573202.572216728] [carolus_ros2]: Time to find contours: 0.000372 seconds
[INFO] [1788573202.572695625] [carolus_ros2]: max distance = 107.997437
[INFO] [1788573202.577401685] [carolus_ros2]: [P4P] final_cost=0.0751259 iterations=1 converged=1 warm_start=prior candidate=15
[INFO] [1788573202.671741695] [carolus_ros2]: Time to find contours: 0.000347 seconds
[INFO] [1788573202.672134069] [carolus_ros2]: max distance = 107.997437
[INFO] [1788573202.676716474] [carolus_ros2]: [P4P] final_cost=0.0751259 iterations=1 converged=1 warm_start=prior candidate=15
[INFO] [1788573202.703660447] [carolus_ros2]: Time to find contours: 0.000367 seconds
[INFO] [1788573202.704069099] [carolus_ros2]: max distance = 107.997437
[INFO] [1788573202.708624614] [carolus_ros2]: [P4P] final_cost=0.0751259 iterations=1 converged=1 warm_start=prior candidate=15
[INFO] [1788573202.739712282] [carolus_ros2]: Time to find contours: 0.000354 seconds
[INFO] [1788573202.740114879] [carolus_ros2]: max distance = 107.985095
[INFO] [1788573202.744780214] [carolus_ros2]: [P4P] final_cost=0.0519017 iterations=3 converged=1 warm_start=prior candidate=15
[INFO] [1788573202.771982831] [carolus_ros2]: Time to find contours: 0.000333 seconds
[INFO] [1788573202.772488249] [carolus_ros2]: max distance = 108.094547
[INFO] [1788573202.777463750] [carolus_ros2]: [P4P] final_cost=0.0471588 iterations=3 converged=1 warm_start=prior candidate=15
[INFO] [1788573202.805319737] [carolus_ros2]: Time to find contours: 0.000384 seconds
[INFO] [1788573202.805818265] [carolus_ros2]: max distance = 107.985095
[INFO] [1788573202.810977072] [carolus_ros2]: [P4P] final_cost=0.0519017 iterations=3 converged=1 warm_start=prior candidate=15
[INFO] [1788573202.841446002] [carolus_ros2]: Time to find contours: 0.000369 seconds
[INFO] [1788573202.841930733] [carolus_ros2]: max distance = 107.985095
[INFO] [1788573202.846632274] [carolus_ros2]: [P4P] final_cost=0.0519017 iterations=1 converged=1 warm_start=prior candidate=15
[INFO] [1788573202.872230672] [carolus_ros2]: Time to find contours: 0.000293 seconds
[INFO] [1788573202.872704254] [carolus_ros2]: max distance = 107.985095
[INFO] [1788573202.877321606] [carolus_ros2]: [P4P] final_cost=0.0683523 iterations=2 converged=1 warm_start=prior candidate=15
[INFO] [1788573202.904105829] [carolus_ros2]: Time to find contours: 0.000359 seconds
[INFO] [1788573202.904641340] [carolus_ros2]: max distance = 107.997437
[INFO] [1788573202.909503335] [carolus_ros2]: [P4P] final_cost=0.0751259 iterations=3 converged=1 warm_start=prior candidate=15
[INFO] [1788573202.940010601] [carolus_ros2]: Time to find contours: 0.000329 seconds
[INFO] [1788573202.940464941] [carolus_ros2]: max distance = 107.985095
[INFO] [1788573202.945283785] [carolus_ros2]: [P4P] final_cost=0.0519017 iterations=3 converged=1 warm_start=prior candidate=15
[INFO] [1788573202.972536461] [carolus_ros2]: Time to find contours: 0.000361 seconds
[INFO] [1788573202.973014265] [carolus_ros2]: max distance = 107.985095
[INFO] [1788573202.977837387] [carolus_ros2]: [P4P] final_cost=0.0519017 iterations=1 converged=1 warm_start=prior candidate=15
[INFO] [1788573203.005130417] [carolus_ros2]: Time to find contours: 0.000374 seconds
[INFO] [1788573203.005691097] [carolus_ros2]: max distance = 107.985095
[INFO] [1788573203.010530405] [carolus_ros2]: [P4P] final_cost=0.0519017 iterations=1 converged=1 warm_start=prior candidate=15
[INFO] [1788573203.040505605] [carolus_ros2]: Time to find contours: 0.000342 seconds
[INFO] [1788573203.041003855] [carolus_ros2]: max distance = 108.106691
[INFO] [1788573203.045866609] [carolus_ros2]: [P4P] final_cost=0.0672899 iterations=3 converged=1 warm_start=prior candidate=15
[INFO] [1788573203.072027391] [carolus_ros2]: Time to find contours: 0.000362 seconds
[INFO] [1788573203.072494454] [carolus_ros2]: max distance = 108.094547
[INFO] [1788573203.077780621] [carolus_ros2]: [P4P] final_cost=0.0471588 iterations=3 converged=1 warm_start=prior candidate=15
[INFO] [1788573203.104710001] [carolus_ros2]: Time to find contours: 0.000325 seconds
[INFO] [1788573203.105182787] [carolus_ros2]: max distance = 108.094547
[INFO] [1788573203.109770915] [carolus_ros2]: [P4P] final_cost=0.0471588 iterations=1 converged=1 warm_start=prior candidate=15
[INFO] [1788573203.140503101] [carolus_ros2]: Time to find contours: 0.000376 seconds
[INFO] [1788573203.140969313] [carolus_ros2]: max distance = 107.985095
[INFO] [1788573203.145822251] [carolus_ros2]: [P4P] final_cost=0.0519017 iterations=3 converged=1 warm_start=prior candidate=15
[INFO] [1788573203.174383353] [carolus_ros2]: Time to find contours: 0.000268 seconds
[INFO] [1788573203.174890067] [carolus_ros2]: max distance = 107.985095
[INFO] [1788573203.179772415] [carolus_ros2]: [P4P] final_cost=0.0519017 iterations=1 converged=1 warm_start=prior candidate=15
[INFO] [1788573203.204544804] [carolus_ros2]: Time to find contours: 0.000385 seconds
[INFO] [1788573203.205038183] [carolus_ros2]: max distance = 107.985095
[INFO] [1788573203.209882473] [carolus_ros2]: [P4P] final_cost=0.0519017 iterations=1 converged=1 warm_start=prior candidate=15
[INFO] [1788573203.239593732] [carolus_ros2]: Time to find contours: 0.000286 seconds
[INFO] [1788573203.239965309] [carolus_ros2]: max distance = 107.985095
[INFO] [1788573203.244709056] [carolus_ros2]: [P4P] final_cost=0.0683523 iterations=2 converged=1 warm_start=prior candidate=15
[INFO] [1788573203.272031273] [carolus_ros2]: Time to find contours: 0.000282 seconds
[INFO] [1788573203.272444167] [carolus_ros2]: max distance = 108.094547
[INFO] [1788573203.278453115] [carolus_ros2]: [P4P] final_cost=0.0471588 iterations=3 converged=1 warm_start=prior candidate=15
[INFO] [1788573203.304039235] [carolus_ros2]: Time to find contours: 0.000284 seconds
[INFO] [1788573203.304449295] [carolus_ros2]: max distance = 107.985095
[INFO] [1788573203.310871118] [carolus_ros2]: [P4P] final_cost=0.0519017 iterations=3 converged=1 warm_start=prior candidate=15
[INFO] [1788573203.340251544] [carolus_ros2]: Time to find contours: 0.000302 seconds
[INFO] [1788573203.340666363] [carolus_ros2]: max distance = 108.094547
[INFO] [1788573203.347035239] [carolus_ros2]: [P4P] final_cost=0.0569469 iterations=3 converged=1 warm_start=prior candidate=15
[INFO] [1788573203.372528557] [carolus_ros2]: Time to find contours: 0.000317 seconds
[INFO] [1788573203.372924117] [carolus_ros2]: max distance = 107.997437
[INFO] [1788573203.378840782] [carolus_ros2]: [P4P] final_cost=0.0751259 iterations=3 converged=1 warm_start=prior candidate=15
[INFO] [1788573203.404337619] [carolus_ros2]: Time to find contours: 0.000290 seconds
[INFO] [1788573203.404749364] [carolus_ros2]: max distance = 108.007234
[INFO] [1788573203.410743163] [carolus_ros2]: [P4P] final_cost=0.0656284 iterations=3 converged=1 warm_start=prior candidate=15
[INFO] [1788573203.440752661] [carolus_ros2]: Time to find contours: 0.000283 seconds
[INFO] [1788573203.441144646] [carolus_ros2]: max distance = 107.985095
[INFO] [1788573203.447338364] [carolus_ros2]: [P4P] final_cost=0.0519017 iterations=3 converged=1 warm_start=prior candidate=15
[INFO] [1788573203.472280929] [carolus_ros2]: Time to find contours: 0.000284 seconds
[INFO] [1788573203.472721213] [carolus_ros2]: max distance = 107.997437
[INFO] [1788573203.478904893] [carolus_ros2]: [P4P] final_cost=0.0751259 iterations=3 converged=1 warm_start=prior candidate=15
[INFO] [1788573203.503962021] [carolus_ros2]: Time to find contours: 0.000274 seconds
[INFO] [1788573203.504343635] [carolus_ros2]: max distance = 108.094547
[INFO] [1788573203.510082475] [carolus_ros2]: [P4P] final_cost=0.0471589 iterations=2 converged=1 warm_start=prior candidate=15
[INFO] [1788573203.540574833] [carolus_ros2]: Time to find contours: 0.000318 seconds
[INFO] [1788573203.540976856] [carolus_ros2]: max distance = 107.985095
[INFO] [1788573203.547166092] [carolus_ros2]: [P4P] final_cost=0.0519017 iterations=3 converged=1 warm_start=prior candidate=15
[INFO] [1788573203.572168753] [carolus_ros2]: Time to find contours: 0.000294 seconds
[INFO] [1788573203.572583480] [carolus_ros2]: max distance = 107.997437
[INFO] [1788573203.579056676] [carolus_ros2]: [P4P] final_cost=0.0751259 iterations=3 converged=1 warm_start=prior candidate=15
[INFO] [1788573203.604542291] [carolus_ros2]: Time to find contours: 0.000304 seconds
[INFO] [1788573203.604942295] [carolus_ros2]: max distance = 108.106691
[INFO] [1788573203.610930834] [carolus_ros2]: [P4P] final_cost=0.0672899 iterations=3 converged=1 warm_start=prior candidate=15
[INFO] [1788573203.640564385] [carolus_ros2]: Time to find contours: 0.000306 seconds
[INFO] [1788573203.640970389] [carolus_ros2]: max distance = 107.985095
[INFO] [1788573203.647609002] [carolus_ros2]: [P4P] final_cost=0.0519017 iterations=3 converged=1 warm_start=prior candidate=15
[INFO] [1788573203.672591199] [carolus_ros2]: Time to find contours: 0.000318 seconds
[INFO] [1788573203.672976054] [carolus_ros2]: max distance = 107.985095
[INFO] [1788573203.678691153] [carolus_ros2]: [P4P] final_cost=0.0519017 iterations=1 converged=1 warm_start=prior candidate=15
[INFO] [1788573203.704379797] [carolus_ros2]: Time to find contours: 0.000291 seconds
[INFO] [1788573203.704793765] [carolus_ros2]: max distance = 107.985095
[INFO] [1788573203.710821047] [carolus_ros2]: [P4P] final_cost=0.0519017 iterations=1 converged=1 warm_start=prior candidate=15
[INFO] [1788573203.741198065] [carolus_ros2]: Time to find contours: 0.000336 seconds
[INFO] [1788573203.741765949] [carolus_ros2]: max distance = 107.997437
[INFO] [1788573203.747640908] [carolus_ros2]: [P4P] final_cost=0.0751259 iterations=3 converged=1 warm_start=prior candidate=15
[INFO] [1788573203.772315051] [carolus_ros2]: Time to find contours: 0.000358 seconds
[INFO] [1788573203.772812005] [carolus_ros2]: max distance = 108.094547
[INFO] [1788573203.777605218] [carolus_ros2]: [P4P] final_cost=0.0471589 iterations=2 converged=1 warm_start=prior candidate=15
[INFO] [1788573203.803439241] [carolus_ros2]: Time to find contours: 0.000345 seconds
[INFO] [1788573203.803832059] [carolus_ros2]: max distance = 107.985095
[INFO] [1788573203.808575066] [carolus_ros2]: [P4P] final_cost=0.0519017 iterations=3 converged=1 warm_start=prior candidate=15
[INFO] [1788573203.840811170] [carolus_ros2]: Time to find contours: 0.000273 seconds
[INFO] [1788573203.841204933] [carolus_ros2]: max distance = 107.985095
[INFO] [1788573203.846649090] [carolus_ros2]: [P4P] final_cost=0.0519017 iterations=1 converged=1 warm_start=prior candidate=15
[INFO] [1788573203.872589693] [carolus_ros2]: Time to find contours: 0.000306 seconds
[INFO] [1788573203.872980752] [carolus_ros2]: max distance = 107.997437
[INFO] [1788573203.878449596] [carolus_ros2]: [P4P] final_cost=0.0751259 iterations=3 converged=1 warm_start=prior candidate=15
[INFO] [1788573203.904467925] [carolus_ros2]: Time to find contours: 0.000274 seconds
[INFO] [1788573203.904855076] [carolus_ros2]: max distance = 107.985095
[INFO] [1788573203.910348922] [carolus_ros2]: [P4P] final_cost=0.0519017 iterations=3 converged=1 warm_start=prior candidate=15
[INFO] [1788573203.940693771] [carolus_ros2]: Time to find contours: 0.000372 seconds
[INFO] [1788573203.941083275] [carolus_ros2]: max distance = 108.106691
[INFO] [1788573203.947146985] [carolus_ros2]: [P4P] final_cost=0.0672899 iterations=3 converged=1 warm_start=prior candidate=15
[INFO] [1788573203.972082217] [carolus_ros2]: Time to find contours: 0.000293 seconds
[INFO] [1788573203.972523779] [carolus_ros2]: max distance = 107.985095
[INFO] [1788573203.978733071] [carolus_ros2]: [P4P] final_cost=0.0519017 iterations=3 converged=1 warm_start=prior candidate=15
[INFO] [1788573204.004248095] [carolus_ros2]: Time to find contours: 0.000306 seconds
[INFO] [1788573204.004682267] [carolus_ros2]: max distance = 107.997437
[INFO] [1788573204.010369179] [carolus_ros2]: [P4P] final_cost=0.0751259 iterations=3 converged=1 warm_start=prior candidate=15
[INFO] [1788573204.040765144] [carolus_ros2]: Time to find contours: 0.000287 seconds
[INFO] [1788573204.041135424] [carolus_ros2]: max distance = 107.997437
[INFO] [1788573204.046440555] [carolus_ros2]: [P4P] final_cost=0.0751259 iterations=1 converged=1 warm_start=prior candidate=15
[INFO] [1788573204.072586281] [carolus_ros2]: Time to find contours: 0.000314 seconds
[INFO] [1788573204.072954987] [carolus_ros2]: max distance = 107.997437
[INFO] [1788573204.078256507] [carolus_ros2]: [P4P] final_cost=0.0751259 iterations=1 converged=1 warm_start=prior candidate=15
[INFO] [1788573204.104544908] [carolus_ros2]: Time to find contours: 0.000275 seconds
[INFO] [1788573204.104937430] [carolus_ros2]: max distance = 108.094547
[INFO] [1788573204.110330381] [carolus_ros2]: [P4P] final_cost=0.0471589 iterations=2 converged=1 warm_start=prior candidate=15
[INFO] [1788573204.140636433] [carolus_ros2]: Time to find contours: 0.000326 seconds
[INFO] [1788573204.141047660] [carolus_ros2]: max distance = 108.007234
[INFO] [1788573204.147349106] [carolus_ros2]: [P4P] final_cost=0.056687 iterations=3 converged=1 warm_start=prior candidate=15
[INFO] [1788573204.171984340] [carolus_ros2]: Time to find contours: 0.000307 seconds
[INFO] [1788573204.172398271] [carolus_ros2]: max distance = 107.985095
[INFO] [1788573204.178884431] [carolus_ros2]: [P4P] final_cost=0.0519017 iterations=3 converged=1 warm_start=prior candidate=15
[INFO] [1788573204.204379954] [carolus_ros2]: Time to find contours: 0.000287 seconds
[INFO] [1788573204.204797644] [carolus_ros2]: max distance = 108.106691
[INFO] [1788573204.211142889] [carolus_ros2]: [P4P] final_cost=0.0672899 iterations=3 converged=1 warm_start=prior candidate=15
[INFO] [1788573204.240289080] [carolus_ros2]: Time to find contours: 0.000287 seconds
[INFO] [1788573204.240708215] [carolus_ros2]: max distance = 107.985095
[INFO] [1788573204.247225507] [carolus_ros2]: [P4P] final_cost=0.0519017 iterations=3 converged=1 warm_start=prior candidate=15
[INFO] [1788573204.272066530] [carolus_ros2]: Time to find contours: 0.000291 seconds
[INFO] [1788573204.272481035] [carolus_ros2]: max distance = 107.997437
[INFO] [1788573204.278208986] [carolus_ros2]: [P4P] final_cost=0.0751259 iterations=3 converged=1 warm_start=prior candidate=15
[INFO] [1788573204.304280986] [carolus_ros2]: Time to find contours: 0.000287 seconds
[INFO] [1788573204.304698139] [carolus_ros2]: max distance = 108.106691
[INFO] [1788573204.310907024] [carolus_ros2]: [P4P] final_cost=0.0672899 iterations=3 converged=1 warm_start=prior candidate=15
[INFO] [1788573204.340302507] [carolus_ros2]: Time to find contours: 0.000284 seconds
[INFO] [1788573204.340700029] [carolus_ros2]: max distance = 108.009050
[INFO] [1788573204.346534135] [carolus_ros2]: [P4P] final_cost=0.0777734 iterations=3 converged=1 warm_start=prior candidate=15
[INFO] [1788573204.372516704] [carolus_ros2]: Time to find contours: 0.000300 seconds
[INFO] [1788573204.372895706] [carolus_ros2]: max distance = 107.997437
[INFO] [1788573204.378560117] [carolus_ros2]: [P4P] final_cost=0.0952654 iterations=3 converged=1 warm_start=prior candidate=15
[INFO] [1788573204.404594003] [carolus_ros2]: Time to find contours: 0.000314 seconds
[INFO] [1788573204.404994896] [carolus_ros2]: max distance = 108.106691
[INFO] [1788573204.410450277] [carolus_ros2]: [P4P] final_cost=0.0672899 iterations=3 converged=1 warm_start=prior candidate=15
[INFO] [1788573204.440458201] [carolus_ros2]: Time to find contours: 0.000306 seconds
[INFO] [1788573204.440854538] [carolus_ros2]: max distance = 107.985095
[INFO] [1788573204.447509652] [carolus_ros2]: [P4P] final_cost=0.0519017 iterations=3 converged=1 warm_start=prior candidate=15
[INFO] [1788573204.472357861] [carolus_ros2]: Time to find contours: 0.000287 seconds
[INFO] [1788573204.472779089] [carolus_ros2]: max distance = 107.985095
[INFO] [1788573204.479001771] [carolus_ros2]: [P4P] final_cost=0.0519017 iterations=1 converged=1 warm_start=prior candidate=15
[INFO] [1788573204.504109087] [carolus_ros2]: Time to find contours: 0.000281 seconds
[INFO] [1788573204.504515851] [carolus_ros2]: max distance = 107.985095
[INFO] [1788573204.510226783] [carolus_ros2]: [P4P] final_cost=0.0519017 iterations=1 converged=1 warm_start=prior candidate=15
[INFO] [1788573204.540756922] [carolus_ros2]: Time to find contours: 0.000328 seconds
[INFO] [1788573204.541167056] [carolus_ros2]: max distance = 108.106691
[INFO] [1788573204.546910748] [carolus_ros2]: [P4P] final_cost=0.0672899 iterations=3 converged=1 warm_start=prior candidate=15
[INFO] [1788573204.572547076] [carolus_ros2]: Time to find contours: 0.000289 seconds
[INFO] [1788573204.572921171] [carolus_ros2]: max distance = 107.997437
[INFO] [1788573204.578487298] [carolus_ros2]: [P4P] final_cost=0.0751259 iterations=3 converged=1 warm_start=prior candidate=15
[INFO] [1788573204.604996748] [carolus_ros2]: Time to find contours: 0.000275 seconds
[INFO] [1788573204.605385900] [carolus_ros2]: max distance = 107.997437
[INFO] [1788573204.610459018] [carolus_ros2]: [P4P] final_cost=0.0751259 iterations=1 converged=1 warm_start=prior candidate=15
[INFO] [1788573204.640485925] [carolus_ros2]: Time to find contours: 0.000289 seconds
[INFO] [1788573204.640902448] [carolus_ros2]: max distance = 107.997437
[INFO] [1788573204.646481669] [carolus_ros2]: [P4P] final_cost=0.0751259 iterations=1 converged=1 warm_start=prior candidate=15
[INFO] [1788573204.672532908] [carolus_ros2]: Time to find contours: 0.000299 seconds
[INFO] [1788573204.672915782] [carolus_ros2]: max distance = 107.997437
[INFO] [1788573204.678222413] [carolus_ros2]: [P4P] final_cost=0.0751259 iterations=1 converged=1 warm_start=prior candidate=15
[INFO] [1788573204.704516333] [carolus_ros2]: Time to find contours: 0.000287 seconds
[INFO] [1788573204.704900225] [carolus_ros2]: max distance = 108.094547
[INFO] [1788573204.710307509] [carolus_ros2]: [P4P] final_cost=0.0471589 iterations=2 converged=1 warm_start=prior candidate=15
[INFO] [1788573204.740598802] [carolus_ros2]: Time to find contours: 0.000320 seconds
[INFO] [1788573204.740999602] [carolus_ros2]: max distance = 107.997437
[INFO] [1788573204.747471836] [carolus_ros2]: [P4P] final_cost=0.075126 iterations=2 converged=1 warm_start=prior candidate=15
[INFO] [1788573204.772263171] [carolus_ros2]: Time to find contours: 0.000274 seconds
[INFO] [1788573204.772661212] [carolus_ros2]: max distance = 107.997437
[INFO] [1788573204.778218116] [carolus_ros2]: [P4P] final_cost=0.075126 iterations=1 converged=1 warm_start=prior candidate=15
[INFO] [1788573204.804619746] [carolus_ros2]: Time to find contours: 0.000307 seconds
[INFO] [1788573204.805001675] [carolus_ros2]: max distance = 108.094547
[INFO] [1788573204.810411497] [carolus_ros2]: [P4P] final_cost=0.0471589 iterations=2 converged=1 warm_start=prior candidate=15
[INFO] [1788573204.840447386] [carolus_ros2]: Time to find contours: 0.000298 seconds
[INFO] [1788573204.840838371] [carolus_ros2]: max distance = 108.106691
[INFO] [1788573204.847006421] [carolus_ros2]: [P4P] final_cost=0.0672899 iterations=3 converged=1 warm_start=prior candidate=15
[INFO] [1788573204.872378326] [carolus_ros2]: Time to find contours: 0.000305 seconds
[INFO] [1788573204.872817406] [carolus_ros2]: max distance = 107.997437
[INFO] [1788573204.879225247] [carolus_ros2]: [P4P] final_cost=0.0952655 iterations=2 converged=1 warm_start=prior candidate=15
[INFO] [1788573204.904173406] [carolus_ros2]: Time to find contours: 0.000284 seconds
[INFO] [1788573204.904613283] [carolus_ros2]: max distance = 108.094547
[INFO] [1788573204.910269137] [carolus_ros2]: [P4P] final_cost=0.0471588 iterations=3 converged=1 warm_start=prior candidate=15
[INFO] [1788573204.940856113] [carolus_ros2]: Time to find contours: 0.000310 seconds
[INFO] [1788573204.941288230] [carolus_ros2]: max distance = 107.997437
[INFO] [1788573204.946902508] [carolus_ros2]: [P4P] final_cost=0.075126 iterations=2 converged=1 warm_start=prior candidate=15
[INFO] [1788573204.972442033] [carolus_ros2]: Time to find contours: 0.000310 seconds
[INFO] [1788573204.972860316] [carolus_ros2]: max distance = 107.997437
[INFO] [1788573204.978662716] [carolus_ros2]: [P4P] final_cost=0.075126 iterations=1 converged=1 warm_start=prior candidate=15
[INFO] [1788573205.004136552] [carolus_ros2]: Time to find contours: 0.000313 seconds
[INFO] [1788573205.004555687] [carolus_ros2]: max distance = 107.985095
[INFO] [1788573205.010817187] [carolus_ros2]: [P4P] final_cost=0.0519017 iterations=3 converged=1 warm_start=prior candidate=15
[INFO] [1788573205.040744571] [carolus_ros2]: Time to find contours: 0.000332 seconds
[INFO] [1788573205.041168632] [carolus_ros2]: max distance = 108.106691
[INFO] [1788573205.046790966] [carolus_ros2]: [P4P] final_cost=0.0672899 iterations=3 converged=1 warm_start=prior candidate=15
[INFO] [1788573205.072606119] [carolus_ros2]: Time to find contours: 0.000328 seconds
[INFO] [1788573205.073064256] [carolus_ros2]: max distance = 108.106691
[INFO] [1788573205.078765298] [carolus_ros2]: [P4P] final_cost=0.0807664 iterations=2 converged=1 warm_start=prior candidate=15
[INFO] [1788573205.104501243] [carolus_ros2]: Time to find contours: 0.000330 seconds
[INFO] [1788573205.104914822] [carolus_ros2]: max distance = 108.094547
[INFO] [1788573205.110957772] [carolus_ros2]: [P4P] final_cost=0.0471588 iterations=3 converged=1 warm_start=prior candidate=15
[INFO] [1788573205.141002885] [carolus_ros2]: Time to find contours: 0.000284 seconds
[INFO] [1788573205.141378239] [carolus_ros2]: max distance = 108.106691
[INFO] [1788573205.146745893] [carolus_ros2]: [P4P] final_cost=0.0672899 iterations=3 converged=1 warm_start=prior candidate=15
[INFO] [1788573205.172617012] [carolus_ros2]: Time to find contours: 0.000312 seconds
[INFO] [1788573205.173024738] [carolus_ros2]: max distance = 108.106691
[INFO] [1788573205.178473396] [carolus_ros2]: [P4P] final_cost=0.0672899 iterations=1 converged=1 warm_start=prior candidate=15
[INFO] [1788573205.204603715] [carolus_ros2]: Time to find contours: 0.000308 seconds
[INFO] [1788573205.204982551] [carolus_ros2]: max distance = 108.094547
[INFO] [1788573205.210582477] [carolus_ros2]: [P4P] final_cost=0.0471588 iterations=3 converged=1 warm_start=prior candidate=15
[INFO] [1788573205.240755541] [carolus_ros2]: Time to find contours: 0.000294 seconds
[INFO] [1788573205.241151471] [carolus_ros2]: max distance = 108.106691
[INFO] [1788573205.247512865] [carolus_ros2]: [P4P] final_cost=0.0807664 iterations=3 converged=1 warm_start=prior candidate=15
[INFO] [1788573205.272361149] [carolus_ros2]: Time to find contours: 0.000286 seconds
[INFO] [1788573205.272767116] [carolus_ros2]: max distance = 108.094547
[INFO] [1788573205.278599721] [carolus_ros2]: [P4P] final_cost=0.0471588 iterations=3 converged=1 warm_start=prior candidate=15
[INFO] [1788573205.304869174] [carolus_ros2]: Time to find contours: 0.000256 seconds
[INFO] [1788573205.305236541] [carolus_ros2]: max distance = 108.094547
[INFO] [1788573205.310437638] [carolus_ros2]: [P4P] final_cost=0.0569469 iterations=2 converged=1 warm_start=prior candidate=15
[INFO] [1788573205.340815394] [carolus_ros2]: Time to find contours: 0.000300 seconds
[INFO] [1788573205.341207984] [carolus_ros2]: max distance = 108.106691
[INFO] [1788573205.347239966] [carolus_ros2]: [P4P] final_cost=0.0672899 iterations=3 converged=1 warm_start=prior candidate=15
[INFO] [1788573205.372325232] [carolus_ros2]: Time to find contours: 0.000321 seconds
[INFO] [1788573205.372772268] [carolus_ros2]: max distance = 107.985095
[INFO] [1788573205.379106837] [carolus_ros2]: [P4P] final_cost=0.0519017 iterations=3 converged=1 warm_start=prior candidate=15
[INFO] [1788573205.404299940] [carolus_ros2]: Time to find contours: 0.000328 seconds
[INFO] [1788573205.404735161] [carolus_ros2]: max distance = 108.094547
[INFO] [1788573205.410926928] [carolus_ros2]: [P4P] final_cost=0.0471588 iterations=3 converged=1 warm_start=prior candidate=15
[INFO] [1788573205.440407018] [carolus_ros2]: Time to find contours: 0.000284 seconds
[INFO] [1788573205.440803997] [carolus_ros2]: max distance = 108.106691
[INFO] [1788573205.446479039] [carolus_ros2]: [P4P] final_cost=0.0807664 iterations=3 converged=1 warm_start=prior candidate=15
[INFO] [1788573205.472677738] [carolus_ros2]: Time to find contours: 0.000315 seconds
[INFO] [1788573205.473051142] [carolus_ros2]: max distance = 108.094547
[INFO] [1788573205.478568604] [carolus_ros2]: [P4P] final_cost=0.0471588 iterations=3 converged=1 warm_start=prior candidate=15
[INFO] [1788573205.505008498] [carolus_ros2]: Time to find contours: 0.000299 seconds
[INFO] [1788573205.505377827] [carolus_ros2]: max distance = 108.106691
[INFO] [1788573205.510753524] [carolus_ros2]: [P4P] final_cost=0.0672899 iterations=3 converged=1 warm_start=prior candidate=15
[INFO] [1788573205.540652372] [carolus_ros2]: Time to find contours: 0.000312 seconds
[INFO] [1788573205.541039221] [carolus_ros2]: max distance = 107.985095
[INFO] [1788573205.547653912] [carolus_ros2]: [P4P] final_cost=0.0519017 iterations=3 converged=1 warm_start=prior candidate=15
[INFO] [1788573205.572453110] [carolus_ros2]: Time to find contours: 0.000314 seconds
[INFO] [1788573205.572854960] [carolus_ros2]: max distance = 108.094547
[INFO] [1788573205.579101525] [carolus_ros2]: [P4P] final_cost=0.0471588 iterations=3 converged=1 warm_start=prior candidate=15
[INFO] [1788573205.604218754] [carolus_ros2]: Time to find contours: 0.000289 seconds
[INFO] [1788573205.604610196] [carolus_ros2]: max distance = 108.094547
[INFO] [1788573205.610272664] [carolus_ros2]: [P4P] final_cost=0.0569469 iterations=2 converged=1 warm_start=prior candidate=15
[INFO] [1788573205.636474104] [carolus_ros2]: Time to find contours: 0.000304 seconds
[INFO] [1788573205.636861286] [carolus_ros2]: max distance = 107.997437
[INFO] [1788573205.642379100] [carolus_ros2]: [P4P] final_cost=0.0751259 iterations=3 converged=1 warm_start=prior candidate=15
[INFO] [1788573205.672650832] [carolus_ros2]: Time to find contours: 0.000305 seconds
[INFO] [1788573205.673033977] [carolus_ros2]: max distance = 108.106691
[INFO] [1788573205.679073331] [carolus_ros2]: [P4P] final_cost=0.0672899 iterations=3 converged=1 warm_start=prior candidate=15
[INFO] [1788573205.704400476] [carolus_ros2]: Time to find contours: 0.000286 seconds
[INFO] [1788573205.704807085] [carolus_ros2]: max distance = 108.094547
[INFO] [1788573205.711081985] [carolus_ros2]: [P4P] final_cost=0.0471588 iterations=3 converged=1 warm_start=prior candidate=15
[INFO] [1788573205.740825400] [carolus_ros2]: Time to find contours: 0.000328 seconds
[INFO] [1788573205.741246028] [carolus_ros2]: max distance = 108.106691
[INFO] [1788573205.746782584] [carolus_ros2]: [P4P] final_cost=0.0672899 iterations=3 converged=1 warm_start=prior candidate=15
[INFO] [1788573205.772265291] [carolus_ros2]: Time to find contours: 0.000366 seconds
[INFO] [1788573205.772709309] [carolus_ros2]: max distance = 108.094547
[INFO] [1788573205.779267257] [carolus_ros2]: [P4P] final_cost=0.0471588 iterations=3 converged=1 warm_start=prior candidate=15
[INFO] [1788573205.804955824] [carolus_ros2]: Time to find contours: 0.000334 seconds
[INFO] [1788573205.805370007] [carolus_ros2]: max distance = 108.094547
[INFO] [1788573205.810623311] [carolus_ros2]: [P4P] final_cost=0.0471588 iterations=1 converged=1 warm_start=prior candidate=15
[INFO] [1788573205.836585759] [carolus_ros2]: Time to find contours: 0.000302 seconds
[INFO] [1788573205.836962849] [carolus_ros2]: max distance = 107.985095
[INFO] [1788573205.842562332] [carolus_ros2]: [P4P] final_cost=0.0519017 iterations=3 converged=1 warm_start=prior candidate=15
[INFO] [1788573205.872740802] [carolus_ros2]: Time to find contours: 0.000374 seconds
[INFO] [1788573205.873125429] [carolus_ros2]: max distance = 108.094547
[INFO] [1788573205.878935513] [carolus_ros2]: [P4P] final_cost=0.0471588 iterations=3 converged=1 warm_start=prior candidate=15
[INFO] [1788573205.904566578] [carolus_ros2]: Time to find contours: 0.000296 seconds
[INFO] [1788573205.904928112] [carolus_ros2]: max distance = 108.094547
[INFO] [1788573205.910164210] [carolus_ros2]: [P4P] final_cost=0.0471588 iterations=1 converged=1 warm_start=prior candidate=15
[INFO] [1788573205.941050708] [carolus_ros2]: Time to find contours: 0.000356 seconds
[INFO] [1788573205.941480096] [carolus_ros2]: max distance = 108.094547
[INFO] [1788573205.947579859] [carolus_ros2]: [P4P] final_cost=0.0471588 iterations=1 converged=1 warm_start=prior candidate=15
[INFO] [1788573205.972447153] [carolus_ros2]: Time to find contours: 0.000303 seconds
[INFO] [1788573205.972841706] [carolus_ros2]: max distance = 107.985095
[INFO] [1788573205.979099068] [carolus_ros2]: [P4P] final_cost=0.0519017 iterations=3 converged=1 warm_start=prior candidate=15
[INFO] [1788573206.004358642] [carolus_ros2]: Time to find contours: 0.000296 seconds
[INFO] [1788573206.004768070] [carolus_ros2]: max distance = 108.007234
[INFO] [1788573206.010826524] [carolus_ros2]: [P4P] final_cost=0.056687 iterations=3 converged=1 warm_start=prior candidate=15
[INFO] [1788573206.036637854] [carolus_ros2]: Time to find contours: 0.000303 seconds
[INFO] [1788573206.037021229] [carolus_ros2]: max distance = 108.106691
[INFO] [1788573206.042445848] [carolus_ros2]: [P4P] final_cost=0.0672899 iterations=3 converged=1 warm_start=prior candidate=15
[INFO] [1788573206.072992669] [carolus_ros2]: Time to find contours: 0.000298 seconds
[INFO] [1788573206.073386080] [carolus_ros2]: max distance = 108.106691
[INFO] [1788573206.079396019] [carolus_ros2]: [P4P] final_cost=0.0672899 iterations=1 converged=1 warm_start=prior candidate=15
[INFO] [1788573206.104170807] [carolus_ros2]: Time to find contours: 0.000316 seconds
[INFO] [1788573206.104577828] [carolus_ros2]: max distance = 108.106691
[INFO] [1788573206.110739477] [carolus_ros2]: [P4P] final_cost=0.0672899 iterations=1 converged=1 warm_start=prior candidate=15
[INFO] [1788573206.140464627] [carolus_ros2]: Time to find contours: 0.000308 seconds
[INFO] [1788573206.140848909] [carolus_ros2]: max distance = 107.985095
[INFO] [1788573206.147289646] [carolus_ros2]: [P4P] final_cost=0.0519017 iterations=3 converged=1 warm_start=prior candidate=15
[INFO] [1788573206.171026095] [carolus_ros2]: Time to find contours: 0.000277 seconds
[INFO] [1788573206.171402526] [carolus_ros2]: max distance = 107.997437
[INFO] [1788573206.176003454] [carolus_ros2]: [P4P] final_cost=0.0751259 iterations=3 converged=1 warm_start=prior candidate=15
[INFO] [1788573206.204566442] [carolus_ros2]: Time to find contours: 0.000350 seconds
[INFO] [1788573206.204985999] [carolus_ros2]: max distance = 107.985095
[INFO] [1788573206.211075154] [carolus_ros2]: [P4P] final_cost=0.0519017 iterations=3 converged=1 warm_start=prior candidate=15
[INFO] [1788573206.236518904] [carolus_ros2]: Time to find contours: 0.000301 seconds
[INFO] [1788573206.236929759] [carolus_ros2]: max distance = 108.094547
[INFO] [1788573206.243422268] [carolus_ros2]: [P4P] final_cost=0.0471588 iterations=3 converged=1 warm_start=prior candidate=15
[INFO] [1788573206.272707233] [carolus_ros2]: Time to find contours: 0.000338 seconds
[INFO] [1788573206.273170175] [carolus_ros2]: max distance = 108.094547
[INFO] [1788573206.278829144] [carolus_ros2]: [P4P] final_cost=0.0569469 iterations=2 converged=1 warm_start=prior candidate=15
[INFO] [1788573206.304458786] [carolus_ros2]: Time to find contours: 0.000343 seconds
[INFO] [1788573206.304875232] [carolus_ros2]: max distance = 107.997437
[INFO] [1788573206.310868432] [carolus_ros2]: [P4P] final_cost=0.0751259 iterations=3 converged=1 warm_start=prior candidate=15
[INFO] [1788573206.340465870] [carolus_ros2]: Time to find contours: 0.000333 seconds
[INFO] [1788573206.340882298] [carolus_ros2]: max distance = 108.106691
[INFO] [1788573206.346976545] [carolus_ros2]: [P4P] final_cost=0.0672899 iterations=3 converged=1 warm_start=prior candidate=15
[INFO] [1788573206.372302990] [carolus_ros2]: Time to find contours: 0.000287 seconds
[INFO] [1788573206.372699661] [carolus_ros2]: max distance = 107.985095
[INFO] [1788573206.378922582] [carolus_ros2]: [P4P] final_cost=0.0519017 iterations=3 converged=1 warm_start=prior candidate=15
[INFO] [1788573206.404335335] [carolus_ros2]: Time to find contours: 0.000325 seconds
[INFO] [1788573206.404751355] [carolus_ros2]: max distance = 108.106691
[INFO] [1788573206.410908579] [carolus_ros2]: [P4P] final_cost=0.0672899 iterations=3 converged=1 warm_start=prior candidate=15
[INFO] [1788573206.436208433] [carolus_ros2]: Time to find contours: 0.000284 seconds
[INFO] [1788573206.436609826] [carolus_ros2]: max distance = 108.094547
[INFO] [1788573206.442505015] [carolus_ros2]: [P4P] final_cost=0.0471588 iterations=3 converged=1 warm_start=prior candidate=15
[INFO] [1788573206.472911644] [carolus_ros2]: Time to find contours: 0.000301 seconds
[INFO] [1788573206.473338553] [carolus_ros2]: max distance = 108.106691
[INFO] [1788573206.478861441] [carolus_ros2]: [P4P] final_cost=0.0807664 iterations=3 converged=1 warm_start=prior candidate=15
[INFO] [1788573206.504506174] [carolus_ros2]: Time to find contours: 0.000316 seconds
[INFO] [1788573206.504921657] [carolus_ros2]: max distance = 108.106691
[INFO] [1788573206.510825124] [carolus_ros2]: [P4P] final_cost=0.0672899 iterations=2 converged=1 warm_start=prior candidate=15
[INFO] [1788573206.541037270] [carolus_ros2]: Time to find contours: 0.000286 seconds
[INFO] [1788573206.541426774] [carolus_ros2]: max distance = 108.106691
[INFO] [1788573206.546846281] [carolus_ros2]: [P4P] final_cost=0.0672899 iterations=1 converged=1 warm_start=prior candidate=15
[INFO] [1788573206.572569730] [carolus_ros2]: Time to find contours: 0.000297 seconds
[INFO] [1788573206.572952680] [carolus_ros2]: max distance = 108.106691
[INFO] [1788573206.578369021] [carolus_ros2]: [P4P] final_cost=0.0672899 iterations=1 converged=1 warm_start=prior candidate=15
[INFO] [1788573206.604562671] [carolus_ros2]: Time to find contours: 0.000336 seconds
[INFO] [1788573206.604955730] [carolus_ros2]: max distance = 108.106691
[INFO] [1788573206.610390458] [carolus_ros2]: [P4P] final_cost=0.0672899 iterations=1 converged=1 warm_start=prior candidate=15
[INFO] [1788573206.636531761] [carolus_ros2]: Time to find contours: 0.000282 seconds
[INFO] [1788573206.636901434] [carolus_ros2]: max distance = 108.094547
[INFO] [1788573206.642425506] [carolus_ros2]: [P4P] final_cost=0.0471588 iterations=3 converged=1 warm_start=prior candidate=15
[INFO] [1788573206.672726293] [carolus_ros2]: Time to find contours: 0.000298 seconds
[INFO] [1788573206.673097669] [carolus_ros2]: max distance = 107.997437
[INFO] [1788573206.678882331] [carolus_ros2]: [P4P] final_cost=0.075126 iterations=2 converged=1 warm_start=prior candidate=15
[INFO] [1788573206.704404685] [carolus_ros2]: Time to find contours: 0.000306 seconds
[INFO] [1788573206.704808263] [carolus_ros2]: max distance = 107.985095
[INFO] [1788573206.711076236] [carolus_ros2]: [P4P] final_cost=0.0519017 iterations=3 converged=1 warm_start=prior candidate=15
[INFO] [1788573206.741019811] [carolus_ros2]: Time to find contours: 0.000297 seconds
[INFO] [1788573206.741393595] [carolus_ros2]: max distance = 107.997437
[INFO] [1788573206.746845155] [carolus_ros2]: [P4P] final_cost=0.0751259 iterations=3 converged=1 warm_start=prior candidate=15
[INFO] [1788573206.772698278] [carolus_ros2]: Time to find contours: 0.000297 seconds
[INFO] [1788573206.773070617] [carolus_ros2]: max distance = 108.094547
[INFO] [1788573206.778475718] [carolus_ros2]: [P4P] final_cost=0.0471589 iterations=2 converged=1 warm_start=prior candidate=15
[INFO] [1788573206.804624816] [carolus_ros2]: Time to find contours: 0.000314 seconds
[INFO] [1788573206.805021135] [carolus_ros2]: max distance = 108.106691
[INFO] [1788573206.810692140] [carolus_ros2]: [P4P] final_cost=0.0672899 iterations=3 converged=1 warm_start=prior candidate=15
[INFO] [1788573206.836329688] [carolus_ros2]: Time to find contours: 0.000287 seconds
[INFO] [1788573206.836740302] [carolus_ros2]: max distance = 107.997437
[INFO] [1788573206.842304316] [carolus_ros2]: [P4P] final_cost=0.0751259 iterations=3 converged=1 warm_start=prior candidate=15
[INFO] [1788573206.872713500] [carolus_ros2]: Time to find contours: 0.000312 seconds
[INFO] [1788573206.873113004] [carolus_ros2]: max distance = 108.106691
[INFO] [1788573206.879223046] [carolus_ros2]: [P4P] final_cost=0.0672899 iterations=3 converged=1 warm_start=prior candidate=15
[INFO] [1788573206.904091992] [carolus_ros2]: Time to find contours: 0.000290 seconds
[INFO] [1788573206.904537844] [carolus_ros2]: max distance = 108.106691
[INFO] [1788573206.910405147] [carolus_ros2]: [P4P] final_cost=0.0807664 iterations=2 converged=1 warm_start=prior candidate=15
[INFO] [1788573206.940434160] [carolus_ros2]: Time to find contours: 0.000330 seconds
[INFO] [1788573206.940847032] [carolus_ros2]: max distance = 107.985095
[INFO] [1788573206.947190647] [carolus_ros2]: [P4P] final_cost=0.0519017 iterations=3 converged=1 warm_start=prior candidate=15
[INFO] [1788573206.972259114] [carolus_ros2]: Time to find contours: 0.000287 seconds
[INFO] [1788573206.972678042] [carolus_ros2]: max distance = 108.094547
[INFO] [1788573206.979115742] [carolus_ros2]: [P4P] final_cost=0.0471588 iterations=3 converged=1 warm_start=prior candidate=15
[INFO] [1788573207.004340753] [carolus_ros2]: Time to find contours: 0.000288 seconds
[INFO] [1788573207.004750663] [carolus_ros2]: max distance = 107.997437
[INFO] [1788573207.011001918] [carolus_ros2]: [P4P] final_cost=0.075126 iterations=2 converged=1 warm_start=prior candidate=15
[INFO] [1788573207.036437978] [carolus_ros2]: Time to find contours: 0.000274 seconds
[INFO] [1788573207.036805151] [carolus_ros2]: max distance = 108.106691
[INFO] [1788573207.042205570] [carolus_ros2]: [P4P] final_cost=0.0672899 iterations=3 converged=1 warm_start=prior candidate=15
[INFO] [1788573207.073039309] [carolus_ros2]: Time to find contours: 0.000372 seconds
[INFO] [1788573207.073425276] [carolus_ros2]: max distance = 108.106691
[INFO] [1788573207.079687531] [carolus_ros2]: [P4P] final_cost=0.0672899 iterations=1 converged=1 warm_start=prior candidate=15
[INFO] [1788573207.104200946] [carolus_ros2]: Time to find contours: 0.000284 seconds
[INFO] [1788573207.104635465] [carolus_ros2]: max distance = 108.106691
[INFO] [1788573207.110865315] [carolus_ros2]: [P4P] final_cost=0.0672899 iterations=1 converged=1 warm_start=prior candidate=15
[INFO] [1788573207.140861382] [carolus_ros2]: Time to find contours: 0.000291 seconds
[INFO] [1788573207.141282421] [carolus_ros2]: max distance = 108.106691
[INFO] [1788573207.146931857] [carolus_ros2]: [P4P] final_cost=0.0807664 iterations=2 converged=1 warm_start=prior candidate=15
[INFO] [1788573207.172972718] [carolus_ros2]: Time to find contours: 0.000287 seconds
[INFO] [1788573207.173404589] [carolus_ros2]: max distance = 108.106691
[INFO] [1788573207.178601914] [carolus_ros2]: [P4P] final_cost=0.0672899 iterations=2 converged=1 warm_start=prior candidate=15
[INFO] [1788573207.204340282] [carolus_ros2]: Time to find contours: 0.000304 seconds
[INFO] [1788573207.204767394] [carolus_ros2]: max distance = 107.997437
[INFO] [1788573207.211377175] [carolus_ros2]: [P4P] final_cost=0.0751259 iterations=3 converged=1 warm_start=prior candidate=15
[INFO] [1788573207.236551257] [carolus_ros2]: Time to find contours: 0.000296 seconds
[INFO] [1788573207.236962723] [carolus_ros2]: max distance = 107.985095
[INFO] [1788573207.242874229] [carolus_ros2]: [P4P] final_cost=0.0519017 iterations=3 converged=1 warm_start=prior candidate=15
[INFO] [1788573207.272368579] [carolus_ros2]: Time to find contours: 0.000297 seconds
[INFO] [1788573207.272772397] [carolus_ros2]: max distance = 108.106691
[INFO] [1788573207.279017727] [carolus_ros2]: [P4P] final_cost=0.0672899 iterations=3 converged=1 warm_start=prior candidate=15
[INFO] [1788573207.304009083] [carolus_ros2]: Time to find contours: 0.000272 seconds
[INFO] [1788573207.304403051] [carolus_ros2]: max distance = 107.997437
[INFO] [1788573207.310795850] [carolus_ros2]: [P4P] final_cost=0.0751259 iterations=3 converged=1 warm_start=prior candidate=15
[INFO] [1788573207.340360194] [carolus_ros2]: Time to find contours: 0.000273 seconds
[INFO] [1788573207.340756050] [carolus_ros2]: max distance = 108.106691
[INFO] [1788573207.346481053] [carolus_ros2]: [P4P] final_cost=0.0672899 iterations=3 converged=1 warm_start=prior candidate=15
[INFO] [1788573207.372467474] [carolus_ros2]: Time to find contours: 0.000290 seconds
[INFO] [1788573207.372884921] [carolus_ros2]: max distance = 108.106691
[INFO] [1788573207.379061831] [carolus_ros2]: [P4P] final_cost=0.0672899 iterations=1 converged=1 warm_start=prior candidate=15
[INFO] [1788573207.404320591] [carolus_ros2]: Time to find contours: 0.000284 seconds
[INFO] [1788573207.404721242] [carolus_ros2]: max distance = 108.106691
[INFO] [1788573207.410938908] [carolus_ros2]: [P4P] final_cost=0.0672899 iterations=1 converged=1 warm_start=prior candidate=15
[INFO] [1788573207.436437537] [carolus_ros2]: Time to find contours: 0.000266 seconds
[INFO] [1788573207.436809339] [carolus_ros2]: max distance = 108.094547
[INFO] [1788573207.442474569] [carolus_ros2]: [P4P] final_cost=0.0471588 iterations=3 converged=1 warm_start=prior candidate=15
[INFO] [1788573207.472553037] [carolus_ros2]: Time to find contours: 0.000318 seconds
[INFO] [1788573207.472907304] [carolus_ros2]: max distance = 107.997437
[INFO] [1788573207.478702375] [carolus_ros2]: [P4P] final_cost=0.075126 iterations=2 converged=1 warm_start=prior candidate=15
[INFO] [1788573207.504519848] [carolus_ros2]: Time to find contours: 0.000334 seconds
[INFO] [1788573207.504908167] [carolus_ros2]: max distance = 108.106691
[INFO] [1788573207.510907481] [carolus_ros2]: [P4P] final_cost=0.0672899 iterations=3 converged=1 warm_start=prior candidate=15
[INFO] [1788573207.540366908] [carolus_ros2]: Time to find contours: 0.000290 seconds
[INFO] [1788573207.540786373] [carolus_ros2]: max distance = 108.094547
[INFO] [1788573207.547013945] [carolus_ros2]: [P4P] final_cost=0.0471588 iterations=3 converged=1 warm_start=prior candidate=15
[INFO] [1788573207.572469855] [carolus_ros2]: Time to find contours: 0.000330 seconds
[INFO] [1788573207.572851564] [carolus_ros2]: max distance = 107.997437
[INFO] [1788573207.579011864] [carolus_ros2]: [P4P] final_cost=0.075126 iterations=2 converged=1 warm_start=prior candidate=15
[INFO] [1788573207.604403798] [carolus_ros2]: Time to find contours: 0.000294 seconds
[INFO] [1788573207.604845687] [carolus_ros2]: max distance = 108.106691
[INFO] [1788573207.611162215] [carolus_ros2]: [P4P] final_cost=0.0672899 iterations=3 converged=1 warm_start=prior candidate=15
[INFO] [1788573207.636517133] [carolus_ros2]: Time to find contours: 0.000331 seconds
[INFO] [1788573207.636892843] [carolus_ros2]: max distance = 108.094547
[INFO] [1788573207.642523835] [carolus_ros2]: [P4P] final_cost=0.0471588 iterations=3 converged=1 warm_start=prior candidate=15
[INFO] [1788573207.672698425] [carolus_ros2]: Time to find contours: 0.000322 seconds
[INFO] [1788573207.673085189] [carolus_ros2]: max distance = 108.094547
[INFO] [1788573207.679032803] [carolus_ros2]: [P4P] final_cost=0.0471588 iterations=1 converged=1 warm_start=prior candidate=15
[INFO] [1788573207.704446309] [carolus_ros2]: Time to find contours: 0.000312 seconds
[INFO] [1788573207.704825407] [carolus_ros2]: max distance = 108.106691
[INFO] [1788573207.710974060] [carolus_ros2]: [P4P] final_cost=0.0672899 iterations=3 converged=1 warm_start=prior candidate=15
[INFO] [1788573207.740876450] [carolus_ros2]: Time to find contours: 0.000284 seconds
[INFO] [1788573207.741243549] [carolus_ros2]: max distance = 108.094547
[INFO] [1788573207.746576585] [carolus_ros2]: [P4P] final_cost=0.0471588 iterations=3 converged=1 warm_start=prior candidate=15
[INFO] [1788573207.773120200] [carolus_ros2]: Time to find contours: 0.000287 seconds
[INFO] [1788573207.773556849] [carolus_ros2]: max distance = 108.192406
[INFO] [1788573207.778940751] [carolus_ros2]: [P4P] final_cost=0.046907 iterations=3 converged=1 warm_start=prior candidate=15
[INFO] [1788573207.804644677] [carolus_ros2]: Time to find contours: 0.000320 seconds
[INFO] [1788573207.805031071] [carolus_ros2]: max distance = 108.094547
[INFO] [1788573207.810406566] [carolus_ros2]: [P4P] final_cost=0.0471588 iterations=3 converged=1 warm_start=prior candidate=15
[INFO] [1788573207.836661521] [carolus_ros2]: Time to find contours: 0.000293 seconds
[INFO] [1788573207.837040767] [carolus_ros2]: max distance = 108.094547
[INFO] [1788573207.842277885] [carolus_ros2]: [P4P] final_cost=0.0471588 iterations=1 converged=1 warm_start=prior candidate=15
[INFO] [1788573207.872742765] [carolus_ros2]: Time to find contours: 0.000299 seconds
[INFO] [1788573207.873138676] [carolus_ros2]: max distance = 107.997437
[INFO] [1788573207.879294403] [carolus_ros2]: [P4P] final_cost=0.075126 iterations=2 converged=1 warm_start=prior candidate=15
[INFO] [1788573207.904249947] [carolus_ros2]: Time to find contours: 0.000302 seconds
[INFO] [1788573207.904671727] [carolus_ros2]: max distance = 107.897828
[INFO] [1788573207.911260565] [carolus_ros2]: [P4P] final_cost=0.0596068 iterations=3 converged=1 warm_start=prior candidate=15
[INFO] [1788573207.940489549] [carolus_ros2]: Time to find contours: 0.000308 seconds
[INFO] [1788573207.940901144] [carolus_ros2]: max distance = 108.106691
[INFO] [1788573207.946948953] [carolus_ros2]: [P4P] final_cost=0.0672899 iterations=3 converged=1 warm_start=prior candidate=15
[INFO] [1788573207.972337147] [carolus_ros2]: Time to find contours: 0.000291 seconds
[INFO] [1788573207.972774555] [carolus_ros2]: max distance = 108.106691
[INFO] [1788573207.979004627] [carolus_ros2]: [P4P] final_cost=0.0672899 iterations=1 converged=1 warm_start=prior candidate=15
[INFO] [1788573208.004335179] [carolus_ros2]: Time to find contours: 0.000301 seconds
[INFO] [1788573208.004757162] [carolus_ros2]: max distance = 108.106691
[INFO] [1788573208.010964832] [carolus_ros2]: [P4P] final_cost=0.0807664 iterations=2 converged=1 warm_start=prior candidate=15
[INFO] [1788573208.036451252] [carolus_ros2]: Time to find contours: 0.000300 seconds
[INFO] [1788573208.036827054] [carolus_ros2]: max distance = 108.106691
[INFO] [1788573208.042287934] [carolus_ros2]: [P4P] final_cost=0.0807664 iterations=1 converged=1 warm_start=prior candidate=15
[INFO] [1788573208.072833564] [carolus_ros2]: Time to find contours: 0.000301 seconds
[INFO] [1788573208.073228235] [carolus_ros2]: max distance = 107.985095
[INFO] [1788573208.079826686] [carolus_ros2]: [P4P] final_cost=0.0519017 iterations=3 converged=1 warm_start=prior candidate=15
[INFO] [1788573208.104468529] [carolus_ros2]: Time to find contours: 0.000296 seconds
[INFO] [1788573208.104853904] [carolus_ros2]: max distance = 107.985095
[INFO] [1788573208.111052704] [carolus_ros2]: [P4P] final_cost=0.0519017 iterations=1 converged=1 warm_start=prior candidate=15
[INFO] [1788573208.140430375] [carolus_ros2]: Time to find contours: 0.000294 seconds
[INFO] [1788573208.140825009] [carolus_ros2]: max distance = 108.106691
[INFO] [1788573208.146549552] [carolus_ros2]: [P4P] final_cost=0.0672899 iterations=3 converged=1 warm_start=prior candidate=15
[INFO] [1788573208.174382685] [carolus_ros2]: Time to find contours: 0.000301 seconds
[INFO] [1788573208.174813871] [carolus_ros2]: max distance = 108.094547
[INFO] [1788573208.180767858] [carolus_ros2]: [P4P] final_cost=0.0471588 iterations=3 converged=1 warm_start=prior candidate=15
[INFO] [1788573208.204639986] [carolus_ros2]: Time to find contours: 0.000391 seconds
[INFO] [1788573208.205027454] [carolus_ros2]: max distance = 108.094547
[INFO] [1788573208.210302905] [carolus_ros2]: [P4P] final_cost=0.0471588 iterations=1 converged=1 warm_start=prior candidate=15
[INFO] [1788573208.236881882] [carolus_ros2]: Time to find contours: 0.000342 seconds
[INFO] [1788573208.237250352] [carolus_ros2]: max distance = 108.106691
[INFO] [1788573208.242683808] [carolus_ros2]: [P4P] final_cost=0.0672899 iterations=3 converged=1 warm_start=prior candidate=15
[INFO] [1788573208.272806491] [carolus_ros2]: Time to find contours: 0.000339 seconds
[INFO] [1788573208.273189145] [carolus_ros2]: max distance = 108.106691
[INFO] [1788573208.278962424] [carolus_ros2]: [P4P] final_cost=0.0672899 iterations=1 converged=1 warm_start=prior candidate=15
[INFO] [1788573208.304453159] [carolus_ros2]: Time to find contours: 0.000307 seconds
[INFO] [1788573208.304841738] [carolus_ros2]: max distance = 108.094547
[INFO] [1788573208.311429302] [carolus_ros2]: [P4P] final_cost=0.0471588 iterations=3 converged=1 warm_start=prior candidate=15
[INFO] [1788573208.340842988] [carolus_ros2]: Time to find contours: 0.000321 seconds
[INFO] [1788573208.341278304] [carolus_ros2]: max distance = 108.106691
[INFO] [1788573208.346803141] [carolus_ros2]: [P4P] final_cost=0.0672899 iterations=3 converged=1 warm_start=prior candidate=15
[INFO] [1788573208.372589240] [carolus_ros2]: Time to find contours: 0.000338 seconds
[INFO] [1788573208.373035277] [carolus_ros2]: max distance = 107.985095
[INFO] [1788573208.378828185] [carolus_ros2]: [P4P] final_cost=0.0519017 iterations=3 converged=1 warm_start=prior candidate=15
[INFO] [1788573208.404409690] [carolus_ros2]: Time to find contours: 0.000308 seconds
[INFO] [1788573208.404817008] [carolus_ros2]: max distance = 107.997437
[INFO] [1788573208.410860377] [carolus_ros2]: [P4P] final_cost=0.0751259 iterations=3 converged=1 warm_start=prior candidate=15
[INFO] [1788573208.436013102] [carolus_ros2]: Time to find contours: 0.000296 seconds
[INFO] [1788573208.436432234] [carolus_ros2]: max distance = 107.997437
[INFO] [1788573208.442604425] [carolus_ros2]: [P4P] final_cost=0.0751259 iterations=1 converged=1 warm_start=prior candidate=15
[INFO] [1788573208.472436947] [carolus_ros2]: Time to find contours: 0.000307 seconds
[INFO] [1788573208.472821119] [carolus_ros2]: max distance = 108.106691
[INFO] [1788573208.478814529] [carolus_ros2]: [P4P] final_cost=0.0672899 iterations=3 converged=1 warm_start=prior candidate=15
[INFO] [1788573208.504373628] [carolus_ros2]: Time to find contours: 0.000287 seconds
[INFO] [1788573208.504810406] [carolus_ros2]: max distance = 108.106691
[INFO] [1788573208.511025668] [carolus_ros2]: [P4P] final_cost=0.0672899 iterations=1 converged=1 warm_start=prior candidate=15
[INFO] [1788573208.540408079] [carolus_ros2]: Time to find contours: 0.000290 seconds
[INFO] [1788573208.540816286] [carolus_ros2]: max distance = 107.997437
[INFO] [1788573208.546562865] [carolus_ros2]: [P4P] final_cost=0.0751259 iterations=3 converged=1 warm_start=prior candidate=15
[INFO] [1788573208.572178255] [carolus_ros2]: Time to find contours: 0.000300 seconds
[INFO] [1788573208.572565149] [carolus_ros2]: max distance = 108.106691
[INFO] [1788573208.578244844] [carolus_ros2]: [P4P] final_cost=0.0672899 iterations=3 converged=1 warm_start=prior candidate=15
[INFO] [1788573208.605119223] [carolus_ros2]: Time to find contours: 0.000294 seconds
[INFO] [1788573208.605510302] [carolus_ros2]: max distance = 108.094547
[INFO] [1788573208.611394443] [carolus_ros2]: [P4P] final_cost=0.0471588 iterations=3 converged=1 warm_start=prior candidate=15
[INFO] [1788573208.636334686] [carolus_ros2]: Time to find contours: 0.000281 seconds
[INFO] [1788573208.636710210] [carolus_ros2]: max distance = 108.106691
[INFO] [1788573208.641999678] [carolus_ros2]: [P4P] final_cost=0.0672899 iterations=3 converged=1 warm_start=prior candidate=15
[INFO] [1788573208.673019213] [carolus_ros2]: Time to find contours: 0.000321 seconds
[INFO] [1788573208.673424624] [carolus_ros2]: max distance = 107.997437
[INFO] [1788573208.679269305] [carolus_ros2]: [P4P] final_cost=0.0751259 iterations=3 converged=1 warm_start=prior candidate=15
[INFO] [1788573208.704356555] [carolus_ros2]: Time to find contours: 0.000302 seconds
[INFO] [1788573208.704777223] [carolus_ros2]: max distance = 108.094547
[INFO] [1788573208.710722248] [carolus_ros2]: [P4P] final_cost=0.0471589 iterations=2 converged=1 warm_start=prior candidate=15
[INFO] [1788573208.741056414] [carolus_ros2]: Time to find contours: 0.000287 seconds
[INFO] [1788573208.741448567] [carolus_ros2]: max distance = 107.997437
[INFO] [1788573208.746916946] [carolus_ros2]: [P4P] final_cost=0.075126 iterations=2 converged=1 warm_start=prior candidate=15
[INFO] [1788573208.772897936] [carolus_ros2]: Time to find contours: 0.000280 seconds
[INFO] [1788573208.773273831] [carolus_ros2]: max distance = 107.997437
[INFO] [1788573208.778585297] [carolus_ros2]: [P4P] final_cost=0.075126 iterations=1 converged=1 warm_start=prior candidate=15
[INFO] [1788573208.804637485] [carolus_ros2]: Time to find contours: 0.000318 seconds
[INFO] [1788573208.805010269] [carolus_ros2]: max distance = 108.106691
[INFO] [1788573208.810848987] [carolus_ros2]: [P4P] final_cost=0.0672899 iterations=3 converged=1 warm_start=prior candidate=15
[INFO] [1788573208.836332537] [carolus_ros2]: Time to find contours: 0.000281 seconds
[INFO] [1788573208.836743800] [carolus_ros2]: max distance = 108.106691
[INFO] [1788573208.842559687] [carolus_ros2]: [P4P] final_cost=0.0672899 iterations=1 converged=1 warm_start=prior candidate=15
[INFO] [1788573208.872788769] [carolus_ros2]: Time to find contours: 0.000317 seconds
[INFO] [1788573208.873199938] [carolus_ros2]: max distance = 107.997437
[INFO] [1788573208.878820453] [carolus_ros2]: [P4P] final_cost=0.0751259 iterations=3 converged=1 warm_start=prior candidate=15
[INFO] [1788573208.906035804] [carolus_ros2]: Time to find contours: 0.000311 seconds
[INFO] [1788573208.906436455] [carolus_ros2]: max distance = 108.094547
[INFO] [1788573208.911736478] [carolus_ros2]: [P4P] final_cost=0.0471589 iterations=2 converged=1 warm_start=prior candidate=15
[INFO] [1788573208.940747532] [carolus_ros2]: Time to find contours: 0.000359 seconds
[INFO] [1788573208.941218937] [carolus_ros2]: max distance = 107.985095
[INFO] [1788573208.946882429] [carolus_ros2]: [P4P] final_cost=0.0519017 iterations=3 converged=1 warm_start=prior candidate=15
[INFO] [1788573208.972184532] [carolus_ros2]: Time to find contours: 0.000292 seconds
[INFO] [1788573208.972604960] [carolus_ros2]: max distance = 108.094547
[INFO] [1788573208.978195847] [carolus_ros2]: [P4P] final_cost=0.0471588 iterations=3 converged=1 warm_start=prior candidate=15
[INFO] [1788573209.004444576] [carolus_ros2]: Time to find contours: 0.000292 seconds
[INFO] [1788573209.004822453] [carolus_ros2]: max distance = 107.997437
[INFO] [1788573209.011092583] [carolus_ros2]: [P4P] final_cost=0.075126 iterations=2 converged=1 warm_start=prior candidate=15
[INFO] [1788573209.105677515] [carolus_ros2]: Time to find contours: 0.000340 seconds
[INFO] [1788573209.106033819] [carolus_ros2]: max distance = 107.985095
[INFO] [1788573209.111621024] [carolus_ros2]: [P4P] final_cost=0.0519017 iterations=3 converged=1 warm_start=prior candidate=15
[INFO] [1788573209.140450533] [carolus_ros2]: Time to find contours: 0.000291 seconds
[INFO] [1788573209.140823020] [carolus_ros2]: max distance = 108.106691
[INFO] [1788573209.146620820] [carolus_ros2]: [P4P] final_cost=0.0672899 iterations=3 converged=1 warm_start=prior candidate=15
[INFO] [1788573209.172441466] [carolus_ros2]: Time to find contours: 0.000282 seconds
[INFO] [1788573209.172809694] [carolus_ros2]: max distance = 108.106691
[INFO] [1788573209.179021533] [carolus_ros2]: [P4P] final_cost=0.0672899 iterations=1 converged=1 warm_start=prior candidate=15
[INFO] [1788573209.204964762] [carolus_ros2]: Time to find contours: 0.000302 seconds
[INFO] [1788573209.205363025] [carolus_ros2]: max distance = 107.985095
[INFO] [1788573209.211738073] [carolus_ros2]: [P4P] final_cost=0.0519017 iterations=3 converged=1 warm_start=prior candidate=15
[INFO] [1788573209.236148002] [carolus_ros2]: Time to find contours: 0.000301 seconds
[INFO] [1788573209.236568671] [carolus_ros2]: max distance = 108.106691
[INFO] [1788573209.242864874] [carolus_ros2]: [P4P] final_cost=0.0672899 iterations=3 converged=1 warm_start=prior candidate=15
[INFO] [1788573209.272621361] [carolus_ros2]: Time to find contours: 0.000331 seconds
[INFO] [1788573209.273024291] [carolus_ros2]: max distance = 107.997437
[INFO] [1788573209.279151322] [carolus_ros2]: [P4P] final_cost=0.0751259 iterations=3 converged=1 warm_start=prior candidate=15
[INFO] [1788573209.304583593] [carolus_ros2]: Time to find contours: 0.000337 seconds
[INFO] [1788573209.304981764] [carolus_ros2]: max distance = 108.106691
[INFO] [1788573209.311055855] [carolus_ros2]: [P4P] final_cost=0.0672899 iterations=3 converged=1 warm_start=prior candidate=15
[INFO] [1788573209.340871449] [carolus_ros2]: Time to find contours: 0.000325 seconds
[INFO] [1788573209.341308468] [carolus_ros2]: max distance = 108.094547
[INFO] [1788573209.347037754] [carolus_ros2]: [P4P] final_cost=0.0471588 iterations=3 converged=1 warm_start=prior candidate=15
[INFO] [1788573209.372181882] [carolus_ros2]: Time to find contours: 0.000306 seconds
[INFO] [1788573209.372609551] [carolus_ros2]: max distance = 108.106691
[INFO] [1788573209.378537932] [carolus_ros2]: [P4P] final_cost=0.0672899 iterations=3 converged=1 warm_start=prior candidate=15
[INFO] [1788573209.404437034] [carolus_ros2]: Time to find contours: 0.000297 seconds
[INFO] [1788573209.404852852] [carolus_ros2]: max distance = 107.997437
[INFO] [1788573209.410698406] [carolus_ros2]: [P4P] final_cost=0.0751259 iterations=3 converged=1 warm_start=prior candidate=15
[INFO] [1788573209.440779441] [carolus_ros2]: Time to find contours: 0.000328 seconds
[INFO] [1788573209.441149762] [carolus_ros2]: max distance = 108.106691
[INFO] [1788573209.446908879] [carolus_ros2]: [P4P] final_cost=0.0672899 iterations=3 converged=1 warm_start=prior candidate=15
[INFO] [1788573209.472610109] [carolus_ros2]: Time to find contours: 0.000325 seconds
[INFO] [1788573209.472984004] [carolus_ros2]: max distance = 108.192406
[INFO] [1788573209.479154587] [carolus_ros2]: [P4P] final_cost=0.046907 iterations=3 converged=1 warm_start=prior candidate=15
[INFO] [1788573209.504334323] [carolus_ros2]: Time to find contours: 0.000279 seconds
[INFO] [1788573209.504717458] [carolus_ros2]: max distance = 107.997437
[INFO] [1788573209.510449263] [carolus_ros2]: [P4P] final_cost=0.075126 iterations=2 converged=1 warm_start=prior candidate=15
[INFO] [1788573209.540517577] [carolus_ros2]: Time to find contours: 0.000319 seconds
[INFO] [1788573209.540900453] [carolus_ros2]: max distance = 108.106691
[INFO] [1788573209.546536191] [carolus_ros2]: [P4P] final_cost=0.0672899 iterations=3 converged=1 warm_start=prior candidate=15
[INFO] [1788573209.572232921] [carolus_ros2]: Time to find contours: 0.000280 seconds
[INFO] [1788573209.572626148] [carolus_ros2]: max distance = 108.094547
[INFO] [1788573209.578488683] [carolus_ros2]: [P4P] final_cost=0.0471588 iterations=3 converged=1 warm_start=prior candidate=15
[INFO] [1788573209.604671817] [carolus_ros2]: Time to find contours: 0.000320 seconds
[INFO] [1788573209.605056267] [carolus_ros2]: max distance = 108.106691
[INFO] [1788573209.611087195] [carolus_ros2]: [P4P] final_cost=0.0672899 iterations=3 converged=1 warm_start=prior candidate=15
[INFO] [1788573209.636485765] [carolus_ros2]: Time to find contours: 0.000331 seconds
[INFO] [1788573209.636879269] [carolus_ros2]: max distance = 108.094547
[INFO] [1788573209.642496009] [carolus_ros2]: [P4P] final_cost=0.0471588 iterations=3 converged=1 warm_start=prior candidate=15
[INFO] [1788573209.672771473] [carolus_ros2]: Time to find contours: 0.000297 seconds
[INFO] [1788573209.673162755] [carolus_ros2]: max distance = 108.094547
[INFO] [1788573209.679022012] [carolus_ros2]: [P4P] final_cost=0.0471588 iterations=1 converged=1 warm_start=prior candidate=15
[INFO] [1788573209.704206748] [carolus_ros2]: Time to find contours: 0.000281 seconds
[INFO] [1788573209.704614214] [carolus_ros2]: max distance = 108.106691
[INFO] [1788573209.710244194] [carolus_ros2]: [P4P] final_cost=0.0672899 iterations=3 converged=1 warm_start=prior candidate=15
[INFO] [1788573209.740752656] [carolus_ros2]: Time to find contours: 0.000286 seconds
[INFO] [1788573209.741116441] [carolus_ros2]: max distance = 108.094547
[INFO] [1788573209.746986623] [carolus_ros2]: [P4P] final_cost=0.0471588 iterations=3 converged=1 warm_start=prior candidate=15
[INFO] [1788573209.772628117] [carolus_ros2]: Time to find contours: 0.000300 seconds
[INFO] [1788573209.772995457] [carolus_ros2]: max distance = 108.106691
[INFO] [1788573209.778372384] [carolus_ros2]: [P4P] final_cost=0.0672899 iterations=3 converged=1 warm_start=prior candidate=15
[INFO] [1788573209.804883436] [carolus_ros2]: Time to find contours: 0.000289 seconds
[INFO] [1788573209.805253072] [carolus_ros2]: max distance = 108.094547
[INFO] [1788573209.810871534] [carolus_ros2]: [P4P] final_cost=0.0471588 iterations=3 converged=1 warm_start=prior candidate=15
[INFO] [1788573209.837207489] [carolus_ros2]: Time to find contours: 0.000295 seconds
[INFO] [1788573209.837588587] [carolus_ros2]: max distance = 108.094547
[INFO] [1788573209.842829118] [carolus_ros2]: [P4P] final_cost=0.0471588 iterations=1 converged=1 warm_start=prior candidate=15
[INFO] [1788573209.872667728] [carolus_ros2]: Time to find contours: 0.000310 seconds
[INFO] [1788573209.873039698] [carolus_ros2]: max distance = 108.106691
[INFO] [1788573209.878746152] [carolus_ros2]: [P4P] final_cost=0.0672899 iterations=3 converged=1 warm_start=prior candidate=15
[INFO] [1788573209.904515543] [carolus_ros2]: Time to find contours: 0.000303 seconds
[INFO] [1788573209.904951878] [carolus_ros2]: max distance = 107.985095
[INFO] [1788573209.911246525] [carolus_ros2]: [P4P] final_cost=0.0519017 iterations=3 converged=1 warm_start=prior candidate=15
[INFO] [1788573209.940586232] [carolus_ros2]: Time to find contours: 0.000317 seconds
[INFO] [1788573209.941004938] [carolus_ros2]: max distance = 107.997437
[INFO] [1788573209.947692201] [carolus_ros2]: [P4P] final_cost=0.0751259 iterations=3 converged=1 warm_start=prior candidate=15
[INFO] [1788573209.972116407] [carolus_ros2]: Time to find contours: 0.000295 seconds
[INFO] [1788573209.972522355] [carolus_ros2]: max distance = 108.106691
[INFO] [1788573209.978762062] [carolus_ros2]: [P4P] final_cost=0.0672899 iterations=3 converged=1 warm_start=prior candidate=15
[INFO] [1788573210.004120766] [carolus_ros2]: Time to find contours: 0.000295 seconds
[INFO] [1788573210.004519419] [carolus_ros2]: max distance = 108.106691
[INFO] [1788573210.010539554] [carolus_ros2]: [P4P] final_cost=0.0672899 iterations=1 converged=1 warm_start=prior candidate=15
[INFO] [1788573210.036672076] [carolus_ros2]: Time to find contours: 0.000307 seconds
[INFO] [1788573210.037051304] [carolus_ros2]: max distance = 108.106691
[INFO] [1788573210.042487303] [carolus_ros2]: [P4P] final_cost=0.0672899 iterations=1 converged=1 warm_start=prior candidate=15
[INFO] [1788573210.072633921] [carolus_ros2]: Time to find contours: 0.000319 seconds
[INFO] [1788573210.073039555] [carolus_ros2]: max distance = 107.997437
[INFO] [1788573210.079302041] [carolus_ros2]: [P4P] final_cost=0.0751259 iterations=3 converged=1 warm_start=prior candidate=15
[INFO] [1788573210.104379242] [carolus_ros2]: Time to find contours: 0.000285 seconds
[INFO] [1788573210.104791671] [carolus_ros2]: max distance = 107.997437
[INFO] [1788573210.110902151] [carolus_ros2]: [P4P] final_cost=0.0751259 iterations=1 converged=1 warm_start=prior candidate=15
[INFO] [1788573210.140595103] [carolus_ros2]: Time to find contours: 0.000308 seconds
[INFO] [1788573210.141083600] [carolus_ros2]: max distance = 107.997437
[INFO] [1788573210.146594000] [carolus_ros2]: [P4P] final_cost=0.0751259 iterations=1 converged=1 warm_start=prior candidate=15
[INFO] [1788573210.172575257] [carolus_ros2]: Time to find contours: 0.000333 seconds
[INFO] [1788573210.173036200] [carolus_ros2]: max distance = 107.997437
[INFO] [1788573210.178546637] [carolus_ros2]: [P4P] final_cost=0.0751259 iterations=1 converged=1 warm_start=prior candidate=15
[INFO] [1788573210.204497785] [carolus_ros2]: Time to find contours: 0.000395 seconds
[INFO] [1788573210.204919676] [carolus_ros2]: max distance = 108.106691
[INFO] [1788573210.210603117] [carolus_ros2]: [P4P] final_cost=0.0672899 iterations=3 converged=1 warm_start=prior candidate=15
[INFO] [1788573210.236678681] [carolus_ros2]: Time to find contours: 0.000342 seconds
[INFO] [1788573210.237132810] [carolus_ros2]: max distance = 108.094547
[INFO] [1788573210.243058120] [carolus_ros2]: [P4P] final_cost=0.0471588 iterations=3 converged=1 warm_start=prior candidate=15
[INFO] [1788573210.273053529] [carolus_ros2]: Time to find contours: 0.000292 seconds
[INFO] [1788573210.273437461] [carolus_ros2]: max distance = 108.106691
[INFO] [1788573210.279015799] [carolus_ros2]: [P4P] final_cost=0.0672899 iterations=3 converged=1 warm_start=prior candidate=15
[INFO] [1788573210.304485524] [carolus_ros2]: Time to find contours: 0.000315 seconds
[INFO] [1788573210.304886084] [carolus_ros2]: max distance = 107.985095
[INFO] [1788573210.310593078] [carolus_ros2]: [P4P] final_cost=0.0519017 iterations=3 converged=1 warm_start=prior candidate=15
[INFO] [1788573210.340700274] [carolus_ros2]: Time to find contours: 0.000347 seconds
[INFO] [1788573210.341110037] [carolus_ros2]: max distance = 107.997437
[INFO] [1788573210.347697922] [carolus_ros2]: [P4P] final_cost=0.0751259 iterations=3 converged=1 warm_start=prior candidate=15
[INFO] [1788573210.372483795] [carolus_ros2]: Time to find contours: 0.000344 seconds
[INFO] [1788573210.372866394] [carolus_ros2]: max distance = 107.985095
[INFO] [1788573210.378681435] [carolus_ros2]: [P4P] final_cost=0.0519017 iterations=3 converged=1 warm_start=prior candidate=15
[INFO] [1788573210.404605178] [carolus_ros2]: Time to find contours: 0.000323 seconds
[INFO] [1788573210.405006497] [carolus_ros2]: max distance = 108.106691
[INFO] [1788573210.411605400] [carolus_ros2]: [P4P] final_cost=0.0672899 iterations=3 converged=1 warm_start=prior candidate=15
[INFO] [1788573210.436471174] [carolus_ros2]: Time to find contours: 0.000303 seconds
[INFO] [1788573210.436847402] [carolus_ros2]: max distance = 108.106691
[INFO] [1788573210.442552508] [carolus_ros2]: [P4P] final_cost=0.0672899 iterations=1 converged=1 warm_start=prior candidate=15
[INFO] [1788573210.472872742] [carolus_ros2]: Time to find contours: 0.000306 seconds
[INFO] [1788573210.473275339] [carolus_ros2]: max distance = 107.997437
[INFO] [1788573210.479430982] [carolus_ros2]: [P4P] final_cost=0.0751259 iterations=3 converged=1 warm_start=prior candidate=15
[INFO] [1788573210.504404210] [carolus_ros2]: Time to find contours: 0.000283 seconds
[INFO] [1788573210.504833878] [carolus_ros2]: max distance = 107.985095
[INFO] [1788573210.511192023] [carolus_ros2]: [P4P] final_cost=0.0519017 iterations=3 converged=1 warm_start=prior candidate=15
[INFO] [1788573210.540781132] [carolus_ros2]: Time to find contours: 0.000305 seconds
[INFO] [1788573210.541157472] [carolus_ros2]: max distance = 107.997437
[INFO] [1788573210.546916277] [carolus_ros2]: [P4P] final_cost=0.0751259 iterations=3 converged=1 warm_start=prior candidate=15
[INFO] [1788573210.572336728] [carolus_ros2]: Time to find contours: 0.000301 seconds
[INFO] [1788573210.572752416] [carolus_ros2]: max distance = 107.985095
[INFO] [1788573210.578899152] [carolus_ros2]: [P4P] final_cost=0.0519017 iterations=3 converged=1 warm_start=prior candidate=15
[INFO] [1788573210.604351989] [carolus_ros2]: Time to find contours: 0.000277 seconds
[INFO] [1788573210.604742994] [carolus_ros2]: max distance = 108.106691
[INFO] [1788573210.610354941] [carolus_ros2]: [P4P] final_cost=0.0672899 iterations=3 converged=1 warm_start=prior candidate=15
[INFO] [1788573210.640897601] [carolus_ros2]: Time to find contours: 0.000339 seconds
[INFO] [1788573210.641324881] [carolus_ros2]: max distance = 107.985095
[INFO] [1788573210.646963437] [carolus_ros2]: [P4P] final_cost=0.0519017 iterations=3 converged=1 warm_start=prior candidate=15
[INFO] [1788573210.672721027] [carolus_ros2]: Time to find contours: 0.000329 seconds
[INFO] [1788573210.673140900] [carolus_ros2]: max distance = 107.985095
[INFO] [1788573210.678743458] [carolus_ros2]: [P4P] final_cost=0.0519017 iterations=1 converged=1 warm_start=prior candidate=15
[INFO] [1788573210.704658535] [carolus_ros2]: Time to find contours: 0.000313 seconds
[INFO] [1788573210.705113942] [carolus_ros2]: max distance = 107.985095
[INFO] [1788573210.710701225] [carolus_ros2]: [P4P] final_cost=0.0519017 iterations=1 converged=1 warm_start=prior candidate=15
[INFO] [1788573210.741166947] [carolus_ros2]: Time to find contours: 0.000273 seconds
[INFO] [1788573210.741549452] [carolus_ros2]: max distance = 107.997437
[INFO] [1788573210.746728490] [carolus_ros2]: [P4P] final_cost=0.0751259 iterations=3 converged=1 warm_start=prior candidate=15
[INFO] [1788573210.772703062] [carolus_ros2]: Time to find contours: 0.000307 seconds
[INFO] [1788573210.773077772] [carolus_ros2]: max distance = 107.985095
[INFO] [1788573210.778549323] [carolus_ros2]: [P4P] final_cost=0.0519017 iterations=3 converged=1 warm_start=prior candidate=15
[INFO] [1788573210.804546634] [carolus_ros2]: Time to find contours: 0.000327 seconds
[INFO] [1788573210.804901253] [carolus_ros2]: max distance = 107.997437
[INFO] [1788573210.810368286] [carolus_ros2]: [P4P] final_cost=0.0751259 iterations=3 converged=1 warm_start=prior candidate=15
[INFO] [1788573210.840572530] [carolus_ros2]: Time to find contours: 0.000294 seconds
[INFO] [1788573210.840971312] [carolus_ros2]: max distance = 108.106691
[INFO] [1788573210.847354621] [carolus_ros2]: [P4P] final_cost=0.0672899 iterations=3 converged=1 warm_start=prior candidate=15
[INFO] [1788573210.872490836] [carolus_ros2]: Time to find contours: 0.000310 seconds
[INFO] [1788573210.872862398] [carolus_ros2]: max distance = 108.094547
[INFO] [1788573210.878714714] [carolus_ros2]: [P4P] final_cost=0.0471588 iterations=3 converged=1 warm_start=prior candidate=15
[INFO] [1788573210.904636142] [carolus_ros2]: Time to find contours: 0.000301 seconds
[INFO] [1788573210.904992039] [carolus_ros2]: max distance = 108.106691
[INFO] [1788573210.910440999] [carolus_ros2]: [P4P] final_cost=0.0672899 iterations=3 converged=1 warm_start=prior candidate=15
[INFO] [1788573210.940514124] [carolus_ros2]: Time to find contours: 0.000283 seconds
[INFO] [1788573210.940926590] [carolus_ros2]: max distance = 107.985095
[INFO] [1788573210.947268755] [carolus_ros2]: [P4P] final_cost=0.0519017 iterations=3 converged=1 warm_start=prior candidate=15
[INFO] [1788573210.972243020] [carolus_ros2]: Time to find contours: 0.000277 seconds
[INFO] [1788573210.972644265] [carolus_ros2]: max distance = 108.094547
[INFO] [1788573210.978838442] [carolus_ros2]: [P4P] final_cost=0.0471588 iterations=3 converged=1 warm_start=prior candidate=15
[INFO] [1788573211.004386310] [carolus_ros2]: Time to find contours: 0.000296 seconds
[INFO] [1788573211.004810757] [carolus_ros2]: max distance = 107.997437
[INFO] [1788573211.011274174] [carolus_ros2]: [P4P] final_cost=0.075126 iterations=2 converged=1 warm_start=prior candidate=15
[INFO] [1788573211.040400891] [carolus_ros2]: Time to find contours: 0.000281 seconds
[INFO] [1788573211.040818283] [carolus_ros2]: max distance = 108.106691
[INFO] [1788573211.046805887] [carolus_ros2]: [P4P] final_cost=0.0672899 iterations=3 converged=1 warm_start=prior candidate=15
[INFO] [1788573211.072616393] [carolus_ros2]: Time to find contours: 0.000341 seconds
[INFO] [1788573211.073042950] [carolus_ros2]: max distance = 107.997437
[INFO] [1788573211.079587805] [carolus_ros2]: [P4P] final_cost=0.0751259 iterations=3 converged=1 warm_start=prior candidate=15
[INFO] [1788573211.104402429] [carolus_ros2]: Time to find contours: 0.000291 seconds
[INFO] [1788573211.104826821] [carolus_ros2]: max distance = 108.106691
[INFO] [1788573211.110545336] [carolus_ros2]: [P4P] final_cost=0.0672899 iterations=3 converged=1 warm_start=prior candidate=15
[INFO] [1788573211.141083456] [carolus_ros2]: Time to find contours: 0.000310 seconds
[INFO] [1788573211.141508921] [carolus_ros2]: max distance = 107.897828
[INFO] [1788573211.147026675] [carolus_ros2]: [P4P] final_cost=0.0596068 iterations=3 converged=1 warm_start=prior candidate=15
[INFO] [1788573211.172724782] [carolus_ros2]: Time to find contours: 0.000335 seconds
[INFO] [1788573211.173154266] [carolus_ros2]: max distance = 108.106691
[INFO] [1788573211.178505459] [carolus_ros2]: [P4P] final_cost=0.0672899 iterations=3 converged=1 warm_start=prior candidate=15
[INFO] [1788573211.204705988] [carolus_ros2]: Time to find contours: 0.000348 seconds
[INFO] [1788573211.205134398] [carolus_ros2]: max distance = 107.985095
[INFO] [1788573211.210874467] [carolus_ros2]: [P4P] final_cost=0.0519017 iterations=3 converged=1 warm_start=prior candidate=15
[INFO] [1788573211.241005138] [carolus_ros2]: Time to find contours: 0.000276 seconds
[INFO] [1788573211.241379497] [carolus_ros2]: max distance = 108.094547
[INFO] [1788573211.246598515] [carolus_ros2]: [P4P] final_cost=0.0471588 iterations=3 converged=1 warm_start=prior candidate=15
[INFO] [1788573211.272759789] [carolus_ros2]: Time to find contours: 0.000305 seconds
[INFO] [1788573211.273138036] [carolus_ros2]: max distance = 107.985095
[INFO] [1788573211.278723525] [carolus_ros2]: [P4P] final_cost=0.0519017 iterations=3 converged=1 warm_start=prior candidate=15
[INFO] [1788573211.304353138] [carolus_ros2]: Time to find contours: 0.000284 seconds
[INFO] [1788573211.304761678] [carolus_ros2]: max distance = 107.985095
[INFO] [1788573211.310193532] [carolus_ros2]: [P4P] final_cost=0.0519017 iterations=1 converged=1 warm_start=prior candidate=15
[INFO] [1788573211.340729059] [carolus_ros2]: Time to find contours: 0.000326 seconds
[INFO] [1788573211.341137396] [carolus_ros2]: max distance = 108.106691
[INFO] [1788573211.347287876] [carolus_ros2]: [P4P] final_cost=0.0672899 iterations=3 converged=1 warm_start=prior candidate=15
[INFO] [1788573211.372195900] [carolus_ros2]: Time to find contours: 0.000304 seconds
[INFO] [1788573211.372617995] [carolus_ros2]: max distance = 108.106691
[INFO] [1788573211.378308457] [carolus_ros2]: [P4P] final_cost=0.0672899 iterations=1 converged=1 warm_start=prior candidate=15
[INFO] [1788573211.404961209] [carolus_ros2]: Time to find contours: 0.000329 seconds
[INFO] [1788573211.405381322] [carolus_ros2]: max distance = 108.094547
[INFO] [1788573211.410787067] [carolus_ros2]: [P4P] final_cost=0.0471588 iterations=3 converged=1 warm_start=prior candidate=15
[INFO] [1788573211.441080373] [carolus_ros2]: Time to find contours: 0.000280 seconds
[INFO] [1788573211.441478619] [carolus_ros2]: max distance = 107.997437
[INFO] [1788573211.446690008] [carolus_ros2]: [P4P] final_cost=0.075126 iterations=2 converged=1 warm_start=prior candidate=15
[INFO] [1788573211.472881594] [carolus_ros2]: Time to find contours: 0.000304 seconds
[INFO] [1788573211.473284672] [carolus_ros2]: max distance = 108.106691
[INFO] [1788573211.478684324] [carolus_ros2]: [P4P] final_cost=0.0672899 iterations=3 converged=1 warm_start=prior candidate=15
[INFO] [1788573211.504605191] [carolus_ros2]: Time to find contours: 0.000301 seconds
[INFO] [1788573211.505001826] [carolus_ros2]: max distance = 108.094547
[INFO] [1788573211.510591796] [carolus_ros2]: [P4P] final_cost=0.0471588 iterations=3 converged=1 warm_start=prior candidate=15
[INFO] [1788573211.540700451] [carolus_ros2]: Time to find contours: 0.000291 seconds
[INFO] [1788573211.541079883] [carolus_ros2]: max distance = 108.094547
[INFO] [1788573211.546615820] [carolus_ros2]: [P4P] final_cost=0.0471588 iterations=1 converged=1 warm_start=prior candidate=15
[INFO] [1788573211.572460379] [carolus_ros2]: Time to find contours: 0.000301 seconds
[INFO] [1788573211.572852550] [carolus_ros2]: max distance = 108.094547
[INFO] [1788573211.578787733] [carolus_ros2]: [P4P] final_cost=0.0471588 iterations=1 converged=1 warm_start=prior candidate=15
[INFO] [1788573211.604303189] [carolus_ros2]: Time to find contours: 0.000304 seconds
[INFO] [1788573211.604687972] [carolus_ros2]: max distance = 108.094547
[INFO] [1788573211.610165136] [carolus_ros2]: [P4P] final_cost=0.0471588 iterations=1 converged=1 warm_start=prior candidate=15
[INFO] [1788573211.640732161] [carolus_ros2]: Time to find contours: 0.000315 seconds
[INFO] [1788573211.641126981] [carolus_ros2]: max distance = 107.985095
[INFO] [1788573211.647700611] [carolus_ros2]: [P4P] final_cost=0.0519017 iterations=3 converged=1 warm_start=prior candidate=15
[INFO] [1788573211.672568787] [carolus_ros2]: Time to find contours: 0.000311 seconds
[INFO] [1788573211.672962755] [carolus_ros2]: max distance = 107.997437
[INFO] [1788573211.679161230] [carolus_ros2]: [P4P] final_cost=0.0751259 iterations=3 converged=1 warm_start=prior candidate=15
[INFO] [1788573211.704305179] [carolus_ros2]: Time to find contours: 0.000294 seconds
[INFO] [1788573211.704766623] [carolus_ros2]: max distance = 107.985095
[INFO] [1788573211.710687492] [carolus_ros2]: [P4P] final_cost=0.0519017 iterations=3 converged=1 warm_start=prior candidate=15
[INFO] [1788573211.740782333] [carolus_ros2]: Time to find contours: 0.000337 seconds
[INFO] [1788573211.741220687] [carolus_ros2]: max distance = 108.106691
[INFO] [1788573211.746839413] [carolus_ros2]: [P4P] final_cost=0.0672899 iterations=3 converged=1 warm_start=prior candidate=15
[INFO] [1788573211.772594924] [carolus_ros2]: Time to find contours: 0.000321 seconds
[INFO] [1788573211.773069237] [carolus_ros2]: max distance = 108.106691
[INFO] [1788573211.778700963] [carolus_ros2]: [P4P] final_cost=0.0672899 iterations=1 converged=1 warm_start=prior candidate=15
[INFO] [1788573211.804710396] [carolus_ros2]: Time to find contours: 0.000332 seconds
[INFO] [1788573211.805147750] [carolus_ros2]: max distance = 108.094547
[INFO] [1788573211.810865894] [carolus_ros2]: [P4P] final_cost=0.0471588 iterations=3 converged=1 warm_start=prior candidate=15
[INFO] [1788573211.841029249] [carolus_ros2]: Time to find contours: 0.000285 seconds
[INFO] [1788573211.841449455] [carolus_ros2]: max distance = 108.094547
[INFO] [1788573211.846441252] [carolus_ros2]: [P4P] final_cost=0.0471588 iterations=1 converged=1 warm_start=prior candidate=15
[INFO] [1788573211.872784695] [carolus_ros2]: Time to find contours: 0.000284 seconds
[INFO] [1788573211.873205365] [carolus_ros2]: max distance = 108.094547
[INFO] [1788573211.878182681] [carolus_ros2]: [P4P] final_cost=0.0471588 iterations=1 converged=1 warm_start=prior candidate=15
[INFO] [1788573211.904723812] [carolus_ros2]: Time to find contours: 0.000279 seconds
[INFO] [1788573211.905108392] [carolus_ros2]: max distance = 107.985095
[INFO] [1788573211.910424032] [carolus_ros2]: [P4P] final_cost=0.0519017 iterations=3 converged=1 warm_start=prior candidate=15
[INFO] [1788573211.940797425] [carolus_ros2]: Time to find contours: 0.000310 seconds
[INFO] [1788573211.941216224] [carolus_ros2]: max distance = 107.997437
[INFO] [1788573211.947641237] [carolus_ros2]: [P4P] final_cost=0.0751259 iterations=3 converged=1 warm_start=prior candidate=15
[INFO] [1788573211.972520652] [carolus_ros2]: Time to find contours: 0.000341 seconds
[INFO] [1788573211.972941655] [carolus_ros2]: max distance = 107.997437
[INFO] [1788573211.978730294] [carolus_ros2]: [P4P] final_cost=0.0751259 iterations=1 converged=1 warm_start=prior candidate=15
[INFO] [1788573212.004493323] [carolus_ros2]: Time to find contours: 0.000303 seconds
[INFO] [1788573212.004900716] [carolus_ros2]: max distance = 108.106691
[INFO] [1788573212.011291680] [carolus_ros2]: [P4P] final_cost=0.0672899 iterations=3 converged=1 warm_start=prior candidate=15
[INFO] [1788573212.040456371] [carolus_ros2]: Time to find contours: 0.000303 seconds
[INFO] [1788573212.040858301] [carolus_ros2]: max distance = 108.106691
[INFO] [1788573212.046923531] [carolus_ros2]: [P4P] final_cost=0.0672899 iterations=1 converged=1 warm_start=prior candidate=15
[INFO] [1788573212.072580359] [carolus_ros2]: Time to find contours: 0.000317 seconds
[INFO] [1788573212.073008527] [carolus_ros2]: max distance = 107.985095
[INFO] [1788573212.079344866] [carolus_ros2]: [P4P] final_cost=0.0519017 iterations=3 converged=1 warm_start=prior candidate=15
[INFO] [1788573212.104351357] [carolus_ros2]: Time to find contours: 0.000296 seconds
[INFO] [1788573212.104744769] [carolus_ros2]: max distance = 107.985095
[INFO] [1788573212.110796464] [carolus_ros2]: [P4P] final_cost=0.0519017 iterations=1 converged=1 warm_start=prior candidate=15
[INFO] [1788573212.140564865] [carolus_ros2]: Time to find contours: 0.000332 seconds
[INFO] [1788573212.141014217] [carolus_ros2]: max distance = 108.106691
[INFO] [1788573212.147206734] [carolus_ros2]: [P4P] final_cost=0.0672899 iterations=3 converged=1 warm_start=prior candidate=15
[INFO] [1788573212.172292626] [carolus_ros2]: Time to find contours: 0.000302 seconds
[INFO] [1788573212.172727942] [carolus_ros2]: max distance = 108.094547
[INFO] [1788573212.178908293] [carolus_ros2]: [P4P] final_cost=0.0471588 iterations=3 converged=1 warm_start=prior candidate=15
[INFO] [1788573212.204651502] [carolus_ros2]: Time to find contours: 0.000354 seconds
[INFO] [1788573212.205101114] [carolus_ros2]: max distance = 108.094547
[INFO] [1788573212.210515286] [carolus_ros2]: [P4P] final_cost=0.0471588 iterations=1 converged=1 warm_start=prior candidate=15
[INFO] [1788573212.241203020] [carolus_ros2]: Time to find contours: 0.000313 seconds
[INFO] [1788573212.241603024] [carolus_ros2]: max distance = 107.997437
[INFO] [1788573212.246817028] [carolus_ros2]: [P4P] final_cost=0.075126 iterations=2 converged=1 warm_start=prior candidate=15
[INFO] [1788573212.272724853] [carolus_ros2]: Time to find contours: 0.000309 seconds
[INFO] [1788573212.273107211] [carolus_ros2]: max distance = 107.997437
[INFO] [1788573212.278406411] [carolus_ros2]: [P4P] final_cost=0.075126 iterations=1 converged=1 warm_start=prior candidate=15
[INFO] [1788573212.304922650] [carolus_ros2]: Time to find contours: 0.000287 seconds
[INFO] [1788573212.305317025] [carolus_ros2]: max distance = 107.985095
[INFO] [1788573212.310512715] [carolus_ros2]: [P4P] final_cost=0.0519017 iterations=3 converged=1 warm_start=prior candidate=15
[INFO] [1788573212.340684287] [carolus_ros2]: Time to find contours: 0.000305 seconds
[INFO] [1788573212.341061942] [carolus_ros2]: max distance = 107.997437
[INFO] [1788573212.346762313] [carolus_ros2]: [P4P] final_cost=0.0751259 iterations=3 converged=1 warm_start=prior candidate=15
[INFO] [1788573212.372560295] [carolus_ros2]: Time to find contours: 0.000329 seconds
[INFO] [1788573212.372967281] [carolus_ros2]: max distance = 107.997437
[INFO] [1788573212.378932519] [carolus_ros2]: [P4P] final_cost=0.0751259 iterations=1 converged=1 warm_start=prior candidate=15
[INFO] [1788573212.404331590] [carolus_ros2]: Time to find contours: 0.000299 seconds
[INFO] [1788573212.404733335] [carolus_ros2]: max distance = 108.106691
[INFO] [1788573212.410465740] [carolus_ros2]: [P4P] final_cost=0.0672899 iterations=3 converged=1 warm_start=prior candidate=15
[INFO] [1788573212.440769950] [carolus_ros2]: Time to find contours: 0.000318 seconds
[INFO] [1788573212.441193860] [carolus_ros2]: max distance = 108.094547
[INFO] [1788573212.447379858] [carolus_ros2]: [P4P] final_cost=0.0471588 iterations=3 converged=1 warm_start=prior candidate=15
[INFO] [1788573212.472349426] [carolus_ros2]: Time to find contours: 0.000291 seconds
[INFO] [1788573212.472758356] [carolus_ros2]: max distance = 108.094547
[INFO] [1788573212.478629158] [carolus_ros2]: [P4P] final_cost=0.0471588 iterations=1 converged=1 warm_start=prior candidate=15
[INFO] [1788573212.504746022] [carolus_ros2]: Time to find contours: 0.000354 seconds
[INFO] [1788573212.505118510] [carolus_ros2]: max distance = 107.997437
[INFO] [1788573212.511562451] [carolus_ros2]: [P4P] final_cost=0.075126 iterations=2 converged=1 warm_start=prior candidate=15
[INFO] [1788573212.541428585] [carolus_ros2]: Time to find contours: 0.000291 seconds
[INFO] [1788573212.541843736] [carolus_ros2]: max distance = 107.985095
[INFO] [1788573212.547139807] [carolus_ros2]: [P4P] final_cost=0.0519017 iterations=3 converged=1 warm_start=prior candidate=15
[INFO] [1788573212.572441107] [carolus_ros2]: Time to find contours: 0.000316 seconds
[INFO] [1788573212.572877516] [carolus_ros2]: max distance = 107.997437
[INFO] [1788573212.578498468] [carolus_ros2]: [P4P] final_cost=0.0751259 iterations=3 converged=1 warm_start=prior candidate=15
[INFO] [1788573212.604714916] [carolus_ros2]: Time to find contours: 0.000338 seconds
[INFO] [1788573212.605155418] [carolus_ros2]: max distance = 107.985095
[INFO] [1788573212.610778314] [carolus_ros2]: [P4P] final_cost=0.0519017 iterations=3 converged=1 warm_start=prior candidate=15
[INFO] [1788573212.641007178] [carolus_ros2]: Time to find contours: 0.000284 seconds
[INFO] [1788573212.641398535] [carolus_ros2]: max distance = 107.985095
[INFO] [1788573212.646834094] [carolus_ros2]: [P4P] final_cost=0.0519017 iterations=1 converged=1 warm_start=prior candidate=15
[INFO] [1788573212.672609634] [carolus_ros2]: Time to find contours: 0.000301 seconds
[INFO] [1788573212.672991492] [carolus_ros2]: max distance = 107.997437
[INFO] [1788573212.678451290] [carolus_ros2]: [P4P] final_cost=0.0751259 iterations=3 converged=1 warm_start=prior candidate=15
[INFO] [1788573212.704843557] [carolus_ros2]: Time to find contours: 0.000284 seconds
[INFO] [1788573212.705224526] [carolus_ros2]: max distance = 108.106691
[INFO] [1788573212.710370109] [carolus_ros2]: [P4P] final_cost=0.0672899 iterations=3 converged=1 warm_start=prior candidate=15
[INFO] [1788573212.740865822] [carolus_ros2]: Time to find contours: 0.000303 seconds
[INFO] [1788573212.741269919] [carolus_ros2]: max distance = 107.985095
[INFO] [1788573212.747492858] [carolus_ros2]: [P4P] final_cost=0.0519017 iterations=3 converged=1 warm_start=prior candidate=15
[INFO] [1788573212.772335548] [carolus_ros2]: Time to find contours: 0.000298 seconds
[INFO] [1788573212.772748126] [carolus_ros2]: max distance = 107.985095
[INFO] [1788573212.778440220] [carolus_ros2]: [P4P] final_cost=0.0519017 iterations=1 converged=1 warm_start=prior candidate=15
[INFO] [1788573212.804934201] [carolus_ros2]: Time to find contours: 0.000278 seconds
[INFO] [1788573212.805335335] [carolus_ros2]: max distance = 108.094547
[INFO] [1788573212.810809058] [carolus_ros2]: [P4P] final_cost=0.0471588 iterations=3 converged=1 warm_start=prior candidate=15
[INFO] [1788573212.840722614] [carolus_ros2]: Time to find contours: 0.000319 seconds
[INFO] [1788573212.841127637] [carolus_ros2]: max distance = 107.985095
[INFO] [1788573212.847429330] [carolus_ros2]: [P4P] final_cost=0.0519017 iterations=3 converged=1 warm_start=prior candidate=15
[INFO] [1788573212.872455708] [carolus_ros2]: Time to find contours: 0.000312 seconds
[INFO] [1788573212.872868545] [carolus_ros2]: max distance = 107.985095
[INFO] [1788573212.879045155] [carolus_ros2]: [P4P] final_cost=0.0519017 iterations=1 converged=1 warm_start=prior candidate=15
[INFO] [1788573212.904152027] [carolus_ros2]: Time to find contours: 0.000304 seconds
[INFO] [1788573212.904602027] [carolus_ros2]: max distance = 108.007234
[INFO] [1788573212.910891480] [carolus_ros2]: [P4P] final_cost=0.056687 iterations=3 converged=1 warm_start=prior candidate=15
[INFO] [1788573212.941130454] [carolus_ros2]: Time to find contours: 0.000282 seconds
[INFO] [1788573212.941524848] [carolus_ros2]: max distance = 108.106691
[INFO] [1788573212.946702929] [carolus_ros2]: [P4P] final_cost=0.0672899 iterations=3 converged=1 warm_start=prior candidate=15
[INFO] [1788573212.972475043] [carolus_ros2]: Time to find contours: 0.000292 seconds
[INFO] [1788573212.972880732] [carolus_ros2]: max distance = 107.985095
[INFO] [1788573212.978503683] [carolus_ros2]: [P4P] final_cost=0.0519017 iterations=3 converged=1 warm_start=prior candidate=15
[INFO] [1788573213.004558776] [carolus_ros2]: Time to find contours: 0.000299 seconds
[INFO] [1788573213.004958911] [carolus_ros2]: max distance = 107.997437
[INFO] [1788573213.010407360] [carolus_ros2]: [P4P] final_cost=0.0751259 iterations=3 converged=1 warm_start=prior candidate=15
[INFO] [1788573213.040649793] [carolus_ros2]: Time to find contours: 0.000307 seconds
[INFO] [1788573213.041072315] [carolus_ros2]: max distance = 107.985095
[INFO] [1788573213.046787151] [carolus_ros2]: [P4P] final_cost=0.0519017 iterations=3 converged=1 warm_start=prior candidate=15
[INFO] [1788573213.072556407] [carolus_ros2]: Time to find contours: 0.000319 seconds
[INFO] [1788573213.072965282] [carolus_ros2]: max distance = 108.106691
[INFO] [1788573213.079143728] [carolus_ros2]: [P4P] final_cost=0.0672899 iterations=3 converged=1 warm_start=prior candidate=15
[INFO] [1788573213.104048814] [carolus_ros2]: Time to find contours: 0.000283 seconds
[INFO] [1788573213.104489797] [carolus_ros2]: max distance = 107.997437
[INFO] [1788573213.110702333] [carolus_ros2]: [P4P] final_cost=0.0751259 iterations=3 converged=1 warm_start=prior candidate=15
[INFO] [1788573213.140636291] [carolus_ros2]: Time to find contours: 0.000296 seconds
[INFO] [1788573213.141084125] [carolus_ros2]: max distance = 107.985095
[INFO] [1788573213.147172968] [carolus_ros2]: [P4P] final_cost=0.0519017 iterations=3 converged=1 warm_start=prior candidate=15
[INFO] [1788573213.172084071] [carolus_ros2]: Time to find contours: 0.000280 seconds
[INFO] [1788573213.172496316] [carolus_ros2]: max distance = 107.897828
[INFO] [1788573213.178237872] [carolus_ros2]: [P4P] final_cost=0.0596068 iterations=3 converged=1 warm_start=prior candidate=15
[INFO] [1788573213.204541808] [carolus_ros2]: Time to find contours: 0.000320 seconds
[INFO] [1788573213.204984235] [carolus_ros2]: max distance = 108.094547
[INFO] [1788573213.211127129] [carolus_ros2]: [P4P] final_cost=0.0471588 iterations=3 converged=1 warm_start=prior candidate=15
[INFO] [1788573213.240699042] [carolus_ros2]: Time to find contours: 0.000335 seconds
[INFO] [1788573213.241112638] [carolus_ros2]: max distance = 107.897828
[INFO] [1788573213.246806716] [carolus_ros2]: [P4P] final_cost=0.0596068 iterations=3 converged=1 warm_start=prior candidate=15
[INFO] [1788573213.272653170] [carolus_ros2]: Time to find contours: 0.000330 seconds
[INFO] [1788573213.273075136] [carolus_ros2]: max distance = 107.985095
[INFO] [1788573213.278567601] [carolus_ros2]: [P4P] final_cost=0.0519018 iterations=2 converged=1 warm_start=prior candidate=15
[INFO] [1788573213.304922051] [carolus_ros2]: Time to find contours: 0.000306 seconds
[INFO] [1788573213.305357183] [carolus_ros2]: max distance = 108.094547
[INFO] [1788573213.310500268] [carolus_ros2]: [P4P] final_cost=0.0471588 iterations=3 converged=1 warm_start=prior candidate=15
[INFO] [1788573213.341081544] [carolus_ros2]: Time to find contours: 0.000289 seconds
[INFO] [1788573213.341493159] [carolus_ros2]: max distance = 107.985095
[INFO] [1788573213.347076524] [carolus_ros2]: [P4P] final_cost=0.0519017 iterations=3 converged=1 warm_start=prior candidate=15
[INFO] [1788573213.372296103] [carolus_ros2]: Time to find contours: 0.000266 seconds
[INFO] [1788573213.372663073] [carolus_ros2]: max distance = 107.985095
[INFO] [1788573213.378120374] [carolus_ros2]: [P4P] final_cost=0.0519017 iterations=1 converged=1 warm_start=prior candidate=15
[INFO] [1788573213.405106144] [carolus_ros2]: Time to find contours: 0.000301 seconds
[INFO] [1788573213.405499853] [carolus_ros2]: max distance = 107.985095
[INFO] [1788573213.410927804] [carolus_ros2]: [P4P] final_cost=0.0519017 iterations=1 converged=1 warm_start=prior candidate=15
[INFO] [1788573213.440442981] [carolus_ros2]: Time to find contours: 0.000287 seconds
[INFO] [1788573213.440821914] [carolus_ros2]: max distance = 107.985095
[INFO] [1788573213.446526565] [carolus_ros2]: [P4P] final_cost=0.0519017 iterations=1 converged=1 warm_start=prior candidate=15
[INFO] [1788573213.472619666] [carolus_ros2]: Time to find contours: 0.000323 seconds
[INFO] [1788573213.473033707] [carolus_ros2]: max distance = 107.985095
[INFO] [1788573213.479114846] [carolus_ros2]: [P4P] final_cost=0.0519017 iterations=1 converged=1 warm_start=prior candidate=15
[INFO] [1788573213.504240506] [carolus_ros2]: Time to find contours: 0.000284 seconds
[INFO] [1788573213.504646288] [carolus_ros2]: max distance = 107.997437
[INFO] [1788573213.510307629] [carolus_ros2]: [P4P] final_cost=0.0751259 iterations=3 converged=1 warm_start=prior candidate=15
[INFO] [1788573213.540667089] [carolus_ros2]: Time to find contours: 0.000319 seconds
[INFO] [1788573213.541084056] [carolus_ros2]: max distance = 107.985095
[INFO] [1788573213.547529073] [carolus_ros2]: [P4P] final_cost=0.0519017 iterations=3 converged=1 warm_start=prior candidate=15
[INFO] [1788573213.572483488] [carolus_ros2]: Time to find contours: 0.000315 seconds
[INFO] [1788573213.572903417] [carolus_ros2]: max distance = 107.985095
[INFO] [1788573213.578598236] [carolus_ros2]: [P4P] final_cost=0.0519017 iterations=1 converged=1 warm_start=prior candidate=15
[INFO] [1788573213.604906857] [carolus_ros2]: Time to find contours: 0.000303 seconds
[INFO] [1788573213.605290715] [carolus_ros2]: max distance = 107.985095
[INFO] [1788573213.610496610] [carolus_ros2]: [P4P] final_cost=0.0519017 iterations=1 converged=1 warm_start=prior candidate=15
[INFO] [1788573213.640757856] [carolus_ros2]: Time to find contours: 0.000324 seconds
[INFO] [1788573213.641152380] [carolus_ros2]: max distance = 107.997437
[INFO] [1788573213.647281756] [carolus_ros2]: [P4P] final_cost=0.0751259 iterations=3 converged=1 warm_start=prior candidate=15
[INFO] [1788573213.672470856] [carolus_ros2]: Time to find contours: 0.000310 seconds
[INFO] [1788573213.672889600] [carolus_ros2]: max distance = 107.985095
[INFO] [1788573213.679086897] [carolus_ros2]: [P4P] final_cost=0.0519017 iterations=3 converged=1 warm_start=prior candidate=15
[INFO] [1788573213.704355546] [carolus_ros2]: Time to find contours: 0.000285 seconds
[INFO] [1788573213.704782659] [carolus_ros2]: max distance = 107.997437
[INFO] [1788573213.710826228] [carolus_ros2]: [P4P] final_cost=0.0751259 iterations=3 converged=1 warm_start=prior candidate=15
[INFO] [1788573213.740464839] [carolus_ros2]: Time to find contours: 0.000307 seconds
[INFO] [1788573213.740878713] [carolus_ros2]: max distance = 107.985095
[INFO] [1788573213.747011608] [carolus_ros2]: [P4P] final_cost=0.0519017 iterations=3 converged=1 warm_start=prior candidate=15
[INFO] [1788573213.772387100] [carolus_ros2]: Time to find contours: 0.000282 seconds
[INFO] [1788573213.772813251] [carolus_ros2]: max distance = 107.985095
[INFO] [1788573213.779237585] [carolus_ros2]: [P4P] final_cost=0.0519017 iterations=1 converged=1 warm_start=prior candidate=15
[INFO] [1788573213.804646482] [carolus_ros2]: Time to find contours: 0.000327 seconds
[INFO] [1788573213.805048486] [carolus_ros2]: max distance = 107.985095
[INFO] [1788573213.811194343] [carolus_ros2]: [P4P] final_cost=0.0519017 iterations=1 converged=1 warm_start=prior candidate=15
[INFO] [1788573213.840752998] [carolus_ros2]: Time to find contours: 0.000323 seconds
[INFO] [1788573213.841209516] [carolus_ros2]: max distance = 107.985095
[INFO] [1788573213.846691519] [carolus_ros2]: [P4P] final_cost=0.0519017 iterations=1 converged=1 warm_start=prior candidate=15
[INFO] [1788573213.872396133] [carolus_ros2]: Time to find contours: 0.000314 seconds
[INFO] [1788573213.872826968] [carolus_ros2]: max distance = 107.985095
[INFO] [1788573213.878680441] [carolus_ros2]: [P4P] final_cost=0.0519017 iterations=1 converged=1 warm_start=prior candidate=15
[INFO] [1788573213.904542931] [carolus_ros2]: Time to find contours: 0.000320 seconds
[INFO] [1788573213.904971804] [carolus_ros2]: max distance = 107.985095
[INFO] [1788573213.910538633] [carolus_ros2]: [P4P] final_cost=0.0519017 iterations=1 converged=1 warm_start=prior candidate=15
[INFO] [1788573213.940450333] [carolus_ros2]: Time to find contours: 0.000303 seconds
[INFO] [1788573213.940899242] [carolus_ros2]: max distance = 107.985095
[INFO] [1788573213.946509252] [carolus_ros2]: [P4P] final_cost=0.0519017 iterations=1 converged=1 warm_start=prior candidate=15
[INFO] [1788573213.972574967] [carolus_ros2]: Time to find contours: 0.000391 seconds
[INFO] [1788573213.973006765] [carolus_ros2]: max distance = 108.094547
[INFO] [1788573213.978514636] [carolus_ros2]: [P4P] final_cost=0.0471588 iterations=3 converged=1 warm_start=prior candidate=15
[INFO] [1788573214.004616941] [carolus_ros2]: Time to find contours: 0.000377 seconds
[INFO] [1788573214.005046166] [carolus_ros2]: max distance = 107.997437
[INFO] [1788573214.010528209] [carolus_ros2]: [P4P] final_cost=0.075126 iterations=2 converged=1 warm_start=prior candidate=15
[INFO] [1788573214.040989176] [carolus_ros2]: Time to find contours: 0.000288 seconds
[INFO] [1788573214.041389440] [carolus_ros2]: max distance = 107.985095
[INFO] [1788573214.046935792] [carolus_ros2]: [P4P] final_cost=0.0519017 iterations=3 converged=1 warm_start=prior candidate=15
[INFO] [1788573214.072614013] [carolus_ros2]: Time to find contours: 0.000341 seconds
[INFO] [1788573214.072994686] [carolus_ros2]: max distance = 107.985095
[INFO] [1788573214.078581368] [carolus_ros2]: [P4P] final_cost=0.0519017 iterations=1 converged=1 warm_start=prior candidate=15
[INFO] [1788573214.104759272] [carolus_ros2]: Time to find contours: 0.000282 seconds
[INFO] [1788573214.105137741] [carolus_ros2]: max distance = 107.985095
[INFO] [1788573214.110655059] [carolus_ros2]: [P4P] final_cost=0.0519017 iterations=1 converged=1 warm_start=prior candidate=15
[INFO] [1788573214.140852677] [carolus_ros2]: Time to find contours: 0.000355 seconds
[INFO] [1788573214.141270310] [carolus_ros2]: max distance = 107.985095
[INFO] [1788573214.147537882] [carolus_ros2]: [P4P] final_cost=0.0493442 iterations=3 converged=1 warm_start=prior candidate=15
[INFO] [1788573214.172510733] [carolus_ros2]: Time to find contours: 0.000310 seconds
[INFO] [1788573214.172925959] [carolus_ros2]: max distance = 107.985095
[INFO] [1788573214.179070560] [carolus_ros2]: [P4P] final_cost=0.0519017 iterations=3 converged=1 warm_start=prior candidate=15
[INFO] [1788573214.204103499] [carolus_ros2]: Time to find contours: 0.000313 seconds
[INFO] [1788573214.204523891] [carolus_ros2]: max distance = 107.985095
[INFO] [1788573214.210692656] [carolus_ros2]: [P4P] final_cost=0.0519017 iterations=1 converged=1 warm_start=prior candidate=15
[INFO] [1788573214.240350947] [carolus_ros2]: Time to find contours: 0.000275 seconds
[INFO] [1788573214.240802281] [carolus_ros2]: max distance = 107.985095
[INFO] [1788573214.246534804] [carolus_ros2]: [P4P] final_cost=0.0519017 iterations=1 converged=1 warm_start=prior candidate=15
[INFO] [1788573214.272447747] [carolus_ros2]: Time to find contours: 0.000339 seconds
[INFO] [1788573214.272857140] [carolus_ros2]: max distance = 107.985095
[INFO] [1788573214.278972168] [carolus_ros2]: [P4P] final_cost=0.0519017 iterations=1 converged=1 warm_start=prior candidate=15
[INFO] [1788573214.304205129] [carolus_ros2]: Time to find contours: 0.000301 seconds
[INFO] [1788573214.304624873] [carolus_ros2]: max distance = 107.897828
[INFO] [1788573214.310744420] [carolus_ros2]: [P4P] final_cost=0.0596068 iterations=3 converged=1 warm_start=prior candidate=15
[INFO] [1788573214.340357770] [carolus_ros2]: Time to find contours: 0.000272 seconds
[INFO] [1788573214.340771792] [carolus_ros2]: max distance = 107.985095
[INFO] [1788573214.346274851] [carolus_ros2]: [P4P] final_cost=0.0519018 iterations=2 converged=1 warm_start=prior candidate=15
[INFO] [1788573214.372443959] [carolus_ros2]: Time to find contours: 0.000286 seconds
[INFO] [1788573214.372832298] [carolus_ros2]: max distance = 107.985095
[INFO] [1788573214.378591929] [carolus_ros2]: [P4P] final_cost=0.0519018 iterations=1 converged=1 warm_start=prior candidate=15
[INFO] [1788573214.404385456] [carolus_ros2]: Time to find contours: 0.000293 seconds
[INFO] [1788573214.404819662] [carolus_ros2]: max distance = 107.985095
[INFO] [1788573214.410947467] [carolus_ros2]: [P4P] final_cost=0.0519018 iterations=1 converged=1 warm_start=prior candidate=15
[INFO] [1788573214.440789373] [carolus_ros2]: Time to find contours: 0.000334 seconds
[INFO] [1788573214.441234745] [carolus_ros2]: max distance = 107.985095
[INFO] [1788573214.446711250] [carolus_ros2]: [P4P] final_cost=0.0519018 iterations=1 converged=1 warm_start=prior candidate=15
[INFO] [1788573214.472483371] [carolus_ros2]: Time to find contours: 0.000325 seconds
[INFO] [1788573214.472968221] [carolus_ros2]: max distance = 107.985095
[INFO] [1788573214.478612269] [carolus_ros2]: [P4P] final_cost=0.0519018 iterations=1 converged=1 warm_start=prior candidate=15
[INFO] [1788573214.504343801] [carolus_ros2]: Time to find contours: 0.000309 seconds
[INFO] [1788573214.504789913] [carolus_ros2]: max distance = 107.985095
[INFO] [1788573214.510607484] [carolus_ros2]: [P4P] final_cost=0.0519018 iterations=1 converged=1 warm_start=prior candidate=15
[INFO] [1788573214.540114213] [carolus_ros2]: Time to find contours: 0.000292 seconds
[INFO] [1788573214.540533902] [carolus_ros2]: max distance = 107.985095
[INFO] [1788573214.546780161] [carolus_ros2]: [P4P] final_cost=0.0519018 iterations=1 converged=1 warm_start=prior candidate=15
[INFO] [1788573214.572342428] [carolus_ros2]: Time to find contours: 0.000289 seconds
[INFO] [1788573214.572821630] [carolus_ros2]: max distance = 108.106691
[INFO] [1788573214.578943047] [carolus_ros2]: [P4P] final_cost=0.0672899 iterations=3 converged=1 warm_start=prior candidate=15
[INFO] [1788573214.604194950] [carolus_ros2]: Time to find contours: 0.000295 seconds
[INFO] [1788573214.604621416] [carolus_ros2]: max distance = 107.985095
[INFO] [1788573214.611019181] [carolus_ros2]: [P4P] final_cost=0.0519017 iterations=3 converged=1 warm_start=prior candidate=15
[INFO] [1788573214.640381367] [carolus_ros2]: Time to find contours: 0.000287 seconds
[INFO] [1788573214.640808092] [carolus_ros2]: max distance = 107.897828
[INFO] [1788573214.646981634] [carolus_ros2]: [P4P] final_cost=0.0596068 iterations=3 converged=1 warm_start=prior candidate=15
[INFO] [1788573214.672335307] [carolus_ros2]: Time to find contours: 0.000301 seconds
[INFO] [1788573214.672769143] [carolus_ros2]: max distance = 108.106691
[INFO] [1788573214.679193980] [carolus_ros2]: [P4P] final_cost=0.0672899 iterations=3 converged=1 warm_start=prior candidate=15
[INFO] [1788573214.704311783] [carolus_ros2]: Time to find contours: 0.000296 seconds
[INFO] [1788573214.704738230] [carolus_ros2]: max distance = 107.985095
[INFO] [1788573214.711053502] [carolus_ros2]: [P4P] final_cost=0.0519017 iterations=3 converged=1 warm_start=prior candidate=15
[INFO] [1788573214.740426890] [carolus_ros2]: Time to find contours: 0.000298 seconds
[INFO] [1788573214.740827487] [carolus_ros2]: max distance = 107.985095
[INFO] [1788573214.746885428] [carolus_ros2]: [P4P] final_cost=0.0519017 iterations=1 converged=1 warm_start=prior candidate=15
[INFO] [1788573214.772432807] [carolus_ros2]: Time to find contours: 0.000306 seconds
[INFO] [1788573214.772842182] [carolus_ros2]: max distance = 107.997437
[INFO] [1788573214.778985301] [carolus_ros2]: [P4P] final_cost=0.0751259 iterations=3 converged=1 warm_start=prior candidate=15
[INFO] [1788573214.804196133] [carolus_ros2]: Time to find contours: 0.000294 seconds
[INFO] [1788573214.804613841] [carolus_ros2]: max distance = 107.985095
[INFO] [1788573214.810657597] [carolus_ros2]: [P4P] final_cost=0.0519017 iterations=3 converged=1 warm_start=prior candidate=15
[INFO] [1788573214.840636140] [carolus_ros2]: Time to find contours: 0.000334 seconds
[INFO] [1788573214.841032257] [carolus_ros2]: max distance = 107.985095
[INFO] [1788573214.846775019] [carolus_ros2]: [P4P] final_cost=0.0519017 iterations=1 converged=1 warm_start=prior candidate=15
[INFO] [1788573214.872412113] [carolus_ros2]: Time to find contours: 0.000285 seconds
[INFO] [1788573214.872834580] [carolus_ros2]: max distance = 107.985095
[INFO] [1788573214.878247794] [carolus_ros2]: [P4P] final_cost=0.0519017 iterations=1 converged=1 warm_start=prior candidate=15
[INFO] [1788573214.904653883] [carolus_ros2]: Time to find contours: 0.000343 seconds
[INFO] [1788573214.905026908] [carolus_ros2]: max distance = 107.897828
[INFO] [1788573214.910553243] [carolus_ros2]: [P4P] final_cost=0.0596068 iterations=3 converged=1 warm_start=prior candidate=15
[INFO] [1788573214.940686922] [carolus_ros2]: Time to find contours: 0.000345 seconds
[INFO] [1788573214.941076650] [carolus_ros2]: max distance = 107.985095
[INFO] [1788573214.947132795] [carolus_ros2]: [P4P] final_cost=0.0519018 iterations=2 converged=1 warm_start=prior candidate=15
[INFO] [1788573214.972306315] [carolus_ros2]: Time to find contours: 0.000299 seconds
[INFO] [1788573214.972753020] [carolus_ros2]: max distance = 107.985095
[INFO] [1788573214.979008501] [carolus_ros2]: [P4P] final_cost=0.0519018 iterations=1 converged=1 warm_start=prior candidate=15
[INFO] [1788573215.004073439] [carolus_ros2]: Time to find contours: 0.000284 seconds
[INFO] [1788573215.004528273] [carolus_ros2]: max distance = 107.985095
[INFO] [1788573215.010650396] [carolus_ros2]: [P4P] final_cost=0.0493442 iterations=3 converged=1 warm_start=prior candidate=15
[INFO] [1788573215.040406990] [carolus_ros2]: Time to find contours: 0.000260 seconds
[INFO] [1788573215.040801126] [carolus_ros2]: max distance = 107.985095
[INFO] [1788573215.046372960] [carolus_ros2]: [P4P] final_cost=0.0519017 iterations=3 converged=1 warm_start=prior candidate=15
[INFO] [1788573215.072387426] [carolus_ros2]: Time to find contours: 0.000272 seconds
[INFO] [1788573215.072793838] [carolus_ros2]: max distance = 107.985095
[INFO] [1788573215.078387596] [carolus_ros2]: [P4P] final_cost=0.0519017 iterations=1 converged=1 warm_start=prior candidate=15
[INFO] [1788573215.104276535] [carolus_ros2]: Time to find contours: 0.000285 seconds
[INFO] [1788573215.104698168] [carolus_ros2]: max distance = 107.997437
[INFO] [1788573215.110940060] [carolus_ros2]: [P4P] final_cost=0.0751259 iterations=3 converged=1 warm_start=prior candidate=15
[INFO] [1788573215.140562257] [carolus_ros2]: Time to find contours: 0.000330 seconds
[INFO] [1788573215.140956281] [carolus_ros2]: max distance = 107.985095
[INFO] [1788573215.147158398] [carolus_ros2]: [P4P] final_cost=0.0519017 iterations=3 converged=1 warm_start=prior candidate=15
[INFO] [1788573215.172006013] [carolus_ros2]: Time to find contours: 0.000289 seconds
[INFO] [1788573215.172393463] [carolus_ros2]: max distance = 107.997437
[INFO] [1788573215.178111878] [carolus_ros2]: [P4P] final_cost=0.0751259 iterations=3 converged=1 warm_start=prior candidate=15
[INFO] [1788573215.204617620] [carolus_ros2]: Time to find contours: 0.000292 seconds
[INFO] [1788573215.205020199] [carolus_ros2]: max distance = 107.985095
[INFO] [1788573215.210497244] [carolus_ros2]: [P4P] final_cost=0.0519017 iterations=3 converged=1 warm_start=prior candidate=15
[INFO] [1788573215.240480005] [carolus_ros2]: Time to find contours: 0.000291 seconds
[INFO] [1788573215.240885732] [carolus_ros2]: max distance = 107.985095
[INFO] [1788573215.247093609] [carolus_ros2]: [P4P] final_cost=0.0519017 iterations=1 converged=1 warm_start=prior candidate=15
[INFO] [1788573215.272059695] [carolus_ros2]: Time to find contours: 0.000287 seconds
[INFO] [1788573215.272504234] [carolus_ros2]: max distance = 107.985095
[INFO] [1788573215.278355582] [carolus_ros2]: [P4P] final_cost=0.0519017 iterations=1 converged=1 warm_start=prior candidate=15
[INFO] [1788573215.304483039] [carolus_ros2]: Time to find contours: 0.000309 seconds
[INFO] [1788573215.304946595] [carolus_ros2]: max distance = 107.985095
[INFO] [1788573215.310597145] [carolus_ros2]: [P4P] final_cost=0.0519017 iterations=1 converged=1 warm_start=prior candidate=15
[INFO] [1788573215.341003965] [carolus_ros2]: Time to find contours: 0.000280 seconds
[INFO] [1788573215.341406470] [carolus_ros2]: max distance = 107.985095
[INFO] [1788573215.346598760] [carolus_ros2]: [P4P] final_cost=0.0519017 iterations=1 converged=1 warm_start=prior candidate=15
[INFO] [1788573215.372550250] [carolus_ros2]: Time to find contours: 0.000287 seconds
[INFO] [1788573215.372941533] [carolus_ros2]: max distance = 107.985095
[INFO] [1788573215.378380304] [carolus_ros2]: [P4P] final_cost=0.0519017 iterations=1 converged=1 warm_start=prior candidate=15
[INFO] [1788573215.404765500] [carolus_ros2]: Time to find contours: 0.000338 seconds
[INFO] [1788573215.405162523] [carolus_ros2]: max distance = 107.985095
[INFO] [1788573215.410610071] [carolus_ros2]: [P4P] final_cost=0.0519017 iterations=1 converged=1 warm_start=prior candidate=15
[INFO] [1788573215.440518709] [carolus_ros2]: Time to find contours: 0.000310 seconds
[INFO] [1788573215.440937971] [carolus_ros2]: max distance = 108.094547
[INFO] [1788573215.447091778] [carolus_ros2]: [P4P] final_cost=0.0471588 iterations=3 converged=1 warm_start=prior candidate=15
[INFO] [1788573215.472320991] [carolus_ros2]: Time to find contours: 0.000288 seconds
[INFO] [1788573215.472751068] [carolus_ros2]: max distance = 107.985095
[INFO] [1788573215.479140819] [carolus_ros2]: [P4P] final_cost=0.0519017 iterations=3 converged=1 warm_start=prior candidate=15
[INFO] [1788573215.504106683] [carolus_ros2]: Time to find contours: 0.000281 seconds
[INFO] [1788573215.504519298] [carolus_ros2]: max distance = 108.094547
[INFO] [1788573215.510473417] [carolus_ros2]: [P4P] final_cost=0.0471588 iterations=3 converged=1 warm_start=prior candidate=15
[INFO] [1788573215.540901753] [carolus_ros2]: Time to find contours: 0.000291 seconds
[INFO] [1788573215.541302240] [carolus_ros2]: max distance = 107.985095
[INFO] [1788573215.546638056] [carolus_ros2]: [P4P] final_cost=0.0519017 iterations=3 converged=1 warm_start=prior candidate=15
[INFO] [1788573215.572598156] [carolus_ros2]: Time to find contours: 0.000320 seconds
[INFO] [1788573215.573010530] [carolus_ros2]: max distance = 107.985095
[INFO] [1788573215.578424692] [carolus_ros2]: [P4P] final_cost=0.0519017 iterations=1 converged=1 warm_start=prior candidate=15
[INFO] [1788573215.604655992] [carolus_ros2]: Time to find contours: 0.000320 seconds
[INFO] [1788573215.605049183] [carolus_ros2]: max distance = 107.985095
[INFO] [1788573215.610476325] [carolus_ros2]: [P4P] final_cost=0.0519017 iterations=1 converged=1 warm_start=prior candidate=15
[INFO] [1788573215.640505953] [carolus_ros2]: Time to find contours: 0.000297 seconds
[INFO] [1788573215.640889570] [carolus_ros2]: max distance = 107.985095
[INFO] [1788573215.646639890] [carolus_ros2]: [P4P] final_cost=0.0519017 iterations=1 converged=1 warm_start=prior candidate=15
[INFO] [1788573215.672631265] [carolus_ros2]: Time to find contours: 0.000304 seconds
[INFO] [1788573215.673052139] [carolus_ros2]: max distance = 107.985095
[INFO] [1788573215.678485096] [carolus_ros2]: [P4P] final_cost=0.0519017 iterations=1 converged=1 warm_start=prior candidate=15
[INFO] [1788573215.704626607] [carolus_ros2]: Time to find contours: 0.000295 seconds
[INFO] [1788573215.705019427] [carolus_ros2]: max distance = 107.997437
[INFO] [1788573215.710512879] [carolus_ros2]: [P4P] final_cost=0.0751259 iterations=3 converged=1 warm_start=prior candidate=15
[INFO] [1788573215.740518509] [carolus_ros2]: Time to find contours: 0.000314 seconds
[INFO] [1788573215.740951400] [carolus_ros2]: max distance = 107.985095
[INFO] [1788573215.746730977] [carolus_ros2]: [P4P] final_cost=0.0519017 iterations=3 converged=1 warm_start=prior candidate=15
[INFO] [1788573215.771969671] [carolus_ros2]: Time to find contours: 0.000300 seconds
[INFO] [1788573215.772381990] [carolus_ros2]: max distance = 107.985095
[INFO] [1788573215.778560757] [carolus_ros2]: [P4P] final_cost=0.0519017 iterations=1 converged=1 warm_start=prior candidate=15
[INFO] [1788573215.804449437] [carolus_ros2]: Time to find contours: 0.000321 seconds
[INFO] [1788573215.804876477] [carolus_ros2]: max distance = 107.985095
[INFO] [1788573215.811347943] [carolus_ros2]: [P4P] final_cost=0.0519017 iterations=1 converged=1 warm_start=prior candidate=15
[INFO] [1788573215.841004101] [carolus_ros2]: Time to find contours: 0.000309 seconds
[INFO] [1788573215.841403050] [carolus_ros2]: max distance = 108.094547
[INFO] [1788573215.846647614] [carolus_ros2]: [P4P] final_cost=0.0471588 iterations=3 converged=1 warm_start=prior candidate=15
[INFO] [1788573215.872685078] [carolus_ros2]: Time to find contours: 0.000307 seconds
[INFO] [1788573215.873089157] [carolus_ros2]: max distance = 108.094547
[INFO] [1788573215.878309649] [carolus_ros2]: [P4P] final_cost=0.0471588 iterations=1 converged=1 warm_start=prior candidate=15
[INFO] [1788573215.904573169] [carolus_ros2]: Time to find contours: 0.000307 seconds
[INFO] [1788573215.904972730] [carolus_ros2]: max distance = 108.106691
[INFO] [1788573215.910347302] [carolus_ros2]: [P4P] final_cost=0.0672899 iterations=3 converged=1 warm_start=prior candidate=15
[INFO] [1788573215.940635465] [carolus_ros2]: Time to find contours: 0.000330 seconds
[INFO] [1788573215.941036062] [carolus_ros2]: max distance = 108.094547
[INFO] [1788573215.947242698] [carolus_ros2]: [P4P] final_cost=0.0471588 iterations=3 converged=1 warm_start=prior candidate=15
[INFO] [1788573215.972004763] [carolus_ros2]: Time to find contours: 0.000273 seconds
[INFO] [1788573215.972393344] [carolus_ros2]: max distance = 107.997437
[INFO] [1788573215.978134553] [carolus_ros2]: [P4P] final_cost=0.075126 iterations=2 converged=1 warm_start=prior candidate=15
[INFO] [1788573216.004338209] [carolus_ros2]: Time to find contours: 0.000292 seconds
[INFO] [1788573216.004752380] [carolus_ros2]: max distance = 107.985095
[INFO] [1788573216.010518905] [carolus_ros2]: [P4P] final_cost=0.0519017 iterations=3 converged=1 warm_start=prior candidate=15
[INFO] [1788573216.040354970] [carolus_ros2]: Time to find contours: 0.000307 seconds
[INFO] [1788573216.040770844] [carolus_ros2]: max distance = 107.985095
[INFO] [1788573216.046975316] [carolus_ros2]: [P4P] final_cost=0.0519017 iterations=1 converged=1 warm_start=prior candidate=15
[INFO] [1788573216.072244298] [carolus_ros2]: Time to find contours: 0.000307 seconds
[INFO] [1788573216.072654451] [carolus_ros2]: max distance = 107.985095
[INFO] [1788573216.078347815] [carolus_ros2]: [P4P] final_cost=0.0519017 iterations=1 converged=1 warm_start=prior candidate=15
[INFO] [1788573216.104453916] [carolus_ros2]: Time to find contours: 0.000301 seconds
[INFO] [1788573216.104860717] [carolus_ros2]: max distance = 107.997437
[INFO] [1788573216.111054783] [carolus_ros2]: [P4P] final_cost=0.0751259 iterations=3 converged=1 warm_start=prior candidate=15
[INFO] [1788573216.140691086] [carolus_ros2]: Time to find contours: 0.000351 seconds
[INFO] [1788573216.141144753] [carolus_ros2]: max distance = 107.985095
[INFO] [1788573216.146740051] [carolus_ros2]: [P4P] final_cost=0.0519017 iterations=3 converged=1 warm_start=prior candidate=15
[INFO] [1788573216.172356006] [carolus_ros2]: Time to find contours: 0.000302 seconds
[INFO] [1788573216.172796952] [carolus_ros2]: max distance = 107.985095
[INFO] [1788573216.178727372] [carolus_ros2]: [P4P] final_cost=0.0519017 iterations=1 converged=1 warm_start=prior candidate=15
[INFO] [1788573216.204594788] [carolus_ros2]: Time to find contours: 0.000328 seconds
[INFO] [1788573216.205047215] [carolus_ros2]: max distance = 107.985095
[INFO] [1788573216.210621293] [carolus_ros2]: [P4P] final_cost=0.0519017 iterations=1 converged=1 warm_start=prior candidate=15
[INFO] [1788573216.235923883] [carolus_ros2]: Time to find contours: 0.000296 seconds
[INFO] [1788573216.236341942] [carolus_ros2]: max distance = 107.985095
[INFO] [1788573216.242467476] [carolus_ros2]: [P4P] final_cost=0.0519017 iterations=1 converged=1 warm_start=prior candidate=15
[INFO] [1788573216.272967303] [carolus_ros2]: Time to find contours: 0.000295 seconds
[INFO] [1788573216.273361328] [carolus_ros2]: max distance = 107.997437
[INFO] [1788573216.278546880] [carolus_ros2]: [P4P] final_cost=0.0751259 iterations=3 converged=1 warm_start=prior candidate=15
[INFO] [1788573216.304946680] [carolus_ros2]: Time to find contours: 0.000298 seconds
[INFO] [1788573216.305325039] [carolus_ros2]: max distance = 107.997437
[INFO] [1788573216.310425302] [carolus_ros2]: [P4P] final_cost=0.0751259 iterations=1 converged=1 warm_start=prior candidate=15
[INFO] [1788573216.340842136] [carolus_ros2]: Time to find contours: 0.000335 seconds
[INFO] [1788573216.341257677] [carolus_ros2]: max distance = 107.985095
[INFO] [1788573216.347392377] [carolus_ros2]: [P4P] final_cost=0.0519017 iterations=3 converged=1 warm_start=prior candidate=15
[INFO] [1788573216.372351235] [carolus_ros2]: Time to find contours: 0.000292 seconds
[INFO] [1788573216.372798144] [carolus_ros2]: max distance = 107.985095
[INFO] [1788573216.378836240] [carolus_ros2]: [P4P] final_cost=0.0519017 iterations=1 converged=1 warm_start=prior candidate=15
[INFO] [1788573216.404231083] [carolus_ros2]: Time to find contours: 0.000293 seconds
[INFO] [1788573216.404663363] [carolus_ros2]: max distance = 107.985095
[INFO] [1788573216.410370541] [carolus_ros2]: [P4P] final_cost=0.0519017 iterations=1 converged=1 warm_start=prior candidate=15
[INFO] [1788573216.436530564] [carolus_ros2]: Time to find contours: 0.000295 seconds
[INFO] [1788573216.436921551] [carolus_ros2]: max distance = 107.985095
[INFO] [1788573216.442339900] [carolus_ros2]: [P4P] final_cost=0.0519017 iterations=1 converged=1 warm_start=prior candidate=15
[INFO] [1788573216.472642243] [carolus_ros2]: Time to find contours: 0.000333 seconds
[INFO] [1788573216.473057821] [carolus_ros2]: max distance = 107.985095
[INFO] [1788573216.479215908] [carolus_ros2]: [P4P] final_cost=0.0519017 iterations=1 converged=1 warm_start=prior candidate=15
[INFO] [1788573216.504155916] [carolus_ros2]: Time to find contours: 0.000297 seconds
[INFO] [1788573216.504590048] [carolus_ros2]: max distance = 107.985095
[INFO] [1788573216.510620090] [carolus_ros2]: [P4P] final_cost=0.0519017 iterations=1 converged=1 warm_start=prior candidate=15
[INFO] [1788573216.540491281] [carolus_ros2]: Time to find contours: 0.000327 seconds
[INFO] [1788573216.540966855] [carolus_ros2]: max distance = 108.106691
[INFO] [1788573216.546616612] [carolus_ros2]: [P4P] final_cost=0.0672899 iterations=3 converged=1 warm_start=prior candidate=15
[INFO] [1788573216.572461307] [carolus_ros2]: Time to find contours: 0.000339 seconds
[INFO] [1788573216.572943306] [carolus_ros2]: max distance = 107.985095
[INFO] [1788573216.578745643] [carolus_ros2]: [P4P] final_cost=0.0519017 iterations=3 converged=1 warm_start=prior candidate=15
[INFO] [1788573216.604123357] [carolus_ros2]: Time to find contours: 0.000301 seconds
[INFO] [1788573216.604556156] [carolus_ros2]: max distance = 107.985095
[INFO] [1788573216.610529480] [carolus_ros2]: [P4P] final_cost=0.0519017 iterations=1 converged=1 warm_start=prior candidate=15
[INFO] [1788573216.636304551] [carolus_ros2]: Time to find contours: 0.000295 seconds
[INFO] [1788573216.636718574] [carolus_ros2]: max distance = 107.985095
[INFO] [1788573216.642153774] [carolus_ros2]: [P4P] final_cost=0.0519017 iterations=1 converged=1 warm_start=prior candidate=15
[INFO] [1788573216.672670544] [carolus_ros2]: Time to find contours: 0.000321 seconds
[INFO] [1788573216.673080919] [carolus_ros2]: max distance = 108.094547
[INFO] [1788573216.679194046] [carolus_ros2]: [P4P] final_cost=0.0471588 iterations=3 converged=1 warm_start=prior candidate=15
[INFO] [1788573216.704341260] [carolus_ros2]: Time to find contours: 0.000301 seconds
[INFO] [1788573216.704809056] [carolus_ros2]: max distance = 107.985095
[INFO] [1788573216.711083226] [carolus_ros2]: [P4P] final_cost=0.0519017 iterations=3 converged=1 warm_start=prior candidate=15
[INFO] [1788573216.740270620] [carolus_ros2]: Time to find contours: 0.000306 seconds
[INFO] [1788573216.740692383] [carolus_ros2]: max distance = 108.094547
[INFO] [1788573216.746887300] [carolus_ros2]: [P4P] final_cost=0.0471588 iterations=3 converged=1 warm_start=prior candidate=15
[INFO] [1788573216.772396856] [carolus_ros2]: Time to find contours: 0.000301 seconds
[INFO] [1788573216.772825544] [carolus_ros2]: max distance = 108.094547
[INFO] [1788573216.779093622] [carolus_ros2]: [P4P] final_cost=0.0471588 iterations=1 converged=1 warm_start=prior candidate=15
[INFO] [1788573216.804109272] [carolus_ros2]: Time to find contours: 0.000307 seconds
[INFO] [1788573216.804544979] [carolus_ros2]: max distance = 107.897828
[INFO] [1788573216.811185416] [carolus_ros2]: [P4P] final_cost=0.0596068 iterations=3 converged=1 warm_start=prior candidate=15
[INFO] [1788573216.836558834] [carolus_ros2]: Time to find contours: 0.000313 seconds
[INFO] [1788573216.836987467] [carolus_ros2]: max distance = 107.997437
[INFO] [1788573216.842523510] [carolus_ros2]: [P4P] final_cost=0.0751259 iterations=3 converged=1 warm_start=prior candidate=15
[INFO] [1788573216.872492213] [carolus_ros2]: Time to find contours: 0.000319 seconds
[INFO] [1788573216.872970508] [carolus_ros2]: max distance = 107.985095
[INFO] [1788573216.878626098] [carolus_ros2]: [P4P] final_cost=0.0519017 iterations=3 converged=1 warm_start=prior candidate=15
[INFO] [1788573216.904557472] [carolus_ros2]: Time to find contours: 0.000328 seconds
[INFO] [1788573216.905014398] [carolus_ros2]: max distance = 107.985095
[INFO] [1788573216.910583865] [carolus_ros2]: [P4P] final_cost=0.0519017 iterations=1 converged=1 warm_start=prior candidate=15
[INFO] [1788573216.940926668] [carolus_ros2]: Time to find contours: 0.000296 seconds
[INFO] [1788573216.941328284] [carolus_ros2]: max distance = 107.985095
[INFO] [1788573216.946812720] [carolus_ros2]: [P4P] final_cost=0.0519017 iterations=1 converged=1 warm_start=prior candidate=15
[INFO] [1788573216.972525519] [carolus_ros2]: Time to find contours: 0.000294 seconds
[INFO] [1788573216.972959781] [carolus_ros2]: max distance = 107.997437
[INFO] [1788573216.978458198] [carolus_ros2]: [P4P] final_cost=0.0751259 iterations=3 converged=1 warm_start=prior candidate=15
[INFO] [1788573217.004603038] [carolus_ros2]: Time to find contours: 0.000311 seconds
[INFO] [1788573217.005000821] [carolus_ros2]: max distance = 107.985095
[INFO] [1788573217.010520443] [carolus_ros2]: [P4P] final_cost=0.0519017 iterations=3 converged=1 warm_start=prior candidate=15
[INFO] [1788573217.036612742] [carolus_ros2]: Time to find contours: 0.000301 seconds
[INFO] [1788573217.037012785] [carolus_ros2]: max distance = 107.899837
[INFO] [1788573217.042344032] [carolus_ros2]: [P4P] final_cost=0.083405 iterations=3 converged=1 warm_start=prior candidate=15
[INFO] [1788573217.072549157] [carolus_ros2]: Time to find contours: 0.000322 seconds
[INFO] [1788573217.072943218] [carolus_ros2]: max distance = 107.985095
[INFO] [1788573217.078573016] [carolus_ros2]: [P4P] final_cost=0.0519017 iterations=3 converged=1 warm_start=prior candidate=15
[INFO] [1788573217.104650891] [carolus_ros2]: Time to find contours: 0.000322 seconds
[INFO] [1788573217.105035194] [carolus_ros2]: max distance = 107.985095
[INFO] [1788573217.110465897] [carolus_ros2]: [P4P] final_cost=0.0519017 iterations=1 converged=1 warm_start=prior candidate=15
[INFO] [1788573217.140887578] [carolus_ros2]: Time to find contours: 0.000287 seconds
[INFO] [1788573217.141291102] [carolus_ros2]: max distance = 108.094547
[INFO] [1788573217.147453525] [carolus_ros2]: [P4P] final_cost=0.0471588 iterations=3 converged=1 warm_start=prior candidate=15
[INFO] [1788573217.171961634] [carolus_ros2]: Time to find contours: 0.000280 seconds
[INFO] [1788573217.172369417] [carolus_ros2]: max distance = 107.985095
[INFO] [1788573217.178522711] [carolus_ros2]: [P4P] final_cost=0.0519017 iterations=3 converged=1 warm_start=prior candidate=15
[INFO] [1788573217.204018724] [carolus_ros2]: Time to find contours: 0.000299 seconds
[INFO] [1788573217.204408212] [carolus_ros2]: max distance = 107.985095
[INFO] [1788573217.210435127] [carolus_ros2]: [P4P] final_cost=0.0519017 iterations=1 converged=1 warm_start=prior candidate=15
[INFO] [1788573217.236623659] [carolus_ros2]: Time to find contours: 0.000301 seconds
[INFO] [1788573217.237020332] [carolus_ros2]: max distance = 107.985095
[INFO] [1788573217.242440628] [carolus_ros2]: [P4P] final_cost=0.0519017 iterations=1 converged=1 warm_start=prior candidate=15
[INFO] [1788573217.272588831] [carolus_ros2]: Time to find contours: 0.000319 seconds
[INFO] [1788573217.272983263] [carolus_ros2]: max distance = 107.985095
[INFO] [1788573217.279139167] [carolus_ros2]: [P4P] final_cost=0.0519017 iterations=1 converged=1 warm_start=prior candidate=15
[INFO] [1788573217.304114407] [carolus_ros2]: Time to find contours: 0.000284 seconds
[INFO] [1788573217.304565371] [carolus_ros2]: max distance = 107.997437
[INFO] [1788573217.310356027] [carolus_ros2]: [P4P] final_cost=0.0751259 iterations=3 converged=1 warm_start=prior candidate=15
[INFO] [1788573217.340165442] [carolus_ros2]: Time to find contours: 0.000291 seconds
[INFO] [1788573217.340591630] [carolus_ros2]: max distance = 107.985095
[INFO] [1788573217.346781792] [carolus_ros2]: [P4P] final_cost=0.0519017 iterations=3 converged=1 warm_start=prior candidate=15
[INFO] [1788573217.372132890] [carolus_ros2]: Time to find contours: 0.000295 seconds
[INFO] [1788573217.372556320] [carolus_ros2]: max distance = 107.985095
[INFO] [1788573217.378794700] [carolus_ros2]: [P4P] final_cost=0.0519017 iterations=1 converged=1 warm_start=prior candidate=15
[INFO] [1788573217.404185721] [carolus_ros2]: Time to find contours: 0.000306 seconds
[INFO] [1788573217.404648648] [carolus_ros2]: max distance = 107.985095
[INFO] [1788573217.411091067] [carolus_ros2]: [P4P] final_cost=0.0519017 iterations=1 converged=1 warm_start=prior candidate=15
[INFO] [1788573217.436164687] [carolus_ros2]: Time to find contours: 0.000286 seconds
[INFO] [1788573217.436591024] [carolus_ros2]: max distance = 108.106691
[INFO] [1788573217.442051169] [carolus_ros2]: [P4P] final_cost=0.0672899 iterations=3 converged=1 warm_start=prior candidate=15
[INFO] [1788573217.472562010] [carolus_ros2]: Time to find contours: 0.000316 seconds
[INFO] [1788573217.472984217] [carolus_ros2]: max distance = 107.985095
[INFO] [1788573217.479613400] [carolus_ros2]: [P4P] final_cost=0.0519017 iterations=3 converged=1 warm_start=prior candidate=15
[INFO] [1788573217.504289922] [carolus_ros2]: Time to find contours: 0.000277 seconds
[INFO] [1788573217.504718184] [carolus_ros2]: max distance = 107.985095
[INFO] [1788573217.510672420] [carolus_ros2]: [P4P] final_cost=0.0519017 iterations=1 converged=1 warm_start=prior candidate=15
[INFO] [1788573217.536436967] [carolus_ros2]: Time to find contours: 0.000287 seconds
[INFO] [1788573217.536825030] [carolus_ros2]: max distance = 107.985095
[INFO] [1788573217.542255695] [carolus_ros2]: [P4P] final_cost=0.0519017 iterations=1 converged=1 warm_start=prior candidate=15
[INFO] [1788573217.572367049] [carolus_ros2]: Time to find contours: 0.000284 seconds
[INFO] [1788573217.572784794] [carolus_ros2]: max distance = 107.997437
[INFO] [1788573217.578831115] [carolus_ros2]: [P4P] final_cost=0.0751259 iterations=3 converged=1 warm_start=prior candidate=15
[INFO] [1788573217.604319795] [carolus_ros2]: Time to find contours: 0.000296 seconds
[INFO] [1788573217.604732670] [carolus_ros2]: max distance = 107.985095
[INFO] [1788573217.610846300] [carolus_ros2]: [P4P] final_cost=0.0519017 iterations=3 converged=1 warm_start=prior candidate=15
[INFO] [1788573217.636237063] [carolus_ros2]: Time to find contours: 0.000283 seconds
[INFO] [1788573217.636668455] [carolus_ros2]: max distance = 107.985095
[INFO] [1788573217.642113304] [carolus_ros2]: [P4P] final_cost=0.0519017 iterations=1 converged=1 warm_start=prior candidate=15
[INFO] [1788573217.672719601] [carolus_ros2]: Time to find contours: 0.000307 seconds
[INFO] [1788573217.673095052] [carolus_ros2]: max distance = 108.106691
[INFO] [1788573217.678870728] [carolus_ros2]: [P4P] final_cost=0.0672899 iterations=3 converged=1 warm_start=prior candidate=15
[INFO] [1788573217.704279785] [carolus_ros2]: Time to find contours: 0.000278 seconds
[INFO] [1788573217.704674828] [carolus_ros2]: max distance = 107.997437
[INFO] [1788573217.711016459] [carolus_ros2]: [P4P] final_cost=0.0751259 iterations=3 converged=1 warm_start=prior candidate=15
[INFO] [1788573217.736339745] [carolus_ros2]: Time to find contours: 0.000301 seconds
[INFO] [1788573217.736763989] [carolus_ros2]: max distance = 107.997437
[INFO] [1788573217.743123989] [carolus_ros2]: [P4P] final_cost=0.0751259 iterations=1 converged=1 warm_start=prior candidate=15
[INFO] [1788573217.772491753] [carolus_ros2]: Time to find contours: 0.000319 seconds
[INFO] [1788573217.772943810] [carolus_ros2]: max distance = 107.985095
[INFO] [1788573217.778599236] [carolus_ros2]: [P4P] final_cost=0.0519017 iterations=3 converged=1 warm_start=prior candidate=15
[INFO] [1788573217.804385263] [carolus_ros2]: Time to find contours: 0.000299 seconds
[INFO] [1788573217.804873743] [carolus_ros2]: max distance = 107.985095
[INFO] [1788573217.810509097] [carolus_ros2]: [P4P] final_cost=0.0519017 iterations=1 converged=1 warm_start=prior candidate=15
[INFO] [1788573217.836150654] [carolus_ros2]: Time to find contours: 0.000299 seconds
[INFO] [1788573217.836569565] [carolus_ros2]: max distance = 107.997437
[INFO] [1788573217.842681603] [carolus_ros2]: [P4P] final_cost=0.0751259 iterations=3 converged=1 warm_start=prior candidate=15
[INFO] [1788573217.872292496] [carolus_ros2]: Time to find contours: 0.000268 seconds
[INFO] [1788573217.872654468] [carolus_ros2]: max distance = 107.985095
[INFO] [1788573217.878365223] [carolus_ros2]: [P4P] final_cost=0.0519017 iterations=3 converged=1 warm_start=prior candidate=15
[INFO] [1788573217.904551941] [carolus_ros2]: Time to find contours: 0.000281 seconds
[INFO] [1788573217.904907431] [carolus_ros2]: max distance = 107.985095
[INFO] [1788573217.910384297] [carolus_ros2]: [P4P] final_cost=0.0519017 iterations=1 converged=1 warm_start=prior candidate=15
[INFO] [1788573217.936653249] [carolus_ros2]: Time to find contours: 0.000330 seconds
[INFO] [1788573217.937034627] [carolus_ros2]: max distance = 108.094547
[INFO] [1788573217.942556081] [carolus_ros2]: [P4P] final_cost=0.0471588 iterations=3 converged=1 warm_start=prior candidate=15
[INFO] [1788573217.972372069] [carolus_ros2]: Time to find contours: 0.000289 seconds
[INFO] [1788573217.972777908] [carolus_ros2]: max distance = 107.985095
[INFO] [1788573217.979314894] [carolus_ros2]: [P4P] final_cost=0.0519017 iterations=3 converged=1 warm_start=prior candidate=15
[INFO] [1788573218.004118111] [carolus_ros2]: Time to find contours: 0.000292 seconds
[INFO] [1788573218.004522061] [carolus_ros2]: max distance = 107.997437
[INFO] [1788573218.010606178] [carolus_ros2]: [P4P] final_cost=0.0751259 iterations=3 converged=1 warm_start=prior candidate=15
[INFO] [1788573218.036072706] [carolus_ros2]: Time to find contours: 0.000277 seconds
[INFO] [1788573218.036460027] [carolus_ros2]: max distance = 107.985095
[INFO] [1788573218.041924693] [carolus_ros2]: [P4P] final_cost=0.0519017 iterations=3 converged=1 warm_start=prior candidate=15
[INFO] [1788573218.072492470] [carolus_ros2]: Time to find contours: 0.000305 seconds
[INFO] [1788573218.072888254] [carolus_ros2]: max distance = 108.106691
[INFO] [1788573218.079091380] [carolus_ros2]: [P4P] final_cost=0.0672899 iterations=3 converged=1 warm_start=prior candidate=15
[INFO] [1788573218.104586665] [carolus_ros2]: Time to find contours: 0.000398 seconds
[INFO] [1788573218.105070664] [carolus_ros2]: max distance = 108.106691
[INFO] [1788573218.111044086] [carolus_ros2]: [P4P] final_cost=0.0672899 iterations=1 converged=1 warm_start=prior candidate=15
[INFO] [1788573218.135398275] [carolus_ros2]: Time to find contours: 0.000307 seconds
[INFO] [1788573218.135849258] [carolus_ros2]: max distance = 107.997437
[INFO] [1788573218.141814810] [carolus_ros2]: [P4P] final_cost=0.0751259 iterations=3 converged=1 warm_start=prior candidate=15
[INFO] [1788573218.172747503] [carolus_ros2]: Time to find contours: 0.000326 seconds
[INFO] [1788573218.173166822] [carolus_ros2]: max distance = 107.997437
[INFO] [1788573218.178258961] [carolus_ros2]: [P4P] final_cost=0.0751259 iterations=1 converged=1 warm_start=prior candidate=15
[INFO] [1788573218.204339237] [carolus_ros2]: Time to find contours: 0.000307 seconds
[INFO] [1788573218.204772370] [carolus_ros2]: max distance = 107.997437
[INFO] [1788573218.210418281] [carolus_ros2]: [P4P] final_cost=0.0751259 iterations=1 converged=1 warm_start=prior candidate=15
[INFO] [1788573218.236314312] [carolus_ros2]: Time to find contours: 0.000286 seconds
[INFO] [1788573218.236744982] [carolus_ros2]: max distance = 107.985095
[INFO] [1788573218.242469812] [carolus_ros2]: [P4P] final_cost=0.0519017 iterations=3 converged=1 warm_start=prior candidate=15
[INFO] [1788573218.272837364] [carolus_ros2]: Time to find contours: 0.000313 seconds
[INFO] [1788573218.273217075] [carolus_ros2]: max distance = 107.997437
[INFO] [1788573218.278735292] [carolus_ros2]: [P4P] final_cost=0.0751259 iterations=3 converged=1 warm_start=prior candidate=15
[INFO] [1788573218.304474798] [carolus_ros2]: Time to find contours: 0.000296 seconds
[INFO] [1788573218.304913449] [carolus_ros2]: max distance = 107.985095
[INFO] [1788573218.310362079] [carolus_ros2]: [P4P] final_cost=0.0519017 iterations=3 converged=1 warm_start=prior candidate=15
[INFO] [1788573218.336553661] [carolus_ros2]: Time to find contours: 0.000319 seconds
[INFO] [1788573218.336952797] [carolus_ros2]: max distance = 107.985095
[INFO] [1788573218.342385094] [carolus_ros2]: [P4P] final_cost=0.0519017 iterations=1 converged=1 warm_start=prior candidate=15
[INFO] [1788573218.372427468] [carolus_ros2]: Time to find contours: 0.000261 seconds
[INFO] [1788573218.372805864] [carolus_ros2]: max distance = 107.997437
[INFO] [1788573218.378522695] [carolus_ros2]: [P4P] final_cost=0.0751259 iterations=3 converged=1 warm_start=prior candidate=15
[INFO] [1788573218.404488869] [carolus_ros2]: Time to find contours: 0.000290 seconds
[INFO] [1788573218.404884912] [carolus_ros2]: max distance = 107.985095
[INFO] [1788573218.410343097] [carolus_ros2]: [P4P] final_cost=0.0519017 iterations=3 converged=1 warm_start=prior candidate=15
[INFO] [1788573218.436463258] [carolus_ros2]: Time to find contours: 0.000332 seconds
[INFO] [1788573218.436834174] [carolus_ros2]: max distance = 107.985095
[INFO] [1788573218.442273693] [carolus_ros2]: [P4P] final_cost=0.0519017 iterations=1 converged=1 warm_start=prior candidate=15
[INFO] [1788573218.472327992] [carolus_ros2]: Time to find contours: 0.000297 seconds
[INFO] [1788573218.472754810] [carolus_ros2]: max distance = 107.985095
[INFO] [1788573218.478957214] [carolus_ros2]: [P4P] final_cost=0.0519017 iterations=1 converged=1 warm_start=prior candidate=15
[INFO] [1788573218.504032995] [carolus_ros2]: Time to find contours: 0.000298 seconds
[INFO] [1788573218.504429353] [carolus_ros2]: max distance = 107.997437
[INFO] [1788573218.510469696] [carolus_ros2]: [P4P] final_cost=0.0751259 iterations=3 converged=1 warm_start=prior candidate=15
[INFO] [1788573218.536552601] [carolus_ros2]: Time to find contours: 0.000325 seconds
[INFO] [1788573218.536935423] [carolus_ros2]: max distance = 107.997437
[INFO] [1788573218.542230194] [carolus_ros2]: [P4P] final_cost=0.0751259 iterations=1 converged=1 warm_start=prior candidate=15
[INFO] [1788573218.572268457] [carolus_ros2]: Time to find contours: 0.000284 seconds
[INFO] [1788573218.572701405] [carolus_ros2]: max distance = 107.985095
[INFO] [1788573218.578944991] [carolus_ros2]: [P4P] final_cost=0.0519017 iterations=3 converged=1 warm_start=prior candidate=15
[INFO] [1788573218.604041122] [carolus_ros2]: Time to find contours: 0.000302 seconds
[INFO] [1788573218.604469440] [carolus_ros2]: max distance = 107.997437
[INFO] [1788573218.610696250] [carolus_ros2]: [P4P] final_cost=0.0751259 iterations=3 converged=1 warm_start=prior candidate=15
[INFO] [1788573218.636112874] [carolus_ros2]: Time to find contours: 0.000272 seconds
[INFO] [1788573218.636505251] [carolus_ros2]: max distance = 107.985095
[INFO] [1788573218.641955325] [carolus_ros2]: [P4P] final_cost=0.0519017 iterations=3 converged=1 warm_start=prior candidate=15
[INFO] [1788573218.672670868] [carolus_ros2]: Time to find contours: 0.000314 seconds
[INFO] [1788573218.673039321] [carolus_ros2]: max distance = 107.985095
[INFO] [1788573218.678748597] [carolus_ros2]: [P4P] final_cost=0.0519017 iterations=1 converged=1 warm_start=prior candidate=15
[INFO] [1788573218.704446847] [carolus_ros2]: Time to find contours: 0.000282 seconds
[INFO] [1788573218.704866073] [carolus_ros2]: max distance = 107.985095
[INFO] [1788573218.710311203] [carolus_ros2]: [P4P] final_cost=0.0519017 iterations=1 converged=1 warm_start=prior candidate=15
[INFO] [1788573218.736479898] [carolus_ros2]: Time to find contours: 0.000312 seconds
[INFO] [1788573218.736890348] [carolus_ros2]: max distance = 107.997437
[INFO] [1788573218.742391214] [carolus_ros2]: [P4P] final_cost=0.0751259 iterations=3 converged=1 warm_start=prior candidate=15
[INFO] [1788573218.772334151] [carolus_ros2]: Time to find contours: 0.000283 seconds
[INFO] [1788573218.772748637] [carolus_ros2]: max distance = 107.997437
[INFO] [1788573218.778845827] [carolus_ros2]: [P4P] final_cost=0.0751259 iterations=1 converged=1 warm_start=prior candidate=15
[INFO] [1788573218.803892166] [carolus_ros2]: Time to find contours: 0.000282 seconds
[INFO] [1788573218.804295708] [carolus_ros2]: max distance = 107.997437
[INFO] [1788573218.810217412] [carolus_ros2]: [P4P] final_cost=0.0751259 iterations=1 converged=1 warm_start=prior candidate=15
[INFO] [1788573218.836244489] [carolus_ros2]: Time to find contours: 0.000275 seconds
[INFO] [1788573218.836667493] [carolus_ros2]: max distance = 107.985095
[INFO] [1788573218.842760683] [carolus_ros2]: [P4P] final_cost=0.0519017 iterations=3 converged=1 warm_start=prior candidate=15
[INFO] [1788573218.872276987] [carolus_ros2]: Time to find contours: 0.000289 seconds
[INFO] [1788573218.872685103] [carolus_ros2]: max distance = 107.985095
[INFO] [1788573218.878905302] [carolus_ros2]: [P4P] final_cost=0.0519017 iterations=1 converged=1 warm_start=prior candidate=15
[INFO] [1788573218.904121868] [carolus_ros2]: Time to find contours: 0.000274 seconds
[INFO] [1788573218.904540539] [carolus_ros2]: max distance = 107.997437
[INFO] [1788573218.910820233] [carolus_ros2]: [P4P] final_cost=0.0751259 iterations=3 converged=1 warm_start=prior candidate=15
[INFO] [1788573218.935787744] [carolus_ros2]: Time to find contours: 0.000294 seconds
[INFO] [1788573218.936210174] [carolus_ros2]: max distance = 108.094547
[INFO] [1788573218.941876361] [carolus_ros2]: [P4P] final_cost=0.0471589 iterations=2 converged=1 warm_start=prior candidate=15
[INFO] [1788573218.972515244] [carolus_ros2]: Time to find contours: 0.000360 seconds
[INFO] [1788573218.972936748] [carolus_ros2]: max distance = 108.094547
[INFO] [1788573218.978752015] [carolus_ros2]: [P4P] final_cost=0.0471589 iterations=1 converged=1 warm_start=prior candidate=15
[INFO] [1788573219.004257468] [carolus_ros2]: Time to find contours: 0.000309 seconds
[INFO] [1788573219.004710562] [carolus_ros2]: max distance = 107.985095
[INFO] [1788573219.011039867] [carolus_ros2]: [P4P] final_cost=0.0519017 iterations=3 converged=1 warm_start=prior candidate=15
[INFO] [1788573219.036168581] [carolus_ros2]: Time to find contours: 0.000301 seconds
[INFO] [1788573219.036585419] [carolus_ros2]: max distance = 107.997437
[INFO] [1788573219.041798384] [carolus_ros2]: [P4P] final_cost=0.0751259 iterations=3 converged=1 warm_start=prior candidate=15
[INFO] [1788573219.072663505] [carolus_ros2]: Time to find contours: 0.000370 seconds
[INFO] [1788573219.073109507] [carolus_ros2]: max distance = 108.106691
[INFO] [1788573219.079386223] [carolus_ros2]: [P4P] final_cost=0.0672899 iterations=3 converged=1 warm_start=prior candidate=15
[INFO] [1788573219.104023365] [carolus_ros2]: Time to find contours: 0.000302 seconds
[INFO] [1788573219.104448628] [carolus_ros2]: max distance = 107.997437
[INFO] [1788573219.110604983] [carolus_ros2]: [P4P] final_cost=0.0751259 iterations=3 converged=1 warm_start=prior candidate=15
[INFO] [1788573219.136094151] [carolus_ros2]: Time to find contours: 0.000283 seconds
[INFO] [1788573219.136502008] [carolus_ros2]: max distance = 107.985095
[INFO] [1788573219.141964732] [carolus_ros2]: [P4P] final_cost=0.0519017 iterations=3 converged=1 warm_start=prior candidate=15
[INFO] [1788573219.172516766] [carolus_ros2]: Time to find contours: 0.000321 seconds
[INFO] [1788573219.172955306] [carolus_ros2]: max distance = 107.985095
[INFO] [1788573219.179108846] [carolus_ros2]: [P4P] final_cost=0.0519017 iterations=1 converged=1 warm_start=prior candidate=15
[INFO] [1788573219.203907734] [carolus_ros2]: Time to find contours: 0.000308 seconds
[INFO] [1788573219.204346033] [carolus_ros2]: max distance = 108.106691
[INFO] [1788573219.210492667] [carolus_ros2]: [P4P] final_cost=0.0672899 iterations=3 converged=1 warm_start=prior candidate=15
[INFO] [1788573219.236084845] [carolus_ros2]: Time to find contours: 0.000295 seconds
[INFO] [1788573219.236521959] [carolus_ros2]: max distance = 107.985095
[INFO] [1788573219.242134653] [carolus_ros2]: [P4P] final_cost=0.0519017 iterations=3 converged=1 warm_start=prior candidate=15
[INFO] [1788573219.272610137] [carolus_ros2]: Time to find contours: 0.000331 seconds
[INFO] [1788573219.273041418] [carolus_ros2]: max distance = 107.985095
[INFO] [1788573219.278786009] [carolus_ros2]: [P4P] final_cost=0.0519017 iterations=1 converged=1 warm_start=prior candidate=15
[INFO] [1788573219.304131133] [carolus_ros2]: Time to find contours: 0.000292 seconds
[INFO] [1788573219.304547471] [carolus_ros2]: max distance = 108.094547
[INFO] [1788573219.310035767] [carolus_ros2]: [P4P] final_cost=0.0471588 iterations=3 converged=1 warm_start=prior candidate=15
[INFO] [1788573219.336787021] [carolus_ros2]: Time to find contours: 0.000311 seconds
[INFO] [1788573219.337216136] [carolus_ros2]: max distance = 107.997437
[INFO] [1788573219.342734930] [carolus_ros2]: [P4P] final_cost=0.075126 iterations=2 converged=1 warm_start=prior candidate=15
[INFO] [1788573219.372353406] [carolus_ros2]: Time to find contours: 0.000307 seconds
[INFO] [1788573219.372812963] [carolus_ros2]: max distance = 108.106691
[INFO] [1788573219.379205133] [carolus_ros2]: [P4P] final_cost=0.0672899 iterations=3 converged=1 warm_start=prior candidate=15
[INFO] [1788573219.404316701] [carolus_ros2]: Time to find contours: 0.000323 seconds
[INFO] [1788573219.404791682] [carolus_ros2]: max distance = 107.997437
[INFO] [1788573219.411105821] [carolus_ros2]: [P4P] final_cost=0.0751259 iterations=3 converged=1 warm_start=prior candidate=15
[INFO] [1788573219.436245479] [carolus_ros2]: Time to find contours: 0.000295 seconds
[INFO] [1788573219.436690889] [carolus_ros2]: max distance = 107.985095
[INFO] [1788573219.442145299] [carolus_ros2]: [P4P] final_cost=0.0519017 iterations=3 converged=1 warm_start=prior candidate=15
[INFO] [1788573219.472682611] [carolus_ros2]: Time to find contours: 0.000348 seconds
[INFO] [1788573219.473140520] [carolus_ros2]: max distance = 107.997437
[INFO] [1788573219.479166256] [carolus_ros2]: [P4P] final_cost=0.0751259 iterations=3 converged=1 warm_start=prior candidate=15
[INFO] [1788573219.504386852] [carolus_ros2]: Time to find contours: 0.000299 seconds
[INFO] [1788573219.504838521] [carolus_ros2]: max distance = 108.094547
[INFO] [1788573219.510246082] [carolus_ros2]: [P4P] final_cost=0.0471589 iterations=2 converged=1 warm_start=prior candidate=15
[INFO] [1788573219.536542076] [carolus_ros2]: Time to find contours: 0.000323 seconds
[INFO] [1788573219.536961099] [carolus_ros2]: max distance = 108.106691
[INFO] [1788573219.542325090] [carolus_ros2]: [P4P] final_cost=0.0672899 iterations=3 converged=1 warm_start=prior candidate=15
[INFO] [1788573219.572363645] [carolus_ros2]: Time to find contours: 0.000304 seconds
[INFO] [1788573219.572872013] [carolus_ros2]: max distance = 107.985095
[INFO] [1788573219.579505368] [carolus_ros2]: [P4P] final_cost=0.0519017 iterations=3 converged=1 warm_start=prior candidate=15
[INFO] [1788573219.604223392] [carolus_ros2]: Time to find contours: 0.000302 seconds
[INFO] [1788573219.604699503] [carolus_ros2]: max distance = 107.997437
[INFO] [1788573219.610735515] [carolus_ros2]: [P4P] final_cost=0.0751259 iterations=3 converged=1 warm_start=prior candidate=15
[INFO] [1788573219.636188075] [carolus_ros2]: Time to find contours: 0.000301 seconds
[INFO] [1788573219.636626245] [carolus_ros2]: max distance = 107.985095
[INFO] [1788573219.642075673] [carolus_ros2]: [P4P] final_cost=0.0519017 iterations=3 converged=1 warm_start=prior candidate=15
[INFO] [1788573219.672491940] [carolus_ros2]: Time to find contours: 0.000318 seconds
[INFO] [1788573219.672905185] [carolus_ros2]: max distance = 108.106691
[INFO] [1788573219.678571152] [carolus_ros2]: [P4P] final_cost=0.0672899 iterations=3 converged=1 warm_start=prior candidate=15
[INFO] [1788573219.703906129] [carolus_ros2]: Time to find contours: 0.000297 seconds
[INFO] [1788573219.704324966] [carolus_ros2]: max distance = 107.997437
[INFO] [1788573219.710873643] [carolus_ros2]: [P4P] final_cost=0.0751259 iterations=3 converged=1 warm_start=prior candidate=15
[INFO] [1788573219.736520354] [carolus_ros2]: Time to find contours: 0.000303 seconds
[INFO] [1788573219.736907528] [carolus_ros2]: max distance = 108.094547
[INFO] [1788573219.742313182] [carolus_ros2]: [P4P] final_cost=0.0471589 iterations=2 converged=1 warm_start=prior candidate=15
[INFO] [1788573219.772389919] [carolus_ros2]: Time to find contours: 0.000283 seconds
[INFO] [1788573219.772854105] [carolus_ros2]: max distance = 107.985095
[INFO] [1788573219.778635415] [carolus_ros2]: [P4P] final_cost=0.0519017 iterations=3 converged=1 warm_start=prior candidate=15
[INFO] [1788573219.804320142] [carolus_ros2]: Time to find contours: 0.000300 seconds
[INFO] [1788573219.804749442] [carolus_ros2]: max distance = 107.997437
[INFO] [1788573219.811174313] [carolus_ros2]: [P4P] final_cost=0.0751259 iterations=3 converged=1 warm_start=prior candidate=15
[INFO] [1788573219.836098803] [carolus_ros2]: Time to find contours: 0.000288 seconds
[INFO] [1788573219.836510956] [carolus_ros2]: max distance = 107.997437
[INFO] [1788573219.842066209] [carolus_ros2]: [P4P] final_cost=0.0751259 iterations=1 converged=1 warm_start=prior candidate=15
[INFO] [1788573219.872405889] [carolus_ros2]: Time to find contours: 0.000287 seconds
[INFO] [1788573219.872823394] [carolus_ros2]: max distance = 107.997437
[INFO] [1788573219.878819095] [carolus_ros2]: [P4P] final_cost=0.0751259 iterations=1 converged=1 warm_start=prior candidate=15
[INFO] [1788573219.903924107] [carolus_ros2]: Time to find contours: 0.000293 seconds
[INFO] [1788573219.904320299] [carolus_ros2]: max distance = 107.997437
[INFO] [1788573219.910303482] [carolus_ros2]: [P4P] final_cost=0.0751259 iterations=1 converged=1 warm_start=prior candidate=15
[INFO] [1788573219.936233782] [carolus_ros2]: Time to find contours: 0.000286 seconds
[INFO] [1788573219.936632751] [carolus_ros2]: max distance = 108.106691
[INFO] [1788573219.942039794] [carolus_ros2]: [P4P] final_cost=0.0672899 iterations=3 converged=1 warm_start=prior candidate=15
[INFO] [1788573219.972349698] [carolus_ros2]: Time to find contours: 0.000295 seconds
[INFO] [1788573219.972765277] [carolus_ros2]: max distance = 107.985095
[INFO] [1788573219.979155762] [carolus_ros2]: [P4P] final_cost=0.0519017 iterations=3 converged=1 warm_start=prior candidate=15
[INFO] [1788573220.004005185] [carolus_ros2]: Time to find contours: 0.000287 seconds
[INFO] [1788573220.004442707] [carolus_ros2]: max distance = 107.985095
[INFO] [1788573220.010716759] [carolus_ros2]: [P4P] final_cost=0.0519017 iterations=1 converged=1 warm_start=prior candidate=15
[INFO] [1788573220.036159054] [carolus_ros2]: Time to find contours: 0.000291 seconds
[INFO] [1788573220.036589669] [carolus_ros2]: max distance = 107.997437
[INFO] [1788573220.042466974] [carolus_ros2]: [P4P] final_cost=0.0751259 iterations=3 converged=1 warm_start=prior candidate=15
[INFO] [1788573220.072030525] [carolus_ros2]: Time to find contours: 0.000289 seconds
[INFO] [1788573220.072452678] [carolus_ros2]: max distance = 107.985095
[INFO] [1788573220.078733304] [carolus_ros2]: [P4P] final_cost=0.0519017 iterations=3 converged=1 warm_start=prior candidate=15
[INFO] [1788573220.103804942] [carolus_ros2]: Time to find contours: 0.000284 seconds
[INFO] [1788573220.104193097] [carolus_ros2]: max distance = 107.997437
[INFO] [1788573220.110212484] [carolus_ros2]: [P4P] final_cost=0.0751259 iterations=3 converged=1 warm_start=prior candidate=15
[INFO] [1788573220.136525304] [carolus_ros2]: Time to find contours: 0.000321 seconds
[INFO] [1788573220.136922977] [carolus_ros2]: max distance = 107.997437
[INFO] [1788573220.142269638] [carolus_ros2]: [P4P] final_cost=0.0751259 iterations=1 converged=1 warm_start=prior candidate=15
[INFO] [1788573220.172301171] [carolus_ros2]: Time to find contours: 0.000276 seconds
[INFO] [1788573220.172707473] [carolus_ros2]: max distance = 107.997437
[INFO] [1788573220.178809317] [carolus_ros2]: [P4P] final_cost=0.0751259 iterations=1 converged=1 warm_start=prior candidate=15
[INFO] [1788573220.204026703] [carolus_ros2]: Time to find contours: 0.000283 seconds
[INFO] [1788573220.204439042] [carolus_ros2]: max distance = 107.997437
[INFO] [1788573220.210579290] [carolus_ros2]: [P4P] final_cost=0.0751259 iterations=1 converged=1 warm_start=prior candidate=15
[INFO] [1788573220.236121410] [carolus_ros2]: Time to find contours: 0.000290 seconds
[INFO] [1788573220.236527064] [carolus_ros2]: max distance = 107.997437
[INFO] [1788573220.241849838] [carolus_ros2]: [P4P] final_cost=0.0751259 iterations=1 converged=1 warm_start=prior candidate=15
[INFO] [1788573220.272612981] [carolus_ros2]: Time to find contours: 0.000325 seconds
[INFO] [1788573220.273011691] [carolus_ros2]: max distance = 108.106691
[INFO] [1788573220.279097721] [carolus_ros2]: [P4P] final_cost=0.0672899 iterations=3 converged=1 warm_start=prior candidate=15
[INFO] [1788573220.304178118] [carolus_ros2]: Time to find contours: 0.000274 seconds
[INFO] [1788573220.304572495] [carolus_ros2]: max distance = 107.985095
[INFO] [1788573220.310201097] [carolus_ros2]: [P4P] final_cost=0.0519017 iterations=3 converged=1 warm_start=prior candidate=15
[INFO] [1788573220.336489160] [carolus_ros2]: Time to find contours: 0.000305 seconds
[INFO] [1788573220.336879611] [carolus_ros2]: max distance = 108.106691
[INFO] [1788573220.342333375] [carolus_ros2]: [P4P] final_cost=0.0672899 iterations=3 converged=1 warm_start=prior candidate=15
[INFO] [1788573220.372283396] [carolus_ros2]: Time to find contours: 0.000290 seconds
[INFO] [1788573220.372721140] [carolus_ros2]: max distance = 107.997437
[INFO] [1788573220.379262191] [carolus_ros2]: [P4P] final_cost=0.0751259 iterations=3 converged=1 warm_start=prior candidate=15
[INFO] [1788573220.404276963] [carolus_ros2]: Time to find contours: 0.000295 seconds
[INFO] [1788573220.404687320] [carolus_ros2]: max distance = 107.997437
[INFO] [1788573220.410555256] [carolus_ros2]: [P4P] final_cost=0.0751259 iterations=1 converged=1 warm_start=prior candidate=15
[INFO] [1788573220.436370114] [carolus_ros2]: Time to find contours: 0.000290 seconds
[INFO] [1788573220.436782842] [carolus_ros2]: max distance = 108.106691
[INFO] [1788573220.442198960] [carolus_ros2]: [P4P] final_cost=0.0672899 iterations=3 converged=1 warm_start=prior candidate=15
[INFO] [1788573220.472497065] [carolus_ros2]: Time to find contours: 0.000315 seconds
[INFO] [1788573220.472898016] [carolus_ros2]: max distance = 107.997437
[INFO] [1788573220.479176920] [carolus_ros2]: [P4P] final_cost=0.0751259 iterations=3 converged=1 warm_start=prior candidate=15
[INFO] [1788573220.503795797] [carolus_ros2]: Time to find contours: 0.000297 seconds
[INFO] [1788573220.504199210] [carolus_ros2]: max distance = 108.106691
[INFO] [1788573220.510493909] [carolus_ros2]: [P4P] final_cost=0.0672899 iterations=3 converged=1 warm_start=prior candidate=15
[INFO] [1788573220.536175815] [carolus_ros2]: Time to find contours: 0.000277 seconds
[INFO] [1788573220.536581098] [carolus_ros2]: max distance = 107.985095
[INFO] [1788573220.542188258] [carolus_ros2]: [P4P] final_cost=0.0519017 iterations=3 converged=1 warm_start=prior candidate=15
[INFO] [1788573220.572287915] [carolus_ros2]: Time to find contours: 0.000290 seconds
[INFO] [1788573220.572711994] [carolus_ros2]: max distance = 108.106691
[INFO] [1788573220.578801709] [carolus_ros2]: [P4P] final_cost=0.0672899 iterations=3 converged=1 warm_start=prior candidate=15
[INFO] [1788573220.604162010] [carolus_ros2]: Time to find contours: 0.000292 seconds
[INFO] [1788573220.604565145] [carolus_ros2]: max distance = 108.094547
[INFO] [1788573220.610140400] [carolus_ros2]: [P4P] final_cost=0.0471588 iterations=3 converged=1 warm_start=prior candidate=15
[INFO] [1788573220.636661074] [carolus_ros2]: Time to find contours: 0.000308 seconds
[INFO] [1788573220.637051711] [carolus_ros2]: max distance = 107.997437
[INFO] [1788573220.642517844] [carolus_ros2]: [P4P] final_cost=0.075126 iterations=2 converged=1 warm_start=prior candidate=15
[INFO] [1788573220.672438664] [carolus_ros2]: Time to find contours: 0.000306 seconds
[INFO] [1788573220.672862631] [carolus_ros2]: max distance = 108.106691
[INFO] [1788573220.678947605] [carolus_ros2]: [P4P] final_cost=0.0672899 iterations=3 converged=1 warm_start=prior candidate=15
[INFO] [1788573220.704090645] [carolus_ros2]: Time to find contours: 0.000290 seconds
[INFO] [1788573220.704509558] [carolus_ros2]: max distance = 108.007234
[INFO] [1788573220.710552313] [carolus_ros2]: [P4P] final_cost=0.056687 iterations=3 converged=1 warm_start=prior candidate=15
[INFO] [1788573220.735975091] [carolus_ros2]: Time to find contours: 0.000308 seconds
[INFO] [1788573220.736368523] [carolus_ros2]: max distance = 108.106691
[INFO] [1788573220.741775347] [carolus_ros2]: [P4P] final_cost=0.0672899 iterations=3 converged=1 warm_start=prior candidate=15
[INFO] [1788573220.772658925] [carolus_ros2]: Time to find contours: 0.000329 seconds
[INFO] [1788573220.773068264] [carolus_ros2]: max distance = 107.997437
[INFO] [1788573220.779330817] [carolus_ros2]: [P4P] final_cost=0.0751259 iterations=3 converged=1 warm_start=prior candidate=15
[INFO] [1788573220.803842184] [carolus_ros2]: Time to find contours: 0.000295 seconds
[INFO] [1788573220.804254059] [carolus_ros2]: max distance = 107.997437
[INFO] [1788573220.810426805] [carolus_ros2]: [P4P] final_cost=0.0751259 iterations=1 converged=1 warm_start=prior candidate=15
[INFO] [1788573220.835852842] [carolus_ros2]: Time to find contours: 0.000304 seconds
[INFO] [1788573220.836271217] [carolus_ros2]: max distance = 107.985095
[INFO] [1788573220.841979517] [carolus_ros2]: [P4P] final_cost=0.0519017 iterations=3 converged=1 warm_start=prior candidate=15
[INFO] [1788573220.872389835] [carolus_ros2]: Time to find contours: 0.000277 seconds
[INFO] [1788573220.872812191] [carolus_ros2]: max distance = 108.094547
[INFO] [1788573220.878943662] [carolus_ros2]: [P4P] final_cost=0.0471588 iterations=3 converged=1 warm_start=prior candidate=15
[INFO] [1788573220.904075629] [carolus_ros2]: Time to find contours: 0.000283 seconds
[INFO] [1788573220.904522335] [carolus_ros2]: max distance = 107.997437
[INFO] [1788573220.910764113] [carolus_ros2]: [P4P] final_cost=0.075126 iterations=2 converged=1 warm_start=prior candidate=15
[INFO] [1788573220.936084658] [carolus_ros2]: Time to find contours: 0.000313 seconds
[INFO] [1788573220.936523050] [carolus_ros2]: max distance = 107.985095
[INFO] [1788573220.942335342] [carolus_ros2]: [P4P] final_cost=0.0519017 iterations=3 converged=1 warm_start=prior candidate=15
[INFO] [1788573220.972517418] [carolus_ros2]: Time to find contours: 0.000316 seconds
[INFO] [1788573220.972947367] [carolus_ros2]: max distance = 108.106691
[INFO] [1788573220.979268527] [carolus_ros2]: [P4P] final_cost=0.0672899 iterations=3 converged=1 warm_start=prior candidate=15
[INFO] [1788573221.004094278] [carolus_ros2]: Time to find contours: 0.000328 seconds
[INFO] [1788573221.004534856] [carolus_ros2]: max distance = 107.985095
[INFO] [1788573221.011034857] [carolus_ros2]: [P4P] final_cost=0.0519017 iterations=3 converged=1 warm_start=prior candidate=15
[INFO] [1788573221.036475423] [carolus_ros2]: Time to find contours: 0.000310 seconds
[INFO] [1788573221.036877633] [carolus_ros2]: max distance = 108.094547
[INFO] [1788573221.042378340] [carolus_ros2]: [P4P] final_cost=0.0471588 iterations=3 converged=1 warm_start=prior candidate=15
[INFO] [1788573221.072475142] [carolus_ros2]: Time to find contours: 0.000308 seconds
[INFO] [1788573221.072869500] [carolus_ros2]: max distance = 108.106691
[INFO] [1788573221.078515382] [carolus_ros2]: [P4P] final_cost=0.0672899 iterations=3 converged=1 warm_start=prior candidate=15
[INFO] [1788573221.104481834] [carolus_ros2]: Time to find contours: 0.000331 seconds
[INFO] [1788573221.104926022] [carolus_ros2]: max distance = 107.997437
[INFO] [1788573221.111163525] [carolus_ros2]: [P4P] final_cost=0.0751259 iterations=3 converged=1 warm_start=prior candidate=15
[INFO] [1788573221.136166365] [carolus_ros2]: Time to find contours: 0.000288 seconds
[INFO] [1788573221.136577741] [carolus_ros2]: max distance = 108.094547
[INFO] [1788573221.142029896] [carolus_ros2]: [P4P] final_cost=0.0471589 iterations=2 converged=1 warm_start=prior candidate=15
[INFO] [1788573221.168866207] [carolus_ros2]: Time to find contours: 0.000292 seconds
[INFO] [1788573221.169258011] [carolus_ros2]: max distance = 108.106691
[INFO] [1788573221.174387376] [carolus_ros2]: [P4P] final_cost=0.0672899 iterations=3 converged=1 warm_start=prior candidate=15
[INFO] [1788573221.204713827] [carolus_ros2]: Time to find contours: 0.000324 seconds
[INFO] [1788573221.205139424] [carolus_ros2]: max distance = 108.106691
[INFO] [1788573221.210895278] [carolus_ros2]: [P4P] final_cost=0.0672899 iterations=1 converged=1 warm_start=prior candidate=15
[INFO] [1788573221.236556642] [carolus_ros2]: Time to find contours: 0.000304 seconds
[INFO] [1788573221.236979332] [carolus_ros2]: max distance = 108.106691
[INFO] [1788573221.242411934] [carolus_ros2]: [P4P] final_cost=0.0672899 iterations=1 converged=1 warm_start=prior candidate=15
[INFO] [1788573221.272451036] [carolus_ros2]: Time to find contours: 0.000315 seconds
[INFO] [1788573221.272873985] [carolus_ros2]: max distance = 108.106691
[INFO] [1788573221.279234293] [carolus_ros2]: [P4P] final_cost=0.0672899 iterations=1 converged=1 warm_start=prior candidate=15
[INFO] [1788573221.304640899] [carolus_ros2]: Time to find contours: 0.000342 seconds
[INFO] [1788573221.305009834] [carolus_ros2]: max distance = 108.217606
[INFO] [1788573221.310546205] [carolus_ros2]: [P4P] final_cost=0.0697906 iterations=3 converged=1 warm_start=prior candidate=15
[INFO] [1788573221.336572763] [carolus_ros2]: Time to find contours: 0.000296 seconds
[INFO] [1788573221.336976232] [carolus_ros2]: max distance = 107.997437
[INFO] [1788573221.342548212] [carolus_ros2]: [P4P] final_cost=0.0751259 iterations=3 converged=1 warm_start=prior candidate=15
[INFO] [1788573221.368522015] [carolus_ros2]: Time to find contours: 0.000288 seconds
[INFO] [1788573221.368919799] [carolus_ros2]: max distance = 108.106691
[INFO] [1788573221.374320144] [carolus_ros2]: [P4P] final_cost=0.0672899 iterations=3 converged=1 warm_start=prior candidate=15
[INFO] [1788573221.404456683] [carolus_ros2]: Time to find contours: 0.000300 seconds
[INFO] [1788573221.404859430] [carolus_ros2]: max distance = 108.106691
[INFO] [1788573221.411058862] [carolus_ros2]: [P4P] final_cost=0.0672899 iterations=1 converged=1 warm_start=prior candidate=15
[INFO] [1788573221.436109699] [carolus_ros2]: Time to find contours: 0.000293 seconds
[INFO] [1788573221.436544758] [carolus_ros2]: max distance = 108.094547
[INFO] [1788573221.442924953] [carolus_ros2]: [P4P] final_cost=0.0471588 iterations=3 converged=1 warm_start=prior candidate=15
[INFO] [1788573221.472539421] [carolus_ros2]: Time to find contours: 0.000365 seconds
[INFO] [1788573221.472976369] [carolus_ros2]: max distance = 108.094547
[INFO] [1788573221.478550071] [carolus_ros2]: [P4P] final_cost=0.0569469 iterations=2 converged=1 warm_start=prior candidate=15
[INFO] [1788573221.504313427] [carolus_ros2]: Time to find contours: 0.000306 seconds
[INFO] [1788573221.504834832] [carolus_ros2]: max distance = 107.993516
[INFO] [1788573221.510575151] [carolus_ros2]: [P4P] final_cost=0.044734 iterations=3 converged=1 warm_start=prior candidate=15
[INFO] [1788573221.536495328] [carolus_ros2]: Time to find contours: 0.000345 seconds
[INFO] [1788573221.536945423] [carolus_ros2]: max distance = 108.097646
[INFO] [1788573221.542485387] [carolus_ros2]: [P4P] final_cost=0.0304388 iterations=3 converged=1 warm_start=prior candidate=15
[INFO] [1788573221.568270686] [carolus_ros2]: Time to find contours: 0.000304 seconds
[INFO] [1788573221.568737854] [carolus_ros2]: max distance = 108.097646
[INFO] [1788573221.574595960] [carolus_ros2]: [P4P] final_cost=0.0304388 iterations=1 converged=1 warm_start=prior candidate=15
[INFO] [1788573221.604477907] [carolus_ros2]: Time to find contours: 0.000340 seconds
[INFO] [1788573221.604929669] [carolus_ros2]: max distance = 108.105903
[INFO] [1788573221.610571255] [carolus_ros2]: [P4P] final_cost=0.0147091 iterations=3 converged=1 warm_start=prior candidate=15
[INFO] [1788573221.636243821] [carolus_ros2]: Time to find contours: 0.000314 seconds
[INFO] [1788573221.636702823] [carolus_ros2]: max distance = 108.105903
[INFO] [1788573221.642510081] [carolus_ros2]: [P4P] final_cost=0.0148241 iterations=3 converged=1 warm_start=prior candidate=15
[INFO] [1788573221.672878917] [carolus_ros2]: Time to find contours: 0.000310 seconds
[INFO] [1788573221.673266351] [carolus_ros2]: max distance = 108.097646
[INFO] [1788573221.678948840] [carolus_ros2]: [P4P] final_cost=0.0298451 iterations=3 converged=1 warm_start=prior candidate=15
[INFO] [1788573221.704191625] [carolus_ros2]: Time to find contours: 0.000285 seconds
[INFO] [1788573221.704601224] [carolus_ros2]: max distance = 108.199272
[INFO] [1788573221.710248327] [carolus_ros2]: [P4P] final_cost=0.00775166 iterations=3 converged=1 warm_start=prior candidate=15
[INFO] [1788573221.736589935] [carolus_ros2]: Time to find contours: 0.000303 seconds
[INFO] [1788573221.736949630] [carolus_ros2]: max distance = 108.087026
[INFO] [1788573221.742376991] [carolus_ros2]: [P4P] final_cost=0.0172735 iterations=2 converged=1 warm_start=prior candidate=15
[INFO] [1788573221.768443898] [carolus_ros2]: Time to find contours: 0.000286 seconds
[INFO] [1788573221.768812389] [carolus_ros2]: max distance = 108.114540
[INFO] [1788573221.774275062] [carolus_ros2]: [P4P] final_cost=0.0175148 iterations=3 converged=1 warm_start=prior candidate=15
[INFO] [1788573221.804407509] [carolus_ros2]: Time to find contours: 0.000273 seconds
[INFO] [1788573221.804807811] [carolus_ros2]: max distance = 107.892551
[INFO] [1788573221.810899566] [carolus_ros2]: [P4P] final_cost=0.0388884 iterations=3 converged=1 warm_start=prior candidate=15
[INFO] [1788573221.836200310] [carolus_ros2]: Time to find contours: 0.000290 seconds
[INFO] [1788573221.836628221] [carolus_ros2]: max distance = 108.004630
[INFO] [1788573221.843025379] [carolus_ros2]: [P4P] final_cost=0.0534521 iterations=3 converged=1 warm_start=prior candidate=15
[INFO] [1788573221.872250395] [carolus_ros2]: Time to find contours: 0.000304 seconds
[INFO] [1788573221.872684954] [carolus_ros2]: max distance = 108.087026
[INFO] [1788573221.878816317] [carolus_ros2]: [P4P] final_cost=0.0306922 iterations=3 converged=1 warm_start=prior candidate=15
[INFO] [1788573221.904237699] [carolus_ros2]: Time to find contours: 0.000297 seconds
[INFO] [1788573221.904674851] [carolus_ros2]: max distance = 108.084519
[INFO] [1788573221.910929390] [carolus_ros2]: [P4P] final_cost=0.0306508 iterations=3 converged=1 warm_start=prior candidate=15
[INFO] [1788573221.936073312] [carolus_ros2]: Time to find contours: 0.000280 seconds
[INFO] [1788573221.936505612] [carolus_ros2]: max distance = 108.004630
[INFO] [1788573221.942376847] [carolus_ros2]: [P4P] final_cost=0.0223596 iterations=3 converged=1 warm_start=prior candidate=15
[INFO] [1788573221.968287784] [carolus_ros2]: Time to find contours: 0.000268 seconds
[INFO] [1788573221.968712252] [carolus_ros2]: max distance = 108.004630
[INFO] [1788573221.974050805] [carolus_ros2]: [P4P] final_cost=0.0175439 iterations=3 converged=1 warm_start=prior candidate=15
[INFO] [1788573222.004835944] [carolus_ros2]: Time to find contours: 0.000311 seconds
[ERROR] [1788573222.005256875] [carolus_ros2]: Not enough blobs < 4.
[INFO] [1788573222.036737271] [carolus_ros2]: Time to find contours: 0.000313 seconds
[ERROR] [1788573222.037113001] [carolus_ros2]: Not enough blobs < 4.
[INFO] [1788573222.072985395] [carolus_ros2]: Time to find contours: 0.000326 seconds
[ERROR] [1788573222.073382346] [carolus_ros2]: Not enough blobs < 4.
[INFO] [1788573222.104979251] [carolus_ros2]: Time to find contours: 0.000345 seconds
[INFO] [1788573222.105373406] [carolus_ros2]: max distance = 107.691791
[INFO] [1788573222.111283400] [carolus_ros2]: [P4P] final_cost=0.0106115 iterations=3 converged=1 warm_start=prior candidate=15
[INFO] [1788573222.136100526] [carolus_ros2]: Time to find contours: 0.000361 seconds
[INFO] [1788573222.136542214] [carolus_ros2]: max distance = 107.909839
[INFO] [1788573222.142876138] [carolus_ros2]: [P4P] final_cost=0.00477941 iterations=3 converged=1 warm_start=prior candidate=15
[INFO] [1788573222.168161636] [carolus_ros2]: Time to find contours: 0.000283 seconds
[INFO] [1788573222.168576734] [carolus_ros2]: max distance = 107.703486
[INFO] [1788573222.174193991] [carolus_ros2]: [P4P] final_cost=0.0430842 iterations=3 converged=1 warm_start=prior candidate=15
[INFO] [1788573222.204540824] [carolus_ros2]: Time to find contours: 0.000314 seconds
[INFO] [1788573222.205008511] [carolus_ros2]: max distance = 107.799913
[INFO] [1788573222.211278847] [carolus_ros2]: [P4P] final_cost=0.0323923 iterations=3 converged=1 warm_start=prior candidate=15
[INFO] [1788573222.235951003] [carolus_ros2]: Time to find contours: 0.000297 seconds
[ERROR] [1788573222.236358564] [carolus_ros2]: Not enough blobs < 4.
[INFO] [1788573222.272867909] [carolus_ros2]: Time to find contours: 0.000305 seconds
[ERROR] [1788573222.273292025] [carolus_ros2]: Not enough blobs < 4.
[INFO] [1788573222.304776735] [carolus_ros2]: Time to find contours: 0.000298 seconds
[ERROR] [1788573222.305166261] [carolus_ros2]: Not enough blobs with required circularity.
[INFO] [1788573222.336963317] [carolus_ros2]: Time to find contours: 0.000291 seconds
[INFO] [1788573222.337351362] [carolus_ros2]: max distance = 107.719070
[INFO] [1788573222.342659457] [carolus_ros2]: [P4P] final_cost=0.00480502 iterations=3 converged=1 warm_start=prior candidate=7
[INFO] [1788573222.368431584] [carolus_ros2]: Time to find contours: 0.000286 seconds
[INFO] [1788573222.368821239] [carolus_ros2]: max distance = 107.719070
[INFO] [1788573222.376993023] [carolus_ros2]: [P4P] final_cost=0.0105975 iterations=3 converged=1 warm_start=prior candidate=7
[INFO] [1788573222.404148637] [carolus_ros2]: Time to find contours: 0.000298 seconds
[ERROR] [1788573222.404542922] [carolus_ros2]: Not enough blobs < 4.
[INFO] [1788573222.436796166] [carolus_ros2]: Time to find contours: 0.000291 seconds
[ERROR] [1788573222.437171915] [carolus_ros2]: Not enough blobs < 4.
[INFO] [1788573222.472799772] [carolus_ros2]: Time to find contours: 0.000318 seconds
[ERROR] [1788573222.473158392] [carolus_ros2]: Not enough blobs < 4.
[INFO] [1788573222.504764075] [carolus_ros2]: Time to find contours: 0.000313 seconds
[INFO] [1788573222.505168562] [carolus_ros2]: max distance = 107.298208
[INFO] [1788573222.510381072] [carolus_ros2]: [P4P] final_cost=0.0377612 iterations=3 converged=1 warm_start=prior candidate=7
[INFO] [1788573222.536446862] [carolus_ros2]: Time to find contours: 0.000307 seconds
[ERROR] [1788573222.536816982] [carolus_ros2]: Not enough blobs < 4.
[INFO] [1788573222.568852798] [carolus_ros2]: Time to find contours: 0.000306 seconds
[ERROR] [1788573222.569210437] [carolus_ros2]: Not enough blobs < 4.
[INFO] [1788573222.604165438] [carolus_ros2]: Time to find contours: 0.000272 seconds
[INFO] [1788573222.604557630] [carolus_ros2]: max distance = 106.510595
[INFO] [1788573222.609188351] [carolus_ros2]: [P4P] final_cost=0.0216594 iterations=3 converged=1 warm_start=prior candidate=15
[INFO] [1788573222.634949886] [carolus_ros2]: Time to find contours: 0.000324 seconds
[INFO] [1788573222.635350356] [carolus_ros2]: max distance = 106.167595
[INFO] [1788573222.640049756] [carolus_ros2]: [P4P] final_cost=0.00157263 iterations=3 converged=1 warm_start=prior candidate=15
[INFO] [1788573222.672448674] [carolus_ros2]: Time to find contours: 0.000313 seconds
[ERROR] [1788573222.672867124] [carolus_ros2]: Not enough blobs < 4.
[INFO] [1788573222.704735249] [carolus_ros2]: Time to find contours: 0.000318 seconds
[INFO] [1788573222.705163401] [carolus_ros2]: max distance = 105.525060
[INFO] [1788573222.711009122] [carolus_ros2]: [P4P] final_cost=0.0350142 iterations=3 converged=1 warm_start=prior candidate=15
[INFO] [1788573222.736048212] [carolus_ros2]: Time to find contours: 0.000315 seconds
[ERROR] [1788573222.736477735] [carolus_ros2]: Not enough blobs < 4.
[INFO] [1788573222.768849729] [carolus_ros2]: Time to find contours: 0.000282 seconds
[ERROR] [1788573222.769224941] [carolus_ros2]: Not enough blobs < 4.
[INFO] [1788573222.804825985] [carolus_ros2]: Time to find contours: 0.000318 seconds
[INFO] [1788573222.805259471] [carolus_ros2]: max distance = 104.919856
[INFO] [1788573222.811711053] [carolus_ros2]: [P4P] final_cost=0.00890884 iterations=3 converged=1 warm_start=prior candidate=15
[INFO] [1788573222.836037346] [carolus_ros2]: Time to find contours: 0.000311 seconds
[ERROR] [1788573222.836438408] [carolus_ros2]: Not enough blobs < 4.
[INFO] [1788573222.872858111] [carolus_ros2]: Time to find contours: 0.000348 seconds
[ERROR] [1788573222.873258192] [carolus_ros2]: Not enough blobs < 4.
[INFO] [1788573222.904718941] [carolus_ros2]: Time to find contours: 0.000312 seconds
[ERROR] [1788573222.905093153] [carolus_ros2]: Not enough blobs < 4.
[INFO] [1788573222.936759997] [carolus_ros2]: Time to find contours: 0.000302 seconds
[INFO] [1788573222.937184242] [carolus_ros2]: max distance = 103.922817
[INFO] [1788573222.943468226] [carolus_ros2]: [P4P] final_cost=0.0145785 iterations=3 converged=1 warm_start=prior candidate=15
[INFO] [1788573222.967803648] [carolus_ros2]: Time to find contours: 0.000301 seconds
[INFO] [1788573222.968228356] [carolus_ros2]: max distance = 103.500103
[INFO] [1788573222.973734936] [carolus_ros2]: [P4P] final_cost=0.0702984 iterations=3 converged=1 warm_start=prior candidate=15
[INFO] [1788573223.004739925] [carolus_ros2]: Time to find contours: 0.000323 seconds
[INFO] [1788573223.005150987] [carolus_ros2]: max distance = 103.666706
[INFO] [1788573223.011076445] [carolus_ros2]: [P4P] final_cost=0.0194874 iterations=3 converged=1 warm_start=prior candidate=15
[INFO] [1788573223.036022758] [carolus_ros2]: Time to find contours: 0.000281 seconds
[ERROR] [1788573223.036391193] [carolus_ros2]: Not enough blobs < 4.
[INFO] [1788573223.072777379] [carolus_ros2]: Time to find contours: 0.000301 seconds
[ERROR] [1788573223.073147870] [carolus_ros2]: Not enough blobs < 4.
[INFO] [1788573223.104554267] [carolus_ros2]: Time to find contours: 0.000312 seconds
[ERROR] [1788573223.104936071] [carolus_ros2]: Not enough blobs < 4.
[INFO] [1788573223.136881280] [carolus_ros2]: Time to find contours: 0.000282 seconds
[ERROR] [1788573223.137273176] [carolus_ros2]: Not enough blobs < 4.
[INFO] [1788573223.168662778] [carolus_ros2]: Time to find contours: 0.000340 seconds
[ERROR] [1788573223.169037305] [carolus_ros2]: Not enough blobs < 4.
[INFO] [1788573223.204780577] [carolus_ros2]: Time to find contours: 0.000310 seconds
[INFO] [1788573223.205185898] [carolus_ros2]: max distance = 102.812515
[INFO] [1788573223.211092229] [carolus_ros2]: [P4P] final_cost=0.0271158 iterations=3 converged=1 warm_start=prior candidate=15
[INFO] [1788573223.236035856] [carolus_ros2]: Time to find contours: 0.000298 seconds
[ERROR] [1788573223.236392755] [carolus_ros2]: Not enough blobs < 4.
[INFO] [1788573223.272792515] [carolus_ros2]: Time to find contours: 0.000312 seconds
[INFO] [1788573223.273221075] [carolus_ros2]: max distance = 102.500104
[INFO] [1788573223.279916438] [carolus_ros2]: [P4P] final_cost=0.00402038 iterations=3 converged=1 warm_start=prior candidate=15
[INFO] [1788573223.304201615] [carolus_ros2]: Time to find contours: 0.000311 seconds
[ERROR] [1788573223.304614455] [carolus_ros2]: Not enough blobs < 4.
[INFO] [1788573223.336685042] [carolus_ros2]: Time to find contours: 0.000313 seconds
[ERROR] [1788573223.337067532] [carolus_ros2]: Not enough blobs < 4.
[INFO] [1788573223.368954967] [carolus_ros2]: Time to find contours: 0.000291 seconds
[ERROR] [1788573223.369359640] [carolus_ros2]: Not enough blobs < 4.
[INFO] [1788573223.404774011] [carolus_ros2]: Time to find contours: 0.000296 seconds
[ERROR] [1788573223.405153500] [carolus_ros2]: Not enough blobs < 4.
[INFO] [1788573223.436877985] [carolus_ros2]: Time to find contours: 0.000296 seconds
[ERROR] [1788573223.437249808] [carolus_ros2]: Not enough blobs < 4.
[INFO] [1788573223.472750284] [carolus_ros2]: Time to find contours: 0.000285 seconds
[ERROR] [1788573223.473141680] [carolus_ros2]: Not enough blobs < 4.
[INFO] [1788573223.504809280] [carolus_ros2]: Time to find contours: 0.000293 seconds
[ERROR] [1788573223.505176900] [carolus_ros2]: Not enough blobs < 4.
[INFO] [1788573223.536610758] [carolus_ros2]: Time to find contours: 0.000333 seconds
[ERROR] [1788573223.537014746] [carolus_ros2]: Not enough blobs < 4.
[INFO] [1788573223.568927402] [carolus_ros2]: Time to find contours: 0.000317 seconds
[INFO] [1788573223.569379312] [carolus_ros2]: max distance = 102.224036
[INFO] [1788573223.575154152] [carolus_ros2]: [P4P] final_cost=0.009889 iterations=3 converged=1 warm_start=prior candidate=15
[INFO] [1788573223.604621992] [carolus_ros2]: Time to find contours: 0.000305 seconds
[ERROR] [1788573223.605006352] [carolus_ros2]: Not enough blobs < 4.
[INFO] [1788573223.636836513] [carolus_ros2]: Time to find contours: 0.000280 seconds
[INFO] [1788573223.637245686] [carolus_ros2]: max distance = 102.155644
[INFO] [1788573223.642517786] [carolus_ros2]: [P4P] final_cost=0.000379958 iterations=3 converged=1 warm_start=prior candidate=15
[INFO] [1788573223.672377245] [carolus_ros2]: Time to find contours: 0.000302 seconds
[INFO] [1788573223.672838433] [carolus_ros2]: max distance = 102.260502
[INFO] [1788573223.679160028] [carolus_ros2]: [P4P] final_cost=0.000642539 iterations=3 converged=1 warm_start=prior candidate=15
[INFO] [1788573223.704035031] [carolus_ros2]: Time to find contours: 0.000298 seconds
[ERROR] [1788573223.704448907] [carolus_ros2]: Not enough blobs < 4.
[INFO] [1788573223.736523994] [carolus_ros2]: Time to find contours: 0.000324 seconds
[ERROR] [1788573223.736933574] [carolus_ros2]: Not enough blobs < 4.
[INFO] [1788573223.768849526] [carolus_ros2]: Time to find contours: 0.000277 seconds
[ERROR] [1788573223.769219275] [carolus_ros2]: Not enough blobs < 4.
[INFO] [1788573223.804819003] [carolus_ros2]: Time to find contours: 0.000300 seconds
[ERROR] [1788573223.805203270] [carolus_ros2]: Not enough blobs < 4.
[INFO] [1788573223.836695031] [carolus_ros2]: Time to find contours: 0.000298 seconds
[ERROR] [1788573223.837074039] [carolus_ros2]: Not enough blobs < 4.
[INFO] [1788573223.872965134] [carolus_ros2]: Time to find contours: 0.000328 seconds
[ERROR] [1788573223.873405860] [carolus_ros2]: Not enough blobs < 4.
[INFO] [1788573223.904568757] [carolus_ros2]: Time to find contours: 0.000310 seconds
[ERROR] [1788573223.904985114] [carolus_ros2]: Not enough blobs < 4.
[INFO] [1788573223.936787759] [carolus_ros2]: Time to find contours: 0.000303 seconds
[ERROR] [1788573223.937178396] [carolus_ros2]: Not enough blobs < 4.
[INFO] [1788573223.968865531] [carolus_ros2]: Time to find contours: 0.000282 seconds
[ERROR] [1788573223.969258668] [carolus_ros2]: Not enough blobs < 4.
[INFO] [1788573224.004767256] [carolus_ros2]: Time to find contours: 0.000303 seconds
[ERROR] [1788573224.005157320] [carolus_ros2]: Not enough blobs < 4.
[INFO] [1788573224.036884819] [carolus_ros2]: Time to find contours: 0.000291 seconds
[ERROR] [1788573224.037277400] [carolus_ros2]: Not enough blobs < 4.
[INFO] [1788573224.072906550] [carolus_ros2]: Time to find contours: 0.000298 seconds
[ERROR] [1788573224.073279818] [carolus_ros2]: Not enough blobs < 4.
[INFO] [1788573224.104425786] [carolus_ros2]: Time to find contours: 0.000302 seconds
[ERROR] [1788573224.104820497] [carolus_ros2]: Not enough blobs < 4.
[INFO] [1788573224.136741370] [carolus_ros2]: Time to find contours: 0.000314 seconds
[INFO] [1788573224.137135452] [carolus_ros2]: max distance = 101.231760
[INFO] [1788573224.142968124] [carolus_ros2]: [P4P] final_cost=0.011736 iterations=3 converged=1 warm_start=prior candidate=15
[INFO] [1788573224.167987202] [carolus_ros2]: Time to find contours: 0.000294 seconds
[ERROR] [1788573224.168409263] [carolus_ros2]: Not enough blobs < 4.
[INFO] [1788573224.204847592] [carolus_ros2]: Time to find contours: 0.000302 seconds
[INFO] [1788573224.205263098] [carolus_ros2]: max distance = 101.330135
[INFO] [1788573224.211007276] [carolus_ros2]: [P4P] final_cost=0.0041407 iterations=3 converged=1 warm_start=prior candidate=7
[INFO] [1788573224.236097034] [carolus_ros2]: Time to find contours: 0.000300 seconds
[ERROR] [1788573224.236503485] [carolus_ros2]: Not enough blobs < 4.
[INFO] [1788573224.272776586] [carolus_ros2]: Time to find contours: 0.000312 seconds
[ERROR] [1788573224.273159205] [carolus_ros2]: Not enough blobs < 4.
[INFO] [1788573224.304723291] [carolus_ros2]: Time to find contours: 0.000302 seconds
[ERROR] [1788573224.305097985] [carolus_ros2]: Not enough blobs < 4.
[INFO] [1788573224.336738731] [carolus_ros2]: Time to find contours: 0.000323 seconds
[ERROR] [1788573224.337144904] [carolus_ros2]: Not enough blobs < 4.
[INFO] [1788573224.368845590] [carolus_ros2]: Time to find contours: 0.000297 seconds
[ERROR] [1788573224.369224265] [carolus_ros2]: Not enough blobs < 4.
[INFO] [1788573224.404852396] [carolus_ros2]: Time to find contours: 0.000336 seconds
[ERROR] [1788573224.405258773] [carolus_ros2]: Not enough blobs < 4.
[INFO] [1788573224.436869910] [carolus_ros2]: Time to find contours: 0.000294 seconds
[ERROR] [1788573224.437258011] [carolus_ros2]: Not enough blobs < 4.
[INFO] [1788573224.472903807] [carolus_ros2]: Time to find contours: 0.000344 seconds
[ERROR] [1788573224.473308313] [carolus_ros2]: Not enough blobs < 4.
[INFO] [1788573224.504848197] [carolus_ros2]: Time to find contours: 0.000341 seconds
[ERROR] [1788573224.505240982] [carolus_ros2]: Not enough blobs < 4.
[INFO] [1788573224.536740628] [carolus_ros2]: Time to find contours: 0.000358 seconds
[ERROR] [1788573224.537181798] [carolus_ros2]: Not enough blobs < 4.
[INFO] [1788573224.568948998] [carolus_ros2]: Time to find contours: 0.000316 seconds
[ERROR] [1788573224.569391798] [carolus_ros2]: Not enough blobs < 4.
[INFO] [1788573224.604988598] [carolus_ros2]: Time to find contours: 0.000299 seconds
[ERROR] [1788573224.605395586] [carolus_ros2]: Not enough blobs < 4.
[INFO] [1788573224.636864308] [carolus_ros2]: Time to find contours: 0.000288 seconds
[ERROR] [1788573224.637248205] [carolus_ros2]: Not enough blobs < 4.
[INFO] [1788573224.672928776] [carolus_ros2]: Time to find contours: 0.000299 seconds
[ERROR] [1788573224.673323654] [carolus_ros2]: Not enough blobs < 4.
[INFO] [1788573224.704782080] [carolus_ros2]: Time to find contours: 0.000295 seconds
[ERROR] [1788573224.705156811] [carolus_ros2]: Not enough blobs < 4.
[INFO] [1788573224.736936880] [carolus_ros2]: Time to find contours: 0.000293 seconds
[ERROR] [1788573224.737348035] [carolus_ros2]: Not enough blobs < 4.
[INFO] [1788573224.768615216] [carolus_ros2]: Time to find contours: 0.000357 seconds
[ERROR] [1788573224.769062775] [carolus_ros2]: Not enough blobs < 4.
[INFO] [1788573224.804875522] [carolus_ros2]: Time to find contours: 0.000310 seconds
[ERROR] [1788573224.805257826] [carolus_ros2]: Not enough blobs < 4.
[INFO] [1788573224.836838225] [carolus_ros2]: Time to find contours: 0.000297 seconds
[ERROR] [1788573224.837220770] [carolus_ros2]: Not enough blobs < 4.
[INFO] [1788573224.872870289] [carolus_ros2]: Time to find contours: 0.000328 seconds
[ERROR] [1788573224.873254426] [carolus_ros2]: Not enough blobs < 4.
[INFO] [1788573224.904401284] [carolus_ros2]: Time to find contours: 0.000299 seconds
[ERROR] [1788573224.904785311] [carolus_ros2]: Not enough blobs < 4.
[INFO] [1788573224.936737533] [carolus_ros2]: Time to find contours: 0.000336 seconds
[ERROR] [1788573224.937117319] [carolus_ros2]: Not enough blobs < 4.
[INFO] [1788573224.972773948] [carolus_ros2]: Time to find contours: 0.000327 seconds
[ERROR] [1788573224.973167826] [carolus_ros2]: Not enough blobs with required circularity.
[INFO] [1788573225.004835405] [carolus_ros2]: Time to find contours: 0.000319 seconds
[ERROR] [1788573225.005224876] [carolus_ros2]: Not enough blobs with required circularity.
[INFO] [1788573225.036750627] [carolus_ros2]: Time to find contours: 0.000299 seconds
[ERROR] [1788573225.037112748] [carolus_ros2]: Not enough blobs < 4.
[INFO] [1788573225.072809761] [carolus_ros2]: Time to find contours: 0.000329 seconds
[ERROR] [1788573225.073201824] [carolus_ros2]: Not enough blobs < 4.
[INFO] [1788573225.104749481] [carolus_ros2]: Time to find contours: 0.000335 seconds
[ERROR] [1788573225.105131471] [carolus_ros2]: Not enough blobs < 4.
[INFO] [1788573225.136839412] [carolus_ros2]: Time to find contours: 0.000322 seconds
[ERROR] [1788573225.137234327] [carolus_ros2]: Not enough blobs < 4.
[INFO] [1788573225.172881584] [carolus_ros2]: Time to find contours: 0.000324 seconds
[ERROR] [1788573225.173302793] [carolus_ros2]: Not enough blobs < 4.
[INFO] [1788573225.204747643] [carolus_ros2]: Time to find contours: 0.000346 seconds
[ERROR] [1788573225.205189832] [carolus_ros2]: Not enough blobs < 4.
[INFO] [1788573225.236769246] [carolus_ros2]: Time to find contours: 0.000302 seconds
[ERROR] [1788573225.237157272] [carolus_ros2]: Not enough blobs < 4.
[INFO] [1788573225.272867821] [carolus_ros2]: Time to find contours: 0.000323 seconds
[ERROR] [1788573225.273270606] [carolus_ros2]: Not enough blobs < 4.
[INFO] [1788573225.304756989] [carolus_ros2]: Time to find contours: 0.000344 seconds
[ERROR] [1788573225.305140979] [carolus_ros2]: Not enough blobs < 4.
[INFO] [1788573225.336809368] [carolus_ros2]: Time to find contours: 0.000338 seconds
[ERROR] [1788573225.337209134] [carolus_ros2]: Not enough blobs < 4.
[INFO] [1788573225.372759195] [carolus_ros2]: Time to find contours: 0.000340 seconds
[ERROR] [1788573225.373157665] [carolus_ros2]: Not enough blobs < 4.
[INFO] [1788573225.404803777] [carolus_ros2]: Time to find contours: 0.000312 seconds
[ERROR] [1788573225.405205136] [carolus_ros2]: Not enough blobs < 4.
[INFO] [1788573225.436789938] [carolus_ros2]: Time to find contours: 0.000311 seconds
[ERROR] [1788573225.437192853] [carolus_ros2]: Not enough blobs < 4.
[INFO] [1788573225.472781614] [carolus_ros2]: Time to find contours: 0.000359 seconds
[ERROR] [1788573225.473175733] [carolus_ros2]: Not enough blobs < 4.
[INFO] [1788573225.504895951] [carolus_ros2]: Time to find contours: 0.000329 seconds
[ERROR] [1788573225.505299958] [carolus_ros2]: Not enough blobs < 4.
[INFO] [1788573225.536633186] [carolus_ros2]: Time to find contours: 0.000325 seconds
[ERROR] [1788573225.537022787] [carolus_ros2]: Not enough blobs < 4.
[INFO] [1788573225.568899382] [carolus_ros2]: Time to find contours: 0.000302 seconds
[ERROR] [1788573225.569300463] [carolus_ros2]: Not enough blobs < 4.
[INFO] [1788573225.604688906] [carolus_ros2]: Time to find contours: 0.000317 seconds
[ERROR] [1788573225.605085987] [carolus_ros2]: Not enough blobs < 4.
[INFO] [1788573225.636851609] [carolus_ros2]: Time to find contours: 0.000303 seconds
[ERROR] [1788573225.637258431] [carolus_ros2]: Not enough blobs < 4.
[INFO] [1788573225.672929964] [carolus_ros2]: Time to find contours: 0.000339 seconds
[ERROR] [1788573225.673362413] [carolus_ros2]: Not enough blobs < 4.
[INFO] [1788573225.704846167] [carolus_ros2]: Time to find contours: 0.000328 seconds
[ERROR] [1788573225.705244952] [carolus_ros2]: Not enough blobs < 4.
[INFO] [1788573225.736677488] [carolus_ros2]: Time to find contours: 0.000315 seconds
[ERROR] [1788573225.737060404] [carolus_ros2]: Not enough blobs < 4.
[INFO] [1788573225.768683314] [carolus_ros2]: Time to find contours: 0.000349 seconds
[ERROR] [1788573225.769134262] [carolus_ros2]: Not enough blobs < 4.
[INFO] [1788573225.804877845] [carolus_ros2]: Time to find contours: 0.000323 seconds
[ERROR] [1788573225.805268520] [carolus_ros2]: Not enough blobs < 4.
[INFO] [1788573225.836949407] [carolus_ros2]: Time to find contours: 0.000306 seconds
[ERROR] [1788573225.837321398] [carolus_ros2]: Not enough blobs < 4.
[INFO] [1788573225.872788262] [carolus_ros2]: Time to find contours: 0.000310 seconds
[ERROR] [1788573225.873194898] [carolus_ros2]: Not enough blobs < 4.
[INFO] [1788573225.904444762] [carolus_ros2]: Time to find contours: 0.000315 seconds
[ERROR] [1788573225.904867564] [carolus_ros2]: Not enough blobs < 4.
[INFO] [1788573225.936820172] [carolus_ros2]: Time to find contours: 0.000323 seconds
[ERROR] [1788573225.937252121] [carolus_ros2]: Not enough blobs < 4.
[INFO] [1788573225.968901196] [carolus_ros2]: Time to find contours: 0.000326 seconds
[ERROR] [1788573225.969276409] [carolus_ros2]: Not enough blobs < 4.
[INFO] [1788573226.004869671] [carolus_ros2]: Time to find contours: 0.000340 seconds
[ERROR] [1788573226.005257569] [carolus_ros2]: Not enough blobs < 4.
[INFO] [1788573226.036391808] [carolus_ros2]: Time to find contours: 0.000294 seconds
[ERROR] [1788573226.036798055] [carolus_ros2]: Not enough blobs < 4.
[INFO] [1788573226.072807654] [carolus_ros2]: Time to find contours: 0.000311 seconds
[ERROR] [1788573226.073199218] [carolus_ros2]: Not enough blobs < 4.
[INFO] [1788573226.104783535] [carolus_ros2]: Time to find contours: 0.000320 seconds
[ERROR] [1788573226.105219669] [carolus_ros2]: Not enough blobs < 4.
[INFO] [1788573226.136738509] [carolus_ros2]: Time to find contours: 0.000352 seconds
[ERROR] [1788573226.137149664] [carolus_ros2]: Not enough blobs < 4.
[INFO] [1788573226.169251312] [carolus_ros2]: Time to find contours: 0.000362 seconds
[ERROR] [1788573226.169737943] [carolus_ros2]: Not enough blobs < 4.
[INFO] [1788573226.204572407] [carolus_ros2]: Time to find contours: 0.000359 seconds
[ERROR] [1788573226.205035483] [carolus_ros2]: Not enough blobs < 4.
[INFO] [1788573226.236757938] [carolus_ros2]: Time to find contours: 0.000312 seconds
[ERROR] [1788573226.237160371] [carolus_ros2]: Not enough blobs < 4.
[INFO] [1788573226.272877807] [carolus_ros2]: Time to find contours: 0.000326 seconds
[ERROR] [1788573226.273305849] [carolus_ros2]: Not enough blobs < 4.
[INFO] [1788573226.304772175] [carolus_ros2]: Time to find contours: 0.000349 seconds
[ERROR] [1788573226.305200772] [carolus_ros2]: Not enough blobs < 4.
[INFO] [1788573226.336763554] [carolus_ros2]: Time to find contours: 0.000338 seconds
[ERROR] [1788573226.337190337] [carolus_ros2]: Not enough blobs < 4.
[INFO] [1788573226.368806966] [carolus_ros2]: Time to find contours: 0.000285 seconds
[ERROR] [1788573226.369189067] [carolus_ros2]: Not enough blobs < 4.
[INFO] [1788573226.404851988] [carolus_ros2]: Time to find contours: 0.000313 seconds
[ERROR] [1788573226.405248773] [carolus_ros2]: Not enough blobs < 4.
[INFO] [1788573226.436721284] [carolus_ros2]: Time to find contours: 0.000349 seconds
[ERROR] [1788573226.437135753] [carolus_ros2]: Not enough blobs < 4.
[INFO] [1788573226.472779712] [carolus_ros2]: Time to find contours: 0.000313 seconds
[ERROR] [1788573226.473200922] [carolus_ros2]: Not enough blobs < 4.
[INFO] [1788573226.504730132] [carolus_ros2]: Time to find contours: 0.000337 seconds
[ERROR] [1788573226.505156081] [carolus_ros2]: Not enough blobs < 4.
[INFO] [1788573226.536798412] [carolus_ros2]: Time to find contours: 0.000322 seconds
[ERROR] [1788573226.537182254] [carolus_ros2]: Not enough blobs < 4.
[INFO] [1788573226.572694242] [carolus_ros2]: Time to find contours: 0.000336 seconds
[ERROR] [1788573226.573147727] [carolus_ros2]: Not enough blobs < 4.
[INFO] [1788573226.604865126] [carolus_ros2]: Time to find contours: 0.000311 seconds
[ERROR] [1788573226.605266263] [carolus_ros2]: Not enough blobs < 4.
[INFO] [1788573226.636746569] [carolus_ros2]: Time to find contours: 0.000347 seconds
[ERROR] [1788573226.637155854] [carolus_ros2]: Not enough blobs < 4.
[INFO] [1788573226.672815145] [carolus_ros2]: Time to find contours: 0.000312 seconds
[ERROR] [1788573226.673235003] [carolus_ros2]: Not enough blobs < 4.
[INFO] [1788573226.704763194] [carolus_ros2]: Time to find contours: 0.000365 seconds
[ERROR] [1788573226.705175293] [carolus_ros2]: Not enough blobs < 4.
[INFO] [1788573226.736781071] [carolus_ros2]: Time to find contours: 0.000310 seconds
[ERROR] [1788573226.737173468] [carolus_ros2]: Not enough blobs < 4.
[INFO] [1788573226.772704066] [carolus_ros2]: Time to find contours: 0.000317 seconds
[ERROR] [1788573226.773103091] [carolus_ros2]: Not enough blobs < 4.
[INFO] [1788573226.804860451] [carolus_ros2]: Time to find contours: 0.000322 seconds
[ERROR] [1788573226.805293845] [carolus_ros2]: Not enough blobs < 4.
[INFO] [1788573226.836541668] [carolus_ros2]: Time to find contours: 0.000323 seconds
[ERROR] [1788573226.836961396] [carolus_ros2]: Not enough blobs < 4.
[INFO] [1788573226.872840356] [carolus_ros2]: Time to find contours: 0.000333 seconds
[ERROR] [1788573226.873278361] [carolus_ros2]: Not enough blobs < 4.
[INFO] [1788573226.904728484] [carolus_ros2]: Time to find contours: 0.000340 seconds
[ERROR] [1788573226.905162711] [carolus_ros2]: Not enough blobs < 4.
[INFO] [1788573226.936594058] [carolus_ros2]: Time to find contours: 0.000327 seconds
[ERROR] [1788573226.937021359] [carolus_ros2]: Not enough blobs < 4.
[INFO] [1788573226.972785199] [carolus_ros2]: Time to find contours: 0.000327 seconds
[ERROR] [1788573226.973251997] [carolus_ros2]: Not enough blobs < 4.
[INFO] [1788573227.004801300] [carolus_ros2]: Time to find contours: 0.000333 seconds
[ERROR] [1788573227.005265803] [carolus_ros2]: Not enough blobs < 4.
[INFO] [1788573227.036768936] [carolus_ros2]: Time to find contours: 0.000286 seconds
[ERROR] [1788573227.037199016] [carolus_ros2]: Not enough blobs < 4.
[INFO] [1788573227.072825085] [carolus_ros2]: Time to find contours: 0.000339 seconds
[ERROR] [1788573227.073309698] [carolus_ros2]: Not enough blobs < 4.
[INFO] [1788573227.104748744] [carolus_ros2]: Time to find contours: 0.000335 seconds
[ERROR] [1788573227.105199470] [carolus_ros2]: Not enough blobs < 4.
[INFO] [1788573227.136748470] [carolus_ros2]: Time to find contours: 0.000340 seconds
[ERROR] [1788573227.137180198] [carolus_ros2]: Not enough blobs < 4.
[INFO] [1788573227.172446609] [carolus_ros2]: Time to find contours: 0.000326 seconds
[ERROR] [1788573227.172867541] [carolus_ros2]: Not enough blobs < 4.
[INFO] [1788573227.204789792] [carolus_ros2]: Time to find contours: 0.000359 seconds
[ERROR] [1788573227.205211353] [carolus_ros2]: Not enough blobs < 4.
[INFO] [1788573227.236842218] [carolus_ros2]: Time to find contours: 0.000299 seconds
[ERROR] [1788573227.237245244] [carolus_ros2]: Not enough blobs < 4.
[INFO] [1788573227.272846353] [carolus_ros2]: Time to find contours: 0.000315 seconds
[ERROR] [1788573227.273272543] [carolus_ros2]: Not enough blobs < 4.
[INFO] [1788573227.304869207] [carolus_ros2]: Time to find contours: 0.000318 seconds
[ERROR] [1788573227.305272770] [carolus_ros2]: Not enough blobs < 4.
[INFO] [1788573227.337033811] [carolus_ros2]: Time to find contours: 0.000336 seconds
[ERROR] [1788573227.337505220] [carolus_ros2]: Not enough blobs < 4.
[INFO] [1788573227.372832831] [carolus_ros2]: Time to find contours: 0.000313 seconds
[ERROR] [1788573227.373234171] [carolus_ros2]: Not enough blobs < 4.
[INFO] [1788573227.404959956] [carolus_ros2]: Time to find contours: 0.000320 seconds
[ERROR] [1788573227.405347631] [carolus_ros2]: Not enough blobs < 4.
[INFO] [1788573227.436477440] [carolus_ros2]: Time to find contours: 0.000345 seconds
[ERROR] [1788573227.436901687] [carolus_ros2]: Not enough blobs < 4.
[INFO] [1788573227.472902340] [carolus_ros2]: Time to find contours: 0.000330 seconds
[ERROR] [1788573227.473315550] [carolus_ros2]: Not enough blobs < 4.
[INFO] [1788573227.504826017] [carolus_ros2]: Time to find contours: 0.000309 seconds
[ERROR] [1788573227.505215599] [carolus_ros2]: Not enough blobs < 4.
[INFO] [1788573227.536441642] [carolus_ros2]: Time to find contours: 0.000311 seconds
[ERROR] [1788573227.536881054] [carolus_ros2]: Not enough blobs < 4.
[INFO] [1788573227.572877578] [carolus_ros2]: Time to find contours: 0.000337 seconds
[ERROR] [1788573227.573304028] [carolus_ros2]: Not enough blobs < 4.
[INFO] [1788573227.604859213] [carolus_ros2]: Time to find contours: 0.000326 seconds
[ERROR] [1788573227.605275071] [carolus_ros2]: Not enough blobs < 4.
[INFO] [1788573227.636977616] [carolus_ros2]: Time to find contours: 0.000332 seconds
[ERROR] [1788573227.637372606] [carolus_ros2]: Not enough blobs < 4.
[INFO] [1788573227.672906219] [carolus_ros2]: Time to find contours: 0.000344 seconds
[ERROR] [1788573227.673330707] [carolus_ros2]: Not enough blobs < 4.
[INFO] [1788573227.705025308] [carolus_ros2]: Time to find contours: 0.000342 seconds
[ERROR] [1788573227.705443740] [carolus_ros2]: Not enough blobs < 4.
[INFO] [1788573227.736805162] [carolus_ros2]: Time to find contours: 0.000349 seconds
[ERROR] [1788573227.737218205] [carolus_ros2]: Not enough blobs < 4.
[INFO] [1788573227.773016244] [carolus_ros2]: Time to find contours: 0.000321 seconds
[ERROR] [1788573227.773446527] [carolus_ros2]: Not enough blobs < 4.
[INFO] [1788573227.804871444] [carolus_ros2]: Time to find contours: 0.000358 seconds
[ERROR] [1788573227.805297172] [carolus_ros2]: Not enough blobs < 4.
[INFO] [1788573227.836977478] [carolus_ros2]: Time to find contours: 0.000337 seconds
[ERROR] [1788573227.837402854] [carolus_ros2]: Not enough blobs < 4.
[INFO] [1788573227.872816939] [carolus_ros2]: Time to find contours: 0.000324 seconds
[ERROR] [1788573227.873241963] [carolus_ros2]: Not enough blobs < 4.
[INFO] [1788573227.904914585] [carolus_ros2]: Time to find contours: 0.000324 seconds
[ERROR] [1788573227.905317166] [carolus_ros2]: Not enough blobs < 4.
[INFO] [1788573227.936798487] [carolus_ros2]: Time to find contours: 0.000306 seconds
[ERROR] [1788573227.937225363] [carolus_ros2]: Not enough blobs < 4.
[INFO] [1788573227.972918724] [carolus_ros2]: Time to find contours: 0.000313 seconds
[ERROR] [1788573227.973343452] [carolus_ros2]: Not enough blobs < 4.
[INFO] [1788573228.004881214] [carolus_ros2]: Time to find contours: 0.000331 seconds
[ERROR] [1788573228.005315053] [carolus_ros2]: Not enough blobs < 4.
[INFO] [1788573228.036930248] [carolus_ros2]: Time to find contours: 0.000302 seconds
[ERROR] [1788573228.037351606] [carolus_ros2]: Not enough blobs < 4.
[INFO] [1788573228.072854146] [carolus_ros2]: Time to find contours: 0.000336 seconds
[ERROR] [1788573228.073263616] [carolus_ros2]: Not enough blobs < 4.
[INFO] [1788573228.105068798] [carolus_ros2]: Time to find contours: 0.000333 seconds
[ERROR] [1788573228.105488526] [carolus_ros2]: Not enough blobs < 4.
[INFO] [1788573228.136780505] [carolus_ros2]: Time to find contours: 0.000331 seconds
[ERROR] [1788573228.137174346] [carolus_ros2]: Not enough blobs < 4.
[INFO] [1788573228.172722068] [carolus_ros2]: Time to find contours: 0.000330 seconds
[ERROR] [1788573228.173146777] [carolus_ros2]: Not enough blobs < 4.
[INFO] [1788573228.205025491] [carolus_ros2]: Time to find contours: 0.000309 seconds
[ERROR] [1788573228.205459496] [carolus_ros2]: Not enough blobs < 4.
[INFO] [1788573228.236925258] [carolus_ros2]: Time to find contours: 0.000302 seconds
[ERROR] [1788573228.237328062] [carolus_ros2]: Not enough blobs < 4.
[INFO] [1788573228.272499422] [carolus_ros2]: Time to find contours: 0.000335 seconds
[ERROR] [1788573228.272938945] [carolus_ros2]: Not enough blobs < 4.
[INFO] [1788573228.304859563] [carolus_ros2]: Time to find contours: 0.000329 seconds
[ERROR] [1788573228.305287791] [carolus_ros2]: Not enough blobs < 4.
[INFO] [1788573228.336817567] [carolus_ros2]: Time to find contours: 0.000321 seconds
[ERROR] [1788573228.337229092] [carolus_ros2]: Not enough blobs < 4.
[INFO] [1788573228.372845864] [carolus_ros2]: Time to find contours: 0.000354 seconds
[ERROR] [1788573228.373279221] [carolus_ros2]: Not enough blobs < 4.
[INFO] [1788573228.405015149] [carolus_ros2]: Time to find contours: 0.000320 seconds
[ERROR] [1788573228.405440470] [carolus_ros2]: Not enough blobs < 4.
[INFO] [1788573228.436944044] [carolus_ros2]: Time to find contours: 0.000292 seconds
[ERROR] [1788573228.437376456] [carolus_ros2]: Not enough blobs < 4.
[INFO] [1788573228.472396606] [carolus_ros2]: Time to find contours: 0.000330 seconds
[ERROR] [1788573228.472875404] [carolus_ros2]: Not enough blobs < 4.
[INFO] [1788573228.504772357] [carolus_ros2]: Time to find contours: 0.000300 seconds
[ERROR] [1788573228.505178993] [carolus_ros2]: Not enough blobs < 4.
[INFO] [1788573228.536811873] [carolus_ros2]: Time to find contours: 0.000325 seconds
[ERROR] [1788573228.537246656] [carolus_ros2]: Not enough blobs < 4.
[INFO] [1788573228.572781971] [carolus_ros2]: Time to find contours: 0.000359 seconds
[ERROR] [1788573228.573206125] [carolus_ros2]: Not enough blobs < 4.
[INFO] [1788573228.604853115] [carolus_ros2]: Time to find contours: 0.000320 seconds
[ERROR] [1788573228.605266381] [carolus_ros2]: Not enough blobs < 4.
[INFO] [1788573228.636771140] [carolus_ros2]: Time to find contours: 0.000324 seconds
[ERROR] [1788573228.637197831] [carolus_ros2]: Not enough blobs < 4.
[INFO] [1788573228.672833435] [carolus_ros2]: Time to find contours: 0.000317 seconds
[ERROR] [1788573228.673253719] [carolus_ros2]: Not enough blobs < 4.
[INFO] [1788573228.704699445] [carolus_ros2]: Time to find contours: 0.000326 seconds
[ERROR] [1788573228.705108952] [carolus_ros2]: Not enough blobs < 4.
[INFO] [1788573228.736826566] [carolus_ros2]: Time to find contours: 0.000332 seconds
[ERROR] [1788573228.737268627] [carolus_ros2]: Not enough blobs < 4.
[INFO] [1788573228.772713967] [carolus_ros2]: Time to find contours: 0.000346 seconds
[ERROR] [1788573228.773139269] [carolus_ros2]: Not enough blobs < 4.
[INFO] [1788573228.804819756] [carolus_ros2]: Time to find contours: 0.000333 seconds
[ERROR] [1788573228.805245669] [carolus_ros2]: Not enough blobs < 4.
[INFO] [1788573228.836086329] [carolus_ros2]: Time to find contours: 0.000316 seconds
[ERROR] [1788573228.836564257] [carolus_ros2]: Not enough blobs < 4.
[INFO] [1788573228.873035726] [carolus_ros2]: Time to find contours: 0.000353 seconds
[ERROR] [1788573228.873512080] [carolus_ros2]: Not enough blobs < 4.
[INFO] [1788573228.904745563] [carolus_ros2]: Time to find contours: 0.000355 seconds
[ERROR] [1788573228.905203288] [carolus_ros2]: Not enough blobs < 4.
[INFO] [1788573228.936635886] [carolus_ros2]: Time to find contours: 0.000354 seconds
[ERROR] [1788573228.937093501] [carolus_ros2]: Not enough blobs < 4.
[INFO] [1788573228.972703458] [carolus_ros2]: Time to find contours: 0.000341 seconds
[ERROR] [1788573228.973103262] [carolus_ros2]: Not enough blobs < 4.
[INFO] [1788573229.004772641] [carolus_ros2]: Time to find contours: 0.000363 seconds
[ERROR] [1788573229.005212664] [carolus_ros2]: Not enough blobs < 4.
[INFO] [1788573229.036719382] [carolus_ros2]: Time to find contours: 0.000325 seconds
[ERROR] [1788573229.037124594] [carolus_ros2]: Not enough blobs < 4.
[INFO] [1788573229.072765751] [carolus_ros2]: Time to find contours: 0.000338 seconds
[ERROR] [1788573229.073231513] [carolus_ros2]: Not enough blobs < 4.
[INFO] [1788573229.104745416] [carolus_ros2]: Time to find contours: 0.000335 seconds
[ERROR] [1788573229.105146479] [carolus_ros2]: Not enough blobs < 4.
[INFO] [1788573229.136841924] [carolus_ros2]: Time to find contours: 0.000338 seconds
[ERROR] [1788573229.137291799] [carolus_ros2]: Not enough blobs < 4.
[INFO] [1788573229.172904550] [carolus_ros2]: Time to find contours: 0.000344 seconds
[ERROR] [1788573229.173371035] [carolus_ros2]: Not enough blobs < 4.
[INFO] [1788573229.204759965] [carolus_ros2]: Time to find contours: 0.000363 seconds
[ERROR] [1788573229.205188434] [carolus_ros2]: Not enough blobs < 4.
[INFO] [1788573229.236807866] [carolus_ros2]: Time to find contours: 0.000313 seconds
[ERROR] [1788573229.237218744] [carolus_ros2]: Not enough blobs < 4.
[INFO] [1788573229.272793146] [carolus_ros2]: Time to find contours: 0.000339 seconds
[ERROR] [1788573229.273216671] [carolus_ros2]: Not enough blobs < 4.
[INFO] [1788573229.304713075] [carolus_ros2]: Time to find contours: 0.000331 seconds
[ERROR] [1788573229.305133044] [carolus_ros2]: Not enough blobs < 4.
[INFO] [1788573229.336877782] [carolus_ros2]: Time to find contours: 0.000322 seconds
[ERROR] [1788573229.337322602] [carolus_ros2]: Not enough blobs < 4.
[INFO] [1788573229.372778735] [carolus_ros2]: Time to find contours: 0.000368 seconds
[ERROR] [1788573229.373201204] [carolus_ros2]: Not enough blobs < 4.
[INFO] [1788573229.404849171] [carolus_ros2]: Time to find contours: 0.000322 seconds
[ERROR] [1788573229.405268900] [carolus_ros2]: Not enough blobs < 4.
[INFO] [1788573229.436773211] [carolus_ros2]: Time to find contours: 0.000348 seconds
[ERROR] [1788573229.437187403] [carolus_ros2]: Not enough blobs < 4.
[INFO] [1788573229.472858484] [carolus_ros2]: Time to find contours: 0.000313 seconds
[ERROR] [1788573229.473270083] [carolus_ros2]: Not enough blobs < 4.
[INFO] [1788573229.504696233] [carolus_ros2]: Time to find contours: 0.000332 seconds
[ERROR] [1788573229.505100833] [carolus_ros2]: Not enough blobs < 4.
[INFO] [1788573229.536864051] [carolus_ros2]: Time to find contours: 0.000330 seconds
[ERROR] [1788573229.537277558] [carolus_ros2]: Not enough blobs < 4.
[INFO] [1788573229.572760245] [carolus_ros2]: Time to find contours: 0.000347 seconds
[ERROR] [1788573229.573178955] [carolus_ros2]: Not enough blobs < 4.
[INFO] [1788573229.604831274] [carolus_ros2]: Time to find contours: 0.000333 seconds
[ERROR] [1788573229.605223023] [carolus_ros2]: Not enough blobs < 4.
[INFO] [1788573229.636855417] [carolus_ros2]: Time to find contours: 0.000291 seconds
[ERROR] [1788573229.637259573] [carolus_ros2]: Not enough blobs < 4.
[INFO] [1788573229.672392397] [carolus_ros2]: Time to find contours: 0.000341 seconds
[ERROR] [1788573229.672843549] [carolus_ros2]: Not enough blobs < 4.
[INFO] [1788573229.704774403] [carolus_ros2]: Time to find contours: 0.000325 seconds
[ERROR] [1788573229.705190336] [carolus_ros2]: Not enough blobs < 4.
[INFO] [1788573229.736909168] [carolus_ros2]: Time to find contours: 0.000336 seconds
[ERROR] [1788573229.737319193] [carolus_ros2]: Not enough blobs < 4.
[INFO] [1788573229.772804214] [carolus_ros2]: Time to find contours: 0.000326 seconds
[ERROR] [1788573229.773228405] [carolus_ros2]: Not enough blobs < 4.
[INFO] [1788573229.804818469] [carolus_ros2]: Time to find contours: 0.000341 seconds
[ERROR] [1788573229.805228402] [carolus_ros2]: Not enough blobs < 4.
[INFO] [1788573229.836821780] [carolus_ros2]: Time to find contours: 0.000302 seconds
[ERROR] [1788573229.837230140] [carolus_ros2]: Not enough blobs < 4.
[INFO] [1788573229.872463289] [carolus_ros2]: Time to find contours: 0.000347 seconds
[ERROR] [1788573229.872913460] [carolus_ros2]: Not enough blobs < 4.
[INFO] [1788573229.904741914] [carolus_ros2]: Time to find contours: 0.000327 seconds
[ERROR] [1788573229.905139978] [carolus_ros2]: Not enough blobs < 4.
[INFO] [1788573229.936899066] [carolus_ros2]: Time to find contours: 0.000311 seconds
[ERROR] [1788573229.937278372] [carolus_ros2]: Not enough blobs < 4.
[INFO] [1788573229.972781483] [carolus_ros2]: Time to find contours: 0.000329 seconds
[ERROR] [1788573229.973177621] [carolus_ros2]: Not enough blobs < 4.
[INFO] [1788573230.004781575] [carolus_ros2]: Time to find contours: 0.000355 seconds
[ERROR] [1788573230.005158362] [carolus_ros2]: Not enough blobs < 4.
[INFO] [1788573230.037264347] [carolus_ros2]: Time to find contours: 0.000303 seconds
[ERROR] [1788573230.037624155] [carolus_ros2]: Not enough blobs < 4.
[INFO] [1788573230.072748254] [carolus_ros2]: Time to find contours: 0.000390 seconds
[ERROR] [1788573230.073139670] [carolus_ros2]: Not enough blobs < 4.
[INFO] [1788573230.105103796] [carolus_ros2]: Time to find contours: 0.000339 seconds
[ERROR] [1788573230.105535116] [carolus_ros2]: Not enough blobs < 4.
[INFO] [1788573230.136789719] [carolus_ros2]: Time to find contours: 0.000325 seconds
[ERROR] [1788573230.137168710] [carolus_ros2]: Not enough blobs < 4.
[INFO] [1788573230.168837524] [carolus_ros2]: Time to find contours: 0.000310 seconds
[ERROR] [1788573230.169220125] [carolus_ros2]: Not enough blobs < 4.
[INFO] [1788573230.204828597] [carolus_ros2]: Time to find contours: 0.000322 seconds
[ERROR] [1788573230.205232494] [carolus_ros2]: Not enough blobs < 4.
[INFO] [1788573230.236877624] [carolus_ros2]: Time to find contours: 0.000315 seconds
[ERROR] [1788573230.237258578] [carolus_ros2]: Not enough blobs < 4.
[INFO] [1788573230.272378493] [carolus_ros2]: Time to find contours: 0.000314 seconds
[ERROR] [1788573230.272807925] [carolus_ros2]: Not enough blobs < 4.
[INFO] [1788573230.304879135] [carolus_ros2]: Time to find contours: 0.000340 seconds
[ERROR] [1788573230.305298290] [carolus_ros2]: Not enough blobs < 4.
[INFO] [1788573230.336747656] [carolus_ros2]: Time to find contours: 0.000350 seconds
[ERROR] [1788573230.337145386] [carolus_ros2]: Not enough blobs < 4.
[INFO] [1788573230.368913248] [carolus_ros2]: Time to find contours: 0.000307 seconds
[ERROR] [1788573230.369310682] [carolus_ros2]: Not enough blobs < 4.
[INFO] [1788573230.404835864] [carolus_ros2]: Time to find contours: 0.000316 seconds
[ERROR] [1788573230.405235557] [carolus_ros2]: Not enough blobs < 4.
[INFO] [1788573230.436923147] [carolus_ros2]: Time to find contours: 0.000338 seconds
[ERROR] [1788573230.437283269] [carolus_ros2]: Not enough blobs < 4.
[INFO] [1788573230.472399444] [carolus_ros2]: Time to find contours: 0.000317 seconds
[ERROR] [1788573230.472839949] [carolus_ros2]: Not enough blobs < 4.
[INFO] [1788573230.504727598] [carolus_ros2]: Time to find contours: 0.000329 seconds
[ERROR] [1788573230.505159715] [carolus_ros2]: Not enough blobs < 4.
[INFO] [1788573230.536746775] [carolus_ros2]: Time to find contours: 0.000355 seconds
[ERROR] [1788573230.537149653] [carolus_ros2]: Not enough blobs < 4.
[INFO] [1788573230.568835725] [carolus_ros2]: Time to find contours: 0.000285 seconds
[ERROR] [1788573230.569227955] [carolus_ros2]: Not enough blobs < 4.
[INFO] [1788573230.604851648] [carolus_ros2]: Time to find contours: 0.000328 seconds
[ERROR] [1788573230.605254823] [carolus_ros2]: Not enough blobs < 4.
[INFO] [1788573230.636352770] [carolus_ros2]: Time to find contours: 0.000315 seconds
[ERROR] [1788573230.636773444] [carolus_ros2]: Not enough blobs < 4.
[INFO] [1788573230.672776239] [carolus_ros2]: Time to find contours: 0.000331 seconds
[ERROR] [1788573230.673203189] [carolus_ros2]: Not enough blobs < 4.
[INFO] [1788573230.704764603] [carolus_ros2]: Time to find contours: 0.000353 seconds
[ERROR] [1788573230.705159667] [carolus_ros2]: Not enough blobs < 4.
[INFO] [1788573230.736222543] [carolus_ros2]: Time to find contours: 0.000316 seconds
[ERROR] [1788573230.736664492] [carolus_ros2]: Not enough blobs < 4.
[INFO] [1788573230.768590861] [carolus_ros2]: Time to find contours: 0.000327 seconds
[ERROR] [1788573230.768983851] [carolus_ros2]: Not enough blobs < 4.
[INFO] [1788573230.804798179] [carolus_ros2]: Time to find contours: 0.000332 seconds
[ERROR] [1788573230.805222278] [carolus_ros2]: Not enough blobs < 4.
[INFO] [1788573230.836724547] [carolus_ros2]: Time to find contours: 0.000321 seconds
[ERROR] [1788573230.837119389] [carolus_ros2]: Not enough blobs < 4.
[INFO] [1788573230.872864666] [carolus_ros2]: Time to find contours: 0.000359 seconds
[ERROR] [1788573230.873288913] [carolus_ros2]: Not enough blobs < 4.
[INFO] [1788573230.904688468] [carolus_ros2]: Time to find contours: 0.000360 seconds
[ERROR] [1788573230.905111030] [carolus_ros2]: Not enough blobs < 4.
[INFO] [1788573230.936868171] [carolus_ros2]: Time to find contours: 0.000343 seconds
[ERROR] [1788573230.937294714] [carolus_ros2]: Not enough blobs < 4.
[INFO] [1788573230.968683140] [carolus_ros2]: Time to find contours: 0.000306 seconds
[ERROR] [1788573230.969071630] [carolus_ros2]: Not enough blobs < 4.
[INFO] [1788573231.004818650] [carolus_ros2]: Time to find contours: 0.000322 seconds
[ERROR] [1788573231.005222176] [carolus_ros2]: Not enough blobs < 4.
[INFO] [1788573231.036843396] [carolus_ros2]: Time to find contours: 0.000337 seconds
[ERROR] [1788573231.037228146] [carolus_ros2]: Not enough blobs < 4.
[INFO] [1788573231.072851282] [carolus_ros2]: Time to find contours: 0.000341 seconds
[ERROR] [1788573231.073249457] [carolus_ros2]: Not enough blobs < 4.
[INFO] [1788573231.104762277] [carolus_ros2]: Time to find contours: 0.000345 seconds
[ERROR] [1788573231.105169618] [carolus_ros2]: Not enough blobs < 4.
[INFO] [1788573231.136936809] [carolus_ros2]: Time to find contours: 0.000304 seconds
[ERROR] [1788573231.137349817] [carolus_ros2]: Not enough blobs < 4.
[INFO] [1788573231.168722684] [carolus_ros2]: Time to find contours: 0.000332 seconds
[ERROR] [1788573231.169126359] [carolus_ros2]: Not enough blobs < 4.
[INFO] [1788573231.204800546] [carolus_ros2]: Time to find contours: 0.000314 seconds
[ERROR] [1788573231.205215813] [carolus_ros2]: Not enough blobs < 4.
[INFO] [1788573231.236580144] [carolus_ros2]: Time to find contours: 0.000321 seconds
[ERROR] [1788573231.237007150] [carolus_ros2]: Not enough blobs < 4.
[INFO] [1788573231.272798607] [carolus_ros2]: Time to find contours: 0.000328 seconds
[ERROR] [1788573231.273213651] [carolus_ros2]: Not enough blobs < 4.
[INFO] [1788573231.304757840] [carolus_ros2]: Time to find contours: 0.000339 seconds
[ERROR] [1788573231.305169773] [carolus_ros2]: Not enough blobs < 4.
[INFO] [1788573231.336436593] [carolus_ros2]: Time to find contours: 0.000336 seconds
[ERROR] [1788573231.336878209] [carolus_ros2]: Not enough blobs < 4.
[INFO] [1788573231.368794834] [carolus_ros2]: Time to find contours: 0.000328 seconds
[ERROR] [1788573231.369228728] [carolus_ros2]: Not enough blobs < 4.
[INFO] [1788573231.404841494] [carolus_ros2]: Time to find contours: 0.000338 seconds
[ERROR] [1788573231.405242132] [carolus_ros2]: Not enough blobs < 4.
[INFO] [1788573231.436741046] [carolus_ros2]: Time to find contours: 0.000323 seconds
[ERROR] [1788573231.437126518] [carolus_ros2]: Not enough blobs < 4.
[INFO] [1788573231.472831389] [carolus_ros2]: Time to find contours: 0.000327 seconds
[ERROR] [1788573231.473269598] [carolus_ros2]: Not enough blobs < 4.
[INFO] [1788573231.504659686] [carolus_ros2]: Time to find contours: 0.000367 seconds
[ERROR] [1788573231.505102025] [carolus_ros2]: Not enough blobs < 4.
[INFO] [1788573231.536880363] [carolus_ros2]: Time to find contours: 0.000343 seconds
[ERROR] [1788573231.537272020] [carolus_ros2]: Not enough blobs < 4.
[INFO] [1788573231.568790859] [carolus_ros2]: Time to find contours: 0.000318 seconds
[ERROR] [1788573231.569210088] [carolus_ros2]: Not enough blobs < 4.
[INFO] [1788573231.604837575] [carolus_ros2]: Time to find contours: 0.000355 seconds
[ERROR] [1788573231.605279451] [carolus_ros2]: Not enough blobs < 4.
[INFO] [1788573231.636772124] [carolus_ros2]: Time to find contours: 0.000313 seconds
[ERROR] [1788573231.637204056] [carolus_ros2]: Not enough blobs < 4.
[INFO] [1788573231.672787324] [carolus_ros2]: Time to find contours: 0.000335 seconds
[ERROR] [1788573231.673224626] [carolus_ros2]: Not enough blobs < 4.
[INFO] [1788573231.704782462] [carolus_ros2]: Time to find contours: 0.000318 seconds
[ERROR] [1788573231.705177378] [carolus_ros2]: Not enough blobs < 4.
[INFO] [1788573231.736324225] [carolus_ros2]: Time to find contours: 0.000327 seconds
[ERROR] [1788573231.736792117] [carolus_ros2]: Not enough blobs < 4.
[INFO] [1788573231.768759572] [carolus_ros2]: Time to find contours: 0.000334 seconds
[ERROR] [1788573231.769162246] [carolus_ros2]: Not enough blobs < 4.
[INFO] [1788573231.804435907] [carolus_ros2]: Time to find contours: 0.000337 seconds
[ERROR] [1788573231.804898003] [carolus_ros2]: Not enough blobs < 4.
[INFO] [1788573231.836657232] [carolus_ros2]: Time to find contours: 0.000376 seconds
[ERROR] [1788573231.837095885] [carolus_ros2]: Not enough blobs < 4.
[INFO] [1788573231.872920543] [carolus_ros2]: Time to find contours: 0.000326 seconds
[ERROR] [1788573231.873326736] [carolus_ros2]: Not enough blobs < 4.
[INFO] [1788573231.904776061] [carolus_ros2]: Time to find contours: 0.000326 seconds
[ERROR] [1788573231.905146479] [carolus_ros2]: Not enough blobs < 4.
[INFO] [1788573231.936904115] [carolus_ros2]: Time to find contours: 0.000371 seconds
[ERROR] [1788573231.937268274] [carolus_ros2]: Not enough blobs < 4.
[INFO] [1788573231.968366903] [carolus_ros2]: Time to find contours: 0.000339 seconds
[ERROR] [1788573231.968787169] [carolus_ros2]: Not enough blobs < 4.
[INFO] [1788573232.004403380] [carolus_ros2]: Time to find contours: 0.000331 seconds
[ERROR] [1788573232.004948323] [carolus_ros2]: Not enough blobs < 4.
[INFO] [1788573232.036672217] [carolus_ros2]: Time to find contours: 0.000329 seconds
[ERROR] [1788573232.037083243] [carolus_ros2]: Not enough blobs < 4.
[INFO] [1788573232.072796036] [carolus_ros2]: Time to find contours: 0.000347 seconds
[ERROR] [1788573232.073201303] [carolus_ros2]: Not enough blobs < 4.
[INFO] [1788573232.104724860] [carolus_ros2]: Time to find contours: 0.000340 seconds
[ERROR] [1788573232.105152607] [carolus_ros2]: Not enough blobs < 4.
[INFO] [1788573232.136732196] [carolus_ros2]: Time to find contours: 0.000365 seconds
[ERROR] [1788573232.137166036] [carolus_ros2]: Not enough blobs < 4.
[INFO] [1788573232.169747109] [carolus_ros2]: Time to find contours: 0.000301 seconds
[ERROR] [1788573232.170154080] [carolus_ros2]: Not enough blobs < 4.
[INFO] [1788573232.204778599] [carolus_ros2]: Time to find contours: 0.000364 seconds
[ERROR] [1788573232.205244399] [carolus_ros2]: Not enough blobs < 4.
[INFO] [1788573232.236882021] [carolus_ros2]: Time to find contours: 0.000331 seconds
[ERROR] [1788573232.237288288] [carolus_ros2]: Not enough blobs < 4.
[INFO] [1788573232.272694104] [carolus_ros2]: Time to find contours: 0.000357 seconds
[ERROR] [1788573232.273112703] [carolus_ros2]: Not enough blobs < 4.
[INFO] [1788573232.304849207] [carolus_ros2]: Time to find contours: 0.000325 seconds
[ERROR] [1788573232.305280602] [carolus_ros2]: Not enough blobs < 4.
[INFO] [1788573232.336778253] [carolus_ros2]: Time to find contours: 0.000306 seconds
[ERROR] [1788573232.337171521] [carolus_ros2]: Not enough blobs < 4.
[INFO] [1788573232.368898897] [carolus_ros2]: Time to find contours: 0.000332 seconds
[ERROR] [1788573232.369282314] [carolus_ros2]: Not enough blobs < 4.
[INFO] [1788573232.404689573] [carolus_ros2]: Time to find contours: 0.000343 seconds
[ERROR] [1788573232.405092192] [carolus_ros2]: Not enough blobs < 4.
[INFO] [1788573232.436766460] [carolus_ros2]: Time to find contours: 0.000339 seconds
[ERROR] [1788573232.437173876] [carolus_ros2]: Not enough blobs < 4.
[INFO] [1788573232.468780667] [carolus_ros2]: Time to find contours: 0.000362 seconds
[ERROR] [1788573232.469176749] [carolus_ros2]: Not enough blobs < 4.
[INFO] [1788573232.504366747] [carolus_ros2]: Time to find contours: 0.000331 seconds
[ERROR] [1788573232.504788031] [carolus_ros2]: Not enough blobs < 4.
[INFO] [1788573232.536902508] [carolus_ros2]: Time to find contours: 0.000337 seconds
[ERROR] [1788573232.537296017] [carolus_ros2]: Not enough blobs < 4.
[INFO] [1788573232.568322498] [carolus_ros2]: Time to find contours: 0.000313 seconds
[ERROR] [1788573232.568768855] [carolus_ros2]: Not enough blobs < 4.
[INFO] [1788573232.604756184] [carolus_ros2]: Time to find contours: 0.000338 seconds
[ERROR] [1788573232.605148508] [carolus_ros2]: Not enough blobs < 4.
[INFO] [1788573232.636329607] [carolus_ros2]: Time to find contours: 0.000319 seconds
[ERROR] [1788573232.636750540] [carolus_ros2]: Not enough blobs < 4.
[INFO] [1788573232.668773283] [carolus_ros2]: Time to find contours: 0.000306 seconds
[ERROR] [1788573232.669164311] [carolus_ros2]: Not enough blobs < 4.
[INFO] [1788573232.704237298] [carolus_ros2]: Time to find contours: 0.000293 seconds
[ERROR] [1788573232.704650750] [carolus_ros2]: Not enough blobs < 4.
[INFO] [1788573232.736786022] [carolus_ros2]: Time to find contours: 0.000331 seconds
[ERROR] [1788573232.737185289] [carolus_ros2]: Not enough blobs < 4.
[INFO] [1788573232.768810190] [carolus_ros2]: Time to find contours: 0.000295 seconds
[ERROR] [1788573232.769211513] [carolus_ros2]: Not enough blobs < 4.
[INFO] [1788573232.804399918] [carolus_ros2]: Time to find contours: 0.000320 seconds
[ERROR] [1788573232.804831128] [carolus_ros2]: Not enough blobs < 4.
[INFO] [1788573232.836679921] [carolus_ros2]: Time to find contours: 0.000351 seconds
[ERROR] [1788573232.837062578] [carolus_ros2]: Not enough blobs < 4.
[INFO] [1788573232.868779732] [carolus_ros2]: Time to find contours: 0.000319 seconds
[ERROR] [1788573232.869173407] [carolus_ros2]: Not enough blobs < 4.
[INFO] [1788573232.904667550] [carolus_ros2]: Time to find contours: 0.000349 seconds
[ERROR] [1788573232.905122684] [carolus_ros2]: Not enough blobs < 4.
[INFO] [1788573232.936778434] [carolus_ros2]: Time to find contours: 0.000350 seconds
[ERROR] [1788573232.937215644] [carolus_ros2]: Not enough blobs < 4.
[INFO] [1788573232.968782641] [carolus_ros2]: Time to find contours: 0.000305 seconds
[ERROR] [1788573232.969176039] [carolus_ros2]: Not enough blobs < 4.
[INFO] [1788573233.004359557] [carolus_ros2]: Time to find contours: 0.000301 seconds
[ERROR] [1788573233.004775065] [carolus_ros2]: Not enough blobs < 4.
[INFO] [1788573233.036624205] [carolus_ros2]: Time to find contours: 0.000343 seconds
[ERROR] [1788573233.037031472] [carolus_ros2]: Not enough blobs < 4.
[INFO] [1788573233.068834819] [carolus_ros2]: Time to find contours: 0.000312 seconds
[ERROR] [1788573233.069221310] [carolus_ros2]: Not enough blobs < 4.
[INFO] [1788573233.104321071] [carolus_ros2]: Time to find contours: 0.000315 seconds
[ERROR] [1788573233.104752096] [carolus_ros2]: Not enough blobs < 4.
[INFO] [1788573233.136804036] [carolus_ros2]: Time to find contours: 0.000308 seconds
[ERROR] [1788573233.137239135] [carolus_ros2]: Not enough blobs < 4.
[INFO] [1788573233.168717709] [carolus_ros2]: Time to find contours: 0.000360 seconds
[ERROR] [1788573233.169133846] [carolus_ros2]: Not enough blobs < 4.
[INFO] [1788573233.204886615] [carolus_ros2]: Time to find contours: 0.000318 seconds
[ERROR] [1788573233.205314696] [carolus_ros2]: Not enough blobs < 4.
[INFO] [1788573233.236574989] [carolus_ros2]: Time to find contours: 0.000332 seconds
[ERROR] [1788573233.236971664] [carolus_ros2]: Not enough blobs < 4.
[INFO] [1788573233.268932408] [carolus_ros2]: Time to find contours: 0.000307 seconds
[ERROR] [1788573233.269319695] [carolus_ros2]: Not enough blobs < 4.
[INFO] [1788573233.304726489] [carolus_ros2]: Time to find contours: 0.000343 seconds
[ERROR] [1788573233.305121591] [carolus_ros2]: Not enough blobs < 4.
[INFO] [1788573233.336921308] [carolus_ros2]: Time to find contours: 0.000302 seconds
[ERROR] [1788573233.337307151] [carolus_ros2]: Not enough blobs < 4.
[INFO] [1788573233.368133160] [carolus_ros2]: Time to find contours: 0.000300 seconds
[ERROR] [1788573233.368533613] [carolus_ros2]: Not enough blobs < 4.
[INFO] [1788573233.404465778] [carolus_ros2]: Time to find contours: 0.000347 seconds
[ERROR] [1788573233.404878230] [carolus_ros2]: Not enough blobs < 4.
[INFO] [1788573233.436667300] [carolus_ros2]: Time to find contours: 0.000335 seconds
[ERROR] [1788573233.437053513] [carolus_ros2]: Not enough blobs < 4.
[INFO] [1788573233.468785069] [carolus_ros2]: Time to find contours: 0.000305 seconds
[ERROR] [1788573233.469172245] [carolus_ros2]: Not enough blobs < 4.
[INFO] [1788573233.504146292] [carolus_ros2]: Time to find contours: 0.000299 seconds
[ERROR] [1788573233.504581336] [carolus_ros2]: Not enough blobs < 4.
[INFO] [1788573233.536886980] [carolus_ros2]: Time to find contours: 0.000319 seconds
[ERROR] [1788573233.537281711] [carolus_ros2]: Not enough blobs < 4.
[INFO] [1788573233.568353462] [carolus_ros2]: Time to find contours: 0.000337 seconds
[ERROR] [1788573233.568761156] [carolus_ros2]: Not enough blobs < 4.
[INFO] [1788573233.604841531] [carolus_ros2]: Time to find contours: 0.000347 seconds
[ERROR] [1788573233.605280519] [carolus_ros2]: Not enough blobs < 4.
[INFO] [1788573233.636768518] [carolus_ros2]: Time to find contours: 0.000338 seconds
[ERROR] [1788573233.637174896] [carolus_ros2]: Not enough blobs < 4.
[INFO] [1788573233.668315642] [carolus_ros2]: Time to find contours: 0.000329 seconds
[ERROR] [1788573233.668706781] [carolus_ros2]: Not enough blobs < 4.
[INFO] [1788573233.704713199] [carolus_ros2]: Time to find contours: 0.000351 seconds
[ERROR] [1788573233.705128503] [carolus_ros2]: Not enough blobs < 4.
[INFO] [1788573233.736859818] [carolus_ros2]: Time to find contours: 0.000321 seconds
[ERROR] [1788573233.737248420] [carolus_ros2]: Not enough blobs < 4.
[INFO] [1788573233.768745215] [carolus_ros2]: Time to find contours: 0.000330 seconds
[ERROR] [1788573233.769131484] [carolus_ros2]: Not enough blobs < 4.
[INFO] [1788573233.804470931] [carolus_ros2]: Time to find contours: 0.000351 seconds
[ERROR] [1788573233.804885957] [carolus_ros2]: Not enough blobs < 4.
[INFO] [1788573233.836576275] [carolus_ros2]: Time to find contours: 0.000325 seconds
[ERROR] [1788573233.836990764] [carolus_ros2]: Not enough blobs < 4.
[INFO] [1788573233.868817424] [carolus_ros2]: Time to find contours: 0.000318 seconds
[ERROR] [1788573233.869214785] [carolus_ros2]: Not enough blobs < 4.
[INFO] [1788573233.904640392] [carolus_ros2]: Time to find contours: 0.000346 seconds
[ERROR] [1788573233.905072084] [carolus_ros2]: Not enough blobs < 4.
[INFO] [1788573233.936904170] [carolus_ros2]: Time to find contours: 0.000310 seconds
[ERROR] [1788573233.937300716] [carolus_ros2]: Not enough blobs < 4.
[INFO] [1788573233.968698054] [carolus_ros2]: Time to find contours: 0.000319 seconds
[ERROR] [1788573233.969055677] [carolus_ros2]: Not enough blobs < 4.
[INFO] [1788573234.004436660] [carolus_ros2]: Time to find contours: 0.000323 seconds
[ERROR] [1788573234.004845446] [carolus_ros2]: Not enough blobs < 4.
[INFO] [1788573234.036674565] [carolus_ros2]: Time to find contours: 0.000330 seconds
[ERROR] [1788573234.037055668] [carolus_ros2]: Not enough blobs < 4.
[INFO] [1788573234.068821161] [carolus_ros2]: Time to find contours: 0.000311 seconds
[ERROR] [1788573234.069215874] [carolus_ros2]: Not enough blobs < 4.
[INFO] [1788573234.104207639] [carolus_ros2]: Time to find contours: 0.000313 seconds
[ERROR] [1788573234.104627295] [carolus_ros2]: Not enough blobs < 4.
[INFO] [1788573234.136773206] [carolus_ros2]: Time to find contours: 0.000281 seconds
[ERROR] [1788573234.137155605] [carolus_ros2]: Not enough blobs < 4.
[INFO] [1788573234.168768628] [carolus_ros2]: Time to find contours: 0.000306 seconds
[ERROR] [1788573234.169141157] [carolus_ros2]: Not enough blobs < 4.
[INFO] [1788573234.204318076] [carolus_ros2]: Time to find contours: 0.000325 seconds
[ERROR] [1788573234.204740620] [carolus_ros2]: Not enough blobs < 4.
[INFO] [1788573234.236643549] [carolus_ros2]: Time to find contours: 0.000349 seconds
[ERROR] [1788573234.237042243] [carolus_ros2]: Not enough blobs < 4.
[INFO] [1788573234.268791775] [carolus_ros2]: Time to find contours: 0.000306 seconds
[ERROR] [1788573234.269169155] [carolus_ros2]: Not enough blobs < 4.
[INFO] [1788573234.304630628] [carolus_ros2]: Time to find contours: 0.000341 seconds
[ERROR] [1788573234.305041933] [carolus_ros2]: Not enough blobs < 4.
[INFO] [1788573234.336745709] [carolus_ros2]: Time to find contours: 0.000329 seconds
[ERROR] [1788573234.337167419] [carolus_ros2]: Not enough blobs < 4.
[INFO] [1788573234.368704540] [carolus_ros2]: Time to find contours: 0.000323 seconds
[ERROR] [1788573234.369100568] [carolus_ros2]: Not enough blobs < 4.
[INFO] [1788573234.404255322] [carolus_ros2]: Time to find contours: 0.000317 seconds
[ERROR] [1788573234.404676051] [carolus_ros2]: Not enough blobs < 4.
[INFO] [1788573234.436741876] [carolus_ros2]: Time to find contours: 0.000338 seconds
[ERROR] [1788573234.437144458] [carolus_ros2]: Not enough blobs < 4.
[INFO] [1788573234.468731761] [carolus_ros2]: Time to find contours: 0.000323 seconds
[ERROR] [1788573234.469133103] [carolus_ros2]: Not enough blobs < 4.
[INFO] [1788573234.504395608] [carolus_ros2]: Time to find contours: 0.000315 seconds
[ERROR] [1788573234.504813968] [carolus_ros2]: Not enough blobs < 4.
[INFO] [1788573234.536803908] [carolus_ros2]: Time to find contours: 0.000322 seconds
[ERROR] [1788573234.537200677] [carolus_ros2]: Not enough blobs < 4.
[INFO] [1788573234.568858234] [carolus_ros2]: Time to find contours: 0.000303 seconds
[ERROR] [1788573234.569260150] [carolus_ros2]: Not enough blobs < 4.
[INFO] [1788573234.604638406] [carolus_ros2]: Time to find contours: 0.000346 seconds
[ERROR] [1788573234.605019213] [carolus_ros2]: Not enough blobs < 4.
[INFO] [1788573234.636682510] [carolus_ros2]: Time to find contours: 0.000340 seconds
[ERROR] [1788573234.637073890] [carolus_ros2]: Not enough blobs < 4.
[INFO] [1788573234.668773055] [carolus_ros2]: Time to find contours: 0.000320 seconds
[ERROR] [1788573234.669157639] [carolus_ros2]: Not enough blobs < 4.
[INFO] [1788573234.704694791] [carolus_ros2]: Time to find contours: 0.000363 seconds
[ERROR] [1788573234.705109984] [carolus_ros2]: Not enough blobs < 4.
[INFO] [1788573234.736782540] [carolus_ros2]: Time to find contours: 0.000290 seconds
[ERROR] [1788573234.737242989] [carolus_ros2]: Not enough blobs < 4.
[INFO] [1788573234.768236296] [carolus_ros2]: Time to find contours: 0.000311 seconds
[ERROR] [1788573234.768637805] [carolus_ros2]: Not enough blobs < 4.
[INFO] [1788573234.804690736] [carolus_ros2]: Time to find contours: 0.000350 seconds
[ERROR] [1788573234.805089856] [carolus_ros2]: Not enough blobs < 4.
[INFO] [1788573234.836682584] [carolus_ros2]: Time to find contours: 0.000326 seconds
[ERROR] [1788573234.837084556] [carolus_ros2]: Not enough blobs < 4.
[INFO] [1788573234.868786832] [carolus_ros2]: Time to find contours: 0.000286 seconds
[ERROR] [1788573234.869168101] [carolus_ros2]: Not enough blobs < 4.
[INFO] [1788573234.904352816] [carolus_ros2]: Time to find contours: 0.000334 seconds
[ERROR] [1788573234.904797933] [carolus_ros2]: Not enough blobs < 4.
[INFO] [1788573234.936670530] [carolus_ros2]: Time to find contours: 0.000334 seconds
[ERROR] [1788573234.937057354] [carolus_ros2]: Not enough blobs < 4.
[INFO] [1788573234.968717948] [carolus_ros2]: Time to find contours: 0.000308 seconds
[ERROR] [1788573234.969098384] [carolus_ros2]: Not enough blobs < 4.
[INFO] [1788573235.004776214] [carolus_ros2]: Time to find contours: 0.000370 seconds
[ERROR] [1788573235.005190963] [carolus_ros2]: Not enough blobs < 4.
[INFO] [1788573235.036735171] [carolus_ros2]: Time to find contours: 0.000328 seconds
[ERROR] [1788573235.037131847] [carolus_ros2]: Not enough blobs < 4.
[INFO] [1788573235.068777382] [carolus_ros2]: Time to find contours: 0.000300 seconds
[ERROR] [1788573235.069153559] [carolus_ros2]: Not enough blobs < 4.
[INFO] [1788573235.104736429] [carolus_ros2]: Time to find contours: 0.000317 seconds
[ERROR] [1788573235.105140178] [carolus_ros2]: Not enough blobs < 4.
[INFO] [1788573235.136780972] [carolus_ros2]: Time to find contours: 0.000311 seconds
[ERROR] [1788573235.137187814] [carolus_ros2]: Not enough blobs < 4.
[INFO] [1788573235.168498669] [carolus_ros2]: Time to find contours: 0.000321 seconds
[ERROR] [1788573235.168897493] [carolus_ros2]: Not enough blobs < 4.
[INFO] [1788573235.204842300] [carolus_ros2]: Time to find contours: 0.000322 seconds
[ERROR] [1788573235.205256159] [carolus_ros2]: Not enough blobs < 4.
[INFO] [1788573235.236678506] [carolus_ros2]: Time to find contours: 0.000327 seconds
[ERROR] [1788573235.237087978] [carolus_ros2]: Not enough blobs < 4.
[INFO] [1788573235.268612502] [carolus_ros2]: Time to find contours: 0.000345 seconds
[ERROR] [1788573235.269009752] [carolus_ros2]: Not enough blobs < 4.
[INFO] [1788573235.304785478] [carolus_ros2]: Time to find contours: 0.000322 seconds
[ERROR] [1788573235.305209097] [carolus_ros2]: Not enough blobs < 4.
[INFO] [1788573235.336935237] [carolus_ros2]: Time to find contours: 0.000292 seconds
[ERROR] [1788573235.337340616] [carolus_ros2]: Not enough blobs < 4.
[INFO] [1788573235.368099269] [carolus_ros2]: Time to find contours: 0.000289 seconds
[ERROR] [1788573235.368503777] [carolus_ros2]: Not enough blobs < 4.
[INFO] [1788573235.404709640] [carolus_ros2]: Time to find contours: 0.000333 seconds
[ERROR] [1788573235.405106464] [carolus_ros2]: Not enough blobs < 4.
[INFO] [1788573235.436297364] [carolus_ros2]: Time to find contours: 0.000316 seconds
[ERROR] [1788573235.436704132] [carolus_ros2]: Not enough blobs < 4.
[INFO] [1788573235.468790339] [carolus_ros2]: Time to find contours: 0.000317 seconds
[ERROR] [1788573235.469168424] [carolus_ros2]: Not enough blobs < 4.
[INFO] [1788573235.504268494] [carolus_ros2]: Time to find contours: 0.000303 seconds
[ERROR] [1788573235.504703722] [carolus_ros2]: Not enough blobs < 4.
[INFO] [1788573235.536676623] [carolus_ros2]: Time to find contours: 0.000334 seconds
[ERROR] [1788573235.537083576] [carolus_ros2]: Not enough blobs < 4.
[INFO] [1788573235.568739944] [carolus_ros2]: Time to find contours: 0.000293 seconds
[ERROR] [1788573235.569117139] [carolus_ros2]: Not enough blobs < 4.
[INFO] [1788573235.604470543] [carolus_ros2]: Time to find contours: 0.000323 seconds
[ERROR] [1788573235.604875904] [carolus_ros2]: Not enough blobs < 4.
[INFO] [1788573235.636732535] [carolus_ros2]: Time to find contours: 0.000321 seconds
[ERROR] [1788573235.637118748] [carolus_ros2]: Not enough blobs < 4.
[INFO] [1788573235.669063392] [carolus_ros2]: Time to find contours: 0.000305 seconds
[ERROR] [1788573235.669465993] [carolus_ros2]: Not enough blobs < 4.
[INFO] [1788573235.704686295] [carolus_ros2]: Time to find contours: 0.000342 seconds
[ERROR] [1788573235.705072176] [carolus_ros2]: Not enough blobs < 4.
[INFO] [1788573235.736846053] [carolus_ros2]: Time to find contours: 0.000325 seconds
[ERROR] [1788573235.737237693] [carolus_ros2]: Not enough blobs < 4.
[INFO] [1788573235.768810936] [carolus_ros2]: Time to find contours: 0.000298 seconds
[ERROR] [1788573235.769222426] [carolus_ros2]: Not enough blobs < 4.
[INFO] [1788573235.804357049] [carolus_ros2]: Time to find contours: 0.000318 seconds
[ERROR] [1788573235.804787000] [carolus_ros2]: Not enough blobs < 4.
[INFO] [1788573235.836701942] [carolus_ros2]: Time to find contours: 0.000308 seconds
[ERROR] [1788573235.837083397] [carolus_ros2]: Not enough blobs < 4.
[INFO] [1788573235.868337292] [carolus_ros2]: Time to find contours: 0.000303 seconds
[ERROR] [1788573235.868749319] [carolus_ros2]: Not enough blobs < 4.
[INFO] [1788573235.904180921] [carolus_ros2]: Time to find contours: 0.000304 seconds
[ERROR] [1788573235.904609428] [carolus_ros2]: Not enough blobs < 4.
[INFO] [1788573235.936675600] [carolus_ros2]: Time to find contours: 0.000332 seconds
[ERROR] [1788573235.937074998] [carolus_ros2]: Not enough blobs < 4.
[INFO] [1788573235.968663018] [carolus_ros2]: Time to find contours: 0.000316 seconds
[ERROR] [1788573235.969057972] [carolus_ros2]: Not enough blobs < 4.
[INFO] [1788573236.004412581] [carolus_ros2]: Time to find contours: 0.000323 seconds
[ERROR] [1788573236.004843866] [carolus_ros2]: Not enough blobs < 4.
[INFO] [1788573236.036649200] [carolus_ros2]: Time to find contours: 0.000339 seconds
[ERROR] [1788573236.037051691] [carolus_ros2]: Not enough blobs < 4.
[INFO] [1788573236.068916428] [carolus_ros2]: Time to find contours: 0.000296 seconds
[ERROR] [1788573236.069315956] [carolus_ros2]: Not enough blobs < 4.
[INFO] [1788573236.105249094] [carolus_ros2]: Time to find contours: 0.000370 seconds
[ERROR] [1788573236.105747337] [carolus_ros2]: Not enough blobs < 4.
[INFO] [1788573236.135472872] [carolus_ros2]: Time to find contours: 0.000341 seconds
[ERROR] [1788573236.135888251] [carolus_ros2]: Not enough blobs < 4.
[INFO] [1788573236.168808507] [carolus_ros2]: Time to find contours: 0.000327 seconds
[ERROR] [1788573236.169250921] [carolus_ros2]: Not enough blobs < 4.
[INFO] [1788573236.204605137] [carolus_ros2]: Time to find contours: 0.000330 seconds
[ERROR] [1788573236.204997683] [carolus_ros2]: Not enough blobs < 4.
[INFO] [1788573236.236731541] [carolus_ros2]: Time to find contours: 0.000336 seconds
[ERROR] [1788573236.237158641] [carolus_ros2]: Not enough blobs < 4.
[INFO] [1788573236.268778340] [carolus_ros2]: Time to find contours: 0.000316 seconds
[ERROR] [1788573236.269181089] [carolus_ros2]: Not enough blobs < 4.
[INFO] [1788573236.304799342] [carolus_ros2]: Time to find contours: 0.000313 seconds
[ERROR] [1788573236.305227757] [carolus_ros2]: Not enough blobs < 4.
[INFO] [1788573236.336794663] [carolus_ros2]: Time to find contours: 0.000312 seconds
[ERROR] [1788573236.337194765] [carolus_ros2]: Not enough blobs < 4.
[INFO] [1788573236.368844629] [carolus_ros2]: Time to find contours: 0.000306 seconds
[ERROR] [1788573236.369266618] [carolus_ros2]: Not enough blobs < 4.
[INFO] [1788573236.404384276] [carolus_ros2]: Time to find contours: 0.000330 seconds
[ERROR] [1788573236.404815135] [carolus_ros2]: Not enough blobs < 4.
[INFO] [1788573236.436645227] [carolus_ros2]: Time to find contours: 0.000327 seconds
[ERROR] [1788573236.437037125] [carolus_ros2]: Not enough blobs < 4.
[INFO] [1788573236.468675804] [carolus_ros2]: Time to find contours: 0.000330 seconds
[ERROR] [1788573236.469063981] [carolus_ros2]: Not enough blobs < 4.
[INFO] [1788573236.504677438] [carolus_ros2]: Time to find contours: 0.000340 seconds
[ERROR] [1788573236.505078836] [carolus_ros2]: Not enough blobs < 4.
[INFO] [1788573236.536736329] [carolus_ros2]: Time to find contours: 0.000345 seconds
[ERROR] [1788573236.537151429] [carolus_ros2]: Not enough blobs < 4.
[INFO] [1788573236.568713669] [carolus_ros2]: Time to find contours: 0.000309 seconds
[ERROR] [1788573236.569099309] [carolus_ros2]: Not enough blobs < 4.
[INFO] [1788573236.604384752] [carolus_ros2]: Time to find contours: 0.000317 seconds
[ERROR] [1788573236.604814167] [carolus_ros2]: Not enough blobs < 4.
[INFO] [1788573236.636679756] [carolus_ros2]: Time to find contours: 0.000345 seconds
[ERROR] [1788573236.637081746] [carolus_ros2]: Not enough blobs < 4.
[INFO] [1788573236.668710648] [carolus_ros2]: Time to find contours: 0.000312 seconds
[ERROR] [1788573236.669088659] [carolus_ros2]: Not enough blobs < 4.
[INFO] [1788573236.704718411] [carolus_ros2]: Time to find contours: 0.000335 seconds
[ERROR] [1788573236.705136660] [carolus_ros2]: Not enough blobs < 4.
[INFO] [1788573236.736574520] [carolus_ros2]: Time to find contours: 0.000344 seconds
[ERROR] [1788573236.736978621] [carolus_ros2]: Not enough blobs < 4.
[INFO] [1788573236.768780159] [carolus_ros2]: Time to find contours: 0.000303 seconds
[ERROR] [1788573236.769163632] [carolus_ros2]: Not enough blobs < 4.
[INFO] [1788573236.804169243] [carolus_ros2]: Time to find contours: 0.000295 seconds
[ERROR] [1788573236.804595232] [carolus_ros2]: Not enough blobs < 4.
[INFO] [1788573236.836584257] [carolus_ros2]: Time to find contours: 0.000330 seconds
[ERROR] [1788573236.837011135] [carolus_ros2]: Not enough blobs < 4.
[INFO] [1788573236.868667201] [carolus_ros2]: Time to find contours: 0.000333 seconds
[ERROR] [1788573236.869066766] [carolus_ros2]: Not enough blobs < 4.
[INFO] [1788573236.904786105] [carolus_ros2]: Time to find contours: 0.000307 seconds
[ERROR] [1788573236.905194817] [carolus_ros2]: Not enough blobs < 4.
[INFO] [1788573236.936472818] [carolus_ros2]: Time to find contours: 0.000307 seconds
[ERROR] [1788573236.936870401] [carolus_ros2]: Not enough blobs < 4.
[INFO] [1788573236.968766766] [carolus_ros2]: Time to find contours: 0.000296 seconds
[ERROR] [1788573236.969159979] [carolus_ros2]: Not enough blobs < 4.
[INFO] [1788573237.004728664] [carolus_ros2]: Time to find contours: 0.000343 seconds
[ERROR] [1788573237.005165855] [carolus_ros2]: Not enough blobs < 4.
[INFO] [1788573237.036711611] [carolus_ros2]: Time to find contours: 0.000306 seconds
[ERROR] [1788573237.037098639] [carolus_ros2]: Not enough blobs < 4.
[INFO] [1788573237.068343934] [carolus_ros2]: Time to find contours: 0.000300 seconds
[ERROR] [1788573237.068766794] [carolus_ros2]: Not enough blobs < 4.
[INFO] [1788573237.104796404] [carolus_ros2]: Time to find contours: 0.000312 seconds
[ERROR] [1788573237.105216634] [carolus_ros2]: Not enough blobs < 4.
[INFO] [1788573237.136818460] [carolus_ros2]: Time to find contours: 0.000298 seconds
[ERROR] [1788573237.137220765] [carolus_ros2]: Not enough blobs < 4.
[INFO] [1788573237.168780983] [carolus_ros2]: Time to find contours: 0.000299 seconds
[ERROR] [1788573237.169206675] [carolus_ros2]: Not enough blobs < 4.
[INFO] [1788573237.204639550] [carolus_ros2]: Time to find contours: 0.000343 seconds
[ERROR] [1788573237.205082926] [carolus_ros2]: Not enough blobs < 4.
[INFO] [1788573237.236703676] [carolus_ros2]: Time to find contours: 0.000313 seconds
[ERROR] [1788573237.237084631] [carolus_ros2]: Not enough blobs < 4.
[INFO] [1788573237.268804893] [carolus_ros2]: Time to find contours: 0.000290 seconds
[ERROR] [1788573237.269196347] [carolus_ros2]: Not enough blobs < 4.
[INFO] [1788573237.304279005] [carolus_ros2]: Time to find contours: 0.000315 seconds
[ERROR] [1788573237.304709716] [carolus_ros2]: Not enough blobs < 4.
[INFO] [1788573237.336645981] [carolus_ros2]: Time to find contours: 0.000330 seconds
[ERROR] [1788573237.337050194] [carolus_ros2]: Not enough blobs < 4.
[INFO] [1788573237.368775011] [carolus_ros2]: Time to find contours: 0.000292 seconds
[ERROR] [1788573237.369156707] [carolus_ros2]: Not enough blobs < 4.
[INFO] [1788573237.404316248] [carolus_ros2]: Time to find contours: 0.000334 seconds
[ERROR] [1788573237.404758273] [carolus_ros2]: Not enough blobs < 4.
[INFO] [1788573237.436651097] [carolus_ros2]: Time to find contours: 0.000335 seconds
[ERROR] [1788573237.437037755] [carolus_ros2]: Not enough blobs < 4.
[INFO] [1788573237.468793959] [carolus_ros2]: Time to find contours: 0.000302 seconds
[ERROR] [1788573237.469208541] [carolus_ros2]: Not enough blobs < 4.
[INFO] [1788573237.504323401] [carolus_ros2]: Time to find contours: 0.000302 seconds
[ERROR] [1788573237.504745853] [carolus_ros2]: Not enough blobs < 4.
[INFO] [1788573237.536835052] [carolus_ros2]: Time to find contours: 0.000356 seconds
[ERROR] [1788573237.537261208] [carolus_ros2]: Not enough blobs < 4.
[INFO] [1788573237.568779632] [carolus_ros2]: Time to find contours: 0.000301 seconds
[ERROR] [1788573237.569162827] [carolus_ros2]: Not enough blobs < 4.
[INFO] [1788573237.604527243] [carolus_ros2]: Time to find contours: 0.000340 seconds
[ERROR] [1788573237.604939770] [carolus_ros2]: Not enough blobs < 4.
[INFO] [1788573237.636724583] [carolus_ros2]: Time to find contours: 0.000326 seconds
[ERROR] [1788573237.637118667] [carolus_ros2]: Not enough blobs < 4.
[INFO] [1788573237.668944717] [carolus_ros2]: Time to find contours: 0.000325 seconds
[ERROR] [1788573237.669339079] [carolus_ros2]: Not enough blobs < 4.
[INFO] [1788573237.704716865] [carolus_ros2]: Time to find contours: 0.000322 seconds
[ERROR] [1788573237.705121188] [carolus_ros2]: Not enough blobs < 4.
[INFO] [1788573237.736911316] [carolus_ros2]: Time to find contours: 0.000306 seconds
[ERROR] [1788573237.737323102] [carolus_ros2]: Not enough blobs < 4.
[INFO] [1788573237.768809472] [carolus_ros2]: Time to find contours: 0.000301 seconds
[ERROR] [1788573237.769192798] [carolus_ros2]: Not enough blobs < 4.
[INFO] [1788573237.804863618] [carolus_ros2]: Time to find contours: 0.000294 seconds
[ERROR] [1788573237.805276608] [carolus_ros2]: Not enough blobs < 4.
[INFO] [1788573237.836706020] [carolus_ros2]: Time to find contours: 0.000330 seconds
[ERROR] [1788573237.837108659] [carolus_ros2]: Not enough blobs < 4.
[INFO] [1788573237.868915396] [carolus_ros2]: Time to find contours: 0.000295 seconds
[ERROR] [1788573237.869299906] [carolus_ros2]: Not enough blobs < 4.
[INFO] [1788573237.904797850] [carolus_ros2]: Time to find contours: 0.000327 seconds
[ERROR] [1788573237.905199933] [carolus_ros2]: Not enough blobs < 4.
[INFO] [1788573237.936833145] [carolus_ros2]: Time to find contours: 0.000312 seconds
[ERROR] [1788573237.937245987] [carolus_ros2]: Not enough blobs < 4.
[INFO] [1788573237.968783780] [carolus_ros2]: Time to find contours: 0.000280 seconds
[ERROR] [1788573237.969149884] [carolus_ros2]: Not enough blobs < 4.
[INFO] [1788573238.004657644] [carolus_ros2]: Time to find contours: 0.000343 seconds
[ERROR] [1788573238.005048617] [carolus_ros2]: Not enough blobs < 4.
[INFO] [1788573238.036647401] [carolus_ros2]: Time to find contours: 0.000326 seconds
[ERROR] [1788573238.037047355] [carolus_ros2]: Not enough blobs < 4.
[INFO] [1788573238.068828089] [carolus_ros2]: Time to find contours: 0.000332 seconds
[ERROR] [1788573238.069219100] [carolus_ros2]: Not enough blobs < 4.
[INFO] [1788573238.104614900] [carolus_ros2]: Time to find contours: 0.000316 seconds
[ERROR] [1788573238.105036000] [carolus_ros2]: Not enough blobs < 4.
[INFO] [1788573238.136729222] [carolus_ros2]: Time to find contours: 0.000318 seconds
[ERROR] [1788573238.137145842] [carolus_ros2]: Not enough blobs < 4.
[INFO] [1788573238.168890412] [carolus_ros2]: Time to find contours: 0.000387 seconds
[ERROR] [1788573238.169347510] [carolus_ros2]: Not enough blobs < 4.
[INFO] [1788573238.204656557] [carolus_ros2]: Time to find contours: 0.000353 seconds
[ERROR] [1788573238.205043771] [carolus_ros2]: Not enough blobs < 4.
[INFO] [1788573238.236708884] [carolus_ros2]: Time to find contours: 0.000305 seconds
[ERROR] [1788573238.237099005] [carolus_ros2]: Not enough blobs < 4.
[INFO] [1788573238.268767896] [carolus_ros2]: Time to find contours: 0.000285 seconds
[ERROR] [1788573238.269138037] [carolus_ros2]: Not enough blobs < 4.
[INFO] [1788573238.304762914] [carolus_ros2]: Time to find contours: 0.000350 seconds
[ERROR] [1788573238.305203365] [carolus_ros2]: Not enough blobs < 4.
[INFO] [1788573238.336837239] [carolus_ros2]: Time to find contours: 0.000321 seconds
[ERROR] [1788573238.337264080] [carolus_ros2]: Not enough blobs < 4.
[INFO] [1788573238.368762612] [carolus_ros2]: Time to find contours: 0.000309 seconds
[ERROR] [1788573238.369156844] [carolus_ros2]: Not enough blobs < 4.
[INFO] [1788573238.404915286] [carolus_ros2]: Time to find contours: 0.000313 seconds
[ERROR] [1788573238.405321776] [carolus_ros2]: Not enough blobs < 4.
[INFO] [1788573238.436817234] [carolus_ros2]: Time to find contours: 0.000300 seconds
[ERROR] [1788573238.437211911] [carolus_ros2]: Not enough blobs < 4.
[INFO] [1788573238.468358634] [carolus_ros2]: Time to find contours: 0.000304 seconds
[ERROR] [1788573238.468773790] [carolus_ros2]: Not enough blobs < 4.
[INFO] [1788573238.504747939] [carolus_ros2]: Time to find contours: 0.000348 seconds
[ERROR] [1788573238.505162096] [carolus_ros2]: Not enough blobs < 4.
[INFO] [1788573238.536749621] [carolus_ros2]: Time to find contours: 0.000320 seconds
[ERROR] [1788573238.537160871] [carolus_ros2]: Not enough blobs < 4.
[INFO] [1788573238.568784783] [carolus_ros2]: Time to find contours: 0.000295 seconds
[ERROR] [1788573238.569148684] [carolus_ros2]: Not enough blobs < 4.
[INFO] [1788573238.604748285] [carolus_ros2]: Time to find contours: 0.000337 seconds
[ERROR] [1788573238.605156738] [carolus_ros2]: Not enough blobs < 4.
[INFO] [1788573238.636790835] [carolus_ros2]: Time to find contours: 0.000323 seconds
[ERROR] [1788573238.637216453] [carolus_ros2]: Not enough blobs < 4.
[INFO] [1788573238.668862623] [carolus_ros2]: Time to find contours: 0.000308 seconds
[ERROR] [1788573238.669249615] [carolus_ros2]: Not enough blobs < 4.
[INFO] [1788573238.704693541] [carolus_ros2]: Time to find contours: 0.000322 seconds
[ERROR] [1788573238.705093366] [carolus_ros2]: Not enough blobs < 4.
[INFO] [1788573238.736835899] [carolus_ros2]: Time to find contours: 0.000327 seconds
[ERROR] [1788573238.737281331] [carolus_ros2]: Not enough blobs < 4.
[INFO] [1788573238.768670186] [carolus_ros2]: Time to find contours: 0.000341 seconds
[ERROR] [1788573238.769073195] [carolus_ros2]: Not enough blobs < 4.
[INFO] [1788573238.804505029] [carolus_ros2]: Time to find contours: 0.000346 seconds
[ERROR] [1788573238.804908594] [carolus_ros2]: Not enough blobs < 4.
[INFO] [1788573238.836907851] [carolus_ros2]: Time to find contours: 0.000307 seconds
[ERROR] [1788573238.837298361] [carolus_ros2]: Not enough blobs < 4.
[INFO] [1788573238.868931013] [carolus_ros2]: Time to find contours: 0.000310 seconds
[ERROR] [1788573238.869334078] [carolus_ros2]: Not enough blobs < 4.
[INFO] [1788573238.904950548] [carolus_ros2]: Time to find contours: 0.000323 seconds
[ERROR] [1788573238.905342539] [carolus_ros2]: Not enough blobs < 4.
[INFO] [1788573238.936717987] [carolus_ros2]: Time to find contours: 0.000335 seconds
[ERROR] [1788573238.937133773] [carolus_ros2]: Not enough blobs < 4.
[INFO] [1788573238.968947154] [carolus_ros2]: Time to find contours: 0.000324 seconds
[ERROR] [1788573238.969364014] [carolus_ros2]: Not enough blobs < 4.
[INFO] [1788573239.004440615] [carolus_ros2]: Time to find contours: 0.000326 seconds
[ERROR] [1788573239.004852698] [carolus_ros2]: Not enough blobs < 4.
[INFO] [1788573239.036932834] [carolus_ros2]: Time to find contours: 0.000308 seconds
[ERROR] [1788573239.037319733] [carolus_ros2]: Not enough blobs < 4.
[INFO] [1788573239.068373383] [carolus_ros2]: Time to find contours: 0.000308 seconds
[ERROR] [1788573239.068792947] [carolus_ros2]: Not enough blobs < 4.
[INFO] [1788573239.104948711] [carolus_ros2]: Time to find contours: 0.000341 seconds
[ERROR] [1788573239.105366256] [carolus_ros2]: Not enough blobs < 4.
[INFO] [1788573239.136778956] [carolus_ros2]: Time to find contours: 0.000326 seconds
[ERROR] [1788573239.137194131] [carolus_ros2]: Not enough blobs < 4.
[INFO] [1788573239.168688529] [carolus_ros2]: Time to find contours: 0.000376 seconds
[ERROR] [1788573239.169115926] [carolus_ros2]: Not enough blobs < 4.
[INFO] [1788573239.204663750] [carolus_ros2]: Time to find contours: 0.000347 seconds
[ERROR] [1788573239.205085702] [carolus_ros2]: Not enough blobs < 4.
[INFO] [1788573239.236636893] [carolus_ros2]: Time to find contours: 0.000335 seconds
[ERROR] [1788573239.237050605] [carolus_ros2]: Not enough blobs < 4.
[INFO] [1788573239.268732990] [carolus_ros2]: Time to find contours: 0.000336 seconds
[ERROR] [1788573239.269141517] [carolus_ros2]: Not enough blobs < 4.
[INFO] [1788573239.304770299] [carolus_ros2]: Time to find contours: 0.000363 seconds
[ERROR] [1788573239.305268524] [carolus_ros2]: Not enough blobs < 4.
[INFO] [1788573239.336754478] [carolus_ros2]: Time to find contours: 0.000324 seconds
[ERROR] [1788573239.337155987] [carolus_ros2]: Not enough blobs < 4.
[INFO] [1788573239.368850112] [carolus_ros2]: Time to find contours: 0.000304 seconds
[ERROR] [1788573239.369256325] [carolus_ros2]: Not enough blobs < 4.
[INFO] [1788573239.404411954] [carolus_ros2]: Time to find contours: 0.000314 seconds
[ERROR] [1788573239.404837036] [carolus_ros2]: Not enough blobs < 4.
[INFO] [1788573239.436993759] [carolus_ros2]: Time to find contours: 0.000319 seconds
[ERROR] [1788573239.437402934] [carolus_ros2]: Not enough blobs < 4.
[INFO] [1788573239.469060877] [carolus_ros2]: Time to find contours: 0.000286 seconds
[ERROR] [1788573239.469470034] [carolus_ros2]: Not enough blobs < 4.
[INFO] [1788573239.504811835] [carolus_ros2]: Time to find contours: 0.000336 seconds
[ERROR] [1788573239.505256860] [carolus_ros2]: Not enough blobs < 4.
[INFO] [1788573239.536786144] [carolus_ros2]: Time to find contours: 0.000320 seconds
[ERROR] [1788573239.537222966] [carolus_ros2]: Not enough blobs < 4.
[INFO] [1788573239.569010881] [carolus_ros2]: Time to find contours: 0.000295 seconds
[ERROR] [1788573239.569432278] [carolus_ros2]: Not enough blobs < 4.
[INFO] [1788573239.604822557] [carolus_ros2]: Time to find contours: 0.000344 seconds
[ERROR] [1788573239.605273785] [carolus_ros2]: Not enough blobs < 4.
[INFO] [1788573239.636798089] [carolus_ros2]: Time to find contours: 0.000299 seconds
[ERROR] [1788573239.637213634] [carolus_ros2]: Not enough blobs < 4.
[INFO] [1788573239.668729864] [carolus_ros2]: Time to find contours: 0.000333 seconds
[ERROR] [1788573239.669137817] [carolus_ros2]: Not enough blobs < 4.
[INFO] [1788573239.704623794] [carolus_ros2]: Time to find contours: 0.000320 seconds
[ERROR] [1788573239.705041117] [carolus_ros2]: Not enough blobs < 4.
[INFO] [1788573239.736557402] [carolus_ros2]: Time to find contours: 0.000331 seconds
[ERROR] [1788573239.736964893] [carolus_ros2]: Not enough blobs < 4.
[INFO] [1788573239.768759640] [carolus_ros2]: Time to find contours: 0.000301 seconds
[ERROR] [1788573239.769154225] [carolus_ros2]: Not enough blobs < 4.
[INFO] [1788573239.804453677] [carolus_ros2]: Time to find contours: 0.000341 seconds
[ERROR] [1788573239.804899127] [carolus_ros2]: Not enough blobs < 4.
[INFO] [1788573239.836588827] [carolus_ros2]: Time to find contours: 0.000328 seconds
[ERROR] [1788573239.837013742] [carolus_ros2]: Not enough blobs < 4.
[INFO] [1788573239.868811638] [carolus_ros2]: Time to find contours: 0.000298 seconds
[ERROR] [1788573239.869203185] [carolus_ros2]: Not enough blobs < 4.
[INFO] [1788573239.904284707] [carolus_ros2]: Time to find contours: 0.000312 seconds
[ERROR] [1788573239.904751990] [carolus_ros2]: Not enough blobs < 4.
[INFO] [1788573239.936814812] [carolus_ros2]: Time to find contours: 0.000296 seconds
[ERROR] [1788573239.937228432] [carolus_ros2]: Not enough blobs < 4.
[INFO] [1788573239.968487198] [carolus_ros2]: Time to find contours: 0.000355 seconds
[ERROR] [1788573239.968941000] [carolus_ros2]: Not enough blobs < 4.
[INFO] [1788573240.004915593] [carolus_ros2]: Time to find contours: 0.000308 seconds
[ERROR] [1788573240.005351729] [carolus_ros2]: Not enough blobs < 4.
[INFO] [1788573240.036470167] [carolus_ros2]: Time to find contours: 0.000340 seconds
[ERROR] [1788573240.036878213] [carolus_ros2]: Not enough blobs < 4.
[INFO] [1788573240.068749099] [carolus_ros2]: Time to find contours: 0.000331 seconds
[ERROR] [1788573240.069133295] [carolus_ros2]: Not enough blobs < 4.
[INFO] [1788573240.103467754] [carolus_ros2]: Time to find contours: 0.000331 seconds
[ERROR] [1788573240.103836859] [carolus_ros2]: Not enough blobs < 4.
[INFO] [1788573240.136920311] [carolus_ros2]: Time to find contours: 0.000367 seconds
[ERROR] [1788573240.137430591] [carolus_ros2]: Not enough blobs < 4.
[INFO] [1788573240.168796863] [carolus_ros2]: Time to find contours: 0.000371 seconds
[ERROR] [1788573240.169270979] [carolus_ros2]: Not enough blobs < 4.
[INFO] [1788573240.204817874] [carolus_ros2]: Time to find contours: 0.000338 seconds
[ERROR] [1788573240.205242530] [carolus_ros2]: Not enough blobs < 4.
[INFO] [1788573240.236782569] [carolus_ros2]: Time to find contours: 0.000296 seconds
[ERROR] [1788573240.237222928] [carolus_ros2]: Not enough blobs < 4.
[INFO] [1788573240.268431970] [carolus_ros2]: Time to find contours: 0.000313 seconds
[ERROR] [1788573240.268865496] [carolus_ros2]: Not enough blobs < 4.
[INFO] [1788573240.304724777] [carolus_ros2]: Time to find contours: 0.000350 seconds
[ERROR] [1788573240.305153859] [carolus_ros2]: Not enough blobs < 4.
[INFO] [1788573240.336968564] [carolus_ros2]: Time to find contours: 0.000351 seconds
[ERROR] [1788573240.337432551] [carolus_ros2]: Not enough blobs < 4.
[INFO] [1788573240.368847153] [carolus_ros2]: Time to find contours: 0.000310 seconds
[ERROR] [1788573240.369277476] [carolus_ros2]: Not enough blobs < 4.
[INFO] [1788573240.404997692] [carolus_ros2]: Time to find contours: 0.000339 seconds
[ERROR] [1788573240.405451050] [carolus_ros2]: Not enough blobs < 4.
[INFO] [1788573240.436705590] [carolus_ros2]: Time to find contours: 0.000334 seconds
[ERROR] [1788573240.437124709] [carolus_ros2]: Not enough blobs < 4.
[INFO] [1788573240.469024149] [carolus_ros2]: Time to find contours: 0.000312 seconds
[ERROR] [1788573240.469465897] [carolus_ros2]: Not enough blobs < 4.
[INFO] [1788573240.504754272] [carolus_ros2]: Time to find contours: 0.000335 seconds
[ERROR] [1788573240.505173781] [carolus_ros2]: Not enough blobs < 4.
[INFO] [1788573240.536811016] [carolus_ros2]: Time to find contours: 0.000344 seconds
[ERROR] [1788573240.537251912] [carolus_ros2]: Not enough blobs < 4.
[INFO] [1788573240.568849669] [carolus_ros2]: Time to find contours: 0.000303 seconds
[ERROR] [1788573240.569302582] [carolus_ros2]: Not enough blobs < 4.
[INFO] [1788573240.604470059] [carolus_ros2]: Time to find contours: 0.000361 seconds
[ERROR] [1788573240.604934120] [carolus_ros2]: Not enough blobs < 4.
[INFO] [1788573240.636851503] [carolus_ros2]: Time to find contours: 0.000340 seconds
[ERROR] [1788573240.637264752] [carolus_ros2]: Not enough blobs < 4.
[INFO] [1788573240.669009869] [carolus_ros2]: Time to find contours: 0.000314 seconds
[ERROR] [1788573240.669432155] [carolus_ros2]: Not enough blobs < 4.
[INFO] [1788573240.704747307] [carolus_ros2]: Time to find contours: 0.000347 seconds
[ERROR] [1788573240.705165186] [carolus_ros2]: Not enough blobs < 4.
[INFO] [1788573240.736502923] [carolus_ros2]: Time to find contours: 0.000351 seconds
[ERROR] [1788573240.736926654] [carolus_ros2]: Not enough blobs < 4.
[INFO] [1788573240.768756098] [carolus_ros2]: Time to find contours: 0.000338 seconds
[ERROR] [1788573240.769154664] [carolus_ros2]: Not enough blobs < 4.
[INFO] [1788573240.804993632] [carolus_ros2]: Time to find contours: 0.000330 seconds
[ERROR] [1788573240.805388494] [carolus_ros2]: Not enough blobs < 4.
[INFO] [1788573240.836740137] [carolus_ros2]: Time to find contours: 0.000344 seconds
[ERROR] [1788573240.837188625] [carolus_ros2]: Not enough blobs < 4.
[INFO] [1788573240.869082417] [carolus_ros2]: Time to find contours: 0.000306 seconds
[ERROR] [1788573240.869513314] [carolus_ros2]: Not enough blobs < 4.
[INFO] [1788573240.904764507] [carolus_ros2]: Time to find contours: 0.000346 seconds
[ERROR] [1788573240.905209939] [carolus_ros2]: Not enough blobs < 4.
[INFO] [1788573240.936919429] [carolus_ros2]: Time to find contours: 0.000314 seconds
[ERROR] [1788573240.937353511] [carolus_ros2]: Not enough blobs < 4.
[INFO] [1788573240.968739115] [carolus_ros2]: Time to find contours: 0.000327 seconds
[ERROR] [1788573240.969172474] [carolus_ros2]: Not enough blobs < 4.
[INFO] [1788573241.004581380] [carolus_ros2]: Time to find contours: 0.000337 seconds
[ERROR] [1788573241.004996038] [carolus_ros2]: Not enough blobs < 4.
[INFO] [1788573241.036770703] [carolus_ros2]: Time to find contours: 0.000321 seconds
[ERROR] [1788573241.037186231] [carolus_ros2]: Not enough blobs < 4.
[INFO] [1788573241.069088555] [carolus_ros2]: Time to find contours: 0.000307 seconds
[ERROR] [1788573241.069545728] [carolus_ros2]: Not enough blobs < 4.
[INFO] [1788573241.104764327] [carolus_ros2]: Time to find contours: 0.000341 seconds
[ERROR] [1788573241.105196039] [carolus_ros2]: Not enough blobs < 4.
[INFO] [1788573241.136759052] [carolus_ros2]: Time to find contours: 0.000335 seconds
[ERROR] [1788573241.137177468] [carolus_ros2]: Not enough blobs < 4.
[INFO] [1788573241.168853789] [carolus_ros2]: Time to find contours: 0.000327 seconds
[ERROR] [1788573241.169288167] [carolus_ros2]: Not enough blobs < 4.
[INFO] [1788573241.204766582] [carolus_ros2]: Time to find contours: 0.000335 seconds
[ERROR] [1788573241.205193479] [carolus_ros2]: Not enough blobs < 4.
[INFO] [1788573241.237066472] [carolus_ros2]: Time to find contours: 0.000355 seconds
[ERROR] [1788573241.237490443] [carolus_ros2]: Not enough blobs < 4.
[INFO] [1788573241.268724183] [carolus_ros2]: Time to find contours: 0.000321 seconds
[ERROR] [1788573241.269133100] [carolus_ros2]: Not enough blobs < 4.
[INFO] [1788573241.304950307] [carolus_ros2]: Time to find contours: 0.000311 seconds
[ERROR] [1788573241.305366631] [carolus_ros2]: Not enough blobs < 4.
[INFO] [1788573241.337123853] [carolus_ros2]: Time to find contours: 0.000347 seconds
[ERROR] [1788573241.337506920] [carolus_ros2]: Not enough blobs < 4.
[INFO] [1788573241.368928369] [carolus_ros2]: Time to find contours: 0.000306 seconds
[ERROR] [1788573241.369353099] [carolus_ros2]: Not enough blobs < 4.
[INFO] [1788573241.404741817] [carolus_ros2]: Time to find contours: 0.000341 seconds
[ERROR] [1788573241.405146642] [carolus_ros2]: Not enough blobs < 4.
[INFO] [1788573241.436946565] [carolus_ros2]: Time to find contours: 0.000309 seconds
[ERROR] [1788573241.437363704] [carolus_ros2]: Not enough blobs < 4.
[INFO] [1788573241.468748451] [carolus_ros2]: Time to find contours: 0.000320 seconds
[ERROR] [1788573241.469188588] [carolus_ros2]: Not enough blobs < 4.
[INFO] [1788573241.504702409] [carolus_ros2]: Time to find contours: 0.000341 seconds
[ERROR] [1788573241.505154915] [carolus_ros2]: Not enough blobs < 4.
[INFO] [1788573241.536746667] [carolus_ros2]: Time to find contours: 0.000333 seconds
[ERROR] [1788573241.537155436] [carolus_ros2]: Not enough blobs < 4.
[INFO] [1788573241.568859773] [carolus_ros2]: Time to find contours: 0.000307 seconds
[ERROR] [1788573241.569300836] [carolus_ros2]: Not enough blobs < 4.
[INFO] [1788573241.604278896] [carolus_ros2]: Time to find contours: 0.000299 seconds
[ERROR] [1788573241.604717533] [carolus_ros2]: Not enough blobs < 4.
[INFO] [1788573241.636644763] [carolus_ros2]: Time to find contours: 0.000344 seconds
[ERROR] [1788573241.637083789] [carolus_ros2]: Not enough blobs < 4.
[INFO] [1788573241.668750721] [carolus_ros2]: Time to find contours: 0.000321 seconds
[ERROR] [1788573241.669161212] [carolus_ros2]: Not enough blobs < 4.
[INFO] [1788573241.704991437] [carolus_ros2]: Time to find contours: 0.000332 seconds
[ERROR] [1788573241.705464498] [carolus_ros2]: Not enough blobs < 4.
[INFO] [1788573241.736871040] [carolus_ros2]: Time to find contours: 0.000303 seconds
[ERROR] [1788573241.737307714] [carolus_ros2]: Not enough blobs < 4.
[INFO] [1788573241.768361873] [carolus_ros2]: Time to find contours: 0.000325 seconds
[ERROR] [1788573241.768829231] [carolus_ros2]: Not enough blobs < 4.
[INFO] [1788573241.804690083] [carolus_ros2]: Time to find contours: 0.000348 seconds
[ERROR] [1788573241.805138534] [carolus_ros2]: Not enough blobs < 4.
[INFO] [1788573241.836700492] [carolus_ros2]: Time to find contours: 0.000315 seconds
[ERROR] [1788573241.837124316] [carolus_ros2]: Not enough blobs < 4.
[INFO] [1788573241.868301744] [carolus_ros2]: Time to find contours: 0.000309 seconds
[ERROR] [1788573241.868755658] [carolus_ros2]: Not enough blobs < 4.
[INFO] [1788573241.904711596] [carolus_ros2]: Time to find contours: 0.000317 seconds
[ERROR] [1788573241.905128457] [carolus_ros2]: Not enough blobs < 4.
[INFO] [1788573241.936813962] [carolus_ros2]: Time to find contours: 0.000302 seconds
[ERROR] [1788573241.937319558] [carolus_ros2]: Not enough blobs < 4.
[INFO] [1788573241.968458748] [carolus_ros2]: Time to find contours: 0.000338 seconds
[ERROR] [1788573241.968932716] [carolus_ros2]: Not enough blobs < 4.
[INFO] [1788573242.004787682] [carolus_ros2]: Time to find contours: 0.000326 seconds
[ERROR] [1788573242.005277112] [carolus_ros2]: Not enough blobs < 4.
[INFO] [1788573242.036711536] [carolus_ros2]: Time to find contours: 0.000311 seconds
[ERROR] [1788573242.037141841] [carolus_ros2]: Not enough blobs < 4.
[INFO] [1788573242.068578266] [carolus_ros2]: Time to find contours: 0.000331 seconds
[ERROR] [1788573242.068999959] [carolus_ros2]: Not enough blobs < 4.
[INFO] [1788573242.104198928] [carolus_ros2]: Time to find contours: 0.000302 seconds
[ERROR] [1788573242.104635954] [carolus_ros2]: Not enough blobs < 4.
[INFO] [1788573242.137017148] [carolus_ros2]: Time to find contours: 0.000302 seconds
[ERROR] [1788573242.137427973] [carolus_ros2]: Not enough blobs < 4.
[INFO] [1788573242.168732795] [carolus_ros2]: Time to find contours: 0.000370 seconds
[ERROR] [1788573242.169217318] [carolus_ros2]: Not enough blobs < 4.
[INFO] [1788573242.204771855] [carolus_ros2]: Time to find contours: 0.000323 seconds
[ERROR] [1788573242.205220029] [carolus_ros2]: Not enough blobs < 4.
[INFO] [1788573242.236781945] [carolus_ros2]: Time to find contours: 0.000304 seconds
[ERROR] [1788573242.237203139] [carolus_ros2]: Not enough blobs < 4.
[INFO] [1788573242.268916212] [carolus_ros2]: Time to find contours: 0.000328 seconds
[ERROR] [1788573242.269343183] [carolus_ros2]: Not enough blobs < 4.
[INFO] [1788573242.304396179] [carolus_ros2]: Time to find contours: 0.000300 seconds
[ERROR] [1788573242.304829021] [carolus_ros2]: Not enough blobs < 4.
[INFO] [1788573242.336732970] [carolus_ros2]: Time to find contours: 0.000350 seconds
[ERROR] [1788573242.337162533] [carolus_ros2]: Not enough blobs < 4.
[INFO] [1788573242.368719987] [carolus_ros2]: Time to find contours: 0.000319 seconds
[ERROR] [1788573242.369121997] [carolus_ros2]: Not enough blobs < 4.
[INFO] [1788573242.404503286] [carolus_ros2]: Time to find contours: 0.000351 seconds
[ERROR] [1788573242.404942534] [carolus_ros2]: Not enough blobs < 4.
[INFO] [1788573242.436729824] [carolus_ros2]: Time to find contours: 0.000326 seconds
[ERROR] [1788573242.437148037] [carolus_ros2]: Not enough blobs < 4.
[INFO] [1788573242.469111686] [carolus_ros2]: Time to find contours: 0.000319 seconds
[ERROR] [1788573242.469561637] [carolus_ros2]: Not enough blobs < 4.
[INFO] [1788573242.504683110] [carolus_ros2]: Time to find contours: 0.000345 seconds
[ERROR] [1788573242.505144913] [carolus_ros2]: Not enough blobs < 4.
[INFO] [1788573242.536804952] [carolus_ros2]: Time to find contours: 0.000297 seconds
[ERROR] [1788573242.537248552] [carolus_ros2]: Not enough blobs < 4.
[INFO] [1788573242.568177418] [carolus_ros2]: Time to find contours: 0.000324 seconds
[ERROR] [1788573242.568651442] [carolus_ros2]: Not enough blobs < 4.
[INFO] [1788573242.604749405] [carolus_ros2]: Time to find contours: 0.000332 seconds
[ERROR] [1788573242.605177821] [carolus_ros2]: Not enough blobs < 4.
[INFO] [1788573242.636580266] [carolus_ros2]: Time to find contours: 0.000333 seconds
[ERROR] [1788573242.637005997] [carolus_ros2]: Not enough blobs < 4.
[INFO] [1788573242.668836636] [carolus_ros2]: Time to find contours: 0.000310 seconds
[ERROR] [1788573242.669285846] [carolus_ros2]: Not enough blobs < 4.
[INFO] [1788573242.704608436] [carolus_ros2]: Time to find contours: 0.000358 seconds
[ERROR] [1788573242.705062924] [carolus_ros2]: Not enough blobs < 4.
[INFO] [1788573242.736666134] [carolus_ros2]: Time to find contours: 0.000353 seconds
[ERROR] [1788573242.737118177] [carolus_ros2]: Not enough blobs < 4.
[INFO] [1788573242.768671576] [carolus_ros2]: Time to find contours: 0.000361 seconds
[ERROR] [1788573242.769119397] [carolus_ros2]: Not enough blobs < 4.
[INFO] [1788573242.804747226] [carolus_ros2]: Time to find contours: 0.000361 seconds
[ERROR] [1788573242.805196603] [carolus_ros2]: Not enough blobs < 4.
[INFO] [1788573242.836487167] [carolus_ros2]: Time to find contours: 0.000324 seconds
[ERROR] [1788573242.836919693] [carolus_ros2]: Not enough blobs < 4.
[INFO] [1788573242.868758554] [carolus_ros2]: Time to find contours: 0.000292 seconds
[ERROR] [1788573242.869187081] [carolus_ros2]: Not enough blobs < 4.
[INFO] [1788573242.904720860] [carolus_ros2]: Time to find contours: 0.000353 seconds
[ERROR] [1788573242.905212734] [carolus_ros2]: Not enough blobs < 4.
[INFO] [1788573242.936574553] [carolus_ros2]: Time to find contours: 0.000332 seconds
[ERROR] [1788573242.937041151] [carolus_ros2]: Not enough blobs < 4.
[INFO] [1788573242.968695709] [carolus_ros2]: Time to find contours: 0.000331 seconds
[ERROR] [1788573242.969125440] [carolus_ros2]: Not enough blobs < 4.
[INFO] [1788573243.004974625] [carolus_ros2]: Time to find contours: 0.000334 seconds
[ERROR] [1788573243.005441501] [carolus_ros2]: Not enough blobs < 4.
[INFO] [1788573243.036741041] [carolus_ros2]: Time to find contours: 0.000344 seconds
[ERROR] [1788573243.037175235] [carolus_ros2]: Not enough blobs < 4.
[INFO] [1788573243.069047255] [carolus_ros2]: Time to find contours: 0.000316 seconds
[ERROR] [1788573243.069496707] [carolus_ros2]: Not enough blobs < 4.
[INFO] [1788573243.104666896] [carolus_ros2]: Time to find contours: 0.000370 seconds
[ERROR] [1788573243.105110385] [carolus_ros2]: Not enough blobs < 4.
[INFO] [1788573243.136729533] [carolus_ros2]: Time to find contours: 0.000318 seconds
[ERROR] [1788573243.137154282] [carolus_ros2]: Not enough blobs < 4.
[INFO] [1788573243.168710361] [carolus_ros2]: Time to find contours: 0.000328 seconds
[ERROR] [1788573243.169138425] [carolus_ros2]: Not enough blobs < 4.
[INFO] [1788573243.204706439] [carolus_ros2]: Time to find contours: 0.000340 seconds
[ERROR] [1788573243.205146206] [carolus_ros2]: Not enough blobs < 4.
[INFO] [1788573243.236710673] [carolus_ros2]: Time to find contours: 0.000322 seconds
[ERROR] [1788573243.237149996] [carolus_ros2]: Not enough blobs < 4.
[INFO] [1788573243.268709704] [carolus_ros2]: Time to find contours: 0.000319 seconds
[ERROR] [1788573243.269147434] [carolus_ros2]: Not enough blobs < 4.
[INFO] [1788573243.304706801] [carolus_ros2]: Time to find contours: 0.000328 seconds
[ERROR] [1788573243.305124050] [carolus_ros2]: Not enough blobs < 4.
[INFO] [1788573243.336815676] [carolus_ros2]: Time to find contours: 0.000333 seconds
[ERROR] [1788573243.337309272] [carolus_ros2]: Not enough blobs < 4.
[INFO] [1788573243.368689974] [carolus_ros2]: Time to find contours: 0.000335 seconds
[ERROR] [1788573243.369106890] [carolus_ros2]: Not enough blobs < 4.
[INFO] [1788573243.404697903] [carolus_ros2]: Time to find contours: 0.000343 seconds
[ERROR] [1788573243.405142799] [carolus_ros2]: Not enough blobs < 4.
[INFO] [1788573243.436869848] [carolus_ros2]: Time to find contours: 0.000328 seconds
[ERROR] [1788573243.437298838] [carolus_ros2]: Not enough blobs < 4.
[INFO] [1788573243.468709259] [carolus_ros2]: Time to find contours: 0.000312 seconds
[ERROR] [1788573243.469124121] [carolus_ros2]: Not enough blobs < 4.
[INFO] [1788573243.504750853] [carolus_ros2]: Time to find contours: 0.000334 seconds
[ERROR] [1788573243.505175881] [carolus_ros2]: Not enough blobs < 4.
[INFO] [1788573243.536710590] [carolus_ros2]: Time to find contours: 0.000312 seconds
[ERROR] [1788573243.537150524] [carolus_ros2]: Not enough blobs < 4.
[INFO] [1788573243.568364051] [carolus_ros2]: Time to find contours: 0.000303 seconds
[ERROR] [1788573243.568814336] [carolus_ros2]: Not enough blobs < 4.
[INFO] [1788573243.604748715] [carolus_ros2]: Time to find contours: 0.000337 seconds
[ERROR] [1788573243.605213573] [carolus_ros2]: Not enough blobs < 4.
[INFO] [1788573243.636865237] [carolus_ros2]: Time to find contours: 0.000302 seconds
[ERROR] [1788573243.637277395] [carolus_ros2]: Not enough blobs < 4.
[INFO] [1788573243.668880452] [carolus_ros2]: Time to find contours: 0.000305 seconds
[ERROR] [1788573243.669296220] [carolus_ros2]: Not enough blobs < 4.
[INFO] [1788573243.704963432] [carolus_ros2]: Time to find contours: 0.000311 seconds
[ERROR] [1788573243.705435715] [carolus_ros2]: Not enough blobs < 4.
[INFO] [1788573243.736820453] [carolus_ros2]: Time to find contours: 0.000309 seconds
[ERROR] [1788573243.737230111] [carolus_ros2]: Not enough blobs < 4.
[INFO] [1788573243.769009749] [carolus_ros2]: Time to find contours: 0.000293 seconds
[ERROR] [1788573243.769423536] [carolus_ros2]: Not enough blobs < 4.
[INFO] [1788573243.804703885] [carolus_ros2]: Time to find contours: 0.000356 seconds
[ERROR] [1788573243.805132115] [carolus_ros2]: Not enough blobs < 4.
[INFO] [1788573243.836653048] [carolus_ros2]: Time to find contours: 0.000350 seconds
[ERROR] [1788573243.837100074] [carolus_ros2]: Not enough blobs < 4.
[INFO] [1788573243.868750776] [carolus_ros2]: Time to find contours: 0.000295 seconds
[ERROR] [1788573243.869179099] [carolus_ros2]: Not enough blobs < 4.
[INFO] [1788573243.904517869] [carolus_ros2]: Time to find contours: 0.000326 seconds
[ERROR] [1788573243.904953451] [carolus_ros2]: Not enough blobs < 4.
[INFO] [1788573243.936873987] [carolus_ros2]: Time to find contours: 0.000321 seconds
[ERROR] [1788573243.937277812] [carolus_ros2]: Not enough blobs < 4.
[INFO] [1788573243.968533040] [carolus_ros2]: Time to find contours: 0.000317 seconds
[ERROR] [1788573243.968947698] [carolus_ros2]: Not enough blobs < 4.
[INFO] [1788573244.004790325] [carolus_ros2]: Time to find contours: 0.000360 seconds
[ERROR] [1788573244.005230129] [carolus_ros2]: Not enough blobs < 4.
[INFO] [1788573244.036751113] [carolus_ros2]: Time to find contours: 0.000327 seconds
[ERROR] [1788573244.037152753] [carolus_ros2]: Not enough blobs < 4.
[INFO] [1788573244.068332962] [carolus_ros2]: Time to find contours: 0.000317 seconds
[ERROR] [1788573244.068743065] [carolus_ros2]: Not enough blobs < 4.
[INFO] [1788573244.104746121] [carolus_ros2]: Time to find contours: 0.000385 seconds
[ERROR] [1788573244.105188759] [carolus_ros2]: Not enough blobs < 4.
[INFO] [1788573244.136708076] [carolus_ros2]: Time to find contours: 0.000359 seconds
[ERROR] [1788573244.137157083] [carolus_ros2]: Not enough blobs < 4.
[INFO] [1788573244.236590025] [carolus_ros2]: Time to find contours: 0.000346 seconds
[ERROR] [1788573244.237049865] [carolus_ros2]: Not enough blobs < 4.
[INFO] [1788573244.269012912] [carolus_ros2]: Time to find contours: 0.000308 seconds
[ERROR] [1788573244.269432643] [carolus_ros2]: Not enough blobs < 4.
[INFO] [1788573244.304869644] [carolus_ros2]: Time to find contours: 0.000308 seconds
[ERROR] [1788573244.305281839] [carolus_ros2]: Not enough blobs < 4.
[INFO] [1788573244.336823340] [carolus_ros2]: Time to find contours: 0.000300 seconds
[ERROR] [1788573244.337244479] [carolus_ros2]: Not enough blobs < 4.
[INFO] [1788573244.368046232] [carolus_ros2]: Time to find contours: 0.000299 seconds
[ERROR] [1788573244.368464815] [carolus_ros2]: Not enough blobs < 4.
[INFO] [1788573244.404819571] [carolus_ros2]: Time to find contours: 0.000315 seconds
[ERROR] [1788573244.405245857] [carolus_ros2]: Not enough blobs < 4.
[INFO] [1788573244.436679643] [carolus_ros2]: Time to find contours: 0.000340 seconds
[ERROR] [1788573244.437093745] [carolus_ros2]: Not enough blobs < 4.
[INFO] [1788573244.469026738] [carolus_ros2]: Time to find contours: 0.000310 seconds
[ERROR] [1788573244.469442470] [carolus_ros2]: Not enough blobs < 4.
[INFO] [1788573244.504717130] [carolus_ros2]: Time to find contours: 0.000331 seconds
[ERROR] [1788573244.505102660] [carolus_ros2]: Not enough blobs < 4.
[INFO] [1788573244.536670178] [carolus_ros2]: Time to find contours: 0.000334 seconds
[ERROR] [1788573244.537092298] [carolus_ros2]: Not enough blobs < 4.
[INFO] [1788573244.568568821] [carolus_ros2]: Time to find contours: 0.000303 seconds
[ERROR] [1788573244.568941093] [carolus_ros2]: Not enough blobs < 4.
[INFO] [1788573244.604887579] [carolus_ros2]: Time to find contours: 0.000316 seconds
[ERROR] [1788573244.605303366] [carolus_ros2]: Not enough blobs < 4.
[INFO] [1788573244.636546924] [carolus_ros2]: Time to find contours: 0.000322 seconds
[ERROR] [1788573244.636971674] [carolus_ros2]: Not enough blobs < 4.
[INFO] [1788573244.668838060] [carolus_ros2]: Time to find contours: 0.000309 seconds
[ERROR] [1788573244.669267550] [carolus_ros2]: Not enough blobs < 4.
[INFO] [1788573244.704103814] [carolus_ros2]: Time to find contours: 0.000297 seconds
[ERROR] [1788573244.704510972] [carolus_ros2]: Not enough blobs < 4.
[INFO] [1788573244.736783516] [carolus_ros2]: Time to find contours: 0.000301 seconds
[ERROR] [1788573244.737203285] [carolus_ros2]: Not enough blobs < 4.
[INFO] [1788573244.768195692] [carolus_ros2]: Time to find contours: 0.000301 seconds
[ERROR] [1788573244.768633404] [carolus_ros2]: Not enough blobs < 4.
[INFO] [1788573244.804320407] [carolus_ros2]: Time to find contours: 0.000324 seconds
[ERROR] [1788573244.804764248] [carolus_ros2]: Not enough blobs < 4.
[INFO] [1788573244.836289583] [carolus_ros2]: Time to find contours: 0.000302 seconds
[ERROR] [1788573244.836693834] [carolus_ros2]: Not enough blobs < 4.
[INFO] [1788573244.868771151] [carolus_ros2]: Time to find contours: 0.000309 seconds
[ERROR] [1788573244.869181717] [carolus_ros2]: Not enough blobs < 4.
[INFO] [1788573244.904244317] [carolus_ros2]: Time to find contours: 0.000313 seconds
[ERROR] [1788573244.904683288] [carolus_ros2]: Not enough blobs < 4.
[INFO] [1788573244.936599282] [carolus_ros2]: Time to find contours: 0.000332 seconds
[ERROR] [1788573244.937024513] [carolus_ros2]: Not enough blobs < 4.
[INFO] [1788573244.968658749] [carolus_ros2]: Time to find contours: 0.000314 seconds
[ERROR] [1788573244.969063129] [carolus_ros2]: Not enough blobs < 4.
[INFO] [1788573245.004782113] [carolus_ros2]: Time to find contours: 0.000311 seconds
[ERROR] [1788573245.005207363] [carolus_ros2]: Not enough blobs < 4.
[INFO] [1788573245.036213468] [carolus_ros2]: Time to find contours: 0.000319 seconds
[ERROR] [1788573245.036663457] [carolus_ros2]: Not enough blobs < 4.
[INFO] [1788573245.068811246] [carolus_ros2]: Time to find contours: 0.000304 seconds
[ERROR] [1788573245.069223812] [carolus_ros2]: Not enough blobs < 4.
[INFO] [1788573245.104664847] [carolus_ros2]: Time to find contours: 0.000322 seconds
[ERROR] [1788573245.105076708] [carolus_ros2]: Not enough blobs < 4.
[INFO] [1788573245.136839727] [carolus_ros2]: Time to find contours: 0.000293 seconds
[ERROR] [1788573245.137246718] [carolus_ros2]: Not enough blobs < 4.
[INFO] [1788573245.168653056] [carolus_ros2]: Time to find contours: 0.000326 seconds
[ERROR] [1788573245.169052567] [carolus_ros2]: Not enough blobs < 4.
[INFO] [1788573245.204761418] [carolus_ros2]: Time to find contours: 0.000305 seconds
[ERROR] [1788573245.205184020] [carolus_ros2]: Not enough blobs < 4.
[INFO] [1788573245.236752384] [carolus_ros2]: Time to find contours: 0.000382 seconds
[ERROR] [1788573245.237170875] [carolus_ros2]: Not enough blobs < 4.
[INFO] [1788573245.268812401] [carolus_ros2]: Time to find contours: 0.000313 seconds
[ERROR] [1788573245.269209690] [carolus_ros2]: Not enough blobs < 4.
[INFO] [1788573245.304248122] [carolus_ros2]: Time to find contours: 0.000296 seconds
[ERROR] [1788573245.304668575] [carolus_ros2]: Not enough blobs < 4.
[INFO] [1788573245.336766071] [carolus_ros2]: Time to find contours: 0.000299 seconds
[ERROR] [1788573245.337183951] [carolus_ros2]: Not enough blobs < 4.
[INFO] [1788573245.368159355] [carolus_ros2]: Time to find contours: 0.000293 seconds
[ERROR] [1788573245.368615491] [carolus_ros2]: Not enough blobs < 4.
[INFO] [1788573245.404402430] [carolus_ros2]: Time to find contours: 0.000315 seconds
[ERROR] [1788573245.404866658] [carolus_ros2]: Not enough blobs < 4.
[INFO] [1788573245.436714671] [carolus_ros2]: Time to find contours: 0.000338 seconds
[ERROR] [1788573245.437114552] [carolus_ros2]: Not enough blobs < 4.
[INFO] [1788573245.468708211] [carolus_ros2]: Time to find contours: 0.000316 seconds
[ERROR] [1788573245.469135960] [carolus_ros2]: Not enough blobs < 4.
[INFO] [1788573245.504085046] [carolus_ros2]: Time to find contours: 0.000313 seconds
[ERROR] [1788573245.504525517] [carolus_ros2]: Not enough blobs < 4.
[INFO] [1788573245.536620680] [carolus_ros2]: Time to find contours: 0.000334 seconds
[ERROR] [1788573245.537081520] [carolus_ros2]: Not enough blobs < 4.
[INFO] [1788573245.568625016] [carolus_ros2]: Time to find contours: 0.000312 seconds
[ERROR] [1788573245.569042859] [carolus_ros2]: Not enough blobs < 4.
[INFO] [1788573245.604683158] [carolus_ros2]: Time to find contours: 0.000337 seconds
[ERROR] [1788573245.605113519] [carolus_ros2]: Not enough blobs < 4.
[INFO] [1788573245.636585890] [carolus_ros2]: Time to find contours: 0.000314 seconds
[ERROR] [1788573245.636994752] [carolus_ros2]: Not enough blobs < 4.
[INFO] [1788573245.668845671] [carolus_ros2]: Time to find contours: 0.000317 seconds
[ERROR] [1788573245.669258403] [carolus_ros2]: Not enough blobs < 4.
[INFO] [1788573245.704616129] [carolus_ros2]: Time to find contours: 0.000330 seconds
[ERROR] [1788573245.705051952] [carolus_ros2]: Not enough blobs < 4.
[INFO] [1788573245.736775362] [carolus_ros2]: Time to find contours: 0.000309 seconds
[ERROR] [1788573245.737194279] [carolus_ros2]: Not enough blobs < 4.
[INFO] [1788573245.768671353] [carolus_ros2]: Time to find contours: 0.000310 seconds
[ERROR] [1788573245.769079493] [carolus_ros2]: Not enough blobs < 4.
[INFO] [1788573245.804755549] [carolus_ros2]: Time to find contours: 0.000357 seconds
[ERROR] [1788573245.805187465] [carolus_ros2]: Not enough blobs < 4.
[INFO] [1788573245.836702629] [carolus_ros2]: Time to find contours: 0.000308 seconds
[ERROR] [1788573245.837103196] [carolus_ros2]: Not enough blobs < 4.
[INFO] [1788573245.868807940] [carolus_ros2]: Time to find contours: 0.000334 seconds
[ERROR] [1788573245.869212969] [carolus_ros2]: Not enough blobs < 4.
[INFO] [1788573245.905169636] [carolus_ros2]: Time to find contours: 0.000373 seconds
[ERROR] [1788573245.905600830] [carolus_ros2]: Not enough blobs < 4.
[INFO] [1788573245.937080867] [carolus_ros2]: Time to find contours: 0.000395 seconds
[ERROR] [1788573245.937542133] [carolus_ros2]: Not enough blobs < 4.
[INFO] [1788573245.968943453] [carolus_ros2]: Time to find contours: 0.000370 seconds
[ERROR] [1788573245.969373387] [carolus_ros2]: Not enough blobs < 4.
[INFO] [1788573246.004278866] [carolus_ros2]: Time to find contours: 0.000372 seconds
[ERROR] [1788573246.004771353] [carolus_ros2]: Not enough blobs < 4.
[INFO] [1788573246.036822680] [carolus_ros2]: Time to find contours: 0.000391 seconds
[ERROR] [1788573246.037269540] [carolus_ros2]: Not enough blobs < 4.
[INFO] [1788573246.068820678] [carolus_ros2]: Time to find contours: 0.000366 seconds
[ERROR] [1788573246.069263927] [carolus_ros2]: Not enough blobs < 4.
[INFO] [1788573246.104315188] [carolus_ros2]: Time to find contours: 0.000393 seconds
[ERROR] [1788573246.104794934] [carolus_ros2]: Not enough blobs < 4.
[INFO] [1788573246.136688717] [carolus_ros2]: Time to find contours: 0.000410 seconds
[ERROR] [1788573246.137138484] [carolus_ros2]: Not enough blobs < 4.
[INFO] [1788573246.168718491] [carolus_ros2]: Time to find contours: 0.000413 seconds
[ERROR] [1788573246.169183793] [carolus_ros2]: Not enough blobs < 4.
[INFO] [1788573246.204706598] [carolus_ros2]: Time to find contours: 0.000388 seconds
[ERROR] [1788573246.205169567] [carolus_ros2]: Not enough blobs < 4.
[INFO] [1788573246.236713262] [carolus_ros2]: Time to find contours: 0.000404 seconds
[ERROR] [1788573246.237172732] [carolus_ros2]: Not enough blobs < 4.
[INFO] [1788573246.268818179] [carolus_ros2]: Time to find contours: 0.000338 seconds
[ERROR] [1788573246.269201598] [carolus_ros2]: Not enough blobs < 4.
[INFO] [1788573246.304765122] [carolus_ros2]: Time to find contours: 0.000409 seconds
[ERROR] [1788573246.305235832] [carolus_ros2]: Not enough blobs < 4.
[INFO] [1788573246.336776100] [carolus_ros2]: Time to find contours: 0.000402 seconds
[ERROR] [1788573246.337225256] [carolus_ros2]: Not enough blobs < 4.
[INFO] [1788573246.368863111] [carolus_ros2]: Time to find contours: 0.000350 seconds
[ERROR] [1788573246.369294786] [carolus_ros2]: Not enough blobs < 4.
[INFO] [1788573246.404443004] [carolus_ros2]: Time to find contours: 0.000379 seconds
[ERROR] [1788573246.404936435] [carolus_ros2]: Not enough blobs < 4.
[INFO] [1788573246.436742982] [carolus_ros2]: Time to find contours: 0.000395 seconds
[ERROR] [1788573246.437190231] [carolus_ros2]: Not enough blobs < 4.
[INFO] [1788573246.468886304] [carolus_ros2]: Time to find contours: 0.000383 seconds
[ERROR] [1788573246.469332571] [carolus_ros2]: Not enough blobs < 4.
[INFO] [1788573246.504751123] [carolus_ros2]: Time to find contours: 0.000391 seconds
[ERROR] [1788573246.505226499] [carolus_ros2]: Not enough blobs < 4.
[INFO] [1788573246.536794303] [carolus_ros2]: Time to find contours: 0.000378 seconds
[ERROR] [1788573246.537226071] [carolus_ros2]: Not enough blobs < 4.
[INFO] [1788573246.568733749] [carolus_ros2]: Time to find contours: 0.000346 seconds
[ERROR] [1788573246.569127353] [carolus_ros2]: Not enough blobs < 4.
[INFO] [1788573246.604266016] [carolus_ros2]: Time to find contours: 0.000322 seconds
[ERROR] [1788573246.604767742] [carolus_ros2]: Not enough blobs < 4.
[INFO] [1788573246.636744130] [carolus_ros2]: Time to find contours: 0.000341 seconds
[ERROR] [1788573246.637159325] [carolus_ros2]: Not enough blobs < 4.
[INFO] [1788573246.668920431] [carolus_ros2]: Time to find contours: 0.000384 seconds
[ERROR] [1788573246.669354588] [carolus_ros2]: Not enough blobs < 4.
[INFO] [1788573246.704667684] [carolus_ros2]: Time to find contours: 0.000403 seconds
[ERROR] [1788573246.705132579] [carolus_ros2]: Not enough blobs < 4.
[INFO] [1788573246.736783267] [carolus_ros2]: Time to find contours: 0.000432 seconds
[ERROR] [1788573246.737233422] [carolus_ros2]: Not enough blobs < 4.
[INFO] [1788573246.768725750] [carolus_ros2]: Time to find contours: 0.000399 seconds
[ERROR] [1788573246.769152759] [carolus_ros2]: Not enough blobs < 4.
[INFO] [1788573246.804473780] [carolus_ros2]: Time to find contours: 0.000387 seconds
[ERROR] [1788573246.804924158] [carolus_ros2]: Not enough blobs < 4.
[INFO] [1788573246.836684523] [carolus_ros2]: Time to find contours: 0.000391 seconds
[ERROR] [1788573246.837143290] [carolus_ros2]: Not enough blobs < 4.
[INFO] [1788573246.868988557] [carolus_ros2]: Time to find contours: 0.000374 seconds
[ERROR] [1788573246.869426917] [carolus_ros2]: Not enough blobs < 4.
[INFO] [1788573246.904740605] [carolus_ros2]: Time to find contours: 0.000423 seconds
[ERROR] [1788573246.905161726] [carolus_ros2]: Not enough blobs < 4.
[INFO] [1788573246.936409662] [carolus_ros2]: Time to find contours: 0.000379 seconds
[ERROR] [1788573246.936883908] [carolus_ros2]: Not enough blobs < 4.
[INFO] [1788573246.968735009] [carolus_ros2]: Time to find contours: 0.000378 seconds
[ERROR] [1788573246.969139390] [carolus_ros2]: Not enough blobs < 4.
[INFO] [1788573247.004523964] [carolus_ros2]: Time to find contours: 0.000399 seconds
[ERROR] [1788573247.005031931] [carolus_ros2]: Not enough blobs < 4.
[INFO] [1788573247.036712296] [carolus_ros2]: Time to find contours: 0.000381 seconds
[ERROR] [1788573247.037154490] [carolus_ros2]: Not enough blobs < 4.
[INFO] [1788573247.068406143] [carolus_ros2]: Time to find contours: 0.000380 seconds
[ERROR] [1788573247.068898944] [carolus_ros2]: Not enough blobs < 4.
[INFO] [1788573247.104771148] [carolus_ros2]: Time to find contours: 0.000378 seconds
[ERROR] [1788573247.105198602] [carolus_ros2]: Not enough blobs < 4.
[INFO] [1788573247.136969906] [carolus_ros2]: Time to find contours: 0.000373 seconds
[ERROR] [1788573247.137426358] [carolus_ros2]: Not enough blobs < 4.
[INFO] [1788573247.168800540] [carolus_ros2]: Time to find contours: 0.000392 seconds
[ERROR] [1788573247.169247159] [carolus_ros2]: Not enough blobs < 4.
[INFO] [1788573247.204696298] [carolus_ros2]: Time to find contours: 0.000409 seconds
[ERROR] [1788573247.205170656] [carolus_ros2]: Not enough blobs < 4.
[INFO] [1788573247.236724993] [carolus_ros2]: Time to find contours: 0.000394 seconds
[ERROR] [1788573247.237151780] [carolus_ros2]: Not enough blobs < 4.
[INFO] [1788573247.268973303] [carolus_ros2]: Time to find contours: 0.000364 seconds
[ERROR] [1788573247.269431662] [carolus_ros2]: Not enough blobs < 4.
[INFO] [1788573247.304756642] [carolus_ros2]: Time to find contours: 0.000435 seconds
[ERROR] [1788573247.305224760] [carolus_ros2]: Not enough blobs < 4.
[INFO] [1788573247.336817002] [carolus_ros2]: Time to find contours: 0.000394 seconds
[ERROR] [1788573247.337231549] [carolus_ros2]: Not enough blobs < 4.
[INFO] [1788573247.368662820] [carolus_ros2]: Time to find contours: 0.000317 seconds
[ERROR] [1788573247.369046832] [carolus_ros2]: Not enough blobs < 4.
[INFO] [1788573247.404325815] [carolus_ros2]: Time to find contours: 0.000324 seconds
[ERROR] [1788573247.404746399] [carolus_ros2]: Not enough blobs < 4.
[INFO] [1788573247.436641528] [carolus_ros2]: Time to find contours: 0.000329 seconds
[ERROR] [1788573247.437049242] [carolus_ros2]: Not enough blobs < 4.
[INFO] [1788573247.468445441] [carolus_ros2]: Time to find contours: 0.000346 seconds
[ERROR] [1788573247.468858748] [carolus_ros2]: Not enough blobs < 4.
[INFO] [1788573247.504720749] [carolus_ros2]: Time to find contours: 0.000371 seconds
[ERROR] [1788573247.505104076] [carolus_ros2]: Not enough blobs < 4.
[INFO] [1788573247.536762850] [carolus_ros2]: Time to find contours: 0.000357 seconds
[ERROR] [1788573247.537185989] [carolus_ros2]: Not enough blobs < 4.
[INFO] [1788573247.568727086] [carolus_ros2]: Time to find contours: 0.000327 seconds
[ERROR] [1788573247.569126875] [carolus_ros2]: Not enough blobs < 4.
[INFO] [1788573247.604769557] [carolus_ros2]: Time to find contours: 0.000357 seconds
[ERROR] [1788573247.605178031] [carolus_ros2]: Not enough blobs < 4.
[INFO] [1788573247.636598191] [carolus_ros2]: Time to find contours: 0.000333 seconds
[ERROR] [1788573247.636988369] [carolus_ros2]: Not enough blobs < 4.
[INFO] [1788573247.668739212] [carolus_ros2]: Time to find contours: 0.000342 seconds
[ERROR] [1788573247.669143352] [carolus_ros2]: Not enough blobs < 4.
[INFO] [1788573247.704707725] [carolus_ros2]: Time to find contours: 0.000337 seconds
[ERROR] [1788573247.705117272] [carolus_ros2]: Not enough blobs < 4.
[INFO] [1788573247.736512989] [carolus_ros2]: Time to find contours: 0.000334 seconds
[ERROR] [1788573247.736910390] [carolus_ros2]: Not enough blobs < 4.
[INFO] [1788573247.768644085] [carolus_ros2]: Time to find contours: 0.000339 seconds
[ERROR] [1788573247.769037448] [carolus_ros2]: Not enough blobs < 4.
[INFO] [1788573247.804767310] [carolus_ros2]: Time to find contours: 0.000350 seconds
[ERROR] [1788573247.805200800] [carolus_ros2]: Not enough blobs < 4.
[INFO] [1788573247.836383698] [carolus_ros2]: Time to find contours: 0.000314 seconds
[ERROR] [1788573247.836802967] [carolus_ros2]: Not enough blobs < 4.
[INFO] [1788573247.868722614] [carolus_ros2]: Time to find contours: 0.000326 seconds
[ERROR] [1788573247.869124625] [carolus_ros2]: Not enough blobs < 4.
[INFO] [1788573247.904644685] [carolus_ros2]: Time to find contours: 0.000357 seconds
[ERROR] [1788573247.905055677] [carolus_ros2]: Not enough blobs < 4.
[INFO] [1788573247.936811019] [carolus_ros2]: Time to find contours: 0.000296 seconds
[ERROR] [1788573247.937231769] [carolus_ros2]: Not enough blobs < 4.
[INFO] [1788573247.968705519] [carolus_ros2]: Time to find contours: 0.000316 seconds
[ERROR] [1788573247.969119177] [carolus_ros2]: Not enough blobs < 4.
[INFO] [1788573248.004197860] [carolus_ros2]: Time to find contours: 0.000307 seconds
[ERROR] [1788573248.004610297] [carolus_ros2]: Not enough blobs < 4.
[INFO] [1788573248.036521976] [carolus_ros2]: Time to find contours: 0.000324 seconds
[ERROR] [1788573248.036927505] [carolus_ros2]: Not enough blobs < 4.
[INFO] [1788573248.068720877] [carolus_ros2]: Time to find contours: 0.000336 seconds
[ERROR] [1788573248.069135683] [carolus_ros2]: Not enough blobs < 4.
[INFO] [1788573248.105161152] [carolus_ros2]: Time to find contours: 0.000378 seconds
[ERROR] [1788573248.105624456] [carolus_ros2]: Not enough blobs < 4.
[INFO] [1788573248.135080997] [carolus_ros2]: Time to find contours: 0.000305 seconds
[ERROR] [1788573248.135491526] [carolus_ros2]: Not enough blobs < 4.
[INFO] [1788573248.168571463] [carolus_ros2]: Time to find contours: 0.000335 seconds
[ERROR] [1788573248.169032766] [carolus_ros2]: Not enough blobs < 4.
[INFO] [1788573248.204555897] [carolus_ros2]: Time to find contours: 0.000334 seconds
[ERROR] [1788573248.204985592] [carolus_ros2]: Not enough blobs < 4.
[INFO] [1788573248.236611456] [carolus_ros2]: Time to find contours: 0.000337 seconds
[ERROR] [1788573248.237032984] [carolus_ros2]: Not enough blobs < 4.
[INFO] [1788573248.268605815] [carolus_ros2]: Time to find contours: 0.000320 seconds
[ERROR] [1788573248.268991734] [carolus_ros2]: Not enough blobs < 4.
[INFO] [1788573248.304228365] [carolus_ros2]: Time to find contours: 0.000327 seconds
[ERROR] [1788573248.304652838] [carolus_ros2]: Not enough blobs < 4.
[INFO] [1788573248.336567980] [carolus_ros2]: Time to find contours: 0.000328 seconds
[ERROR] [1788573248.336985916] [carolus_ros2]: Not enough blobs < 4.
[INFO] [1788573248.368513693] [carolus_ros2]: Time to find contours: 0.000322 seconds
[ERROR] [1788573248.368925630] [carolus_ros2]: Not enough blobs < 4.
[INFO] [1788573248.404589529] [carolus_ros2]: Time to find contours: 0.000336 seconds
[ERROR] [1788573248.404995225] [carolus_ros2]: Not enough blobs < 4.
[INFO] [1788573248.436608794] [carolus_ros2]: Time to find contours: 0.000328 seconds
[ERROR] [1788573248.437001250] [carolus_ros2]: Not enough blobs < 4.
[INFO] [1788573248.468681333] [carolus_ros2]: Time to find contours: 0.000329 seconds
[ERROR] [1788573248.469072937] [carolus_ros2]: Not enough blobs < 4.
[INFO] [1788573248.504181688] [carolus_ros2]: Time to find contours: 0.000303 seconds
[ERROR] [1788573248.504596105] [carolus_ros2]: Not enough blobs < 4.
[INFO] [1788573248.536720030] [carolus_ros2]: Time to find contours: 0.000320 seconds
[ERROR] [1788573248.537138244] [carolus_ros2]: Not enough blobs < 4.
[INFO] [1788573248.568612581] [carolus_ros2]: Time to find contours: 0.000371 seconds
[ERROR] [1788573248.569056330] [carolus_ros2]: Not enough blobs < 4.
[INFO] [1788573248.604607533] [carolus_ros2]: Time to find contours: 0.000344 seconds
[ERROR] [1788573248.605001878] [carolus_ros2]: Not enough blobs < 4.
[INFO] [1788573248.636618372] [carolus_ros2]: Time to find contours: 0.000352 seconds
[ERROR] [1788573248.637020087] [carolus_ros2]: Not enough blobs < 4.
[INFO] [1788573248.668693929] [carolus_ros2]: Time to find contours: 0.000329 seconds
[ERROR] [1788573248.669080293] [carolus_ros2]: Not enough blobs < 4.
[INFO] [1788573248.704591777] [carolus_ros2]: Time to find contours: 0.000330 seconds
[ERROR] [1788573248.705023508] [carolus_ros2]: Not enough blobs < 4.
[INFO] [1788573248.736701036] [carolus_ros2]: Time to find contours: 0.000326 seconds
[ERROR] [1788573248.737094936] [carolus_ros2]: Not enough blobs < 4.
[INFO] [1788573248.768528665] [carolus_ros2]: Time to find contours: 0.000312 seconds
[ERROR] [1788573248.768916899] [carolus_ros2]: Not enough blobs < 4.
[INFO] [1788573248.804747417] [carolus_ros2]: Time to find contours: 0.000349 seconds
[ERROR] [1788573248.805143466] [carolus_ros2]: Not enough blobs < 4.
[INFO] [1788573248.836511532] [carolus_ros2]: Time to find contours: 0.000319 seconds
[ERROR] [1788573248.836903673] [carolus_ros2]: Not enough blobs < 4.
[INFO] [1788573248.868681305] [carolus_ros2]: Time to find contours: 0.000340 seconds
[ERROR] [1788573248.869066280] [carolus_ros2]: Not enough blobs < 4.
[INFO] [1788573248.904612150] [carolus_ros2]: Time to find contours: 0.000320 seconds
[ERROR] [1788573248.905012032] [carolus_ros2]: Not enough blobs < 4.
[INFO] [1788573248.936680356] [carolus_ros2]: Time to find contours: 0.000344 seconds
[ERROR] [1788573248.937084053] [carolus_ros2]: Not enough blobs < 4.
[INFO] [1788573248.968499949] [carolus_ros2]: Time to find contours: 0.000308 seconds
[ERROR] [1788573248.968883313] [carolus_ros2]: Not enough blobs < 4.
[INFO] [1788573249.004679743] [carolus_ros2]: Time to find contours: 0.000351 seconds
[ERROR] [1788573249.005078717] [carolus_ros2]: Not enough blobs < 4.
[INFO] [1788573249.036588195] [carolus_ros2]: Time to find contours: 0.000331 seconds
[ERROR] [1788573249.036970374] [carolus_ros2]: Not enough blobs < 4.
[INFO] [1788573249.068660785] [carolus_ros2]: Time to find contours: 0.000333 seconds
[ERROR] [1788573249.069035242] [carolus_ros2]: Not enough blobs < 4.
[INFO] [1788573249.104790521] [carolus_ros2]: Time to find contours: 0.000312 seconds
[ERROR] [1788573249.105154665] [carolus_ros2]: Not enough blobs < 4.
[INFO] [1788573249.136731823] [carolus_ros2]: Time to find contours: 0.000341 seconds
[ERROR] [1788573249.137120243] [carolus_ros2]: Not enough blobs < 4.
[INFO] [1788573249.168608777] [carolus_ros2]: Time to find contours: 0.000332 seconds
[ERROR] [1788573249.169037546] [carolus_ros2]: Not enough blobs < 4.
[INFO] [1788573249.204772697] [carolus_ros2]: Time to find contours: 0.000347 seconds
[ERROR] [1788573249.205199688] [carolus_ros2]: Not enough blobs < 4.
[INFO] [1788573249.236664261] [carolus_ros2]: Time to find contours: 0.000331 seconds
[ERROR] [1788573249.237071383] [carolus_ros2]: Not enough blobs < 4.
[INFO] [1788573249.268639450] [carolus_ros2]: Time to find contours: 0.000353 seconds
[ERROR] [1788573249.269043683] [carolus_ros2]: Not enough blobs < 4.
[INFO] [1788573249.304663582] [carolus_ros2]: Time to find contours: 0.000355 seconds
[ERROR] [1788573249.305070926] [carolus_ros2]: Not enough blobs < 4.
[INFO] [1788573249.336679972] [carolus_ros2]: Time to find contours: 0.000342 seconds
[ERROR] [1788573249.337098760] [carolus_ros2]: Not enough blobs < 4.
[INFO] [1788573249.368560000] [carolus_ros2]: Time to find contours: 0.000317 seconds
[ERROR] [1788573249.368948771] [carolus_ros2]: Not enough blobs < 4.
[INFO] [1788573249.404659349] [carolus_ros2]: Time to find contours: 0.000342 seconds
[ERROR] [1788573249.405049102] [carolus_ros2]: Not enough blobs < 4.
[INFO] [1788573249.436552432] [carolus_ros2]: Time to find contours: 0.000322 seconds
[ERROR] [1788573249.436959091] [carolus_ros2]: Not enough blobs < 4.
[INFO] [1788573249.468661834] [carolus_ros2]: Time to find contours: 0.000343 seconds
[ERROR] [1788573249.469058901] [carolus_ros2]: Not enough blobs < 4.
[INFO] [1788573249.504553845] [carolus_ros2]: Time to find contours: 0.000324 seconds
[ERROR] [1788573249.504968634] [carolus_ros2]: Not enough blobs < 4.
[INFO] [1788573249.536733206] [carolus_ros2]: Time to find contours: 0.000347 seconds
[ERROR] [1788573249.537134921] [carolus_ros2]: Not enough blobs < 4.
[INFO] [1788573249.568493890] [carolus_ros2]: Time to find contours: 0.000321 seconds
[ERROR] [1788573249.568883346] [carolus_ros2]: Not enough blobs < 4.
[INFO] [1788573249.604654606] [carolus_ros2]: Time to find contours: 0.000331 seconds
[ERROR] [1788573249.605050358] [carolus_ros2]: Not enough blobs < 4.
[INFO] [1788573249.636516709] [carolus_ros2]: Time to find contours: 0.000315 seconds
[ERROR] [1788573249.636910258] [carolus_ros2]: Not enough blobs < 4.
[INFO] [1788573249.668708736] [carolus_ros2]: Time to find contours: 0.000324 seconds
[ERROR] [1788573249.669101136] [carolus_ros2]: Not enough blobs < 4.
[INFO] [1788573249.704452386] [carolus_ros2]: Time to find contours: 0.000320 seconds
[ERROR] [1788573249.704847527] [carolus_ros2]: Not enough blobs < 4.
[INFO] [1788573249.736633006] [carolus_ros2]: Time to find contours: 0.000327 seconds
[ERROR] [1788573249.737053294] [carolus_ros2]: Not enough blobs < 4.
[INFO] [1788573249.768576104] [carolus_ros2]: Time to find contours: 0.000321 seconds
[ERROR] [1788573249.768985966] [carolus_ros2]: Not enough blobs < 4.
[INFO] [1788573249.804653233] [carolus_ros2]: Time to find contours: 0.000346 seconds
[ERROR] [1788573249.805070261] [carolus_ros2]: Not enough blobs < 4.
[INFO] [1788573249.836550111] [carolus_ros2]: Time to find contours: 0.000330 seconds
[ERROR] [1788573249.836970640] [carolus_ros2]: Not enough blobs < 4.
[INFO] [1788573249.868661439] [carolus_ros2]: Time to find contours: 0.000341 seconds
[ERROR] [1788573249.869059192] [carolus_ros2]: Not enough blobs < 4.
[INFO] [1788573249.904619613] [carolus_ros2]: Time to find contours: 0.000342 seconds
[ERROR] [1788573249.905033290] [carolus_ros2]: Not enough blobs < 4.
[INFO] [1788573249.936634947] [carolus_ros2]: Time to find contours: 0.000352 seconds
[ERROR] [1788573249.937094436] [carolus_ros2]: Not enough blobs < 4.
[INFO] [1788573249.968666910] [carolus_ros2]: Time to find contours: 0.000326 seconds
[ERROR] [1788573249.969055755] [carolus_ros2]: Not enough blobs < 4.
[INFO] [1788573250.004629566] [carolus_ros2]: Time to find contours: 0.000346 seconds
[ERROR] [1788573250.005045003] [carolus_ros2]: Not enough blobs < 4.
[INFO] [1788573250.036607676] [carolus_ros2]: Time to find contours: 0.000315 seconds
[ERROR] [1788573250.036999428] [carolus_ros2]: Not enough blobs < 4.
[INFO] [1788573250.068643837] [carolus_ros2]: Time to find contours: 0.000341 seconds
[ERROR] [1788573250.069066662] [carolus_ros2]: Not enough blobs < 4.
[INFO] [1788573250.104661818] [carolus_ros2]: Time to find contours: 0.000340 seconds
[ERROR] [1788573250.105081180] [carolus_ros2]: Not enough blobs < 4.
[INFO] [1788573250.136658037] [carolus_ros2]: Time to find contours: 0.000331 seconds
[ERROR] [1788573250.137059956] [carolus_ros2]: Not enough blobs < 4.
[INFO] [1788573250.168939979] [carolus_ros2]: Time to find contours: 0.000415 seconds
[ERROR] [1788573250.169512146] [carolus_ros2]: Not enough blobs < 4.
[INFO] [1788573250.204324890] [carolus_ros2]: Time to find contours: 0.000346 seconds
[ERROR] [1788573250.204789749] [carolus_ros2]: Not enough blobs < 4.
[INFO] [1788573250.236604165] [carolus_ros2]: Time to find contours: 0.000343 seconds
[ERROR] [1788573250.237014250] [carolus_ros2]: Not enough blobs < 4.
[INFO] [1788573250.268813630] [carolus_ros2]: Time to find contours: 0.000322 seconds
[ERROR] [1788573250.269211290] [carolus_ros2]: Not enough blobs < 4.
[INFO] [1788573250.304774671] [carolus_ros2]: Time to find contours: 0.000371 seconds
[ERROR] [1788573250.305223790] [carolus_ros2]: Not enough blobs < 4.
[INFO] [1788573250.336865125] [carolus_ros2]: Time to find contours: 0.000309 seconds
[ERROR] [1788573250.337279376] [carolus_ros2]: Not enough blobs < 4.
[INFO] [1788573250.368538864] [carolus_ros2]: Time to find contours: 0.000295 seconds
[ERROR] [1788573250.368943264] [carolus_ros2]: Not enough blobs < 4.
[INFO] [1788573250.404610657] [carolus_ros2]: Time to find contours: 0.000329 seconds
[ERROR] [1788573250.405022649] [carolus_ros2]: Not enough blobs < 4.
[INFO] [1788573250.436850139] [carolus_ros2]: Time to find contours: 0.000310 seconds
[ERROR] [1788573250.437253224] [carolus_ros2]: Not enough blobs < 4.
[INFO] [1788573250.468693349] [carolus_ros2]: Time to find contours: 0.000335 seconds
[ERROR] [1788573250.469066103] [carolus_ros2]: Not enough blobs < 4.
[INFO] [1788573250.504839470] [carolus_ros2]: Time to find contours: 0.000316 seconds
[ERROR] [1788573250.505272369] [carolus_ros2]: Not enough blobs < 4.
[INFO] [1788573250.536678126] [carolus_ros2]: Time to find contours: 0.000319 seconds
[ERROR] [1788573250.537060472] [carolus_ros2]: Not enough blobs < 4.
[INFO] [1788573250.568784986] [carolus_ros2]: Time to find contours: 0.000279 seconds
[ERROR] [1788573250.569179220] [carolus_ros2]: Not enough blobs < 4.
[INFO] [1788573250.604321905] [carolus_ros2]: Time to find contours: 0.000323 seconds
[ERROR] [1788573250.604746989] [carolus_ros2]: Not enough blobs < 4.
[INFO] [1788573250.636693786] [carolus_ros2]: Time to find contours: 0.000324 seconds
[ERROR] [1788573250.637093538] [carolus_ros2]: Not enough blobs < 4.
[INFO] [1788573250.668685154] [carolus_ros2]: Time to find contours: 0.000323 seconds
[ERROR] [1788573250.669084184] [carolus_ros2]: Not enough blobs < 4.
[INFO] [1788573250.704918640] [carolus_ros2]: Time to find contours: 0.000333 seconds
[ERROR] [1788573250.705389332] [carolus_ros2]: Not enough blobs < 4.
[INFO] [1788573250.736734500] [carolus_ros2]: Time to find contours: 0.000338 seconds
[ERROR] [1788573250.737152992] [carolus_ros2]: Not enough blobs < 4.
[INFO] [1788573250.768747552] [carolus_ros2]: Time to find contours: 0.000509 seconds
[ERROR] [1788573250.769160692] [carolus_ros2]: Not enough blobs < 4.
[INFO] [1788573250.804589933] [carolus_ros2]: Time to find contours: 0.000334 seconds
[ERROR] [1788573250.805005814] [carolus_ros2]: Not enough blobs < 4.
[INFO] [1788573250.836512361] [carolus_ros2]: Time to find contours: 0.000335 seconds
[ERROR] [1788573250.836956888] [carolus_ros2]: Not enough blobs < 4.
[INFO] [1788573250.868717159] [carolus_ros2]: Time to find contours: 0.000327 seconds
[INFO] [1788573250.869164520] [carolus_ros2]: max distance = 89.858226
[INFO] [1788573250.875030275] [carolus_ros2]: [P4P] final_cost=0.0280838 iterations=5 converged=1 warm_start=prior candidate=15
[INFO] [1788573250.904167251] [carolus_ros2]: Time to find contours: 0.000316 seconds
[ERROR] [1788573250.904608741] [carolus_ros2]: Not enough blobs < 4.
[INFO] [1788573250.936573074] [carolus_ros2]: Time to find contours: 0.000325 seconds
[ERROR] [1788573250.936990325] [carolus_ros2]: Not enough blobs < 4.
[INFO] [1788573250.968494150] [carolus_ros2]: Time to find contours: 0.000328 seconds
[ERROR] [1788573250.968947306] [carolus_ros2]: Not enough blobs < 4.
[INFO] [1788573251.004506522] [carolus_ros2]: Time to find contours: 0.000318 seconds
[ERROR] [1788573251.004919273] [carolus_ros2]: Not enough blobs < 4.
[INFO] [1788573251.036638487] [carolus_ros2]: Time to find contours: 0.000344 seconds
[ERROR] [1788573251.037083903] [carolus_ros2]: Not enough blobs < 4.
[INFO] [1788573251.068774192] [carolus_ros2]: Time to find contours: 0.000308 seconds
[ERROR] [1788573251.069173778] [carolus_ros2]: Not enough blobs < 4.
[INFO] [1788573251.100692059] [carolus_ros2]: Time to find contours: 0.000311 seconds
[ERROR] [1788573251.101083090] [carolus_ros2]: Not enough blobs < 4.
[INFO] [1788573251.136226161] [carolus_ros2]: Time to find contours: 0.000325 seconds
[ERROR] [1788573251.136655022] [carolus_ros2]: Not enough blobs < 4.
[INFO] [1788573251.168333664] [carolus_ros2]: Time to find contours: 0.000313 seconds
[ERROR] [1788573251.168776266] [carolus_ros2]: Not enough blobs < 4.
[INFO] [1788573251.204642161] [carolus_ros2]: Time to find contours: 0.000348 seconds
[ERROR] [1788573251.205079948] [carolus_ros2]: Not enough blobs < 4.
[INFO] [1788573251.236565528] [carolus_ros2]: Time to find contours: 0.000345 seconds
[ERROR] [1788573251.236985316] [carolus_ros2]: Not enough blobs < 4.
[INFO] [1788573251.268718788] [carolus_ros2]: Time to find contours: 0.000330 seconds
[ERROR] [1788573251.269132817] [carolus_ros2]: Not enough blobs < 4.
[INFO] [1788573251.300792349] [carolus_ros2]: Time to find contours: 0.000296 seconds
[ERROR] [1788573251.301179602] [carolus_ros2]: Not enough blobs < 4.
[INFO] [1788573251.336781866] [carolus_ros2]: Time to find contours: 0.000314 seconds
[ERROR] [1788573251.337171804] [carolus_ros2]: Not enough blobs < 4.
[INFO] [1788573251.368318757] [carolus_ros2]: Time to find contours: 0.000311 seconds
[ERROR] [1788573251.368738008] [carolus_ros2]: Not enough blobs < 4.
[INFO] [1788573251.404676288] [carolus_ros2]: Time to find contours: 0.000334 seconds
[ERROR] [1788573251.405088817] [carolus_ros2]: Not enough blobs < 4.
[INFO] [1788573251.436611136] [carolus_ros2]: Time to find contours: 0.000333 seconds
[ERROR] [1788573251.437057404] [carolus_ros2]: Not enough blobs < 4.
[INFO] [1788573251.468856112] [carolus_ros2]: Time to find contours: 0.000321 seconds
[ERROR] [1788573251.469296917] [carolus_ros2]: Not enough blobs < 4.
[INFO] [1788573251.500636099] [carolus_ros2]: Time to find contours: 0.000336 seconds
[ERROR] [1788573251.501020778] [carolus_ros2]: Not enough blobs < 4.
[INFO] [1788573251.536984630] [carolus_ros2]: Time to find contours: 0.000338 seconds
[ERROR] [1788573251.537401585] [carolus_ros2]: Not enough blobs < 4.
[INFO] [1788573251.568774635] [carolus_ros2]: Time to find contours: 0.000300 seconds
[ERROR] [1788573251.569166962] [carolus_ros2]: Not enough blobs < 4.
[INFO] [1788573251.604787169] [carolus_ros2]: Time to find contours: 0.000314 seconds
[ERROR] [1788573251.605205809] [carolus_ros2]: Not enough blobs < 4.
[INFO] [1788573251.636818696] [carolus_ros2]: Time to find contours: 0.000319 seconds
[ERROR] [1788573251.637220504] [carolus_ros2]: Not enough blobs < 4.
[INFO] [1788573251.668874073] [carolus_ros2]: Time to find contours: 0.000315 seconds
[ERROR] [1788573251.669322174] [carolus_ros2]: Not enough blobs < 4.
[INFO] [1788573251.701014575] [carolus_ros2]: Time to find contours: 0.000314 seconds
[ERROR] [1788573251.701393939] [carolus_ros2]: Not enough blobs < 4.
[INFO] [1788573251.736477791] [carolus_ros2]: Time to find contours: 0.000326 seconds
[ERROR] [1788573251.736902394] [carolus_ros2]: Not enough blobs < 4.
[INFO] [1788573251.768728397] [carolus_ros2]: Time to find contours: 0.000335 seconds
[ERROR] [1788573251.769119057] [carolus_ros2]: Not enough blobs < 4.
[INFO] [1788573251.804783132] [carolus_ros2]: Time to find contours: 0.000317 seconds
[ERROR] [1788573251.805209309] [carolus_ros2]: Not enough blobs < 4.
[INFO] [1788573251.836696240] [carolus_ros2]: Time to find contours: 0.000322 seconds
[ERROR] [1788573251.837103400] [carolus_ros2]: Not enough blobs < 4.
[INFO] [1788573251.868884628] [carolus_ros2]: Time to find contours: 0.000323 seconds
[ERROR] [1788573251.869287009] [carolus_ros2]: Not enough blobs < 4.
[INFO] [1788573251.901035406] [carolus_ros2]: Time to find contours: 0.000293 seconds
[ERROR] [1788573251.901406586] [carolus_ros2]: Not enough blobs < 4.
[INFO] [1788573251.936713387] [carolus_ros2]: Time to find contours: 0.000333 seconds
[ERROR] [1788573251.937127083] [carolus_ros2]: Not enough blobs < 4.
[INFO] [1788573251.968702491] [carolus_ros2]: Time to find contours: 0.000316 seconds
[ERROR] [1788573251.969089874] [carolus_ros2]: Not enough blobs < 4.
[INFO] [1788573252.004271888] [carolus_ros2]: Time to find contours: 0.000315 seconds
[ERROR] [1788573252.004697416] [carolus_ros2]: Not enough blobs < 4.
[INFO] [1788573252.036559856] [carolus_ros2]: Time to find contours: 0.000315 seconds
[ERROR] [1788573252.036954572] [carolus_ros2]: Not enough blobs < 4.
[INFO] [1788573252.068811290] [carolus_ros2]: Time to find contours: 0.000299 seconds
[ERROR] [1788573252.069191174] [carolus_ros2]: Not enough blobs < 4.
[INFO] [1788573252.100706209] [carolus_ros2]: Time to find contours: 0.000313 seconds
[ERROR] [1788573252.101083574] [carolus_ros2]: Not enough blobs < 4.
[INFO] [1788573252.136819567] [carolus_ros2]: Time to find contours: 0.000291 seconds
[ERROR] [1788573252.137214523] [carolus_ros2]: Not enough blobs < 4.
[INFO] [1788573252.168712060] [carolus_ros2]: Time to find contours: 0.000304 seconds
[ERROR] [1788573252.169115831] [carolus_ros2]: Not enough blobs < 4.
[INFO] [1788573252.204104834] [carolus_ros2]: Time to find contours: 0.000299 seconds
[ERROR] [1788573252.204529085] [carolus_ros2]: Not enough blobs < 4.
[INFO] [1788573252.236733003] [carolus_ros2]: Time to find contours: 0.000326 seconds
[ERROR] [1788573252.237128052] [carolus_ros2]: Not enough blobs < 4.
[INFO] [1788573252.268249113] [carolus_ros2]: Time to find contours: 0.000319 seconds
[ERROR] [1788573252.268669660] [carolus_ros2]: Not enough blobs < 4.
[INFO] [1788573252.300624854] [carolus_ros2]: Time to find contours: 0.000311 seconds
[ERROR] [1788573252.301024680] [carolus_ros2]: Not enough blobs < 4.
[INFO] [1788573252.336361439] [carolus_ros2]: Time to find contours: 0.000321 seconds
[ERROR] [1788573252.336795763] [carolus_ros2]: Not enough blobs < 4.
[INFO] [1788573252.368699404] [carolus_ros2]: Time to find contours: 0.000324 seconds
[INFO] [1788573252.369123007] [carolus_ros2]: max distance = 97.173888
[INFO] [1788573252.377244700] [carolus_ros2]: [P4P] final_cost=0.0138237 iterations=4 converged=1 warm_start=prior candidate=7
[INFO] [1788573252.404125194] [carolus_ros2]: Time to find contours: 0.000321 seconds
[ERROR] [1788573252.404571795] [carolus_ros2]: Not enough blobs < 4.
[INFO] [1788573252.436617483] [carolus_ros2]: Time to find contours: 0.000318 seconds
[ERROR] [1788573252.437022235] [carolus_ros2]: Not enough blobs < 4.
[INFO] [1788573252.468684984] [carolus_ros2]: Time to find contours: 0.000334 seconds
[INFO] [1788573252.469120530] [carolus_ros2]: max distance = 97.601751
[INFO] [1788573252.474988235] [carolus_ros2]: [P4P] final_cost=0.0358044 iterations=3 converged=1 warm_start=prior candidate=7
[INFO] [1788573252.500042011] [carolus_ros2]: Time to find contours: 0.000304 seconds
[INFO] [1788573252.500502074] [carolus_ros2]: max distance = 98.296297
[INFO] [1788573252.506144349] [carolus_ros2]: [P4P] final_cost=0.00626381 iterations=3 converged=1 warm_start=prior candidate=7
[INFO] [1788573252.536150721] [carolus_ros2]: Time to find contours: 0.000310 seconds
[ERROR] [1788573252.536556713] [carolus_ros2]: Not enough blobs < 4.
[INFO] [1788573252.568728449] [carolus_ros2]: Time to find contours: 0.000323 seconds
[ERROR] [1788573252.569103369] [carolus_ros2]: Not enough blobs < 4.
[INFO] [1788573252.604712074] [carolus_ros2]: Time to find contours: 0.000313 seconds
[INFO] [1788573252.605138250] [carolus_ros2]: max distance = 98.713670
[INFO] [1788573252.609849917] [carolus_ros2]: [P4P] final_cost=0.0034458 iterations=3 converged=1 warm_start=prior candidate=7
[INFO] [1788573252.636614844] [carolus_ros2]: Time to find contours: 0.000320 seconds
[INFO] [1788573252.637057372] [carolus_ros2]: max distance = 99.087285
[INFO] [1788573252.644275492] [carolus_ros2]: [P4P] final_cost=0.057305 iterations=3 converged=1 warm_start=prior candidate=3
[INFO] [1788573252.667983797] [carolus_ros2]: Time to find contours: 0.000292 seconds
[ERROR] [1788573252.668369939] [carolus_ros2]: Not enough blobs < 4.
[INFO] [1788573252.700387332] [carolus_ros2]: Time to find contours: 0.000308 seconds
[ERROR] [1788573252.700793140] [carolus_ros2]: Not enough blobs < 4.
[INFO] [1788573252.736250076] [carolus_ros2]: Time to find contours: 0.000305 seconds
[ERROR] [1788573252.736688844] [carolus_ros2]: Not enough blobs < 4.
[INFO] [1788573252.768781677] [carolus_ros2]: Time to find contours: 0.000297 seconds
[ERROR] [1788573252.769184837] [carolus_ros2]: Not enough blobs < 4.
[INFO] [1788573252.800237235] [carolus_ros2]: Time to find contours: 0.000303 seconds
[ERROR] [1788573252.800640284] [carolus_ros2]: Not enough blobs < 4.
[INFO] [1788573252.836583670] [carolus_ros2]: Time to find contours: 0.000306 seconds
[ERROR] [1788573252.837005681] [carolus_ros2]: Not enough blobs with required circularity.
[INFO] [1788573252.868653597] [carolus_ros2]: Time to find contours: 0.000321 seconds
[INFO] [1788573252.869078145] [carolus_ros2]: max distance = 100.417447
[INFO] [1788573252.873653153] [carolus_ros2]: [P4P] final_cost=0.0105284 iterations=3 converged=1 warm_start=prior candidate=7
[INFO] [1788573252.900522907] [carolus_ros2]: Time to find contours: 0.000296 seconds
[ERROR] [1788573252.900921937] [carolus_ros2]: Not enough blobs with required circularity.
[INFO] [1788573252.936485978] [carolus_ros2]: Time to find contours: 0.000328 seconds
[ERROR] [1788573252.936906007] [carolus_ros2]: Not enough blobs < 4.
[INFO] [1788573252.968735171] [carolus_ros2]: Time to find contours: 0.000309 seconds
[INFO] [1788573252.969171218] [carolus_ros2]: max distance = 100.668122
[INFO] [1788573252.974184143] [carolus_ros2]: [P4P] final_cost=0.0191685 iterations=3 converged=1 warm_start=prior candidate=7
[INFO] [1788573252.999968335] [carolus_ros2]: Time to find contours: 0.000306 seconds
[ERROR] [1788573253.000371032] [carolus_ros2]: Not enough blobs with required circularity.
[INFO] [1788573253.036618156] [carolus_ros2]: Time to find contours: 0.000331 seconds
[ERROR] [1788573253.037020760] [carolus_ros2]: Not enough blobs < 4.
[INFO] [1788573253.068559937] [carolus_ros2]: Time to find contours: 0.000334 seconds
[INFO] [1788573253.069002539] [carolus_ros2]: max distance = 100.798422
[INFO] [1788573253.074253248] [carolus_ros2]: [P4P] final_cost=0.00619952 iterations=3 converged=1 warm_start=prior candidate=7
[INFO] [1788573253.099780320] [carolus_ros2]: Time to find contours: 0.000318 seconds
[INFO] [1788573253.100221014] [carolus_ros2]: max distance = 101.472344
[INFO] [1788573253.105581198] [carolus_ros2]: [P4P] final_cost=0.00590719 iterations=3 converged=1 warm_start=prior candidate=7
[INFO] [1788573253.136565650] [carolus_ros2]: Time to find contours: 0.000343 seconds
[INFO] [1788573253.137047639] [carolus_ros2]: max distance = 101.595287
[INFO] [1788573253.142029161] [carolus_ros2]: [P4P] final_cost=0.0200104 iterations=3 converged=1 warm_start=prior candidate=7
[INFO] [1788573253.168475693] [carolus_ros2]: Time to find contours: 0.000294 seconds
[ERROR] [1788573253.168884334] [carolus_ros2]: Not enough blobs < 4.
[INFO] [1788573253.200386273] [carolus_ros2]: Time to find contours: 0.000295 seconds
[INFO] [1788573253.200815598] [carolus_ros2]: max distance = 101.963503
[INFO] [1788573253.205575782] [carolus_ros2]: [P4P] final_cost=0.00325048 iterations=3 converged=1 warm_start=prior candidate=7
[INFO] [1788573253.236334971] [carolus_ros2]: Time to find contours: 0.000293 seconds
[INFO] [1788573253.236783850] [carolus_ros2]: max distance = 102.200467
[INFO] [1788573253.245621242] [carolus_ros2]: [P4P] final_cost=0.0372682 iterations=3 converged=1 warm_start=prior candidate=3
[INFO] [1788573253.267617904] [carolus_ros2]: Time to find contours: 0.000329 seconds
[INFO] [1788573253.268051951] [carolus_ros2]: max distance = 102.424675
[INFO] [1788573253.276170870] [carolus_ros2]: [P4P] final_cost=0.00474615 iterations=3 converged=1 warm_start=prior candidate=3
[INFO] [1788573253.299775450] [carolus_ros2]: Time to find contours: 0.000320 seconds
[INFO] [1788573253.300196016] [carolus_ros2]: max distance = 102.156410
[INFO] [1788573253.307715676] [carolus_ros2]: [P4P] final_cost=0.00982233 iterations=3 converged=1 warm_start=prior candidate=3
[INFO] [1788573253.336147344] [carolus_ros2]: Time to find contours: 0.000313 seconds
[INFO] [1788573253.336618092] [carolus_ros2]: max distance = 102.356766
[INFO] [1788573253.345360120] [carolus_ros2]: [P4P] final_cost=0.0414033 iterations=3 converged=1 warm_start=prior candidate=3
[INFO] [1788573253.367737277] [carolus_ros2]: Time to find contours: 0.000337 seconds
[INFO] [1788573253.368186230] [carolus_ros2]: max distance = 102.758834
[INFO] [1788573253.376923277] [carolus_ros2]: [P4P] final_cost=0.062987 iterations=3 converged=1 warm_start=prior candidate=3
[INFO] [1788573253.400032703] [carolus_ros2]: Time to find contours: 0.000323 seconds
[INFO] [1788573253.400515950] [carolus_ros2]: max distance = 103.170545
[INFO] [1788573253.409209944] [carolus_ros2]: [P4P] final_cost=0.0751468 iterations=3 converged=1 warm_start=prior candidate=3
[INFO] [1788573253.436532792] [carolus_ros2]: Time to find contours: 0.000294 seconds
[INFO] [1788573253.436951414] [carolus_ros2]: max distance = 103.141120
[INFO] [1788573253.444098727] [carolus_ros2]: [P4P] final_cost=0.109195 iterations=3 converged=1 warm_start=prior candidate=3
[INFO] [1788573253.468026879] [carolus_ros2]: Time to find contours: 0.000282 seconds
[INFO] [1788573253.468469241] [carolus_ros2]: max distance = 103.551982
[INFO] [1788573253.476099264] [carolus_ros2]: [P4P] final_cost=0.0144307 iterations=3 converged=1 warm_start=prior candidate=7
[INFO] [1788573253.499940940] [carolus_ros2]: Time to find contours: 0.000294 seconds
[INFO] [1788573253.500367692] [carolus_ros2]: max distance = 103.701669
[INFO] [1788573253.505325585] [carolus_ros2]: [P4P] final_cost=0.0109016 iterations=3 converged=1 warm_start=prior candidate=7
[INFO] [1788573253.536497989] [carolus_ros2]: Time to find contours: 0.000300 seconds
[INFO] [1788573253.536931147] [carolus_ros2]: max distance = 103.779991
[INFO] [1788573253.542137248] [carolus_ros2]: [P4P] final_cost=0.0306546 iterations=3 converged=1 warm_start=prior candidate=7
[INFO] [1788573253.568211229] [carolus_ros2]: Time to find contours: 0.000292 seconds
[INFO] [1788573253.568664923] [carolus_ros2]: max distance = 103.527733
[INFO] [1788573253.576149863] [carolus_ros2]: [P4P] final_cost=0.0857669 iterations=3 converged=1 warm_start=prior candidate=7
[INFO] [1788573253.600056758] [carolus_ros2]: Time to find contours: 0.000288 seconds
[INFO] [1788573253.600500785] [carolus_ros2]: max distance = 103.929865
[INFO] [1788573253.605595819] [carolus_ros2]: [P4P] final_cost=0.0817216 iterations=3 converged=1 warm_start=prior candidate=7
[INFO] [1788573253.636465908] [carolus_ros2]: Time to find contours: 0.000313 seconds
[INFO] [1788573253.636907954] [carolus_ros2]: max distance = 104.345462
[INFO] [1788573253.642799512] [carolus_ros2]: [P4P] final_cost=0.0431134 iterations=3 converged=1 warm_start=prior candidate=7
[INFO] [1788573253.667959106] [carolus_ros2]: Time to find contours: 0.000335 seconds
[INFO] [1788573253.668429762] [carolus_ros2]: max distance = 104.428385
[INFO] [1788573253.676794999] [carolus_ros2]: [P4P] final_cost=0.0723868 iterations=3 converged=1 warm_start=prior candidate=3
[INFO] [1788573253.699548984] [carolus_ros2]: Time to find contours: 0.000314 seconds
[ERROR] [1788573253.699945348] [carolus_ros2]: Not enough blobs with required circularity.
[INFO] [1788573253.736749492] [carolus_ros2]: Time to find contours: 0.000346 seconds
[INFO] [1788573253.737206594] [carolus_ros2]: max distance = 104.925945
[INFO] [1788573253.745593662] [carolus_ros2]: [P4P] final_cost=0.127897 iterations=3 converged=1 warm_start=prior candidate=3
[INFO] [1788573253.767500589] [carolus_ros2]: Time to find contours: 0.000322 seconds
[ERROR] [1788573253.767921044] [carolus_ros2]: Not enough blobs with required circularity.
[INFO] [1788573253.800694866] [carolus_ros2]: Time to find contours: 0.000310 seconds
[INFO] [1788573253.801103600] [carolus_ros2]: max distance = 105.142977
[INFO] [1788573253.808554875] [carolus_ros2]: [P4P] final_cost=0.0308641 iterations=3 converged=1 warm_start=prior candidate=3
[INFO] [1788573253.835999975] [carolus_ros2]: Time to find contours: 0.000310 seconds
[INFO] [1788573253.836462187] [carolus_ros2]: max distance = 105.077452
[INFO] [1788573253.844755668] [carolus_ros2]: [P4P] final_cost=0.00561285 iterations=3 converged=1 warm_start=prior candidate=3
[INFO] [1788573253.867719826] [carolus_ros2]: Time to find contours: 0.000340 seconds
[INFO] [1788573253.868167427] [carolus_ros2]: max distance = 105.374277
[INFO] [1788573253.876664396] [carolus_ros2]: [P4P] final_cost=0.0185025 iterations=3 converged=1 warm_start=prior candidate=3
[INFO] [1788573253.899870076] [carolus_ros2]: Time to find contours: 0.000313 seconds
[INFO] [1788573253.900294086] [carolus_ros2]: max distance = 105.661476
[INFO] [1788573253.908100321] [carolus_ros2]: [P4P] final_cost=0.0294993 iterations=3 converged=1 warm_start=prior candidate=3
[INFO] [1788573253.936119310] [carolus_ros2]: Time to find contours: 0.000329 seconds
[INFO] [1788573253.936610187] [carolus_ros2]: max distance = 105.709067
[INFO] [1788573253.944928926] [carolus_ros2]: [P4P] final_cost=0.0609383 iterations=3 converged=1 warm_start=prior candidate=3
[INFO] [1788573253.967558086] [carolus_ros2]: Time to find contours: 0.000312 seconds
[INFO] [1788573253.968004577] [carolus_ros2]: max distance = 105.922972
[INFO] [1788573253.976785658] [carolus_ros2]: [P4P] final_cost=0.0447163 iterations=3 converged=1 warm_start=prior candidate=3
[INFO] [1788573253.999808571] [carolus_ros2]: Time to find contours: 0.000319 seconds
[INFO] [1788573254.000242951] [carolus_ros2]: max distance = 106.083569
[INFO] [1788573254.007907826] [carolus_ros2]: [P4P] final_cost=0.0692627 iterations=3 converged=1 warm_start=prior candidate=3
[INFO] [1788573254.035904329] [carolus_ros2]: Time to find contours: 0.000306 seconds
[INFO] [1788573254.036340524] [carolus_ros2]: max distance = 106.002653
[INFO] [1788573254.044500870] [carolus_ros2]: [P4P] final_cost=0.148925 iterations=3 converged=1 warm_start=prior candidate=3
[INFO] [1788573254.067823311] [carolus_ros2]: Time to find contours: 0.000309 seconds
[INFO] [1788573254.068276042] [carolus_ros2]: max distance = 106.368176
[INFO] [1788573254.076893803] [carolus_ros2]: [P4P] final_cost=0.0146989 iterations=3 converged=1 warm_start=prior candidate=7
[INFO] [1788573254.099859785] [carolus_ros2]: Time to find contours: 0.000324 seconds
[INFO] [1788573254.100314516] [carolus_ros2]: max distance = 106.083569
[INFO] [1788573254.108371645] [carolus_ros2]: [P4P] final_cost=0.0937395 iterations=3 converged=1 warm_start=prior candidate=3
[INFO] [1788573254.136159735] [carolus_ros2]: Time to find contours: 0.000323 seconds
[INFO] [1788573254.136678277] [carolus_ros2]: max distance = 106.395347
[INFO] [1788573254.144193107] [carolus_ros2]: [P4P] final_cost=0.120313 iterations=3 converged=1 warm_start=prior candidate=15
[INFO] [1788573254.167835194] [carolus_ros2]: Time to find contours: 0.000347 seconds
[INFO] [1788573254.168301295] [carolus_ros2]: max distance = 106.730247
[INFO] [1788573254.174033050] [carolus_ros2]: [P4P] final_cost=0.0528604 iterations=3 converged=1 warm_start=prior candidate=3
[INFO] [1788573254.199781174] [carolus_ros2]: Time to find contours: 0.000317 seconds
[INFO] [1788573254.200210703] [carolus_ros2]: max distance = 106.664338
[INFO] [1788573254.205300109] [carolus_ros2]: [P4P] final_cost=0.0639825 iterations=3 converged=1 warm_start=prior candidate=15
[INFO] [1788573254.236394920] [carolus_ros2]: Time to find contours: 0.000310 seconds
[INFO] [1788573254.236857113] [carolus_ros2]: max distance = 106.925845
[INFO] [1788573254.244973572] [carolus_ros2]: [P4P] final_cost=0.059921 iterations=3 converged=1 warm_start=prior candidate=3
[INFO] [1788573254.267645739] [carolus_ros2]: Time to find contours: 0.000351 seconds
[INFO] [1788573254.268117969] [carolus_ros2]: max distance = 106.923669
[INFO] [1788573254.273797357] [carolus_ros2]: [P4P] final_cost=0.0488546 iterations=3 converged=1 warm_start=prior candidate=15
[INFO] [1788573254.299772022] [carolus_ros2]: Time to find contours: 0.000312 seconds
[INFO] [1788573254.300216587] [carolus_ros2]: max distance = 106.627891
[INFO] [1788573254.305928066] [carolus_ros2]: [P4P] final_cost=0.157862 iterations=3 converged=1 warm_start=prior candidate=3
[INFO] [1788573254.336264516] [carolus_ros2]: Time to find contours: 0.000313 seconds
[INFO] [1788573254.336732783] [carolus_ros2]: max distance = 106.925845
[INFO] [1788573254.342628899] [carolus_ros2]: [P4P] final_cost=0.0245425 iterations=3 converged=1 warm_start=prior candidate=15
[INFO] [1788573254.367986732] [carolus_ros2]: Time to find contours: 0.000317 seconds
[INFO] [1788573254.368479239] [carolus_ros2]: max distance = 106.829051
[INFO] [1788573254.374404815] [carolus_ros2]: [P4P] final_cost=0.142953 iterations=3 converged=1 warm_start=prior candidate=15
[INFO] [1788573254.400054815] [carolus_ros2]: Time to find contours: 0.000300 seconds
[INFO] [1788573254.400486381] [carolus_ros2]: max distance = 107.004673
[INFO] [1788573254.405507847] [carolus_ros2]: [P4P] final_cost=0.0210137 iterations=3 converged=1 warm_start=prior candidate=15
[INFO] [1788573254.436492387] [carolus_ros2]: Time to find contours: 0.000315 seconds
[INFO] [1788573254.436924008] [carolus_ros2]: max distance = 107.007301
[INFO] [1788573254.442176163] [carolus_ros2]: [P4P] final_cost=0.227278 iterations=3 converged=1 warm_start=prior candidate=15
[INFO] [1788573254.468024892] [carolus_ros2]: Time to find contours: 0.000321 seconds
[INFO] [1788573254.468491622] [carolus_ros2]: max distance = 107.178257
[INFO] [1788573254.474062758] [carolus_ros2]: [P4P] final_cost=0.193455 iterations=3 converged=1 warm_start=prior candidate=15
[INFO] [1788573254.499938948] [carolus_ros2]: Time to find contours: 0.000295 seconds
[INFO] [1788573254.500380365] [carolus_ros2]: max distance = 107.054409
[INFO] [1788573254.505014281] [carolus_ros2]: [P4P] final_cost=0.187029 iterations=3 converged=1 warm_start=prior candidate=15
[INFO] [1788573254.536511603] [carolus_ros2]: Time to find contours: 0.000333 seconds
[INFO] [1788573254.536945225] [carolus_ros2]: max distance = 106.828713
[INFO] [1788573254.542270579] [carolus_ros2]: [P4P] final_cost=0.0660663 iterations=3 converged=1 warm_start=prior candidate=15
[INFO] [1788573254.568205043] [carolus_ros2]: Time to find contours: 0.000290 seconds
[INFO] [1788573254.568658274] [carolus_ros2]: max distance = 107.183558
[INFO] [1788573254.573766420] [carolus_ros2]: [P4P] final_cost=0.128847 iterations=3 converged=1 warm_start=prior candidate=15
[INFO] [1788573254.600326142] [carolus_ros2]: Time to find contours: 0.000317 seconds
[INFO] [1788573254.600784095] [carolus_ros2]: max distance = 107.174367
[INFO] [1788573254.605465786] [carolus_ros2]: [P4P] final_cost=0.129944 iterations=3 converged=1 warm_start=prior candidate=15
[INFO] [1788573254.636485564] [carolus_ros2]: Time to find contours: 0.000310 seconds
[INFO] [1788573254.636948887] [carolus_ros2]: max distance = 107.159319
[INFO] [1788573254.642319146] [carolus_ros2]: [P4P] final_cost=0.0727929 iterations=3 converged=1 warm_start=prior candidate=15
[INFO] [1788573254.668048901] [carolus_ros2]: Time to find contours: 0.000315 seconds
[INFO] [1788573254.668512520] [carolus_ros2]: max distance = 107.257275
[INFO] [1788573254.674093599] [carolus_ros2]: [P4P] final_cost=0.124885 iterations=3 converged=1 warm_start=prior candidate=15
[INFO] [1788573254.700227718] [carolus_ros2]: Time to find contours: 0.000290 seconds
[INFO] [1788573254.700682671] [carolus_ros2]: max distance = 107.265248
[INFO] [1788573254.705959843] [carolus_ros2]: [P4P] final_cost=0.0660874 iterations=3 converged=1 warm_start=prior candidate=15
[INFO] [1788573254.736293071] [carolus_ros2]: Time to find contours: 0.000313 seconds
[INFO] [1788573254.736772042] [carolus_ros2]: max distance = 107.299566
[INFO] [1788573254.743033171] [carolus_ros2]: [P4P] final_cost=0.0608965 iterations=3 converged=1 warm_start=prior candidate=15
[INFO] [1788573254.768180258] [carolus_ros2]: Time to find contours: 0.000310 seconds
[INFO] [1788573254.768643211] [carolus_ros2]: max distance = 107.224110
[INFO] [1788573254.773450561] [carolus_ros2]: [P4P] final_cost=0.0861098 iterations=3 converged=1 warm_start=prior candidate=15
[INFO] [1788573254.800641021] [carolus_ros2]: Time to find contours: 0.000329 seconds
[INFO] [1788573254.801061458] [carolus_ros2]: max distance = 107.004673
[INFO] [1788573254.805757333] [carolus_ros2]: [P4P] final_cost=0.064326 iterations=3 converged=1 warm_start=prior candidate=15
[INFO] [1788573254.836367451] [carolus_ros2]: Time to find contours: 0.000297 seconds
[INFO] [1788573254.836847699] [carolus_ros2]: max distance = 107.004673
[INFO] [1788573254.842397966] [carolus_ros2]: [P4P] final_cost=0.0484256 iterations=2 converged=1 warm_start=prior candidate=15
[INFO] [1788573254.868063132] [carolus_ros2]: Time to find contours: 0.000322 seconds
[INFO] [1788573254.868539473] [carolus_ros2]: max distance = 106.925845
[INFO] [1788573254.874610911] [carolus_ros2]: [P4P] final_cost=0.060457 iterations=3 converged=1 warm_start=prior candidate=15
[INFO] [1788573254.900076830] [carolus_ros2]: Time to find contours: 0.000317 seconds
[INFO] [1788573254.900508692] [carolus_ros2]: max distance = 107.427353
[INFO] [1788573254.905500326] [carolus_ros2]: [P4P] final_cost=0.0260617 iterations=3 converged=1 warm_start=prior candidate=15
[INFO] [1788573254.936363966] [carolus_ros2]: Time to find contours: 0.000306 seconds
[INFO] [1788573254.936842251] [carolus_ros2]: max distance = 106.875847
[INFO] [1788573254.942665241] [carolus_ros2]: [P4P] final_cost=0.020463 iterations=3 converged=1 warm_start=prior candidate=15
[INFO] [1788573254.968052813] [carolus_ros2]: Time to find contours: 0.000325 seconds
[INFO] [1788573254.968521062] [carolus_ros2]: max distance = 106.915967
[INFO] [1788573254.974213116] [carolus_ros2]: [P4P] final_cost=0.0233429 iterations=3 converged=1 warm_start=prior candidate=15
[INFO] [1788573254.999948574] [carolus_ros2]: Time to find contours: 0.000322 seconds
[INFO] [1788573255.000357882] [carolus_ros2]: max distance = 107.020954
[INFO] [1788573255.005098867] [carolus_ros2]: [P4P] final_cost=0.0200848 iterations=3 converged=1 warm_start=prior candidate=15
[INFO] [1788573255.036706307] [carolus_ros2]: Time to find contours: 0.000351 seconds
[INFO] [1788573255.037126633] [carolus_ros2]: max distance = 106.773935
[INFO] [1788573255.042002239] [carolus_ros2]: [P4P] final_cost=0.0661797 iterations=3 converged=1 warm_start=prior candidate=15
[INFO] [1788573255.068584397] [carolus_ros2]: Time to find contours: 0.000318 seconds
[INFO] [1788573255.069053275] [carolus_ros2]: max distance = 106.875847
[INFO] [1788573255.073864404] [carolus_ros2]: [P4P] final_cost=0.0320352 iterations=3 converged=1 warm_start=prior candidate=15
[INFO] [1788573255.100618977] [carolus_ros2]: Time to find contours: 0.000332 seconds
[INFO] [1788573255.101052265] [carolus_ros2]: max distance = 106.875847
[INFO] [1788573255.105709348] [carolus_ros2]: [P4P] final_cost=0.020463 iterations=2 converged=1 warm_start=prior candidate=15
[INFO] [1788573255.136519652] [carolus_ros2]: Time to find contours: 0.000313 seconds
[INFO] [1788573255.136972772] [carolus_ros2]: max distance = 106.875847
[INFO] [1788573255.142338386] [carolus_ros2]: [P4P] final_cost=0.0320352 iterations=2 converged=1 warm_start=prior candidate=15
[INFO] [1788573255.168296211] [carolus_ros2]: Time to find contours: 0.000305 seconds
[INFO] [1788573255.168766108] [carolus_ros2]: max distance = 106.875847
[INFO] [1788573255.173556053] [carolus_ros2]: [P4P] final_cost=0.0320352 iterations=1 converged=1 warm_start=prior candidate=15
[INFO] [1788573255.200631624] [carolus_ros2]: Time to find contours: 0.000339 seconds
[INFO] [1788573255.201072060] [carolus_ros2]: max distance = 106.978090
[INFO] [1788573255.205663981] [carolus_ros2]: [P4P] final_cost=0.0206726 iterations=3 converged=1 warm_start=prior candidate=15
[INFO] [1788573255.236584870] [carolus_ros2]: Time to find contours: 0.000340 seconds
[INFO] [1788573255.237049156] [carolus_ros2]: max distance = 106.905234
[INFO] [1788573255.242712474] [carolus_ros2]: [P4P] final_cost=0.0168111 iterations=3 converged=1 warm_start=prior candidate=15
[INFO] [1788573255.267933604] [carolus_ros2]: Time to find contours: 0.000307 seconds
[INFO] [1788573255.268411723] [carolus_ros2]: max distance = 106.886656
[INFO] [1788573255.273999674] [carolus_ros2]: [P4P] final_cost=0.018367 iterations=2 converged=1 warm_start=prior candidate=15
[INFO] [1788573255.299988386] [carolus_ros2]: Time to find contours: 0.000303 seconds
[INFO] [1788573255.300451673] [carolus_ros2]: max distance = 107.080007
[INFO] [1788573255.305470937] [carolus_ros2]: [P4P] final_cost=0.0145316 iterations=3 converged=1 warm_start=prior candidate=15
[INFO] [1788573255.336278834] [carolus_ros2]: Time to find contours: 0.000324 seconds
[INFO] [1788573255.336754082] [carolus_ros2]: max distance = 106.875847
[INFO] [1788573255.342252928] [carolus_ros2]: [P4P] final_cost=0.0320352 iterations=3 converged=1 warm_start=prior candidate=15
[INFO] [1788573255.368075077] [carolus_ros2]: Time to find contours: 0.000321 seconds
[INFO] [1788573255.368579712] [carolus_ros2]: max distance = 106.875847
[INFO] [1788573255.373979065] [carolus_ros2]: [P4P] final_cost=0.0320352 iterations=1 converged=1 warm_start=prior candidate=15
[INFO] [1788573255.400182949] [carolus_ros2]: Time to find contours: 0.000302 seconds
[INFO] [1788573255.400654290] [carolus_ros2]: max distance = 106.773935
[INFO] [1788573255.405376554] [carolus_ros2]: [P4P] final_cost=0.034919 iterations=3 converged=1 warm_start=prior candidate=15
[INFO] [1788573255.436485451] [carolus_ros2]: Time to find contours: 0.000318 seconds
[INFO] [1788573255.436952589] [carolus_ros2]: max distance = 106.886656
[INFO] [1788573255.442735269] [carolus_ros2]: [P4P] final_cost=0.0272021 iterations=3 converged=1 warm_start=prior candidate=15
[INFO] [1788573255.468057449] [carolus_ros2]: Time to find contours: 0.000301 seconds
[INFO] [1788573255.468536678] [carolus_ros2]: max distance = 106.812903
[INFO] [1788573255.474008063] [carolus_ros2]: [P4P] final_cost=0.023016 iterations=3 converged=1 warm_start=prior candidate=15
[INFO] [1788573255.499964833] [carolus_ros2]: Time to find contours: 0.000294 seconds
[INFO] [1788573255.500396380] [carolus_ros2]: max distance = 106.886656
[INFO] [1788573255.505196714] [carolus_ros2]: [P4P] final_cost=0.018367 iterations=3 converged=1 warm_start=prior candidate=15
[INFO] [1788573255.536659403] [carolus_ros2]: Time to find contours: 0.000334 seconds
[INFO] [1788573255.537116449] [carolus_ros2]: max distance = 106.773935
[INFO] [1788573255.542684958] [carolus_ros2]: [P4P] final_cost=0.034919 iterations=3 converged=1 warm_start=prior candidate=15
[INFO] [1788573255.567889367] [carolus_ros2]: Time to find contours: 0.000311 seconds
[INFO] [1788573255.568344061] [carolus_ros2]: max distance = 106.773935
[INFO] [1788573255.573657640] [carolus_ros2]: [P4P] final_cost=0.034919 iterations=1 converged=1 warm_start=prior candidate=15
[INFO] [1788573255.604257920] [carolus_ros2]: Time to find contours: 0.000323 seconds
[INFO] [1788573255.604729817] [carolus_ros2]: max distance = 106.773935
[INFO] [1788573255.610050137] [carolus_ros2]: [P4P] final_cost=0.034919 iterations=1 converged=1 warm_start=prior candidate=15
[INFO] [1788573255.635953632] [carolus_ros2]: Time to find contours: 0.000318 seconds
[INFO] [1788573255.636424955] [carolus_ros2]: max distance = 106.773935
[INFO] [1788573255.641570397] [carolus_ros2]: [P4P] final_cost=0.034919 iterations=1 converged=1 warm_start=prior candidate=15
[INFO] [1788573255.668153813] [carolus_ros2]: Time to find contours: 0.000322 seconds
[INFO] [1788573255.668631488] [carolus_ros2]: max distance = 106.905234
[INFO] [1788573255.674716816] [carolus_ros2]: [P4P] final_cost=0.0255526 iterations=3 converged=1 warm_start=prior candidate=15
[INFO] [1788573255.699982295] [carolus_ros2]: Time to find contours: 0.000320 seconds
[INFO] [1788573255.700449470] [carolus_ros2]: max distance = 106.886656
[INFO] [1788573255.705460994] [carolus_ros2]: [P4P] final_cost=0.018367 iterations=2 converged=1 warm_start=prior candidate=15
[INFO] [1788573255.736479970] [carolus_ros2]: Time to find contours: 0.000358 seconds
[INFO] [1788573255.736980106] [carolus_ros2]: max distance = 106.978090
[INFO] [1788573255.742615722] [carolus_ros2]: [P4P] final_cost=0.0181223 iterations=3 converged=1 warm_start=prior candidate=15
[INFO] [1788573255.767691120] [carolus_ros2]: Time to find contours: 0.000352 seconds
[INFO] [1788573255.768172998] [carolus_ros2]: max distance = 106.773935
[INFO] [1788573255.773671807] [carolus_ros2]: [P4P] final_cost=0.034919 iterations=3 converged=1 warm_start=prior candidate=15
[INFO] [1788573255.804315195] [carolus_ros2]: Time to find contours: 0.000329 seconds
[INFO] [1788573255.804808442] [carolus_ros2]: max distance = 106.657670
[INFO] [1788573255.810798184] [carolus_ros2]: [P4P] final_cost=0.0484824 iterations=3 converged=1 warm_start=prior candidate=15
[INFO] [1788573255.835846621] [carolus_ros2]: Time to find contours: 0.000377 seconds
[INFO] [1788573255.836328591] [carolus_ros2]: max distance = 106.773935
[INFO] [1788573255.842009556] [carolus_ros2]: [P4P] final_cost=0.034919 iterations=3 converged=1 warm_start=prior candidate=15
[INFO] [1788573255.868123834] [carolus_ros2]: Time to find contours: 0.000390 seconds
[INFO] [1788573255.868654357] [carolus_ros2]: max distance = 106.978090
[INFO] [1788573255.874788608] [carolus_ros2]: [P4P] final_cost=0.0181223 iterations=3 converged=1 warm_start=prior candidate=15
[INFO] [1788573255.900009590] [carolus_ros2]: Time to find contours: 0.000399 seconds
[INFO] [1788573255.900491505] [carolus_ros2]: max distance = 106.978090
[INFO] [1788573255.905243175] [carolus_ros2]: [P4P] final_cost=0.0308871 iterations=2 converged=1 warm_start=prior candidate=15
[INFO] [1788573255.936578317] [carolus_ros2]: Time to find contours: 0.000379 seconds
[INFO] [1788573255.937068675] [carolus_ros2]: max distance = 106.783320
[INFO] [1788573255.942997162] [carolus_ros2]: [P4P] final_cost=0.0290879 iterations=3 converged=1 warm_start=prior candidate=15
[INFO] [1788573255.967761135] [carolus_ros2]: Time to find contours: 0.000400 seconds
[INFO] [1788573255.968237901] [carolus_ros2]: max distance = 106.773935
[INFO] [1788573255.974135075] [carolus_ros2]: [P4P] final_cost=0.034919 iterations=3 converged=1 warm_start=prior candidate=15
[INFO] [1788573256.000376475] [carolus_ros2]: Time to find contours: 0.000314 seconds
[INFO] [1788573256.000856168] [carolus_ros2]: max distance = 106.773935
[INFO] [1788573256.005653670] [carolus_ros2]: [P4P] final_cost=0.034919 iterations=1 converged=1 warm_start=prior candidate=15
[INFO] [1788573256.036082936] [carolus_ros2]: Time to find contours: 0.000325 seconds
[INFO] [1788573256.036569906] [carolus_ros2]: max distance = 106.773935
[INFO] [1788573256.042144972] [carolus_ros2]: [P4P] final_cost=0.034919 iterations=1 converged=1 warm_start=prior candidate=15
[INFO] [1788573256.068050274] [carolus_ros2]: Time to find contours: 0.000336 seconds
[INFO] [1788573256.068542726] [carolus_ros2]: max distance = 106.861791
[INFO] [1788573256.074031667] [carolus_ros2]: [P4P] final_cost=0.0293262 iterations=3 converged=1 warm_start=prior candidate=15
[INFO] [1788573256.100194787] [carolus_ros2]: Time to find contours: 0.000306 seconds
[INFO] [1788573256.100629945] [carolus_ros2]: max distance = 106.978090
[INFO] [1788573256.105484685] [carolus_ros2]: [P4P] final_cost=0.0181223 iterations=3 converged=1 warm_start=prior candidate=15
[INFO] [1788573256.136558319] [carolus_ros2]: Time to find contours: 0.000346 seconds
[INFO] [1788573256.137036845] [carolus_ros2]: max distance = 106.861791
[INFO] [1788573256.143169377] [carolus_ros2]: [P4P] final_cost=0.0293262 iterations=3 converged=1 warm_start=prior candidate=15
[INFO] [1788573256.168081425] [carolus_ros2]: Time to find contours: 0.000361 seconds
[INFO] [1788573256.168571951] [carolus_ros2]: max distance = 106.978090
[INFO] [1788573256.174337542] [carolus_ros2]: [P4P] final_cost=0.0181223 iterations=3 converged=1 warm_start=prior candidate=15
[INFO] [1788573256.199996841] [carolus_ros2]: Time to find contours: 0.000315 seconds
[INFO] [1788573256.200460405] [carolus_ros2]: max distance = 106.773935
[INFO] [1788573256.205717323] [carolus_ros2]: [P4P] final_cost=0.034919 iterations=3 converged=1 warm_start=prior candidate=15
[INFO] [1788573256.236196086] [carolus_ros2]: Time to find contours: 0.000329 seconds
[INFO] [1788573256.236727850] [carolus_ros2]: max distance = 107.047256
[INFO] [1788573256.242063394] [carolus_ros2]: [P4P] final_cost=0.0429808 iterations=3 converged=1 warm_start=prior candidate=15
[INFO] [1788573256.268091873] [carolus_ros2]: Time to find contours: 0.000328 seconds
[INFO] [1788573256.268578510] [carolus_ros2]: max distance = 106.875847
[INFO] [1788573256.274358212] [carolus_ros2]: [P4P] final_cost=0.017589 iterations=3 converged=1 warm_start=prior candidate=15
[INFO] [1788573256.300000586] [carolus_ros2]: Time to find contours: 0.000328 seconds
[INFO] [1788573256.300454021] [carolus_ros2]: max distance = 106.875847
[INFO] [1788573256.305443660] [carolus_ros2]: [P4P] final_cost=0.0320352 iterations=3 converged=1 warm_start=prior candidate=15
[INFO] [1788573256.336541236] [carolus_ros2]: Time to find contours: 0.000340 seconds
[INFO] [1788573256.337020503] [carolus_ros2]: max distance = 106.773935
[INFO] [1788573256.342593477] [carolus_ros2]: [P4P] final_cost=0.0342138 iterations=3 converged=1 warm_start=prior candidate=15
[INFO] [1788573256.367824172] [carolus_ros2]: Time to find contours: 0.000334 seconds
[INFO] [1788573256.368288366] [carolus_ros2]: max distance = 106.812903
[INFO] [1788573256.373619595] [carolus_ros2]: [P4P] final_cost=0.0236534 iterations=3 converged=1 warm_start=prior candidate=15
[INFO] [1788573256.400072475] [carolus_ros2]: Time to find contours: 0.000315 seconds
[INFO] [1788573256.400500430] [carolus_ros2]: max distance = 107.027787
[INFO] [1788573256.405774348] [carolus_ros2]: [P4P] final_cost=0.143524 iterations=3 converged=1 warm_start=prior candidate=7
[INFO] [1788573256.436461912] [carolus_ros2]: Time to find contours: 0.000315 seconds
[INFO] [1788573256.436890368] [carolus_ros2]: max distance = 107.027787
[INFO] [1788573256.442293296] [carolus_ros2]: [P4P] final_cost=0.0943281 iterations=3 converged=1 warm_start=prior candidate=15
[INFO] [1788573256.468066106] [carolus_ros2]: Time to find contours: 0.000314 seconds
[INFO] [1788573256.468537614] [carolus_ros2]: max distance = 106.825988
[INFO] [1788573256.473449240] [carolus_ros2]: [P4P] final_cost=0.137172 iterations=3 converged=1 warm_start=prior candidate=15
[INFO] [1788573256.500560690] [carolus_ros2]: Time to find contours: 0.000321 seconds
[INFO] [1788573256.500972850] [carolus_ros2]: max distance = 106.898527
[INFO] [1788573256.506019856] [carolus_ros2]: [P4P] final_cost=0.0500669 iterations=3 converged=1 warm_start=prior candidate=15
[INFO] [1788573256.534862830] [carolus_ros2]: Time to find contours: 0.000309 seconds
[INFO] [1788573256.535249695] [carolus_ros2]: max distance = 106.657670
[INFO] [1788573256.539448401] [carolus_ros2]: [P4P] final_cost=0.0484824 iterations=3 converged=1 warm_start=prior candidate=15
[INFO] [1788573256.567765481] [carolus_ros2]: Time to find contours: 0.000354 seconds
[INFO] [1788573256.568238841] [carolus_ros2]: max distance = 107.005891
[INFO] [1788573256.573966842] [carolus_ros2]: [P4P] final_cost=0.0616429 iterations=3 converged=1 warm_start=prior candidate=15
[INFO] [1788573256.600298526] [carolus_ros2]: Time to find contours: 0.000354 seconds
[INFO] [1788573256.600828197] [carolus_ros2]: max distance = 106.925845
[INFO] [1788573256.605958086] [carolus_ros2]: [P4P] final_cost=0.0400744 iterations=3 converged=1 warm_start=prior candidate=15
[INFO] [1788573256.636589580] [carolus_ros2]: Time to find contours: 0.000339 seconds
[INFO] [1788573256.637056978] [carolus_ros2]: max distance = 106.924806
[INFO] [1788573256.642012674] [carolus_ros2]: [P4P] final_cost=0.0425358 iterations=3 converged=1 warm_start=prior candidate=15
[INFO] [1788573256.668383726] [carolus_ros2]: Time to find contours: 0.000310 seconds
[INFO] [1788573256.668857067] [carolus_ros2]: max distance = 107.004673
[INFO] [1788573256.674065952] [carolus_ros2]: [P4P] final_cost=0.0448645 iterations=3 converged=1 warm_start=prior candidate=15
[INFO] [1788573256.700487944] [carolus_ros2]: Time to find contours: 0.000313 seconds
[INFO] [1788573256.700925881] [carolus_ros2]: max distance = 107.003692
[INFO] [1788573256.705538894] [carolus_ros2]: [P4P] final_cost=0.0291806 iterations=3 converged=1 warm_start=prior candidate=15
[INFO] [1788573256.736655674] [carolus_ros2]: Time to find contours: 0.000356 seconds
[INFO] [1788573256.737107646] [carolus_ros2]: max distance = 107.075377
[INFO] [1788573256.742491409] [carolus_ros2]: [P4P] final_cost=0.0601999 iterations=3 converged=1 warm_start=prior candidate=15
[INFO] [1788573256.767900297] [carolus_ros2]: Time to find contours: 0.000312 seconds
[INFO] [1788573256.768353862] [carolus_ros2]: max distance = 107.148618
[INFO] [1788573256.773582856] [carolus_ros2]: [P4P] final_cost=0.0234761 iterations=3 converged=1 warm_start=prior candidate=15
[INFO] [1788573256.800395399] [carolus_ros2]: Time to find contours: 0.000308 seconds
[INFO] [1788573256.800850223] [carolus_ros2]: max distance = 107.247681
[INFO] [1788573256.805785069] [carolus_ros2]: [P4P] final_cost=0.0336596 iterations=3 converged=1 warm_start=prior candidate=15
[INFO] [1788573256.836367918] [carolus_ros2]: Time to find contours: 0.000322 seconds
[INFO] [1788573256.836841630] [carolus_ros2]: max distance = 107.008456
[INFO] [1788573256.842758564] [carolus_ros2]: [P4P] final_cost=0.0571188 iterations=3 converged=1 warm_start=prior candidate=15
[INFO] [1788573256.867905560] [carolus_ros2]: Time to find contours: 0.000321 seconds
[INFO] [1788573256.868372235] [carolus_ros2]: max distance = 107.187532
[INFO] [1788573256.874045851] [carolus_ros2]: [P4P] final_cost=0.0494913 iterations=3 converged=1 warm_start=prior candidate=15
[INFO] [1788573256.899894897] [carolus_ros2]: Time to find contours: 0.000304 seconds
[INFO] [1788573256.900347944] [carolus_ros2]: max distance = 107.368482
[INFO] [1788573256.905538218] [carolus_ros2]: [P4P] final_cost=0.0321846 iterations=3 converged=1 warm_start=prior candidate=15
[INFO] [1788573256.936557226] [carolus_ros2]: Time to find contours: 0.000341 seconds
[INFO] [1788573256.937034197] [carolus_ros2]: max distance = 107.289190
[INFO] [1788573256.943011312] [carolus_ros2]: [P4P] final_cost=0.0743939 iterations=3 converged=1 warm_start=prior candidate=15
[INFO] [1788573256.967932082] [carolus_ros2]: Time to find contours: 0.000325 seconds
[INFO] [1788573256.968404942] [carolus_ros2]: max distance = 107.289190
[INFO] [1788573256.974560880] [carolus_ros2]: [P4P] final_cost=0.0481247 iterations=3 converged=1 warm_start=prior candidate=15
[INFO] [1788573256.999862237] [carolus_ros2]: Time to find contours: 0.000344 seconds
[INFO] [1788573257.000324283] [carolus_ros2]: max distance = 107.187532
[INFO] [1788573257.006074747] [carolus_ros2]: [P4P] final_cost=0.0599982 iterations=3 converged=1 warm_start=prior candidate=15
[INFO] [1788573257.036095347] [carolus_ros2]: Time to find contours: 0.000344 seconds
[INFO] [1788573257.036662238] [carolus_ros2]: max distance = 107.247681
[INFO] [1788573257.041972601] [carolus_ros2]: [P4P] final_cost=0.0437246 iterations=3 converged=1 warm_start=prior candidate=15
[INFO] [1788573257.067624725] [carolus_ros2]: Time to find contours: 0.000350 seconds
[INFO] [1788573257.068069383] [carolus_ros2]: max distance = 107.167833
[INFO] [1788573257.073511163] [carolus_ros2]: [P4P] final_cost=0.0693793 iterations=3 converged=1 warm_start=prior candidate=15
[INFO] [1788573257.100266980] [carolus_ros2]: Time to find contours: 0.000315 seconds
[INFO] [1788573257.100704324] [carolus_ros2]: max distance = 107.148618
[INFO] [1788573257.105843992] [carolus_ros2]: [P4P] final_cost=0.0498898 iterations=3 converged=1 warm_start=prior candidate=15
[INFO] [1788573257.136374561] [carolus_ros2]: Time to find contours: 0.000323 seconds
[INFO] [1788573257.136849995] [carolus_ros2]: max distance = 107.148618
[INFO] [1788573257.142362511] [carolus_ros2]: [P4P] final_cost=0.0637348 iterations=3 converged=1 warm_start=prior candidate=15
[INFO] [1788573257.167947899] [carolus_ros2]: Time to find contours: 0.000323 seconds
[INFO] [1788573257.168403575] [carolus_ros2]: max distance = 107.148618
[INFO] [1788573257.174195797] [carolus_ros2]: [P4P] final_cost=0.0598454 iterations=3 converged=1 warm_start=prior candidate=15
[INFO] [1788573257.200207511] [carolus_ros2]: Time to find contours: 0.000356 seconds
[INFO] [1788573257.200741997] [carolus_ros2]: max distance = 107.247681
[INFO] [1788573257.206062821] [carolus_ros2]: [P4P] final_cost=0.0491876 iterations=3 converged=1 warm_start=prior candidate=15
[INFO] [1788573257.236672070] [carolus_ros2]: Time to find contours: 0.000321 seconds
[INFO] [1788573257.237135079] [carolus_ros2]: max distance = 107.167588
[INFO] [1788573257.242125775] [carolus_ros2]: [P4P] final_cost=0.0793813 iterations=3 converged=1 warm_start=prior candidate=15
[INFO] [1788573257.268295443] [carolus_ros2]: Time to find contours: 0.000302 seconds
[INFO] [1788573257.268742249] [carolus_ros2]: max distance = 107.438043
[INFO] [1788573257.273571955] [carolus_ros2]: [P4P] final_cost=0.0256876 iterations=3 converged=1 warm_start=prior candidate=15
[INFO] [1788573257.300629031] [carolus_ros2]: Time to find contours: 0.000319 seconds
[INFO] [1788573257.301060931] [carolus_ros2]: max distance = 107.417516
[INFO] [1788573257.306096532] [carolus_ros2]: [P4P] final_cost=0.0183568 iterations=3 converged=1 warm_start=prior candidate=15
[INFO] [1788573257.336448370] [carolus_ros2]: Time to find contours: 0.000335 seconds
[INFO] [1788573257.336905398] [carolus_ros2]: max distance = 106.858325
[INFO] [1788573257.342877498] [carolus_ros2]: [P4P] final_cost=0.0547685 iterations=3 converged=1 warm_start=prior candidate=15
[INFO] [1788573257.368084390] [carolus_ros2]: Time to find contours: 0.000324 seconds
[INFO] [1788573257.368548788] [carolus_ros2]: max distance = 107.162417
[INFO] [1788573257.374927066] [carolus_ros2]: [P4P] final_cost=0.162136 iterations=3 converged=1 warm_start=prior candidate=15
[INFO] [1788573257.400228101] [carolus_ros2]: Time to find contours: 0.000341 seconds
[INFO] [1788573257.400753569] [carolus_ros2]: max distance = 107.004673
[INFO] [1788573257.406211645] [carolus_ros2]: [P4P] final_cost=0.213799 iterations=3 converged=1 warm_start=prior candidate=15
[INFO] [1788573257.435865822] [carolus_ros2]: Time to find contours: 0.000321 seconds
[INFO] [1788573257.436306832] [carolus_ros2]: max distance = 107.424487
[INFO] [1788573257.442121552] [carolus_ros2]: [P4P] final_cost=0.186137 iterations=3 converged=1 warm_start=prior candidate=15
[INFO] [1788573257.468048179] [carolus_ros2]: Time to find contours: 0.000316 seconds
[INFO] [1788573257.468511021] [carolus_ros2]: max distance = 107.563380
[INFO] [1788573257.474136142] [carolus_ros2]: [P4P] final_cost=0.218967 iterations=3 converged=1 warm_start=prior candidate=15
[INFO] [1788573257.500292143] [carolus_ros2]: Time to find contours: 0.000307 seconds
[INFO] [1788573257.500754208] [carolus_ros2]: max distance = 107.237836
[INFO] [1788573257.505902302] [carolus_ros2]: [P4P] final_cost=0.20413 iterations=3 converged=1 warm_start=prior candidate=15
[INFO] [1788573257.536470331] [carolus_ros2]: Time to find contours: 0.000329 seconds
[ERROR] [1788573257.536897657] [carolus_ros2]: Not enough blobs with required circularity.
[INFO] [1788573257.568615116] [carolus_ros2]: Time to find contours: 0.000338 seconds
[ERROR] [1788573257.569038646] [carolus_ros2]: Not enough blobs with required circularity.
[INFO] [1788573257.600755068] [carolus_ros2]: Time to find contours: 0.000293 seconds
[INFO] [1788573257.601165654] [carolus_ros2]: max distance = 107.719965
[INFO] [1788573257.606047820] [carolus_ros2]: [P4P] final_cost=0.09844 iterations=3 converged=1 warm_start=prior candidate=15
[INFO] [1788573257.636206171] [carolus_ros2]: Time to find contours: 0.000316 seconds
[INFO] [1788573257.636689549] [carolus_ros2]: max distance = 107.714905
[INFO] [1788573257.642520990] [carolus_ros2]: [P4P] final_cost=0.0808685 iterations=3 converged=1 warm_start=prior candidate=15
[INFO] [1788573257.667962239] [carolus_ros2]: Time to find contours: 0.000324 seconds
[INFO] [1788573257.668432099] [carolus_ros2]: max distance = 108.010416
[INFO] [1788573257.674055757] [carolus_ros2]: [P4P] final_cost=0.0950097 iterations=3 converged=1 warm_start=prior candidate=15
[INFO] [1788573257.700001123] [carolus_ros2]: Time to find contours: 0.000331 seconds
[INFO] [1788573257.700465446] [carolus_ros2]: max distance = 108.051587
[INFO] [1788573257.706726695] [carolus_ros2]: [P4P] final_cost=0.129817 iterations=3 converged=1 warm_start=prior candidate=15
[INFO] [1788573257.736352856] [carolus_ros2]: Time to find contours: 0.000335 seconds
[INFO] [1788573257.736877768] [carolus_ros2]: max distance = 108.511886
[INFO] [1788573257.742198426] [carolus_ros2]: [P4P] final_cost=0.108486 iterations=3 converged=1 warm_start=prior candidate=15
[INFO] [1788573257.768108905] [carolus_ros2]: Time to find contours: 0.000328 seconds
[INFO] [1788573257.768596598] [carolus_ros2]: max distance = 108.096855
[INFO] [1788573257.774201590] [carolus_ros2]: [P4P] final_cost=0.130502 iterations=3 converged=1 warm_start=prior candidate=15
[INFO] [1788573257.800242320] [carolus_ros2]: Time to find contours: 0.000335 seconds
[INFO] [1788573257.800736087] [carolus_ros2]: max distance = 108.859644
[INFO] [1788573257.806285194] [carolus_ros2]: [P4P] final_cost=0.145422 iterations=3 converged=1 warm_start=prior candidate=15
[INFO] [1788573257.835822397] [carolus_ros2]: Time to find contours: 0.000312 seconds
[INFO] [1788573257.836271628] [carolus_ros2]: max distance = 108.315979
[INFO] [1788573257.842409070] [carolus_ros2]: [P4P] final_cost=0.104588 iterations=3 converged=1 warm_start=prior candidate=15
[INFO] [1788573257.867953090] [carolus_ros2]: Time to find contours: 0.000316 seconds
[INFO] [1788573257.868401729] [carolus_ros2]: max distance = 107.834702
[INFO] [1788573257.874475360] [carolus_ros2]: [P4P] final_cost=0.0912558 iterations=3 converged=1 warm_start=prior candidate=15
[INFO] [1788573257.900305640] [carolus_ros2]: Time to find contours: 0.000292 seconds
[INFO] [1788573257.900731096] [carolus_ros2]: max distance = 107.598906
[INFO] [1788573257.905842063] [carolus_ros2]: [P4P] final_cost=0.00628293 iterations=3 converged=1 warm_start=prior candidate=15
[INFO] [1788573257.936603395] [carolus_ros2]: Time to find contours: 0.000359 seconds
[INFO] [1788573257.937043850] [carolus_ros2]: max distance = 107.575196
[INFO] [1788573257.942793389] [carolus_ros2]: [P4P] final_cost=0.0153568 iterations=3 converged=1 warm_start=prior candidate=15
[INFO] [1788573257.967860308] [carolus_ros2]: Time to find contours: 0.000327 seconds
[INFO] [1788573257.968317595] [carolus_ros2]: max distance = 107.940209
[INFO] [1788573257.974733538] [carolus_ros2]: [P4P] final_cost=0.0162323 iterations=3 converged=1 warm_start=prior candidate=15
[INFO] [1788573257.999622968] [carolus_ros2]: Time to find contours: 0.000335 seconds
[INFO] [1788573258.000105531] [carolus_ros2]: max distance = 107.940209
[INFO] [1788573258.006315026] [carolus_ros2]: [P4P] final_cost=0.0262949 iterations=3 converged=1 warm_start=prior candidate=15
[INFO] [1788573258.035835205] [carolus_ros2]: Time to find contours: 0.000311 seconds
[INFO] [1788573258.036271642] [carolus_ros2]: max distance = 107.694808
[INFO] [1788573258.042482859] [carolus_ros2]: [P4P] final_cost=0.0484625 iterations=3 converged=1 warm_start=prior candidate=15
[INFO] [1788573258.068051944] [carolus_ros2]: Time to find contours: 0.000306 seconds
[INFO] [1788573258.068515212] [carolus_ros2]: max distance = 107.450691
[INFO] [1788573258.074791888] [carolus_ros2]: [P4P] final_cost=0.0354998 iterations=3 converged=1 warm_start=prior candidate=15
[INFO] [1788573258.099835449] [carolus_ros2]: Time to find contours: 0.000302 seconds
[INFO] [1788573258.100257572] [carolus_ros2]: max distance = 107.020725
[INFO] [1788573258.105983337] [carolus_ros2]: [P4P] final_cost=0.0256176 iterations=3 converged=1 warm_start=prior candidate=15
[INFO] [1788573258.136623448] [carolus_ros2]: Time to find contours: 0.000331 seconds
[INFO] [1788573258.137073088] [carolus_ros2]: max distance = 107.118235
[INFO] [1788573258.143063411] [carolus_ros2]: [P4P] final_cost=0.0417049 iterations=3 converged=1 warm_start=prior candidate=15
[INFO] [1788573258.167767733] [carolus_ros2]: Time to find contours: 0.000310 seconds
[INFO] [1788573258.168201910] [carolus_ros2]: max distance = 107.370393
[INFO] [1788573258.174625874] [carolus_ros2]: [P4P] final_cost=0.0281579 iterations=3 converged=1 warm_start=prior candidate=15
[INFO] [1788573258.199940103] [carolus_ros2]: Time to find contours: 0.000325 seconds
[INFO] [1788573258.200398594] [carolus_ros2]: max distance = 107.389231
[INFO] [1788573258.207247088] [carolus_ros2]: [P4P] final_cost=0.023522 iterations=3 converged=1 warm_start=prior candidate=15
[INFO] [1788573258.236100252] [carolus_ros2]: Time to find contours: 0.000327 seconds
[INFO] [1788573258.236592278] [carolus_ros2]: max distance = 107.188465
[INFO] [1788573258.242374021] [carolus_ros2]: [P4P] final_cost=0.0574109 iterations=3 converged=1 warm_start=prior candidate=15
[INFO] [1788573258.268087467] [carolus_ros2]: Time to find contours: 0.000326 seconds
[INFO] [1788573258.268615417] [carolus_ros2]: max distance = 107.526694
[INFO] [1788573258.274534114] [carolus_ros2]: [P4P] final_cost=0.0323203 iterations=3 converged=1 warm_start=prior candidate=15
[INFO] [1788573258.300044554] [carolus_ros2]: Time to find contours: 0.000331 seconds
[INFO] [1788573258.300538858] [carolus_ros2]: max distance = 107.427452
[INFO] [1788573258.306564753] [carolus_ros2]: [P4P] final_cost=0.00256975 iterations=3 converged=1 warm_start=prior candidate=15
[INFO] [1788573258.336666138] [carolus_ros2]: Time to find contours: 0.000329 seconds
[INFO] [1788573258.337105352] [carolus_ros2]: max distance = 107.119840
[INFO] [1788573258.342824932] [carolus_ros2]: [P4P] final_cost=0.0664067 iterations=3 converged=1 warm_start=prior candidate=15
[INFO] [1788573258.367972153] [carolus_ros2]: Time to find contours: 0.000298 seconds
[INFO] [1788573258.368399091] [carolus_ros2]: max distance = 107.549194
[INFO] [1788573258.374000197] [carolus_ros2]: [P4P] final_cost=0.080891 iterations=3 converged=1 warm_start=prior candidate=15
[INFO] [1788573258.400675640] [carolus_ros2]: Time to find contours: 0.000321 seconds
[INFO] [1788573258.401095448] [carolus_ros2]: max distance = 107.744744
[INFO] [1788573258.406825417] [carolus_ros2]: [P4P] final_cost=0.0610367 iterations=3 converged=1 warm_start=prior candidate=15
[INFO] [1788573258.435821905] [carolus_ros2]: Time to find contours: 0.000305 seconds
[INFO] [1788573258.436265101] [carolus_ros2]: max distance = 107.819266
[INFO] [1788573258.443062782] [carolus_ros2]: [P4P] final_cost=0.0291246 iterations=3 converged=1 warm_start=prior candidate=15
[INFO] [1788573258.467754642] [carolus_ros2]: Time to find contours: 0.000343 seconds
[INFO] [1788573258.468176395] [carolus_ros2]: max distance = 107.821497
[INFO] [1788573258.474714537] [carolus_ros2]: [P4P] final_cost=0.00958693 iterations=3 converged=1 warm_start=prior candidate=15
[INFO] [1788573258.499860036] [carolus_ros2]: Time to find contours: 0.000291 seconds
[INFO] [1788573258.500271696] [carolus_ros2]: max distance = 108.079959
[INFO] [1788573258.505991221] [carolus_ros2]: [P4P] final_cost=0.149152 iterations=3 converged=1 warm_start=prior candidate=15
[INFO] [1788573258.536528061] [carolus_ros2]: Time to find contours: 0.000314 seconds
[INFO] [1788573258.536954350] [carolus_ros2]: max distance = 108.442981
[INFO] [1788573258.542788349] [carolus_ros2]: [P4P] final_cost=0.104643 iterations=3 converged=1 warm_start=prior candidate=15
[INFO] [1788573258.567852464] [carolus_ros2]: Time to find contours: 0.000386 seconds
[INFO] [1788573258.568310770] [carolus_ros2]: max distance = 107.959115
[INFO] [1788573258.574880391] [carolus_ros2]: [P4P] final_cost=0.111695 iterations=3 converged=1 warm_start=prior candidate=15
[INFO] [1788573258.600214268] [carolus_ros2]: Time to find contours: 0.000338 seconds
[INFO] [1788573258.600730014] [carolus_ros2]: max distance = 108.336064
[INFO] [1788573258.606706986] [carolus_ros2]: [P4P] final_cost=0.0640937 iterations=3 converged=1 warm_start=prior candidate=15
[INFO] [1788573258.636456448] [carolus_ros2]: Time to find contours: 0.000310 seconds
[INFO] [1788573258.636886033] [carolus_ros2]: max distance = 107.940209
[INFO] [1788573258.642825748] [carolus_ros2]: [P4P] final_cost=0.171473 iterations=3 converged=1 warm_start=prior candidate=15
[INFO] [1788573258.668015448] [carolus_ros2]: Time to find contours: 0.000323 seconds
[INFO] [1788573258.668449774] [carolus_ros2]: max distance = 108.281563
[INFO] [1788573258.674279625] [carolus_ros2]: [P4P] final_cost=0.0490014 iterations=3 converged=1 warm_start=prior candidate=15
[INFO] [1788573258.700080714] [carolus_ros2]: Time to find contours: 0.000302 seconds
[INFO] [1788573258.700521947] [carolus_ros2]: max distance = 108.531225
[INFO] [1788573258.706177661] [carolus_ros2]: [P4P] final_cost=0.0166217 iterations=3 converged=1 warm_start=prior candidate=15
[INFO] [1788573258.736176922] [carolus_ros2]: Time to find contours: 0.000319 seconds
[INFO] [1788573258.736639431] [carolus_ros2]: max distance = 108.257175
[INFO] [1788573258.743281771] [carolus_ros2]: [P4P] final_cost=0.00131903 iterations=3 converged=1 warm_start=prior candidate=15
[INFO] [1788573258.767797493] [carolus_ros2]: Time to find contours: 0.000319 seconds
[INFO] [1788573258.768232078] [carolus_ros2]: max distance = 108.078106
[INFO] [1788573258.774773590] [carolus_ros2]: [P4P] final_cost=0.00344493 iterations=3 converged=1 warm_start=prior candidate=15
[INFO] [1788573258.799896423] [carolus_ros2]: Time to find contours: 0.000314 seconds
[ERROR] [1788573258.800318231] [carolus_ros2]: Not enough blobs < 4.
[INFO] [1788573258.836597150] [carolus_ros2]: Time to find contours: 0.000361 seconds
[INFO] [1788573258.837111119] [carolus_ros2]: max distance = 108.083491
[INFO] [1788573258.842725780] [carolus_ros2]: [P4P] final_cost=0.0167499 iterations=3 converged=1 warm_start=prior candidate=15
[INFO] [1788573258.868155317] [carolus_ros2]: Time to find contours: 0.000321 seconds
[INFO] [1788573258.868680823] [carolus_ros2]: max distance = 107.596476
[INFO] [1788573258.874726679] [carolus_ros2]: [P4P] final_cost=0.0187234 iterations=3 converged=1 warm_start=prior candidate=15
[INFO] [1788573258.900103609] [carolus_ros2]: Time to find contours: 0.000338 seconds
[ERROR] [1788573258.900616171] [carolus_ros2]: Not enough blobs < 4.
[INFO] [1788573258.936639494] [carolus_ros2]: Time to find contours: 0.000321 seconds
[INFO] [1788573258.937073634] [carolus_ros2]: max distance = 107.851358
[INFO] [1788573258.942365870] [carolus_ros2]: [P4P] final_cost=0.00442181 iterations=3 converged=1 warm_start=prior candidate=15
[INFO] [1788573258.968164218] [carolus_ros2]: Time to find contours: 0.000296 seconds
[INFO] [1788573258.968583360] [carolus_ros2]: max distance = 108.295075
[INFO] [1788573258.974271627] [carolus_ros2]: [P4P] final_cost=0.0645174 iterations=3 converged=1 warm_start=prior candidate=15
[INFO] [1788573259.000300980] [carolus_ros2]: Time to find contours: 0.000294 seconds
[ERROR] [1788573259.000712140] [carolus_ros2]: Not enough blobs < 4.
[INFO] [1788573259.036508973] [carolus_ros2]: Time to find contours: 0.000323 seconds
[INFO] [1788573259.036950761] [carolus_ros2]: max distance = 107.924682
[INFO] [1788573259.043345211] [carolus_ros2]: [P4P] final_cost=0.0169173 iterations=3 converged=1 warm_start=prior candidate=15
[INFO] [1788573259.068048580] [carolus_ros2]: Time to find contours: 0.000326 seconds
[INFO] [1788573259.068505108] [carolus_ros2]: max distance = 108.296325
[INFO] [1788573259.074880985] [carolus_ros2]: [P4P] final_cost=0.097129 iterations=3 converged=1 warm_start=prior candidate=15
[INFO] [1788573259.099899854] [carolus_ros2]: Time to find contours: 0.000310 seconds
[ERROR] [1788573259.100285923] [carolus_ros2]: Not enough blobs with required circularity.
[INFO] [1788573259.136358925] [carolus_ros2]: Time to find contours: 0.000312 seconds
[INFO] [1788573259.136800380] [carolus_ros2]: max distance = 108.267232
[INFO] [1788573259.142977379] [carolus_ros2]: [P4P] final_cost=0.0110036 iterations=3 converged=1 warm_start=prior candidate=15
[INFO] [1788573259.167779576] [carolus_ros2]: Time to find contours: 0.000299 seconds
[INFO] [1788573259.168204180] [carolus_ros2]: max distance = 108.265463
[INFO] [1788573259.173758458] [carolus_ros2]: [P4P] final_cost=0.0332647 iterations=3 converged=1 warm_start=prior candidate=15
[INFO] [1788573259.200545072] [carolus_ros2]: Time to find contours: 0.000299 seconds
[ERROR] [1788573259.200923735] [carolus_ros2]: Not enough blobs < 4.
[INFO] [1788573259.236111178] [carolus_ros2]: Time to find contours: 0.000301 seconds
[INFO] [1788573259.236542875] [carolus_ros2]: max distance = 108.245614
[INFO] [1788573259.242861773] [carolus_ros2]: [P4P] final_cost=0.0229021 iterations=3 converged=1 warm_start=prior candidate=7
[INFO] [1788573259.267920954] [carolus_ros2]: Time to find contours: 0.000315 seconds
[INFO] [1788573259.268319560] [carolus_ros2]: max distance = 108.427924
[INFO] [1788573259.274510670] [carolus_ros2]: [P4P] final_cost=0.0154098 iterations=3 converged=1 warm_start=prior candidate=15
[INFO] [1788573259.299908257] [carolus_ros2]: Time to find contours: 0.000322 seconds
[INFO] [1788573259.300311492] [carolus_ros2]: max distance = 108.334487
[INFO] [1788573259.306889301] [carolus_ros2]: [P4P] final_cost=0.0880113 iterations=3 converged=1 warm_start=prior candidate=15
[INFO] [1788573259.336328960] [carolus_ros2]: Time to find contours: 0.000339 seconds
[INFO] [1788573259.336809875] [carolus_ros2]: max distance = 108.509242
[INFO] [1788573259.342539791] [carolus_ros2]: [P4P] final_cost=0.0298968 iterations=3 converged=1 warm_start=prior candidate=15
[INFO] [1788573259.368189881] [carolus_ros2]: Time to find contours: 0.000335 seconds
[INFO] [1788573259.368704776] [carolus_ros2]: max distance = 108.927739
[INFO] [1788573259.374324513] [carolus_ros2]: [P4P] final_cost=0.0182236 iterations=3 converged=1 warm_start=prior candidate=7
[INFO] [1788573259.400072578] [carolus_ros2]: Time to find contours: 0.000337 seconds
[INFO] [1788573259.400555568] [carolus_ros2]: max distance = 108.651613
[INFO] [1788573259.406169379] [carolus_ros2]: [P4P] final_cost=0.0385028 iterations=3 converged=1 warm_start=prior candidate=7
[INFO] [1788573259.435846820] [carolus_ros2]: Time to find contours: 0.000318 seconds
[INFO] [1788573259.436243778] [carolus_ros2]: max distance = 108.872747
[INFO] [1788573259.442489273] [carolus_ros2]: [P4P] final_cost=0.107537 iterations=3 converged=1 warm_start=prior candidate=7
[INFO] [1788573259.467565565] [carolus_ros2]: Time to find contours: 0.000321 seconds
[INFO] [1788573259.467975188] [carolus_ros2]: max distance = 109.090923
[INFO] [1788573259.473784451] [carolus_ros2]: [P4P] final_cost=0.0895183 iterations=3 converged=1 warm_start=prior candidate=7
[INFO] [1788573259.500312803] [carolus_ros2]: Time to find contours: 0.000309 seconds
[INFO] [1788573259.500720723] [carolus_ros2]: max distance = 108.835375
[INFO] [1788573259.505805566] [carolus_ros2]: [P4P] final_cost=0.0354013 iterations=3 converged=1 warm_start=prior candidate=7
[INFO] [1788573259.536341418] [carolus_ros2]: Time to find contours: 0.000303 seconds
[INFO] [1788573259.536821797] [carolus_ros2]: max distance = 109.062048
[INFO] [1788573259.545385227] [carolus_ros2]: [P4P] final_cost=0.0598393 iterations=3 converged=1 warm_start=prior candidate=7
[INFO] [1788573259.567734978] [carolus_ros2]: Time to find contours: 0.000374 seconds
[INFO] [1788573259.568172637] [carolus_ros2]: max distance = 109.424711
[INFO] [1788573259.574190850] [carolus_ros2]: [P4P] final_cost=0.111084 iterations=3 converged=1 warm_start=prior candidate=7
[INFO] [1788573259.599796443] [carolus_ros2]: Time to find contours: 0.000401 seconds
[INFO] [1788573259.600234232] [carolus_ros2]: max distance = 109.084680
[INFO] [1788573259.609215693] [carolus_ros2]: [P4P] final_cost=0.00842536 iterations=3 converged=1 warm_start=prior candidate=7
[INFO] [1788573259.636224738] [carolus_ros2]: Time to find contours: 0.000380 seconds
[INFO] [1788573259.636726634] [carolus_ros2]: max distance = 109.518781
[INFO] [1788573259.644730617] [carolus_ros2]: [P4P] final_cost=0.0777764 iterations=3 converged=1 warm_start=prior candidate=7
[INFO] [1788573259.667908707] [carolus_ros2]: Time to find contours: 0.000373 seconds
[INFO] [1788573259.668363235] [carolus_ros2]: max distance = 109.505567
[INFO] [1788573259.674007119] [carolus_ros2]: [P4P] final_cost=0.141583 iterations=3 converged=1 warm_start=prior candidate=7
[INFO] [1788573259.700096831] [carolus_ros2]: Time to find contours: 0.000391 seconds
[ERROR] [1788573259.700533193] [carolus_ros2]: Not enough blobs < 4.
[INFO] [1788573259.736616453] [carolus_ros2]: Time to find contours: 0.000394 seconds
[ERROR] [1788573259.737029669] [carolus_ros2]: Not enough blobs < 4.
[INFO] [1788573259.768719397] [carolus_ros2]: Time to find contours: 0.000371 seconds
[INFO] [1788573259.769136224] [carolus_ros2]: max distance = 109.838405
[INFO] [1788573259.774584693] [carolus_ros2]: [P4P] final_cost=0.076368 iterations=3 converged=1 warm_start=prior candidate=7
[INFO] [1788573259.800324352] [carolus_ros2]: Time to find contours: 0.000347 seconds
[INFO] [1788573259.800786824] [carolus_ros2]: max distance = 109.754131
[INFO] [1788573259.809326441] [carolus_ros2]: [P4P] final_cost=0.0793351 iterations=3 converged=1 warm_start=prior candidate=7
[INFO] [1788573259.836047171] [carolus_ros2]: Time to find contours: 0.000348 seconds
[INFO] [1788573259.836506847] [carolus_ros2]: max distance = 110.013920
[INFO] [1788573259.845877562] [carolus_ros2]: [P4P] final_cost=0.171715 iterations=3 converged=1 warm_start=prior candidate=7
[INFO] [1788573259.867674347] [carolus_ros2]: Time to find contours: 0.000401 seconds
[INFO] [1788573259.868114691] [carolus_ros2]: max distance = 110.084426
[INFO] [1788573259.874167753] [carolus_ros2]: [P4P] final_cost=0.0658769 iterations=3 converged=1 warm_start=prior candidate=7
[INFO] [1788573259.900091660] [carolus_ros2]: Time to find contours: 0.000339 seconds
[INFO] [1788573259.900518283] [carolus_ros2]: max distance = 110.302664
[INFO] [1788573259.909286072] [carolus_ros2]: [P4P] final_cost=0.139305 iterations=3 converged=1 warm_start=prior candidate=7
[INFO] [1788573259.936047391] [carolus_ros2]: Time to find contours: 0.000361 seconds
[INFO] [1788573259.936507438] [carolus_ros2]: max distance = 110.357551
[INFO] [1788573259.945788399] [carolus_ros2]: [P4P] final_cost=0.131047 iterations=3 converged=1 warm_start=prior candidate=7
[INFO] [1788573259.967583369] [carolus_ros2]: Time to find contours: 0.000329 seconds
[INFO] [1788573259.967987400] [carolus_ros2]: max distance = 110.311226
[INFO] [1788573259.977165849] [carolus_ros2]: [P4P] final_cost=0.0194654 iterations=3 converged=1 warm_start=prior candidate=7
[INFO] [1788573259.999646685] [carolus_ros2]: Time to find contours: 0.000368 seconds
[INFO] [1788573260.000065012] [carolus_ros2]: max distance = 110.311226
[INFO] [1788573260.009310053] [carolus_ros2]: [P4P] final_cost=0.0215732 iterations=3 converged=1 warm_start=prior candidate=7
[INFO] [1788573260.036089956] [carolus_ros2]: Time to find contours: 0.000323 seconds
[INFO] [1788573260.036536763] [carolus_ros2]: max distance = 110.770442
[INFO] [1788573260.045318073] [carolus_ros2]: [P4P] final_cost=0.0560663 iterations=3 converged=1 warm_start=prior candidate=7
[INFO] [1788573260.068052144] [carolus_ros2]: Time to find contours: 0.000391 seconds
[INFO] [1788573260.068541837] [carolus_ros2]: max distance = 110.937677
[INFO] [1788573260.077351238] [carolus_ros2]: [P4P] final_cost=0.135548 iterations=3 converged=1 warm_start=prior candidate=7
[INFO] [1788573260.099918744] [carolus_ros2]: Time to find contours: 0.000355 seconds
[INFO] [1788573260.100370365] [carolus_ros2]: max distance = 110.585891
[INFO] [1788573260.109549485] [carolus_ros2]: [P4P] final_cost=0.124158 iterations=3 converged=1 warm_start=prior candidate=7
[INFO] [1788573260.135452885] [carolus_ros2]: Time to find contours: 0.000375 seconds
[INFO] [1788573260.135882045] [carolus_ros2]: max distance = 110.833322
[INFO] [1788573260.144686890] [carolus_ros2]: [P4P] final_cost=0.0638908 iterations=3 converged=1 warm_start=prior candidate=7
[INFO] [1788573260.168004019] [carolus_ros2]: Time to find contours: 0.000352 seconds
[INFO] [1788573260.168431438] [carolus_ros2]: max distance = 110.775813
[INFO] [1788573260.177010667] [carolus_ros2]: [P4P] final_cost=0.0547038 iterations=3 converged=1 warm_start=prior candidate=7
[INFO] [1788573260.200076737] [carolus_ros2]: Time to find contours: 0.000369 seconds
[INFO] [1788573260.200524395] [carolus_ros2]: max distance = 111.102960
[INFO] [1788573260.209641352] [carolus_ros2]: [P4P] final_cost=0.10636 iterations=3 converged=1 warm_start=prior candidate=7
[INFO] [1788573260.236002336] [carolus_ros2]: Time to find contours: 0.000318 seconds
[INFO] [1788573260.236436939] [carolus_ros2]: max distance = 110.842745
[INFO] [1788573260.246295518] [carolus_ros2]: [P4P] final_cost=0.0904214 iterations=3 converged=1 warm_start=prior candidate=7
[INFO] [1788573260.267474645] [carolus_ros2]: Time to find contours: 0.000353 seconds
[INFO] [1788573260.267883657] [carolus_ros2]: max distance = 110.837750
[INFO] [1788573260.277252266] [carolus_ros2]: [P4P] final_cost=0.169528 iterations=3 converged=1 warm_start=prior candidate=7
[INFO] [1788573260.299740629] [carolus_ros2]: Time to find contours: 0.000327 seconds
[INFO] [1788573260.300201620] [carolus_ros2]: max distance = 110.535413
[INFO] [1788573260.310263816] [carolus_ros2]: [P4P] final_cost=0.11037 iterations=3 converged=1 warm_start=prior candidate=7
[INFO] [1788573260.336220306] [carolus_ros2]: Time to find contours: 0.000309 seconds
[ERROR] [1788573260.336609912] [carolus_ros2]: Not enough blobs < 4.
[INFO] [1788573260.368017485] [carolus_ros2]: Time to find contours: 0.000299 seconds
[INFO] [1788573260.368445089] [carolus_ros2]: max distance = 110.570727
[INFO] [1788573260.378118438] [carolus_ros2]: [P4P] final_cost=0.117937 iterations=3 converged=1 warm_start=prior candidate=7
[INFO] [1788573260.399726206] [carolus_ros2]: Time to find contours: 0.000335 seconds
[INFO] [1788573260.400144273] [carolus_ros2]: max distance = 110.426830
[INFO] [1788573260.409523936] [carolus_ros2]: [P4P] final_cost=0.231523 iterations=3 converged=1 warm_start=prior candidate=7
[INFO] [1788573260.436000043] [carolus_ros2]: Time to find contours: 0.000314 seconds
[ERROR] [1788573260.436428629] [carolus_ros2]: Not enough blobs < 4.
[INFO] [1788573260.468695798] [carolus_ros2]: Time to find contours: 0.000346 seconds
[INFO] [1788573260.469142105] [carolus_ros2]: max distance = 110.193627
[INFO] [1788573260.478219100] [carolus_ros2]: [P4P] final_cost=0.0851103 iterations=3 converged=1 warm_start=prior candidate=7
[INFO] [1788573260.499315139] [carolus_ros2]: Time to find contours: 0.000296 seconds
[INFO] [1788573260.499744299] [carolus_ros2]: max distance = 110.072664
[INFO] [1788573260.508904623] [carolus_ros2]: [P4P] final_cost=0.250916 iterations=3 converged=1 warm_start=prior candidate=7
[INFO] [1788573260.536134704] [carolus_ros2]: Time to find contours: 0.000317 seconds
[INFO] [1788573260.536590232] [carolus_ros2]: max distance = 110.079379
[INFO] [1788573260.544841740] [carolus_ros2]: [P4P] final_cost=0.0855157 iterations=3 converged=1 warm_start=prior candidate=3
[INFO] [1788573260.567787150] [carolus_ros2]: Time to find contours: 0.000305 seconds
[INFO] [1788573260.568221402] [carolus_ros2]: max distance = 109.834233
[INFO] [1788573260.576811408] [carolus_ros2]: [P4P] final_cost=0.132564 iterations=21 converged=1 warm_start=prior candidate=6
[INFO] [1788573260.599863997] [carolus_ros2]: Time to find contours: 0.000309 seconds
[INFO] [1788573260.600296323] [carolus_ros2]: max distance = 109.510808
[INFO] [1788573260.610399277] [carolus_ros2]: [P4P] final_cost=0.174732 iterations=3 converged=1 warm_start=prior candidate=6
[INFO] [1788573260.636079227] [carolus_ros2]: Time to find contours: 0.000288 seconds
[INFO] [1788573260.636510387] [carolus_ros2]: max distance = 109.712653
[INFO] [1788573260.645405523] [carolus_ros2]: [P4P] final_cost=0.213312 iterations=3 converged=1 warm_start=prior candidate=2
[INFO] [1788573260.667967937] [carolus_ros2]: Time to find contours: 0.000314 seconds
[ERROR] [1788573260.668362155] [carolus_ros2]: Not enough blobs < 4.
[INFO] [1788573260.700641786] [carolus_ros2]: Time to find contours: 0.000296 seconds
[ERROR] [1788573260.700997080] [carolus_ros2]: Not enough blobs < 4.
[INFO] [1788573260.736700192] [carolus_ros2]: Time to find contours: 0.000337 seconds
[INFO] [1788573260.737117260] [carolus_ros2]: max distance = 109.436590
[INFO] [1788573260.745944197] [carolus_ros2]: [P4P] final_cost=0.0985639 iterations=3 converged=1 warm_start=prior candidate=6
[INFO] [1788573260.767699659] [carolus_ros2]: Time to find contours: 0.000335 seconds
[ERROR] [1788573260.768084432] [carolus_ros2]: Not enough blobs < 4.
[INFO] [1788573260.800505518] [carolus_ros2]: Time to find contours: 0.000312 seconds
[ERROR] [1788573260.800900958] [carolus_ros2]: Not enough blobs < 4.
[INFO] [1788573260.836342067] [carolus_ros2]: Time to find contours: 0.000313 seconds
[INFO] [1788573260.836779578] [carolus_ros2]: max distance = 108.937990
[INFO] [1788573260.845814243] [carolus_ros2]: [P4P] final_cost=0.101321 iterations=3 converged=1 warm_start=prior candidate=6
[INFO] [1788573260.867602481] [carolus_ros2]: Time to find contours: 0.000325 seconds
[INFO] [1788573260.868030437] [carolus_ros2]: max distance = 108.985823
[INFO] [1788573260.878277493] [carolus_ros2]: [P4P] final_cost=0.0665688 iterations=3 converged=1 warm_start=prior candidate=6
[INFO] [1788573260.899531319] [carolus_ros2]: Time to find contours: 0.000308 seconds
[INFO] [1788573260.899959441] [carolus_ros2]: max distance = 108.665930
[INFO] [1788573260.909930199] [carolus_ros2]: [P4P] final_cost=0.229657 iterations=3 converged=1 warm_start=prior candidate=6
[INFO] [1788573260.936362753] [carolus_ros2]: Time to find contours: 0.000299 seconds
[INFO] [1788573260.936797375] [carolus_ros2]: max distance = 108.770737
[INFO] [1788573260.946300568] [carolus_ros2]: [P4P] final_cost=0.0834845 iterations=3 converged=1 warm_start=prior candidate=6
[INFO] [1788573260.967638222] [carolus_ros2]: Time to find contours: 0.000328 seconds
[INFO] [1788573260.968032624] [carolus_ros2]: max distance = 108.761570
[INFO] [1788573260.977068049] [carolus_ros2]: [P4P] final_cost=0.128393 iterations=3 converged=1 warm_start=prior candidate=6
[INFO] [1788573260.999942463] [carolus_ros2]: Time to find contours: 0.000295 seconds
[INFO] [1788573261.000352068] [carolus_ros2]: max distance = 108.607716
[INFO] [1788573261.009186267] [carolus_ros2]: [P4P] final_cost=0.150969 iterations=3 converged=1 warm_start=prior candidate=6
[INFO] [1788573261.036008530] [carolus_ros2]: Time to find contours: 0.000296 seconds
[ERROR] [1788573261.036407748] [carolus_ros2]: Not enough blobs < 4.
[INFO] [1788573261.068717631] [carolus_ros2]: Time to find contours: 0.000308 seconds
[INFO] [1788573261.069130218] [carolus_ros2]: max distance = 108.327318
[INFO] [1788573261.074820066] [carolus_ros2]: [P4P] final_cost=0.192085 iterations=3 converged=1 warm_start=prior candidate=6
[INFO] [1788573261.099777848] [carolus_ros2]: Time to find contours: 0.000290 seconds
[INFO] [1788573261.100198563] [carolus_ros2]: max distance = 108.311501
[INFO] [1788573261.106828412] [carolus_ros2]: [P4P] final_cost=0.107289 iterations=3 converged=1 warm_start=prior candidate=6
[INFO] [1788573261.136205413] [carolus_ros2]: Time to find contours: 0.000300 seconds
[INFO] [1788573261.136669237] [carolus_ros2]: max distance = 108.275725
[INFO] [1788573261.142579184] [carolus_ros2]: [P4P] final_cost=0.248392 iterations=3 converged=1 warm_start=prior candidate=6
[INFO] [1788573261.167798524] [carolus_ros2]: Time to find contours: 0.000289 seconds
[INFO] [1788573261.168213833] [carolus_ros2]: max distance = 108.347706
[INFO] [1788573261.174151203] [carolus_ros2]: [P4P] final_cost=0.0862849 iterations=3 converged=1 warm_start=prior candidate=6
[INFO] [1788573261.200103556] [carolus_ros2]: Time to find contours: 0.000299 seconds
[INFO] [1788573261.200534327] [carolus_ros2]: max distance = 108.348263
[INFO] [1788573261.206380203] [carolus_ros2]: [P4P] final_cost=0.199927 iterations=3 converged=1 warm_start=prior candidate=6
[INFO] [1788573261.235780240] [carolus_ros2]: Time to find contours: 0.000308 seconds
[INFO] [1788573261.236201474] [carolus_ros2]: max distance = 108.350165
[INFO] [1788573261.242729569] [carolus_ros2]: [P4P] final_cost=0.254038 iterations=3 converged=1 warm_start=prior candidate=6
[INFO] [1788573261.268036145] [carolus_ros2]: Time to find contours: 0.000307 seconds
[INFO] [1788573261.268486155] [carolus_ros2]: max distance = 107.948498
[INFO] [1788573261.275382840] [carolus_ros2]: [P4P] final_cost=0.176046 iterations=3 converged=1 warm_start=prior candidate=6
[INFO] [1788573261.299809023] [carolus_ros2]: Time to find contours: 0.000306 seconds
[INFO] [1788573261.300229998] [carolus_ros2]: max distance = 108.151477
[INFO] [1788573261.306235735] [carolus_ros2]: [P4P] final_cost=0.216414 iterations=3 converged=1 warm_start=prior candidate=6
[INFO] [1788573261.336118947] [carolus_ros2]: Time to find contours: 0.000305 seconds
[ERROR] [1788573261.336535071] [carolus_ros2]: Not enough blobs < 4.
[INFO] [1788573261.368734942] [carolus_ros2]: Time to find contours: 0.000330 seconds
[INFO] [1788573261.369135085] [carolus_ros2]: max distance = 108.127611
[INFO] [1788573261.374947149] [carolus_ros2]: [P4P] final_cost=0.280747 iterations=3 converged=1 warm_start=prior candidate=6
[INFO] [1788573261.400072754] [carolus_ros2]: Time to find contours: 0.000305 seconds
[INFO] [1788573261.400517635] [carolus_ros2]: max distance = 108.231886
[INFO] [1788573261.405955757] [carolus_ros2]: [P4P] final_cost=0.338108 iterations=3 converged=1 warm_start=prior candidate=6
[INFO] [1788573261.436456525] [carolus_ros2]: Time to find contours: 0.000326 seconds
[INFO] [1788573261.436880889] [carolus_ros2]: max distance = 108.231886
[INFO] [1788573261.443028192] [carolus_ros2]: [P4P] final_cost=0.346058 iterations=3 converged=1 warm_start=prior candidate=6
[INFO] [1788573261.467903886] [carolus_ros2]: Time to find contours: 0.000300 seconds
[INFO] [1788573261.468342249] [carolus_ros2]: max distance = 108.271156
[INFO] [1788573261.474269398] [carolus_ros2]: [P4P] final_cost=0.205115 iterations=3 converged=1 warm_start=prior candidate=6
[INFO] [1788573261.499899843] [carolus_ros2]: Time to find contours: 0.000299 seconds
[INFO] [1788573261.500316393] [carolus_ros2]: max distance = 108.282172
[INFO] [1788573261.505565193] [carolus_ros2]: [P4P] final_cost=0.240316 iterations=3 converged=1 warm_start=prior candidate=6
[INFO] [1788573261.536408978] [carolus_ros2]: Time to find contours: 0.000299 seconds
[INFO] [1788573261.536855322] [carolus_ros2]: max distance = 108.195371
[INFO] [1788573261.542381365] [carolus_ros2]: [P4P] final_cost=0.173272 iterations=3 converged=1 warm_start=prior candidate=6
[INFO] [1788573261.568062159] [carolus_ros2]: Time to find contours: 0.000320 seconds
[INFO] [1788573261.568501874] [carolus_ros2]: max distance = 108.166640
[INFO] [1788573261.573768248] [carolus_ros2]: [P4P] final_cost=0.113724 iterations=3 converged=1 warm_start=prior candidate=6
[INFO] [1788573261.600380098] [carolus_ros2]: Time to find contours: 0.000285 seconds
[INFO] [1788573261.600801092] [carolus_ros2]: max distance = 108.050179
[INFO] [1788573261.606133535] [carolus_ros2]: [P4P] final_cost=0.0719833 iterations=3 converged=1 warm_start=prior candidate=6
[INFO] [1788573261.636253881] [carolus_ros2]: Time to find contours: 0.000312 seconds
[INFO] [1788573261.636707558] [carolus_ros2]: max distance = 108.302444
[INFO] [1788573261.646653932] [carolus_ros2]: [P4P] final_cost=0.0806492 iterations=3 converged=1 warm_start=prior candidate=6
[INFO] [1788573261.667475848] [carolus_ros2]: Time to find contours: 0.000321 seconds
[ERROR] [1788573261.667870102] [carolus_ros2]: Not enough blobs < 4.
[INFO] [1788573261.700563444] [carolus_ros2]: Time to find contours: 0.000343 seconds
[INFO] [1788573261.701026509] [carolus_ros2]: max distance = 108.306834
[INFO] [1788573261.707267344] [carolus_ros2]: [P4P] final_cost=0.212727 iterations=3 converged=1 warm_start=prior candidate=6
[INFO] [1788573261.735908685] [carolus_ros2]: Time to find contours: 0.000313 seconds
[INFO] [1788573261.736357362] [carolus_ros2]: max distance = 108.222920
[INFO] [1788573261.742610584] [carolus_ros2]: [P4P] final_cost=0.0410018 iterations=3 converged=1 warm_start=prior candidate=6
[INFO] [1788573261.767945622] [carolus_ros2]: Time to find contours: 0.000320 seconds
[ERROR] [1788573261.768368411] [carolus_ros2]: Not enough blobs < 4.
[INFO] [1788573261.800600855] [carolus_ros2]: Time to find contours: 0.000316 seconds
[INFO] [1788573261.801009053] [carolus_ros2]: max distance = 108.440783
[INFO] [1788573261.807032233] [carolus_ros2]: [P4P] final_cost=0.279783 iterations=3 converged=1 warm_start=prior candidate=6
[INFO] [1788573261.835943077] [carolus_ros2]: Time to find contours: 0.000308 seconds
[INFO] [1788573261.836382421] [carolus_ros2]: max distance = 108.179187
[INFO] [1788573261.843120893] [carolus_ros2]: [P4P] final_cost=0.19793 iterations=3 converged=1 warm_start=prior candidate=6
[INFO] [1788573261.867679661] [carolus_ros2]: Time to find contours: 0.000352 seconds
[INFO] [1788573261.868106728] [carolus_ros2]: max distance = 108.255775
[INFO] [1788573261.873788392] [carolus_ros2]: [P4P] final_cost=0.0631728 iterations=3 converged=1 warm_start=prior candidate=6
[INFO] [1788573261.899928881] [carolus_ros2]: Time to find contours: 0.000297 seconds
[ERROR] [1788573261.900323673] [carolus_ros2]: Not enough blobs < 4.
[INFO] [1788573261.936431998] [carolus_ros2]: Time to find contours: 0.000308 seconds
[INFO] [1788573261.936867694] [carolus_ros2]: max distance = 108.273451
[INFO] [1788573261.947005057] [carolus_ros2]: [P4P] final_cost=0.0353114 iterations=3 converged=1 warm_start=prior candidate=6
[INFO] [1788573261.967514361] [carolus_ros2]: Time to find contours: 0.000316 seconds
[ERROR] [1788573261.967905005] [carolus_ros2]: Not enough blobs < 4.
[INFO] [1788573262.000698823] [carolus_ros2]: Time to find contours: 0.000318 seconds
[INFO] [1788573262.001118205] [carolus_ros2]: max distance = 108.221466
[INFO] [1788573262.006797316] [carolus_ros2]: [P4P] final_cost=0.0421735 iterations=3 converged=1 warm_start=prior candidate=6
[INFO] [1788573262.036047207] [carolus_ros2]: Time to find contours: 0.000303 seconds
[ERROR] [1788573262.036487107] [carolus_ros2]: Not enough blobs < 4.
[INFO] [1788573262.068587923] [carolus_ros2]: Time to find contours: 0.000320 seconds
[INFO] [1788573262.069034582] [carolus_ros2]: max distance = 108.420169
[INFO] [1788573262.075833664] [carolus_ros2]: [P4P] final_cost=0.0752339 iterations=3 converged=1 warm_start=prior candidate=6
[INFO] [1788573262.099701853] [carolus_ros2]: Time to find contours: 0.000352 seconds
[INFO] [1788573262.100102422] [carolus_ros2]: max distance = 108.350165
[INFO] [1788573262.105761904] [carolus_ros2]: [P4P] final_cost=0.0958311 iterations=3 converged=1 warm_start=prior candidate=6
[INFO] [1788573262.136152820] [carolus_ros2]: Time to find contours: 0.000309 seconds
[INFO] [1788573262.136646977] [carolus_ros2]: max distance = 108.515842
[INFO] [1788573262.146879375] [carolus_ros2]: [P4P] final_cost=0.113674 iterations=3 converged=1 warm_start=prior candidate=6
[INFO] [1788573262.167403112] [carolus_ros2]: Time to find contours: 0.000291 seconds
[INFO] [1788573262.167840976] [carolus_ros2]: max distance = 108.372623
[INFO] [1788573262.173818143] [carolus_ros2]: [P4P] final_cost=0.13153 iterations=3 converged=1 warm_start=prior candidate=6
[INFO] [1788573262.199824113] [carolus_ros2]: Time to find contours: 0.000297 seconds
[INFO] [1788573262.200232830] [carolus_ros2]: max distance = 108.311501
[INFO] [1788573262.205424099] [carolus_ros2]: [P4P] final_cost=0.14475 iterations=3 converged=1 warm_start=prior candidate=6
[INFO] [1788573262.236356058] [carolus_ros2]: Time to find contours: 0.000299 seconds
[INFO] [1788573262.236830067] [carolus_ros2]: max distance = 108.161727
[INFO] [1788573262.242165179] [carolus_ros2]: [P4P] final_cost=0.209154 iterations=3 converged=1 warm_start=prior candidate=6
[INFO] [1788573262.268093229] [carolus_ros2]: Time to find contours: 0.000320 seconds
[INFO] [1788573262.268561720] [carolus_ros2]: max distance = 108.325099
[INFO] [1788573262.273940052] [carolus_ros2]: [P4P] final_cost=0.193417 iterations=3 converged=1 warm_start=prior candidate=6
[INFO] [1788573262.299667391] [carolus_ros2]: Time to find contours: 0.000291 seconds
[ERROR] [1788573262.300045961] [carolus_ros2]: Not enough blobs < 4.
[INFO] [1788573262.336356678] [carolus_ros2]: Time to find contours: 0.000293 seconds
[ERROR] [1788573262.336767468] [carolus_ros2]: Not enough blobs < 4.
[INFO] [1788573262.368660852] [carolus_ros2]: Time to find contours: 0.000303 seconds
[INFO] [1788573262.369060255] [carolus_ros2]: max distance = 108.222920
[INFO] [1788573262.373950930] [carolus_ros2]: [P4P] final_cost=0.0470085 iterations=3 converged=1 warm_start=prior candidate=6
[INFO] [1788573262.400264864] [carolus_ros2]: Time to find contours: 0.000274 seconds
[ERROR] [1788573262.400655878] [carolus_ros2]: Not enough blobs < 4.
[INFO] [1788573262.436595913] [carolus_ros2]: Time to find contours: 0.000320 seconds
[ERROR] [1788573262.437000463] [carolus_ros2]: Not enough blobs < 4.
[INFO] [1788573262.468698970] [carolus_ros2]: Time to find contours: 0.000290 seconds
[INFO] [1788573262.469095872] [carolus_ros2]: max distance = 108.018517
[INFO] [1788573262.474299789] [carolus_ros2]: [P4P] final_cost=0.11344 iterations=3 converged=1 warm_start=prior candidate=6
[INFO] [1788573262.500189896] [carolus_ros2]: Time to find contours: 0.000287 seconds
[INFO] [1788573262.500642443] [carolus_ros2]: max distance = 108.440783
[INFO] [1788573262.505328538] [carolus_ros2]: [P4P] final_cost=0.217441 iterations=3 converged=1 warm_start=prior candidate=6
[INFO] [1788573262.536460300] [carolus_ros2]: Time to find contours: 0.000315 seconds
[INFO] [1788573262.536895034] [carolus_ros2]: max distance = 108.132267
[INFO] [1788573262.543067560] [carolus_ros2]: [P4P] final_cost=0.232709 iterations=3 converged=1 warm_start=prior candidate=6
[INFO] [1788573262.567738942] [carolus_ros2]: Time to find contours: 0.000315 seconds
[INFO] [1788573262.568157159] [carolus_ros2]: max distance = 107.946119
[INFO] [1788573262.574579170] [carolus_ros2]: [P4P] final_cost=0.0725977 iterations=3 converged=1 warm_start=prior candidate=6
[INFO] [1788573262.600251271] [carolus_ros2]: Time to find contours: 0.000274 seconds
[ERROR] [1788573262.600644878] [carolus_ros2]: Not enough blobs < 4.
[INFO] [1788573262.636645020] [carolus_ros2]: Time to find contours: 0.000313 seconds
[ERROR] [1788573262.637026757] [carolus_ros2]: Not enough blobs < 4.
[INFO] [1788573262.668749225] [carolus_ros2]: Time to find contours: 0.000281 seconds
[ERROR] [1788573262.669104038] [carolus_ros2]: Not enough blobs < 4.
[INFO] [1788573262.700717049] [carolus_ros2]: Time to find contours: 0.000302 seconds
[ERROR] [1788573262.701092175] [carolus_ros2]: Not enough blobs < 4.
[INFO] [1788573262.736647103] [carolus_ros2]: Time to find contours: 0.000366 seconds
[ERROR] [1788573262.737071930] [carolus_ros2]: Not enough blobs < 4.
[INFO] [1788573262.768534839] [carolus_ros2]: Time to find contours: 0.000297 seconds
[INFO] [1788573262.768933223] [carolus_ros2]: max distance = 107.978824
[INFO] [1788573262.774721457] [carolus_ros2]: [P4P] final_cost=0.0328889 iterations=3 converged=1 warm_start=prior candidate=6
[INFO] [1788573262.799963213] [carolus_ros2]: Time to find contours: 0.000310 seconds
[ERROR] [1788573262.800352079] [carolus_ros2]: Not enough blobs < 4.
[INFO] [1788573262.836321760] [carolus_ros2]: Time to find contours: 0.000278 seconds
[INFO] [1788573262.836738384] [carolus_ros2]: max distance = 107.962597
[INFO] [1788573262.842833618] [carolus_ros2]: [P4P] final_cost=0.0593375 iterations=3 converged=1 warm_start=prior candidate=6
[INFO] [1788573262.867920773] [carolus_ros2]: Time to find contours: 0.000310 seconds
[INFO] [1788573262.868345414] [carolus_ros2]: max distance = 108.041659
[INFO] [1788573262.874488109] [carolus_ros2]: [P4P] final_cost=0.0536408 iterations=3 converged=1 warm_start=prior candidate=6
[INFO] [1788573262.900176487] [carolus_ros2]: Time to find contours: 0.000282 seconds
[INFO] [1788573262.900596888] [carolus_ros2]: max distance = 107.873526
[INFO] [1788573262.905735864] [carolus_ros2]: [P4P] final_cost=0.0287562 iterations=3 converged=1 warm_start=prior candidate=6
[INFO] [1788573262.936515610] [carolus_ros2]: Time to find contours: 0.000312 seconds
[INFO] [1788573262.936937011] [carolus_ros2]: max distance = 107.821282
[INFO] [1788573262.942501813] [carolus_ros2]: [P4P] final_cost=0.0879529 iterations=3 converged=1 warm_start=prior candidate=6
[INFO] [1788573262.967868192] [carolus_ros2]: Time to find contours: 0.000300 seconds
[INFO] [1788573262.968283556] [carolus_ros2]: max distance = 107.823623
[INFO] [1788573262.974421121] [carolus_ros2]: [P4P] final_cost=0.0875685 iterations=3 converged=1 warm_start=prior candidate=6
[INFO] [1788573263.000211846] [carolus_ros2]: Time to find contours: 0.000298 seconds
[INFO] [1788573263.000621599] [carolus_ros2]: max distance = 107.858717
[INFO] [1788573263.006073633] [carolus_ros2]: [P4P] final_cost=0.114528 iterations=3 converged=1 warm_start=prior candidate=6
[INFO] [1788573263.036405658] [carolus_ros2]: Time to find contours: 0.000298 seconds
[INFO] [1788573263.036851280] [carolus_ros2]: max distance = 108.063647
[INFO] [1788573263.042710030] [carolus_ros2]: [P4P] final_cost=0.121202 iterations=3 converged=1 warm_start=prior candidate=6
[INFO] [1788573263.067966444] [carolus_ros2]: Time to find contours: 0.000311 seconds
[INFO] [1788573263.068410289] [carolus_ros2]: max distance = 108.063647
[INFO] [1788573263.074664905] [carolus_ros2]: [P4P] final_cost=0.0606051 iterations=3 converged=1 warm_start=prior candidate=6
[INFO] [1788573263.099800233] [carolus_ros2]: Time to find contours: 0.000304 seconds
[INFO] [1788573263.100220894] [carolus_ros2]: max distance = 108.035471
[INFO] [1788573263.106124938] [carolus_ros2]: [P4P] final_cost=0.0776999 iterations=3 converged=1 warm_start=prior candidate=6
[INFO] [1788573263.136428391] [carolus_ros2]: Time to find contours: 0.000328 seconds
[INFO] [1788573263.136880087] [carolus_ros2]: max distance = 107.824121
[INFO] [1788573263.143482905] [carolus_ros2]: [P4P] final_cost=0.0722515 iterations=3 converged=1 warm_start=prior candidate=6
[INFO] [1788573263.167686584] [carolus_ros2]: Time to find contours: 0.000337 seconds
[INFO] [1788573263.168143964] [carolus_ros2]: max distance = 107.756096
[INFO] [1788573263.174287235] [carolus_ros2]: [P4P] final_cost=0.101739 iterations=3 converged=1 warm_start=prior candidate=6
[INFO] [1788573263.200092747] [carolus_ros2]: Time to find contours: 0.000320 seconds
[INFO] [1788573263.200575256] [carolus_ros2]: max distance = 107.823623
[INFO] [1788573263.206607552] [carolus_ros2]: [P4P] final_cost=0.0686104 iterations=3 converged=1 warm_start=prior candidate=6
[INFO] [1788573263.236330557] [carolus_ros2]: Time to find contours: 0.000287 seconds
[INFO] [1788573263.236758087] [carolus_ros2]: max distance = 108.001849
[INFO] [1788573263.242397406] [carolus_ros2]: [P4P] final_cost=0.0691847 iterations=3 converged=1 warm_start=prior candidate=6
[INFO] [1788573263.267991485] [carolus_ros2]: Time to find contours: 0.000347 seconds
[ERROR] [1788573263.268391740] [carolus_ros2]: Not enough blobs with required circularity.
[INFO] [1788573263.300623265] [carolus_ros2]: Time to find contours: 0.000351 seconds
[ERROR] [1788573263.300976281] [carolus_ros2]: Not enough blobs < 4.
[INFO] [1788573263.336793690] [carolus_ros2]: Time to find contours: 0.000310 seconds
[INFO] [1788573263.337195833] [carolus_ros2]: max distance = 108.139401
[INFO] [1788573263.343614088] [carolus_ros2]: [P4P] final_cost=0.0448191 iterations=3 converged=1 warm_start=prior candidate=6
[INFO] [1788573263.367577410] [carolus_ros2]: Time to find contours: 0.000315 seconds
[INFO] [1788573263.367998497] [carolus_ros2]: max distance = 108.139401
[INFO] [1788573263.374529301] [carolus_ros2]: [P4P] final_cost=0.0545721 iterations=3 converged=1 warm_start=prior candidate=6
[INFO] [1788573263.400294777] [carolus_ros2]: Time to find contours: 0.000290 seconds
[INFO] [1788573263.400699291] [carolus_ros2]: max distance = 107.785405
[INFO] [1788573263.406150010] [carolus_ros2]: [P4P] final_cost=0.0630921 iterations=3 converged=1 warm_start=prior candidate=6
[INFO] [1788573263.436405280] [carolus_ros2]: Time to find contours: 0.000268 seconds
[INFO] [1788573263.436854365] [carolus_ros2]: max distance = 107.919040
[INFO] [1788573263.442943028] [carolus_ros2]: [P4P] final_cost=0.0496216 iterations=3 converged=1 warm_start=prior candidate=6
[INFO] [1788573263.468008064] [carolus_ros2]: Time to find contours: 0.000312 seconds
[ERROR] [1788573263.468438502] [carolus_ros2]: Not enough blobs < 4.
[INFO] [1788573263.500576995] [carolus_ros2]: Time to find contours: 0.000305 seconds
[INFO] [1788573263.500987786] [carolus_ros2]: max distance = 107.626989
[INFO] [1788573263.506459448] [carolus_ros2]: [P4P] final_cost=0.0678955 iterations=3 converged=1 warm_start=prior candidate=6
[INFO] [1788573263.536125456] [carolus_ros2]: Time to find contours: 0.000310 seconds
[ERROR] [1788573263.536555709] [carolus_ros2]: Not enough blobs < 4.
[INFO] [1788573263.568479715] [carolus_ros2]: Time to find contours: 0.000315 seconds
[ERROR] [1788573263.568861915] [carolus_ros2]: Not enough blobs < 4.
[INFO] [1788573263.600672094] [carolus_ros2]: Time to find contours: 0.000348 seconds
[ERROR] [1788573263.601036314] [carolus_ros2]: Not enough blobs < 4.
[INFO] [1788573263.636094007] [carolus_ros2]: Time to find contours: 0.000286 seconds
[ERROR] [1788573263.636488058] [carolus_ros2]: Not enough blobs < 4.
[INFO] [1788573263.668707232] [carolus_ros2]: Time to find contours: 0.000307 seconds
[ERROR] [1788573263.669081432] [carolus_ros2]: Not enough blobs with required circularity.
[INFO] [1788573263.700567631] [carolus_ros2]: Time to find contours: 0.000294 seconds
[ERROR] [1788573263.700920869] [carolus_ros2]: Not enough blobs < 4.
[INFO] [1788573263.736396575] [carolus_ros2]: Time to find contours: 0.000300 seconds
[ERROR] [1788573263.736789978] [carolus_ros2]: Not enough blobs < 4.
[INFO] [1788573263.768733243] [carolus_ros2]: Time to find contours: 0.000331 seconds
[ERROR] [1788573263.769119979] [carolus_ros2]: Not enough blobs < 4.
[INFO] [1788573263.800508905] [carolus_ros2]: Time to find contours: 0.000309 seconds
[ERROR] [1788573263.800880402] [carolus_ros2]: Not enough blobs < 4.
[INFO] [1788573263.836517802] [carolus_ros2]: Time to find contours: 0.000315 seconds
[ERROR] [1788573263.836889244] [carolus_ros2]: Not enough blobs < 4.
[INFO] [1788573263.868655666] [carolus_ros2]: Time to find contours: 0.000306 seconds
[INFO] [1788573263.869044255] [carolus_ros2]: max distance = 108.065449
[INFO] [1788573263.874156271] [carolus_ros2]: [P4P] final_cost=0.0208065 iterations=3 converged=1 warm_start=prior candidate=6
[INFO] [1788573263.900293652] [carolus_ros2]: Time to find contours: 0.000310 seconds
[INFO] [1788573263.900714516] [carolus_ros2]: max distance = 107.608562
[INFO] [1788573263.906150588] [carolus_ros2]: [P4P] final_cost=0.0148383 iterations=3 converged=1 warm_start=prior candidate=6
[INFO] [1788573263.936073248] [carolus_ros2]: Time to find contours: 0.000294 seconds
[ERROR] [1788573263.936497686] [carolus_ros2]: Not enough blobs < 4.
[INFO] [1788573263.968758691] [carolus_ros2]: Time to find contours: 0.000279 seconds
[ERROR] [1788573263.969114948] [carolus_ros2]: Not enough blobs with required circularity.
[INFO] [1788573264.000678457] [carolus_ros2]: Time to find contours: 0.000347 seconds
[ERROR] [1788573264.001033288] [carolus_ros2]: Not enough blobs < 4.
[INFO] [1788573264.036491491] [carolus_ros2]: Time to find contours: 0.000300 seconds
[INFO] [1788573264.036891467] [carolus_ros2]: max distance = 107.687629
[INFO] [1788573264.042933913] [carolus_ros2]: [P4P] final_cost=0.0166795 iterations=3 converged=1 warm_start=prior candidate=6
[INFO] [1788573264.067793305] [carolus_ros2]: Time to find contours: 0.000309 seconds
[ERROR] [1788573264.068204466] [carolus_ros2]: Not enough blobs < 4.
[INFO] [1788573264.100530610] [carolus_ros2]: Time to find contours: 0.000296 seconds
[INFO] [1788573264.100914810] [carolus_ros2]: max distance = 107.873526
[INFO] [1788573264.106805412] [carolus_ros2]: [P4P] final_cost=0.00395623 iterations=3 converged=1 warm_start=prior candidate=6
[INFO] [1788573264.136186227] [carolus_ros2]: Time to find contours: 0.000309 seconds
[ERROR] [1788573264.136686772] [carolus_ros2]: Not enough blobs < 4.
[INFO] [1788573264.168426376] [carolus_ros2]: Time to find contours: 0.000303 seconds
[INFO] [1788573264.168834259] [carolus_ros2]: max distance = 107.836946
[INFO] [1788573264.175097544] [carolus_ros2]: [P4P] final_cost=0.0994172 iterations=3 converged=1 warm_start=prior candidate=6
[INFO] [1788573264.199880662] [carolus_ros2]: Time to find contours: 0.000298 seconds
[INFO] [1788573264.200325766] [carolus_ros2]: max distance = 108.041659
[INFO] [1788573264.205916053] [carolus_ros2]: [P4P] final_cost=0.0348419 iterations=3 converged=1 warm_start=prior candidate=6
[INFO] [1788573264.236294754] [carolus_ros2]: Time to find contours: 0.000285 seconds
[ERROR] [1788573264.236710767] [carolus_ros2]: Not enough blobs < 4.
[INFO] [1788573264.268524126] [carolus_ros2]: Time to find contours: 0.000316 seconds
[INFO] [1788573264.268920880] [carolus_ros2]: max distance = 107.989114
[INFO] [1788573264.275009527] [carolus_ros2]: [P4P] final_cost=0.122053 iterations=3 converged=1 warm_start=prior candidate=6
[INFO] [1788573264.299786368] [carolus_ros2]: Time to find contours: 0.000278 seconds
[INFO] [1788573264.300214103] [carolus_ros2]: max distance = 108.104804
[INFO] [1788573264.305548589] [carolus_ros2]: [P4P] final_cost=0.0277706 iterations=3 converged=1 warm_start=prior candidate=6
[INFO] [1788573264.336339637] [carolus_ros2]: Time to find contours: 0.000290 seconds
[ERROR] [1788573264.336757428] [carolus_ros2]: Not enough blobs < 4.
[INFO] [1788573264.368554898] [carolus_ros2]: Time to find contours: 0.000291 seconds
[ERROR] [1788573264.368896341] [carolus_ros2]: Not enough blobs < 4.
[INFO] [1788573264.400630630] [carolus_ros2]: Time to find contours: 0.000307 seconds
[ERROR] [1788573264.400999331] [carolus_ros2]: Not enough blobs < 4.
[INFO] [1788573264.436438017] [carolus_ros2]: Time to find contours: 0.000298 seconds
[INFO] [1788573264.436856400] [carolus_ros2]: max distance = 108.048889
[INFO] [1788573264.443348227] [carolus_ros2]: [P4P] final_cost=0.027222 iterations=3 converged=1 warm_start=prior candidate=6
[INFO] [1788573264.467738553] [carolus_ros2]: Time to find contours: 0.000340 seconds
[INFO] [1788573264.468178991] [carolus_ros2]: max distance = 108.290397
[INFO] [1788573264.474365558] [carolus_ros2]: [P4P] final_cost=0.0637314 iterations=3 converged=1 warm_start=prior candidate=6
[INFO] [1788573264.500179783] [carolus_ros2]: Time to find contours: 0.000283 seconds
[INFO] [1788573264.500591518] [carolus_ros2]: max distance = 108.044801
[INFO] [1788573264.505959244] [carolus_ros2]: [P4P] final_cost=0.0247908 iterations=3 converged=1 warm_start=prior candidate=6
[INFO] [1788573264.536316150] [carolus_ros2]: Time to find contours: 0.000305 seconds
[ERROR] [1788573264.536750995] [carolus_ros2]: Not enough blobs < 4.
[INFO] [1788573264.568573075] [carolus_ros2]: Time to find contours: 0.000363 seconds
[INFO] [1788573264.569006106] [carolus_ros2]: max distance = 108.259662
[INFO] [1788573264.575453139] [carolus_ros2]: [P4P] final_cost=0.0178569 iterations=3 converged=1 warm_start=prior candidate=6
[INFO] [1788573264.600247720] [carolus_ros2]: Time to find contours: 0.000318 seconds
[ERROR] [1788573264.600655029] [carolus_ros2]: Not enough blobs < 4.
[INFO] [1788573264.636608000] [carolus_ros2]: Time to find contours: 0.000305 seconds
[INFO] [1788573264.637037419] [carolus_ros2]: max distance = 108.122549
[INFO] [1788573264.642855712] [carolus_ros2]: [P4P] final_cost=0.00379282 iterations=4 converged=1 warm_start=prior candidate=6
[INFO] [1788573264.667898241] [carolus_ros2]: Time to find contours: 0.000315 seconds
[INFO] [1788573264.668345881] [carolus_ros2]: max distance = 108.240310
[INFO] [1788573264.674166062] [carolus_ros2]: [P4P] final_cost=0.0310704 iterations=3 converged=1 warm_start=prior candidate=6
[INFO] [1788573264.700133815] [carolus_ros2]: Time to find contours: 0.000321 seconds
[INFO] [1788573264.700602622] [carolus_ros2]: max distance = 108.318340
[INFO] [1788573264.705821208] [carolus_ros2]: [P4P] final_cost=0.0291007 iterations=3 converged=1 warm_start=prior candidate=14
[INFO] [1788573264.735953053] [carolus_ros2]: Time to find contours: 0.000302 seconds
[INFO] [1788573264.736389268] [carolus_ros2]: max distance = 108.465468
[INFO] [1788573264.742679663] [carolus_ros2]: [P4P] final_cost=0.00651831 iterations=3 converged=1 warm_start=prior candidate=14
[INFO] [1788573264.767932791] [carolus_ros2]: Time to find contours: 0.000309 seconds
[INFO] [1788573264.768353618] [carolus_ros2]: max distance = 108.004630
[INFO] [1788573264.774931551] [carolus_ros2]: [P4P] final_cost=0.0299474 iterations=3 converged=1 warm_start=prior candidate=14
[INFO] [1788573264.799676801] [carolus_ros2]: Time to find contours: 0.000330 seconds
[INFO] [1788573264.800088111] [carolus_ros2]: max distance = 108.004630
[INFO] [1788573264.805808612] [carolus_ros2]: [P4P] final_cost=0.070209 iterations=3 converged=1 warm_start=prior candidate=14
[INFO] [1788573264.836176981] [carolus_ros2]: Time to find contours: 0.000305 seconds
[ERROR] [1788573264.836607400] [carolus_ros2]: Not enough blobs < 4.
[INFO] [1788573264.868757406] [carolus_ros2]: Time to find contours: 0.000307 seconds
[INFO] [1788573264.869155235] [carolus_ros2]: max distance = 107.708497
[INFO] [1788573264.874246162] [carolus_ros2]: [P4P] final_cost=0.0628106 iterations=3 converged=1 warm_start=prior candidate=14
[INFO] [1788573264.900175880] [carolus_ros2]: Time to find contours: 0.000291 seconds
[INFO] [1788573264.900616706] [carolus_ros2]: max distance = 108.000000
[INFO] [1788573264.905893882] [carolus_ros2]: [P4P] final_cost=0.0348405 iterations=3 converged=1 warm_start=prior candidate=14
[INFO] [1788573264.936342245] [carolus_ros2]: Time to find contours: 0.000292 seconds
[ERROR] [1788573264.936762091] [carolus_ros2]: Not enough blobs < 4.
[INFO] [1788573264.968560284] [carolus_ros2]: Time to find contours: 0.000330 seconds
[ERROR] [1788573264.968934596] [carolus_ros2]: Not enough blobs < 4.
[INFO] [1788573265.000632146] [carolus_ros2]: Time to find contours: 0.000311 seconds
[ERROR] [1788573265.001020920] [carolus_ros2]: Not enough blobs < 4.
[INFO] [1788573265.036442010] [carolus_ros2]: Time to find contours: 0.000292 seconds
[ERROR] [1788573265.036829284] [carolus_ros2]: Not enough blobs < 4.
[INFO] [1788573265.068574066] [carolus_ros2]: Time to find contours: 0.000329 seconds
[ERROR] [1788573265.068964581] [carolus_ros2]: Not enough blobs < 4.
[INFO] [1788573265.100641997] [carolus_ros2]: Time to find contours: 0.000286 seconds
[ERROR] [1788573265.101003513] [carolus_ros2]: Not enough blobs < 4.
[INFO] [1788573265.136622851] [carolus_ros2]: Time to find contours: 0.000313 seconds
[ERROR] [1788573265.136998625] [carolus_ros2]: Not enough blobs < 4.
[INFO] [1788573265.168480090] [carolus_ros2]: Time to find contours: 0.000302 seconds
[ERROR] [1788573265.168877215] [carolus_ros2]: Not enough blobs < 4.
[INFO] [1788573265.200698549] [carolus_ros2]: Time to find contours: 0.000323 seconds
[ERROR] [1788573265.201059954] [carolus_ros2]: Not enough blobs < 4.
[INFO] [1788573265.236233984] [carolus_ros2]: Time to find contours: 0.000283 seconds
[ERROR] [1788573265.236608721] [carolus_ros2]: Not enough blobs < 4.
[INFO] [1788573265.268864271] [carolus_ros2]: Time to find contours: 0.000318 seconds
[ERROR] [1788573265.269219195] [carolus_ros2]: Not enough blobs < 4.
[INFO] [1788573265.300058493] [carolus_ros2]: Time to find contours: 0.000289 seconds
[INFO] [1788573265.300498504] [carolus_ros2]: max distance = 107.749964
[INFO] [1788573265.305752776] [carolus_ros2]: [P4P] final_cost=0.0160144 iterations=3 converged=1 warm_start=prior candidate=14
[INFO] [1788573265.336495931] [carolus_ros2]: Time to find contours: 0.000314 seconds
[INFO] [1788573265.336905741] [carolus_ros2]: max distance = 107.801307
[INFO] [1788573265.343130938] [carolus_ros2]: [P4P] final_cost=0.0221087 iterations=3 converged=1 warm_start=prior candidate=14
[INFO] [1788573265.367552698] [carolus_ros2]: Time to find contours: 0.000306 seconds
[ERROR] [1788573265.367914158] [carolus_ros2]: Not enough blobs < 4.
[INFO] [1788573265.400708714] [carolus_ros2]: Time to find contours: 0.000326 seconds
[ERROR] [1788573265.401050972] [carolus_ros2]: Not enough blobs < 4.
[INFO] [1788573265.432140144] [carolus_ros2]: Time to find contours: 0.000270 seconds
[ERROR] [1788573265.432501142] [carolus_ros2]: Not enough blobs < 4.
[INFO] [1788573265.468748184] [carolus_ros2]: Time to find contours: 0.000347 seconds
[ERROR] [1788573265.469109570] [carolus_ros2]: Not enough blobs < 4.
[INFO] [1788573265.500352808] [carolus_ros2]: Time to find contours: 0.000302 seconds
[INFO] [1788573265.500740971] [carolus_ros2]: max distance = 107.583211
[INFO] [1788573265.505935949] [carolus_ros2]: [P4P] final_cost=0.0141531 iterations=3 converged=1 warm_start=prior candidate=14
[INFO] [1788573265.536508744] [carolus_ros2]: Time to find contours: 0.000303 seconds
[INFO] [1788573265.536882278] [carolus_ros2]: max distance = 107.749964
[INFO] [1788573265.542091607] [carolus_ros2]: [P4P] final_cost=0.0160144 iterations=3 converged=1 warm_start=prior candidate=14
[INFO] [1788573265.568258341] [carolus_ros2]: Time to find contours: 0.000306 seconds
[INFO] [1788573265.568642226] [carolus_ros2]: max distance = 107.583211
[INFO] [1788573265.573945291] [carolus_ros2]: [P4P] final_cost=0.0141531 iterations=3 converged=1 warm_start=prior candidate=14
[INFO] [1788573265.600701750] [carolus_ros2]: Time to find contours: 0.000312 seconds
[INFO] [1788573265.601076858] [carolus_ros2]: max distance = 107.503393
[INFO] [1788573265.606319667] [carolus_ros2]: [P4P] final_cost=0.0356154 iterations=3 converged=1 warm_start=prior candidate=14
[INFO] [1788573265.636187058] [carolus_ros2]: Time to find contours: 0.000296 seconds
[ERROR] [1788573265.636577739] [carolus_ros2]: Not enough blobs < 4.
[INFO] [1788573265.668909321] [carolus_ros2]: Time to find contours: 0.000299 seconds
[INFO] [1788573265.669267986] [carolus_ros2]: max distance = 107.583211
[INFO] [1788573265.674612752] [carolus_ros2]: [P4P] final_cost=0.0141531 iterations=3 converged=1 warm_start=prior candidate=14
[INFO] [1788573265.700243368] [carolus_ros2]: Time to find contours: 0.000275 seconds
[ERROR] [1788573265.700630124] [carolus_ros2]: Not enough blobs < 4.
[INFO] [1788573265.736708879] [carolus_ros2]: Time to find contours: 0.000337 seconds
[INFO] [1788573265.737121467] [carolus_ros2]: max distance = 107.583211
[INFO] [1788573265.742382626] [carolus_ros2]: [P4P] final_cost=0.0141531 iterations=1 converged=1 warm_start=prior candidate=14
[INFO] [1788573265.768115737] [carolus_ros2]: Time to find contours: 0.000332 seconds
[INFO] [1788573265.768539472] [carolus_ros2]: max distance = 107.583211
[INFO] [1788573265.774390801] [carolus_ros2]: [P4P] final_cost=0.0141531 iterations=1 converged=1 warm_start=prior candidate=14
[INFO] [1788573265.800250627] [carolus_ros2]: Time to find contours: 0.000308 seconds
[INFO] [1788573265.800705341] [carolus_ros2]: max distance = 107.583211
[INFO] [1788573265.806140936] [carolus_ros2]: [P4P] final_cost=0.0141531 iterations=1 converged=1 warm_start=prior candidate=14
[INFO] [1788573265.836739673] [carolus_ros2]: Time to find contours: 0.000293 seconds
[ERROR] [1788573265.837108226] [carolus_ros2]: Not enough blobs < 4.
[INFO] [1788573265.868943485] [carolus_ros2]: Time to find contours: 0.000304 seconds
[INFO] [1788573265.869307594] [carolus_ros2]: max distance = 107.583211
[INFO] [1788573265.874560347] [carolus_ros2]: [P4P] final_cost=0.0141531 iterations=1 converged=1 warm_start=prior candidate=14
[INFO] [1788573265.900046712] [carolus_ros2]: Time to find contours: 0.000275 seconds
[INFO] [1788573265.900470539] [carolus_ros2]: max distance = 107.583211
[INFO] [1788573265.905722237] [carolus_ros2]: [P4P] final_cost=0.0141531 iterations=1 converged=1 warm_start=prior candidate=14
[INFO] [1788573265.936548572] [carolus_ros2]: Time to find contours: 0.000293 seconds
[ERROR] [1788573265.936939568] [carolus_ros2]: Not enough blobs < 4.
[INFO] [1788573265.968648909] [carolus_ros2]: Time to find contours: 0.000288 seconds
[INFO] [1788573265.969009166] [carolus_ros2]: max distance = 107.583211
[INFO] [1788573265.974014359] [carolus_ros2]: [P4P] final_cost=0.0141531 iterations=1 converged=1 warm_start=prior candidate=14
[INFO] [1788573266.000619215] [carolus_ros2]: Time to find contours: 0.000285 seconds
[ERROR] [1788573266.000972936] [carolus_ros2]: Not enough blobs < 4.
[INFO] [1788573266.036210531] [carolus_ros2]: Time to find contours: 0.000258 seconds
[INFO] [1788573266.036592806] [carolus_ros2]: max distance = 107.583211
[INFO] [1788573266.042105361] [carolus_ros2]: [P4P] final_cost=0.0141531 iterations=1 converged=1 warm_start=prior candidate=14
[INFO] [1788573266.067966382] [carolus_ros2]: Time to find contours: 0.000294 seconds
[INFO] [1788573266.068353804] [carolus_ros2]: max distance = 107.583211
[INFO] [1788573266.073606707] [carolus_ros2]: [P4P] final_cost=0.0141531 iterations=1 converged=1 warm_start=prior candidate=14
[INFO] [1788573266.100567591] [carolus_ros2]: Time to find contours: 0.000304 seconds
[ERROR] [1788573266.100930274] [carolus_ros2]: Not enough blobs < 4.
[INFO] [1788573266.136043228] [carolus_ros2]: Time to find contours: 0.000292 seconds
[INFO] [1788573266.136453520] [carolus_ros2]: max distance = 107.583211
[INFO] [1788573266.142546449] [carolus_ros2]: [P4P] final_cost=0.0141531 iterations=1 converged=1 warm_start=prior candidate=14
[INFO] [1788573266.167866316] [carolus_ros2]: Time to find contours: 0.000297 seconds
[INFO] [1788573266.168279959] [carolus_ros2]: max distance = 107.583211
[INFO] [1788573266.174202009] [carolus_ros2]: [P4P] final_cost=0.0141531 iterations=1 converged=1 warm_start=prior candidate=14
[INFO] [1788573266.200102046] [carolus_ros2]: Time to find contours: 0.000304 seconds
[INFO] [1788573266.200626479] [carolus_ros2]: max distance = 107.583211
[INFO] [1788573266.206095388] [carolus_ros2]: [P4P] final_cost=0.0141531 iterations=1 converged=1 warm_start=prior candidate=14
[INFO] [1788573266.236577700] [carolus_ros2]: Time to find contours: 0.000318 seconds
[INFO] [1788573266.236962345] [carolus_ros2]: max distance = 107.583211
[INFO] [1788573266.242206360] [carolus_ros2]: [P4P] final_cost=0.0141531 iterations=1 converged=1 warm_start=prior candidate=14
[INFO] [1788573266.268183374] [carolus_ros2]: Time to find contours: 0.000272 seconds
[ERROR] [1788573266.268590295] [carolus_ros2]: Not enough blobs with required circularity.
[INFO] [1788573266.300266205] [carolus_ros2]: Time to find contours: 0.000286 seconds
[INFO] [1788573266.300668960] [carolus_ros2]: max distance = 107.583211
[INFO] [1788573266.305929974] [carolus_ros2]: [P4P] final_cost=0.0141531 iterations=1 converged=1 warm_start=prior candidate=14
[INFO] [1788573266.336397805] [carolus_ros2]: Time to find contours: 0.000272 seconds
[INFO] [1788573266.336792782] [carolus_ros2]: max distance = 107.583211
[INFO] [1788573266.342310541] [carolus_ros2]: [P4P] final_cost=0.0141531 iterations=1 converged=1 warm_start=prior candidate=14
[INFO] [1788573266.368272482] [carolus_ros2]: Time to find contours: 0.000304 seconds
[INFO] [1788573266.368684995] [carolus_ros2]: max distance = 107.583211
[INFO] [1788573266.373935232] [carolus_ros2]: [P4P] final_cost=0.0141531 iterations=1 converged=1 warm_start=prior candidate=14
[INFO] [1788573266.400518489] [carolus_ros2]: Time to find contours: 0.000301 seconds
[INFO] [1788573266.400901264] [carolus_ros2]: max distance = 107.583211
[INFO] [1788573266.406143427] [carolus_ros2]: [P4P] final_cost=0.0141531 iterations=1 converged=1 warm_start=prior candidate=14
[INFO] [1788573266.436449026] [carolus_ros2]: Time to find contours: 0.000286 seconds
[INFO] [1788573266.436837115] [carolus_ros2]: max distance = 107.583211
[INFO] [1788573266.442329505] [carolus_ros2]: [P4P] final_cost=0.0141531 iterations=1 converged=1 warm_start=prior candidate=14
[INFO] [1788573266.468180100] [carolus_ros2]: Time to find contours: 0.000281 seconds
[INFO] [1788573266.468591318] [carolus_ros2]: max distance = 107.583211
[INFO] [1788573266.473815204] [carolus_ros2]: [P4P] final_cost=0.0141531 iterations=1 converged=1 warm_start=prior candidate=14
[INFO] [1788573266.500671038] [carolus_ros2]: Time to find contours: 0.000302 seconds
[INFO] [1788573266.501080792] [carolus_ros2]: max distance = 107.583211
[INFO] [1788573266.506087099] [carolus_ros2]: [P4P] final_cost=0.0141531 iterations=1 converged=1 warm_start=prior candidate=14
[INFO] [1788573266.536529913] [carolus_ros2]: Time to find contours: 0.000307 seconds
[ERROR] [1788573266.536903188] [carolus_ros2]: Not enough blobs with required circularity.
[INFO] [1788573266.568697388] [carolus_ros2]: Time to find contours: 0.000314 seconds
[INFO] [1788573266.569087514] [carolus_ros2]: max distance = 107.749964
[INFO] [1788573266.574546257] [carolus_ros2]: [P4P] final_cost=0.0160144 iterations=3 converged=1 warm_start=prior candidate=14
[INFO] [1788573266.604122343] [carolus_ros2]: Time to find contours: 0.000297 seconds
[INFO] [1788573266.604543837] [carolus_ros2]: max distance = 107.583211
[INFO] [1788573266.610612694] [carolus_ros2]: [P4P] final_cost=0.0141531 iterations=3 converged=1 warm_start=prior candidate=14
[INFO] [1788573266.635844714] [carolus_ros2]: Time to find contours: 0.000294 seconds
[INFO] [1788573266.636253949] [carolus_ros2]: max distance = 107.583211
[INFO] [1788573266.642815963] [carolus_ros2]: [P4P] final_cost=0.0141531 iterations=1 converged=1 warm_start=prior candidate=14
[INFO] [1788573266.668115127] [carolus_ros2]: Time to find contours: 0.000300 seconds
[INFO] [1788573266.668549546] [carolus_ros2]: max distance = 107.583211
[INFO] [1788573266.674910368] [carolus_ros2]: [P4P] final_cost=0.0141531 iterations=1 converged=1 warm_start=prior candidate=14
[INFO] [1788573266.700042708] [carolus_ros2]: Time to find contours: 0.000281 seconds
[INFO] [1788573266.700453481] [carolus_ros2]: max distance = 107.583211
[INFO] [1788573266.706058808] [carolus_ros2]: [P4P] final_cost=0.0141531 iterations=1 converged=1 warm_start=prior candidate=14
[INFO] [1788573266.736403517] [carolus_ros2]: Time to find contours: 0.000312 seconds
[INFO] [1788573266.736836566] [carolus_ros2]: max distance = 107.583211
[INFO] [1788573266.743275420] [carolus_ros2]: [P4P] final_cost=0.0141531 iterations=1 converged=1 warm_start=prior candidate=14
[INFO] [1788573266.767716522] [carolus_ros2]: Time to find contours: 0.000319 seconds
[INFO] [1788573266.768129999] [carolus_ros2]: max distance = 107.583211
[INFO] [1788573266.774618498] [carolus_ros2]: [P4P] final_cost=0.0141531 iterations=1 converged=1 warm_start=prior candidate=14
[INFO] [1788573266.804066221] [carolus_ros2]: Time to find contours: 0.000301 seconds
[INFO] [1788573266.804488845] [carolus_ros2]: max distance = 107.583211
[INFO] [1788573266.810803261] [carolus_ros2]: [P4P] final_cost=0.0141531 iterations=1 converged=1 warm_start=prior candidate=14
[INFO] [1788573266.835710207] [carolus_ros2]: Time to find contours: 0.000328 seconds
[INFO] [1788573266.836142701] [carolus_ros2]: max distance = 107.583211
[INFO] [1788573266.842400121] [carolus_ros2]: [P4P] final_cost=0.0141531 iterations=1 converged=1 warm_start=prior candidate=14
[INFO] [1788573266.868111946] [carolus_ros2]: Time to find contours: 0.000295 seconds
[INFO] [1788573266.868532237] [carolus_ros2]: max distance = 107.583211
[INFO] [1788573266.874877967] [carolus_ros2]: [P4P] final_cost=0.0141531 iterations=1 converged=1 warm_start=prior candidate=14
[INFO] [1788573266.900075507] [carolus_ros2]: Time to find contours: 0.000288 seconds
[INFO] [1788573266.900490316] [carolus_ros2]: max distance = 107.583211
[INFO] [1788573266.906093237] [carolus_ros2]: [P4P] final_cost=0.0141531 iterations=1 converged=1 warm_start=prior candidate=14
[INFO] [1788573266.936073374] [carolus_ros2]: Time to find contours: 0.000277 seconds
[INFO] [1788573266.936487720] [carolus_ros2]: max distance = 107.583211
[INFO] [1788573266.942364995] [carolus_ros2]: [P4P] final_cost=0.0141531 iterations=1 converged=1 warm_start=prior candidate=14
[INFO] [1788573266.968064192] [carolus_ros2]: Time to find contours: 0.000275 seconds
[INFO] [1788573266.968483890] [carolus_ros2]: max distance = 107.583211
[INFO] [1788573266.974098550] [carolus_ros2]: [P4P] final_cost=0.0141531 iterations=1 converged=1 warm_start=prior candidate=14
[INFO] [1788573267.004301047] [carolus_ros2]: Time to find contours: 0.000299 seconds
[INFO] [1788573267.004724726] [carolus_ros2]: max distance = 107.583211
[INFO] [1788573267.011130936] [carolus_ros2]: [P4P] final_cost=0.0141531 iterations=1 converged=1 warm_start=prior candidate=14
[INFO] [1788573267.035905455] [carolus_ros2]: Time to find contours: 0.000295 seconds
[INFO] [1788573267.036372151] [carolus_ros2]: max distance = 107.583211
[INFO] [1788573267.050579325] [carolus_ros2]: [P4P] final_cost=0.0141531 iterations=1 converged=1 warm_start=prior candidate=14
[INFO] [1788573267.067485883] [carolus_ros2]: Time to find contours: 0.000300 seconds
[ERROR] [1788573267.067845215] [carolus_ros2]: Not enough blobs with required circularity.
[INFO] [1788573267.100732087] [carolus_ros2]: Time to find contours: 0.000327 seconds
[INFO] [1788573267.101112288] [carolus_ros2]: max distance = 107.583211
[INFO] [1788573267.106480798] [carolus_ros2]: [P4P] final_cost=0.0141531 iterations=1 converged=1 warm_start=prior candidate=14
[INFO] [1788573267.136657213] [carolus_ros2]: Time to find contours: 0.000342 seconds
[INFO] [1788573267.137063264] [carolus_ros2]: max distance = 107.583211
[INFO] [1788573267.143410552] [carolus_ros2]: [P4P] final_cost=0.0141531 iterations=1 converged=1 warm_start=prior candidate=14
[INFO] [1788573267.167825184] [carolus_ros2]: Time to find contours: 0.000315 seconds
[INFO] [1788573267.168280028] [carolus_ros2]: max distance = 107.583211
[INFO] [1788573267.174396310] [carolus_ros2]: [P4P] final_cost=0.0141531 iterations=1 converged=1 warm_start=prior candidate=14
[INFO] [1788573267.204057440] [carolus_ros2]: Time to find contours: 0.000305 seconds
[INFO] [1788573267.204468287] [carolus_ros2]: max distance = 107.583211
[INFO] [1788573267.211080449] [carolus_ros2]: [P4P] final_cost=0.0141531 iterations=1 converged=1 warm_start=prior candidate=14
[INFO] [1788573267.236100676] [carolus_ros2]: Time to find contours: 0.000284 seconds
[INFO] [1788573267.236496820] [carolus_ros2]: max distance = 107.583211
[INFO] [1788573267.242761631] [carolus_ros2]: [P4P] final_cost=0.0141531 iterations=1 converged=1 warm_start=prior candidate=14
[INFO] [1788573267.268064341] [carolus_ros2]: Time to find contours: 0.000286 seconds
[INFO] [1788573267.268517927] [carolus_ros2]: max distance = 107.583211
[INFO] [1788573267.274685391] [carolus_ros2]: [P4P] final_cost=0.0141531 iterations=1 converged=1 warm_start=prior candidate=14
[INFO] [1788573267.299999250] [carolus_ros2]: Time to find contours: 0.000274 seconds
[INFO] [1788573267.300405152] [carolus_ros2]: max distance = 107.583211
[INFO] [1788573267.306023574] [carolus_ros2]: [P4P] final_cost=0.0141531 iterations=1 converged=1 warm_start=prior candidate=14
[INFO] [1788573267.336338722] [carolus_ros2]: Time to find contours: 0.000303 seconds
[INFO] [1788573267.336772550] [carolus_ros2]: max distance = 107.583211
[INFO] [1788573267.343137799] [carolus_ros2]: [P4P] final_cost=0.0141531 iterations=1 converged=1 warm_start=prior candidate=14
[INFO] [1788573267.367860061] [carolus_ros2]: Time to find contours: 0.000299 seconds
[INFO] [1788573267.368292481] [carolus_ros2]: max distance = 107.583211
[INFO] [1788573267.374750596] [carolus_ros2]: [P4P] final_cost=0.0141531 iterations=1 converged=1 warm_start=prior candidate=14
[INFO] [1788573267.404184646] [carolus_ros2]: Time to find contours: 0.000289 seconds
[INFO] [1788573267.404619344] [carolus_ros2]: max distance = 107.583211
[INFO] [1788573267.410943466] [carolus_ros2]: [P4P] final_cost=0.0141531 iterations=1 converged=1 warm_start=prior candidate=14
[INFO] [1788573267.435773204] [carolus_ros2]: Time to find contours: 0.000293 seconds
[INFO] [1788573267.436182977] [carolus_ros2]: max distance = 107.583211
[INFO] [1788573267.442470138] [carolus_ros2]: [P4P] final_cost=0.0141531 iterations=1 converged=1 warm_start=prior candidate=14
[INFO] [1788573267.468100830] [carolus_ros2]: Time to find contours: 0.000292 seconds
[INFO] [1788573267.468553823] [carolus_ros2]: max distance = 107.583211
[INFO] [1788573267.474894463] [carolus_ros2]: [P4P] final_cost=0.0141531 iterations=1 converged=1 warm_start=prior candidate=14
[INFO] [1788573267.499993315] [carolus_ros2]: Time to find contours: 0.000288 seconds
[INFO] [1788573267.500398551] [carolus_ros2]: max distance = 107.583211
[INFO] [1788573267.506032416] [carolus_ros2]: [P4P] final_cost=0.0141531 iterations=1 converged=1 warm_start=prior candidate=14
[INFO] [1788573267.536403432] [carolus_ros2]: Time to find contours: 0.000274 seconds
[INFO] [1788573267.536815557] [carolus_ros2]: max distance = 107.583211
[INFO] [1788573267.542756997] [carolus_ros2]: [P4P] final_cost=0.0141531 iterations=1 converged=1 warm_start=prior candidate=14
[INFO] [1788573267.567993526] [carolus_ros2]: Time to find contours: 0.000291 seconds
[INFO] [1788573267.568406040] [carolus_ros2]: max distance = 107.583211
[INFO] [1788573267.574638075] [carolus_ros2]: [P4P] final_cost=0.0141531 iterations=1 converged=1 warm_start=prior candidate=14
[INFO] [1788573267.604387959] [carolus_ros2]: Time to find contours: 0.000303 seconds
[INFO] [1788573267.604843674] [carolus_ros2]: max distance = 107.583211
[INFO] [1788573267.610591496] [carolus_ros2]: [P4P] final_cost=0.0141531 iterations=1 converged=1 warm_start=prior candidate=14
[INFO] [1788573267.636086603] [carolus_ros2]: Time to find contours: 0.000313 seconds
[INFO] [1788573267.636556872] [carolus_ros2]: max distance = 107.583211
[INFO] [1788573267.643524903] [carolus_ros2]: [P4P] final_cost=0.0141531 iterations=1 converged=1 warm_start=prior candidate=14
[INFO] [1788573267.668405378] [carolus_ros2]: Time to find contours: 0.000345 seconds
[INFO] [1788573267.668869981] [carolus_ros2]: max distance = 107.583211
[INFO] [1788573267.674607081] [carolus_ros2]: [P4P] final_cost=0.0141531 iterations=1 converged=1 warm_start=prior candidate=14
[INFO] [1788573267.700083431] [carolus_ros2]: Time to find contours: 0.000310 seconds
[INFO] [1788573267.700559570] [carolus_ros2]: max distance = 107.583211
[INFO] [1788573267.707123216] [carolus_ros2]: [P4P] final_cost=0.0141531 iterations=1 converged=1 warm_start=prior candidate=14
[INFO] [1788573267.735903211] [carolus_ros2]: Time to find contours: 0.000301 seconds
[INFO] [1788573267.736314817] [carolus_ros2]: max distance = 107.583211
[INFO] [1788573267.742539037] [carolus_ros2]: [P4P] final_cost=0.0141531 iterations=1 converged=1 warm_start=prior candidate=14
[INFO] [1788573267.768053514] [carolus_ros2]: Time to find contours: 0.000287 seconds
[INFO] [1788573267.768490952] [carolus_ros2]: max distance = 107.583211
[INFO] [1788573267.774916828] [carolus_ros2]: [P4P] final_cost=0.0141531 iterations=1 converged=1 warm_start=prior candidate=14
[INFO] [1788573267.804195202] [carolus_ros2]: Time to find contours: 0.000297 seconds
[INFO] [1788573267.804647250] [carolus_ros2]: max distance = 107.583211
[INFO] [1788573267.811033369] [carolus_ros2]: [P4P] final_cost=0.0141531 iterations=1 converged=1 warm_start=prior candidate=14
[INFO] [1788573267.835834941] [carolus_ros2]: Time to find contours: 0.000301 seconds
[INFO] [1788573267.836257936] [carolus_ros2]: max distance = 107.583211
[INFO] [1788573267.842817230] [carolus_ros2]: [P4P] final_cost=0.0141531 iterations=1 converged=1 warm_start=prior candidate=14
[INFO] [1788573267.868152328] [carolus_ros2]: Time to find contours: 0.000317 seconds
[INFO] [1788573267.868583211] [carolus_ros2]: max distance = 107.749964
[INFO] [1788573267.874705530] [carolus_ros2]: [P4P] final_cost=0.0160144 iterations=3 converged=1 warm_start=prior candidate=14
[INFO] [1788573267.900102846] [carolus_ros2]: Time to find contours: 0.000271 seconds
[INFO] [1788573267.900495565] [carolus_ros2]: max distance = 107.583211
[INFO] [1788573267.905842761] [carolus_ros2]: [P4P] final_cost=0.0141531 iterations=3 converged=1 warm_start=prior candidate=14
[INFO] [1788573267.936354398] [carolus_ros2]: Time to find contours: 0.000311 seconds
[INFO] [1788573267.936775467] [carolus_ros2]: max distance = 107.583211
[INFO] [1788573267.942942728] [carolus_ros2]: [P4P] final_cost=0.0141531 iterations=1 converged=1 warm_start=prior candidate=14
[INFO] [1788573267.968056746] [carolus_ros2]: Time to find contours: 0.000364 seconds
[INFO] [1788573267.968557606] [carolus_ros2]: max distance = 107.583211
[INFO] [1788573267.975053478] [carolus_ros2]: [P4P] final_cost=0.0141531 iterations=1 converged=1 warm_start=prior candidate=14
[INFO] [1788573268.004252487] [carolus_ros2]: Time to find contours: 0.000354 seconds
[INFO] [1788573268.004693333] [carolus_ros2]: max distance = 107.583211
[INFO] [1788573268.011243074] [carolus_ros2]: [P4P] final_cost=0.0141531 iterations=1 converged=1 warm_start=prior candidate=14
[INFO] [1788573268.035995900] [carolus_ros2]: Time to find contours: 0.000290 seconds
[INFO] [1788573268.036437524] [carolus_ros2]: max distance = 107.583211
[INFO] [1788573268.042473072] [carolus_ros2]: [P4P] final_cost=0.0141531 iterations=1 converged=1 warm_start=prior candidate=14
[INFO] [1788573268.068139957] [carolus_ros2]: Time to find contours: 0.000289 seconds
[INFO] [1788573268.068584692] [carolus_ros2]: max distance = 107.583211
[INFO] [1788573268.074254779] [carolus_ros2]: [P4P] final_cost=0.0141531 iterations=1 converged=1 warm_start=prior candidate=14
[INFO] [1788573268.100045528] [carolus_ros2]: Time to find contours: 0.000288 seconds
[INFO] [1788573268.100454746] [carolus_ros2]: max distance = 107.583211
[INFO] [1788573268.105883791] [carolus_ros2]: [P4P] final_cost=0.0141531 iterations=1 converged=1 warm_start=prior candidate=14
[INFO] [1788573268.136682961] [carolus_ros2]: Time to find contours: 0.000330 seconds
[INFO] [1788573268.137102253] [carolus_ros2]: max distance = 107.583211
[INFO] [1788573268.143023011] [carolus_ros2]: [P4P] final_cost=0.0128768 iterations=3 converged=1 warm_start=prior candidate=14
[INFO] [1788573268.168061136] [carolus_ros2]: Time to find contours: 0.000349 seconds
[INFO] [1788573268.168590643] [carolus_ros2]: max distance = 107.583211
[INFO] [1788573268.175343855] [carolus_ros2]: [P4P] final_cost=0.0141531 iterations=3 converged=1 warm_start=prior candidate=14
[INFO] [1788573268.204712346] [carolus_ros2]: Time to find contours: 0.000376 seconds
[INFO] [1788573268.205144766] [carolus_ros2]: max distance = 107.583211
[INFO] [1788573268.210268681] [carolus_ros2]: [P4P] final_cost=0.0141531 iterations=1 converged=1 warm_start=prior candidate=14
[INFO] [1788573268.236050856] [carolus_ros2]: Time to find contours: 0.000295 seconds
[INFO] [1788573268.236495609] [carolus_ros2]: max distance = 107.583211
[INFO] [1788573268.242077405] [carolus_ros2]: [P4P] final_cost=0.0141531 iterations=1 converged=1 warm_start=prior candidate=14
[INFO] [1788573268.267774104] [carolus_ros2]: Time to find contours: 0.000302 seconds
[INFO] [1788573268.268170729] [carolus_ros2]: max distance = 107.583211
[INFO] [1788573268.274450894] [carolus_ros2]: [P4P] final_cost=0.0141531 iterations=1 converged=1 warm_start=prior candidate=14
[INFO] [1788573268.300449038] [carolus_ros2]: Time to find contours: 0.000319 seconds
[INFO] [1788573268.300844794] [carolus_ros2]: max distance = 107.583211
[INFO] [1788573268.306103460] [carolus_ros2]: [P4P] final_cost=0.0141531 iterations=1 converged=1 warm_start=prior candidate=14
[INFO] [1788573268.336197374] [carolus_ros2]: Time to find contours: 0.000300 seconds
[INFO] [1788573268.336640034] [carolus_ros2]: max distance = 107.583211
[INFO] [1788573268.342649824] [carolus_ros2]: [P4P] final_cost=0.0141531 iterations=1 converged=1 warm_start=prior candidate=14
[INFO] [1788573268.367890327] [carolus_ros2]: Time to find contours: 0.000291 seconds
[INFO] [1788573268.368302914] [carolus_ros2]: max distance = 107.583211
[INFO] [1788573268.374116253] [carolus_ros2]: [P4P] final_cost=0.0141531 iterations=1 converged=1 warm_start=prior candidate=14
[INFO] [1788573268.404297958] [carolus_ros2]: Time to find contours: 0.000284 seconds
[INFO] [1788573268.404721638] [carolus_ros2]: max distance = 107.583211
[INFO] [1788573268.410589918] [carolus_ros2]: [P4P] final_cost=0.0141531 iterations=1 converged=1 warm_start=prior candidate=14
[INFO] [1788573268.436159568] [carolus_ros2]: Time to find contours: 0.000323 seconds
[INFO] [1788573268.436588396] [carolus_ros2]: max distance = 107.583211
[INFO] [1788573268.442102974] [carolus_ros2]: [P4P] final_cost=0.0141531 iterations=1 converged=1 warm_start=prior candidate=14
[INFO] [1788573268.468002901] [carolus_ros2]: Time to find contours: 0.000306 seconds
[INFO] [1788573268.468405786] [carolus_ros2]: max distance = 107.583211
[INFO] [1788573268.474510164] [carolus_ros2]: [P4P] final_cost=0.0141531 iterations=1 converged=1 warm_start=prior candidate=14
[INFO] [1788573268.500143033] [carolus_ros2]: Time to find contours: 0.000292 seconds
[INFO] [1788573268.500556398] [carolus_ros2]: max distance = 107.583211
[INFO] [1788573268.505812676] [carolus_ros2]: [P4P] final_cost=0.0141531 iterations=1 converged=1 warm_start=prior candidate=14
[INFO] [1788573268.536619920] [carolus_ros2]: Time to find contours: 0.000330 seconds
[INFO] [1788573268.537032952] [carolus_ros2]: max distance = 107.583211
[INFO] [1788573268.542538660] [carolus_ros2]: [P4P] final_cost=0.0141531 iterations=1 converged=1 warm_start=prior candidate=14
[INFO] [1788573268.568377036] [carolus_ros2]: Time to find contours: 0.000278 seconds
[INFO] [1788573268.568772976] [carolus_ros2]: max distance = 107.583211
[INFO] [1788573268.574022995] [carolus_ros2]: [P4P] final_cost=0.0141531 iterations=1 converged=1 warm_start=prior candidate=14
[INFO] [1788573268.604251197] [carolus_ros2]: Time to find contours: 0.000282 seconds
[INFO] [1788573268.604663748] [carolus_ros2]: max distance = 107.583211
[INFO] [1788573268.610177715] [carolus_ros2]: [P4P] final_cost=0.0141531 iterations=1 converged=1 warm_start=prior candidate=14
[INFO] [1788573268.636315888] [carolus_ros2]: Time to find contours: 0.000276 seconds
[INFO] [1788573268.636717662] [carolus_ros2]: max distance = 107.583211
[INFO] [1788573268.641986495] [carolus_ros2]: [P4P] final_cost=0.0141531 iterations=1 converged=1 warm_start=prior candidate=14
[INFO] [1788573268.668383191] [carolus_ros2]: Time to find contours: 0.000312 seconds
[INFO] [1788573268.668782261] [carolus_ros2]: max distance = 107.583211
[INFO] [1788573268.674027446] [carolus_ros2]: [P4P] final_cost=0.0141531 iterations=1 converged=1 warm_start=prior candidate=14
[INFO] [1788573268.700693998] [carolus_ros2]: Time to find contours: 0.000334 seconds
[INFO] [1788573268.701064718] [carolus_ros2]: max distance = 107.583211
[INFO] [1788573268.706394861] [carolus_ros2]: [P4P] final_cost=0.0141531 iterations=1 converged=1 warm_start=prior candidate=14
[INFO] [1788573268.736368596] [carolus_ros2]: Time to find contours: 0.000294 seconds
[INFO] [1788573268.736771796] [carolus_ros2]: max distance = 107.583211
[INFO] [1788573268.742814474] [carolus_ros2]: [P4P] final_cost=0.0141531 iterations=1 converged=1 warm_start=prior candidate=14
[INFO] [1788573268.767945278] [carolus_ros2]: Time to find contours: 0.000298 seconds
[INFO] [1788573268.768360495] [carolus_ros2]: max distance = 107.583211
[INFO] [1788573268.774377193] [carolus_ros2]: [P4P] final_cost=0.0141531 iterations=1 converged=1 warm_start=prior candidate=14
[INFO] [1788573268.804328744] [carolus_ros2]: Time to find contours: 0.000316 seconds
[INFO] [1788573268.804834327] [carolus_ros2]: max distance = 107.583211
[INFO] [1788573268.810264391] [carolus_ros2]: [P4P] final_cost=0.0141531 iterations=1 converged=1 warm_start=prior candidate=14
[INFO] [1788573268.835586796] [carolus_ros2]: Time to find contours: 0.000304 seconds
[INFO] [1788573268.835995884] [carolus_ros2]: max distance = 107.583211
[INFO] [1788573268.841797871] [carolus_ros2]: [P4P] final_cost=0.0141531 iterations=1 converged=1 warm_start=prior candidate=14
[INFO] [1788573268.868197512] [carolus_ros2]: Time to find contours: 0.000286 seconds
[INFO] [1788573268.868638006] [carolus_ros2]: max distance = 107.583211
[INFO] [1788573268.874680702] [carolus_ros2]: [P4P] final_cost=0.0141531 iterations=1 converged=1 warm_start=prior candidate=14
[INFO] [1788573268.900049067] [carolus_ros2]: Time to find contours: 0.000285 seconds
[INFO] [1788573268.900474247] [carolus_ros2]: max distance = 107.583211
[INFO] [1788573268.905725228] [carolus_ros2]: [P4P] final_cost=0.0141531 iterations=1 converged=1 warm_start=prior candidate=14
[INFO] [1788573268.936337113] [carolus_ros2]: Time to find contours: 0.000293 seconds
[INFO] [1788573268.936774366] [carolus_ros2]: max distance = 107.583211
[INFO] [1788573268.942562706] [carolus_ros2]: [P4P] final_cost=0.0141531 iterations=1 converged=1 warm_start=prior candidate=14
[INFO] [1788573268.967914868] [carolus_ros2]: Time to find contours: 0.000292 seconds
[INFO] [1788573268.968334197] [carolus_ros2]: max distance = 107.583211
[INFO] [1788573268.974359042] [carolus_ros2]: [P4P] final_cost=0.0141531 iterations=1 converged=1 warm_start=prior candidate=14
[INFO] [1788573269.004364166] [carolus_ros2]: Time to find contours: 0.000291 seconds
[INFO] [1788573269.004822881] [carolus_ros2]: max distance = 107.583211
[INFO] [1788573269.010769418] [carolus_ros2]: [P4P] final_cost=0.0141531 iterations=1 converged=1 warm_start=prior candidate=14
[INFO] [1788573269.035916491] [carolus_ros2]: Time to find contours: 0.000297 seconds
[INFO] [1788573269.036334690] [carolus_ros2]: max distance = 107.583211
[INFO] [1788573269.042467457] [carolus_ros2]: [P4P] final_cost=0.0141531 iterations=1 converged=1 warm_start=prior candidate=14
[INFO] [1788573269.068222792] [carolus_ros2]: Time to find contours: 0.000283 seconds
[INFO] [1788573269.068663268] [carolus_ros2]: max distance = 107.583211
[INFO] [1788573269.074643692] [carolus_ros2]: [P4P] final_cost=0.0141531 iterations=1 converged=1 warm_start=prior candidate=14
[INFO] [1788573269.100080267] [carolus_ros2]: Time to find contours: 0.000271 seconds
[INFO] [1788573269.100490188] [carolus_ros2]: max distance = 107.583211
[INFO] [1788573269.105741079] [carolus_ros2]: [P4P] final_cost=0.0141531 iterations=1 converged=1 warm_start=prior candidate=14
[INFO] [1788573269.136730844] [carolus_ros2]: Time to find contours: 0.000347 seconds
[INFO] [1788573269.137122970] [carolus_ros2]: max distance = 107.583211
[INFO] [1788573269.142639031] [carolus_ros2]: [P4P] final_cost=0.0141531 iterations=1 converged=1 warm_start=prior candidate=14
[INFO] [1788573269.168011610] [carolus_ros2]: Time to find contours: 0.000291 seconds
[INFO] [1788573269.168443993] [carolus_ros2]: max distance = 107.749964
[INFO] [1788573269.174445694] [carolus_ros2]: [P4P] final_cost=0.0160144 iterations=3 converged=1 warm_start=prior candidate=14
[INFO] [1788573269.204040610] [carolus_ros2]: Time to find contours: 0.000277 seconds
[INFO] [1788573269.204509825] [carolus_ros2]: max distance = 107.583211
[INFO] [1788573269.210335758] [carolus_ros2]: [P4P] final_cost=0.0141531 iterations=3 converged=1 warm_start=prior candidate=14
[INFO] [1788573269.236038984] [carolus_ros2]: Time to find contours: 0.000292 seconds
[INFO] [1788573269.236496385] [carolus_ros2]: max distance = 107.583211
[INFO] [1788573269.242838844] [carolus_ros2]: [P4P] final_cost=0.0141531 iterations=1 converged=1 warm_start=prior candidate=14
[INFO] [1788573269.267988102] [carolus_ros2]: Time to find contours: 0.000283 seconds
[INFO] [1788573269.268454243] [carolus_ros2]: max distance = 107.583211
[INFO] [1788573269.274721855] [carolus_ros2]: [P4P] final_cost=0.0141531 iterations=1 converged=1 warm_start=prior candidate=14
[INFO] [1788573269.300027233] [carolus_ros2]: Time to find contours: 0.000265 seconds
[INFO] [1788573269.300410638] [carolus_ros2]: max distance = 107.749964
[INFO] [1788573269.305625105] [carolus_ros2]: [P4P] final_cost=0.0160144 iterations=3 converged=1 warm_start=prior candidate=14
[INFO] [1788573269.336291813] [carolus_ros2]: Time to find contours: 0.000280 seconds
[INFO] [1788573269.336709216] [carolus_ros2]: max distance = 107.583211
[INFO] [1788573269.342847483] [carolus_ros2]: [P4P] final_cost=0.0141531 iterations=3 converged=1 warm_start=prior candidate=14
[INFO] [1788573269.367845509] [carolus_ros2]: Time to find contours: 0.000291 seconds
[INFO] [1788573269.368250801] [carolus_ros2]: max distance = 107.583211
[INFO] [1788573269.374665830] [carolus_ros2]: [P4P] final_cost=0.0141531 iterations=1 converged=1 warm_start=prior candidate=14
[INFO] [1788573269.404146771] [carolus_ros2]: Time to find contours: 0.000301 seconds
[INFO] [1788573269.404590765] [carolus_ros2]: max distance = 107.749964
[INFO] [1788573269.410590799] [carolus_ros2]: [P4P] final_cost=0.0160144 iterations=3 converged=1 warm_start=prior candidate=14
[INFO] [1788573269.435905678] [carolus_ros2]: Time to find contours: 0.000288 seconds
[INFO] [1788573269.436343153] [carolus_ros2]: max distance = 107.583211
[INFO] [1788573269.442487179] [carolus_ros2]: [P4P] final_cost=0.0141531 iterations=3 converged=1 warm_start=prior candidate=14
[INFO] [1788573269.467819834] [carolus_ros2]: Time to find contours: 0.000284 seconds
[INFO] [1788573269.468226089] [carolus_ros2]: max distance = 107.749964
[INFO] [1788573269.473902512] [carolus_ros2]: [P4P] final_cost=0.0160144 iterations=3 converged=1 warm_start=prior candidate=14
[INFO] [1788573269.500230500] [carolus_ros2]: Time to find contours: 0.000267 seconds
[INFO] [1788573269.500643699] [carolus_ros2]: max distance = 107.583211
[INFO] [1788573269.505629698] [carolus_ros2]: [P4P] final_cost=0.0128768 iterations=3 converged=1 warm_start=prior candidate=14
[INFO] [1788573269.536583205] [carolus_ros2]: Time to find contours: 0.000312 seconds
[INFO] [1788573269.536980312] [carolus_ros2]: max distance = 107.583211
[INFO] [1788573269.543153096] [carolus_ros2]: [P4P] final_cost=0.0141531 iterations=3 converged=1 warm_start=prior candidate=14
[INFO] [1788573269.567866767] [carolus_ros2]: Time to find contours: 0.000285 seconds
[INFO] [1788573269.568294243] [carolus_ros2]: max distance = 107.583211
[INFO] [1788573269.574653776] [carolus_ros2]: [P4P] final_cost=0.0128768 iterations=3 converged=1 warm_start=prior candidate=14
[INFO] [1788573269.604153105] [carolus_ros2]: Time to find contours: 0.000294 seconds
[INFO] [1788573269.604576433] [carolus_ros2]: max distance = 107.583211
[INFO] [1788573269.610609984] [carolus_ros2]: [P4P] final_cost=0.0128768 iterations=1 converged=1 warm_start=prior candidate=14
[INFO] [1788573269.635940769] [carolus_ros2]: Time to find contours: 0.000296 seconds
[INFO] [1788573269.636344820] [carolus_ros2]: max distance = 107.583211
[INFO] [1788573269.642100072] [carolus_ros2]: [P4P] final_cost=0.0128768 iterations=1 converged=1 warm_start=prior candidate=14
[INFO] [1788573269.668249348] [carolus_ros2]: Time to find contours: 0.000336 seconds
[INFO] [1788573269.668662899] [carolus_ros2]: max distance = 107.583211
[INFO] [1788573269.674823665] [carolus_ros2]: [P4P] final_cost=0.0141531 iterations=3 converged=1 warm_start=prior candidate=14
[INFO] [1788573269.699751972] [carolus_ros2]: Time to find contours: 0.000294 seconds
[INFO] [1788573269.700140135] [carolus_ros2]: max distance = 107.583211
[INFO] [1788573269.706371990] [carolus_ros2]: [P4P] final_cost=0.0128768 iterations=3 converged=1 warm_start=prior candidate=14
[INFO] [1788573269.736475452] [carolus_ros2]: Time to find contours: 0.000341 seconds
[INFO] [1788573269.736927575] [carolus_ros2]: max distance = 107.583211
[INFO] [1788573269.742088545] [carolus_ros2]: [P4P] final_cost=0.0128768 iterations=1 converged=1 warm_start=prior candidate=14
[INFO] [1788573269.768316557] [carolus_ros2]: Time to find contours: 0.000303 seconds
[INFO] [1788573269.768777050] [carolus_ros2]: max distance = 107.583211
[INFO] [1788573269.774408901] [carolus_ros2]: [P4P] final_cost=0.0141531 iterations=3 converged=1 warm_start=prior candidate=14
[INFO] [1788573269.804729499] [carolus_ros2]: Time to find contours: 0.000315 seconds
[INFO] [1788573269.805135124] [carolus_ros2]: max distance = 107.583211
[INFO] [1788573269.810667703] [carolus_ros2]: [P4P] final_cost=0.0128768 iterations=3 converged=1 warm_start=prior candidate=14
[INFO] [1788573269.836056800] [carolus_ros2]: Time to find contours: 0.000278 seconds
[INFO] [1788573269.836484794] [carolus_ros2]: max distance = 107.583211
[INFO] [1788573269.841625136] [carolus_ros2]: [P4P] final_cost=0.0128768 iterations=1 converged=1 warm_start=prior candidate=14
[INFO] [1788573269.868778244] [carolus_ros2]: Time to find contours: 0.000308 seconds
[INFO] [1788573269.869180500] [carolus_ros2]: max distance = 107.583211
[INFO] [1788573269.874674470] [carolus_ros2]: [P4P] final_cost=0.0141531 iterations=3 converged=1 warm_start=prior candidate=14
[INFO] [1788573269.900321422] [carolus_ros2]: Time to find contours: 0.000290 seconds
[INFO] [1788573269.900726362] [carolus_ros2]: max distance = 107.749964
[INFO] [1788573269.906014214] [carolus_ros2]: [P4P] final_cost=0.0160144 iterations=3 converged=1 warm_start=prior candidate=14
[INFO] [1788573269.936663479] [carolus_ros2]: Time to find contours: 0.000334 seconds
[INFO] [1788573269.937056994] [carolus_ros2]: max distance = 107.583211
[INFO] [1788573269.942563593] [carolus_ros2]: [P4P] final_cost=0.0141531 iterations=3 converged=1 warm_start=prior candidate=14
[INFO] [1788573269.967958874] [carolus_ros2]: Time to find contours: 0.000292 seconds
[INFO] [1788573269.968351500] [carolus_ros2]: max distance = 107.583211
[INFO] [1788573269.974202876] [carolus_ros2]: [P4P] final_cost=0.0141531 iterations=1 converged=1 warm_start=prior candidate=14
[INFO] [1788573270.004286396] [carolus_ros2]: Time to find contours: 0.000264 seconds
[INFO] [1788573270.004710595] [carolus_ros2]: max distance = 107.583211
[INFO] [1788573270.010433665] [carolus_ros2]: [P4P] final_cost=0.0128768 iterations=3 converged=1 warm_start=prior candidate=14
[INFO] [1788573270.036277172] [carolus_ros2]: Time to find contours: 0.000260 seconds
[INFO] [1788573270.036685464] [carolus_ros2]: max distance = 107.583211
[INFO] [1788573270.042101163] [carolus_ros2]: [P4P] final_cost=0.0141531 iterations=3 converged=1 warm_start=prior candidate=14
[INFO] [1788573270.068652779] [carolus_ros2]: Time to find contours: 0.000294 seconds
[INFO] [1788573270.069040961] [carolus_ros2]: max distance = 107.583211
[INFO] [1788573270.074184175] [carolus_ros2]: [P4P] final_cost=0.0141531 iterations=1 converged=1 warm_start=prior candidate=14
[INFO] [1788573270.100273686] [carolus_ros2]: Time to find contours: 0.000270 seconds
[INFO] [1788573270.100681645] [carolus_ros2]: max distance = 107.583211
[INFO] [1788573270.105869634] [carolus_ros2]: [P4P] final_cost=0.0141531 iterations=1 converged=1 warm_start=prior candidate=14
[INFO] [1788573270.136662311] [carolus_ros2]: Time to find contours: 0.000307 seconds
[INFO] [1788573270.137065992] [carolus_ros2]: max distance = 107.583211
[INFO] [1788573270.142968126] [carolus_ros2]: [P4P] final_cost=0.0141531 iterations=1 converged=1 warm_start=prior candidate=14
[INFO] [1788573270.167891351] [carolus_ros2]: Time to find contours: 0.000299 seconds
[INFO] [1788573270.168322790] [carolus_ros2]: max distance = 107.583211
[INFO] [1788573270.174166317] [carolus_ros2]: [P4P] final_cost=0.0141531 iterations=1 converged=1 warm_start=prior candidate=14
[INFO] [1788573270.204390414] [carolus_ros2]: Time to find contours: 0.000299 seconds
[INFO] [1788573270.204854906] [carolus_ros2]: max distance = 107.583211
[INFO] [1788573270.210186462] [carolus_ros2]: [P4P] final_cost=0.0141531 iterations=1 converged=1 warm_start=prior candidate=14
[INFO] [1788573270.235623528] [carolus_ros2]: Time to find contours: 0.000314 seconds
[INFO] [1788573270.236037301] [carolus_ros2]: max distance = 107.583211
[INFO] [1788573270.242072410] [carolus_ros2]: [P4P] final_cost=0.0141531 iterations=1 converged=1 warm_start=prior candidate=14
[INFO] [1788573270.268117054] [carolus_ros2]: Time to find contours: 0.000281 seconds
[INFO] [1788573270.268521161] [carolus_ros2]: max distance = 107.583211
[INFO] [1788573270.274548030] [carolus_ros2]: [P4P] final_cost=0.0141531 iterations=1 converged=1 warm_start=prior candidate=14
[INFO] [1788573270.300005632] [carolus_ros2]: Time to find contours: 0.000274 seconds
[INFO] [1788573270.300398721] [carolus_ros2]: max distance = 107.583211
[INFO] [1788573270.305558379] [carolus_ros2]: [P4P] final_cost=0.0141531 iterations=1 converged=1 warm_start=prior candidate=14
[INFO] [1788573270.336527749] [carolus_ros2]: Time to find contours: 0.000303 seconds
[INFO] [1788573270.336926597] [carolus_ros2]: max distance = 107.583211
[INFO] [1788573270.343040479] [carolus_ros2]: [P4P] final_cost=0.0128768 iterations=3 converged=1 warm_start=prior candidate=14
[INFO] [1788573270.367833267] [carolus_ros2]: Time to find contours: 0.000284 seconds
[INFO] [1788573270.368247169] [carolus_ros2]: max distance = 107.583211
[INFO] [1788573270.374256465] [carolus_ros2]: [P4P] final_cost=0.0128768 iterations=1 converged=1 warm_start=prior candidate=14
[INFO] [1788573270.404458340] [carolus_ros2]: Time to find contours: 0.000300 seconds
[INFO] [1788573270.404922444] [carolus_ros2]: max distance = 107.583211
[INFO] [1788573270.410126081] [carolus_ros2]: [P4P] final_cost=0.0128768 iterations=1 converged=1 warm_start=prior candidate=14
[INFO] [1788573270.435746174] [carolus_ros2]: Time to find contours: 0.000288 seconds
[INFO] [1788573270.436158984] [carolus_ros2]: max distance = 107.583211
[INFO] [1788573270.442472893] [carolus_ros2]: [P4P] final_cost=0.0141531 iterations=3 converged=1 warm_start=prior candidate=14
[INFO] [1788573270.467837185] [carolus_ros2]: Time to find contours: 0.000280 seconds
[INFO] [1788573270.468243941] [carolus_ros2]: max distance = 107.583211
[INFO] [1788573270.474391543] [carolus_ros2]: [P4P] final_cost=0.0141531 iterations=1 converged=1 warm_start=prior candidate=14
[INFO] [1788573270.500270233] [carolus_ros2]: Time to find contours: 0.000272 seconds
[INFO] [1788573270.500696135] [carolus_ros2]: max distance = 107.583211
[INFO] [1788573270.506973157] [carolus_ros2]: [P4P] final_cost=0.0141531 iterations=1 converged=1 warm_start=prior candidate=14
[INFO] [1788573270.536627711] [carolus_ros2]: Time to find contours: 0.000296 seconds
[INFO] [1788573270.537012930] [carolus_ros2]: max distance = 107.583211
[INFO] [1788573270.542220011] [carolus_ros2]: [P4P] final_cost=0.0141531 iterations=1 converged=1 warm_start=prior candidate=14
[INFO] [1788573270.568382370] [carolus_ros2]: Time to find contours: 0.000271 seconds
[INFO] [1788573270.568773460] [carolus_ros2]: max distance = 107.583211
[INFO] [1788573270.574222397] [carolus_ros2]: [P4P] final_cost=0.0128768 iterations=3 converged=1 warm_start=prior candidate=14
[INFO] [1788573270.604305798] [carolus_ros2]: Time to find contours: 0.000263 seconds
[INFO] [1788573270.604695036] [carolus_ros2]: max distance = 107.583211
[INFO] [1788573270.610389719] [carolus_ros2]: [P4P] final_cost=0.0141531 iterations=3 converged=1 warm_start=prior candidate=14
[INFO] [1788573270.636303852] [carolus_ros2]: Time to find contours: 0.000274 seconds
[INFO] [1788573270.636696219] [carolus_ros2]: max distance = 107.583211
[INFO] [1788573270.641833044] [carolus_ros2]: [P4P] final_cost=0.0141531 iterations=1 converged=1 warm_start=prior candidate=14
[INFO] [1788573270.668641016] [carolus_ros2]: Time to find contours: 0.000309 seconds
[INFO] [1788573270.669045604] [carolus_ros2]: max distance = 107.583211
[INFO] [1788573270.674166523] [carolus_ros2]: [P4P] final_cost=0.0141531 iterations=1 converged=1 warm_start=prior candidate=14
[INFO] [1788573270.700351419] [carolus_ros2]: Time to find contours: 0.000267 seconds
[INFO] [1788573270.700749396] [carolus_ros2]: max distance = 107.749964
[INFO] [1788573270.706032214] [carolus_ros2]: [P4P] final_cost=0.0159004 iterations=3 converged=1 warm_start=prior candidate=14
[INFO] [1788573270.736298178] [carolus_ros2]: Time to find contours: 0.000259 seconds
[INFO] [1788573270.736690638] [carolus_ros2]: max distance = 107.583211
[INFO] [1788573270.742352175] [carolus_ros2]: [P4P] final_cost=0.0141531 iterations=3 converged=1 warm_start=prior candidate=14
[INFO] [1788573270.768300046] [carolus_ros2]: Time to find contours: 0.000271 seconds
[INFO] [1788573270.768709431] [carolus_ros2]: max distance = 107.583211
[INFO] [1788573270.774281973] [carolus_ros2]: [P4P] final_cost=0.0128768 iterations=3 converged=1 warm_start=prior candidate=14
[INFO] [1788573270.804335597] [carolus_ros2]: Time to find contours: 0.000259 seconds
[INFO] [1788573270.804742390] [carolus_ros2]: max distance = 107.583211
[INFO] [1788573270.810156588] [carolus_ros2]: [P4P] final_cost=0.0128768 iterations=1 converged=1 warm_start=prior candidate=14
[INFO] [1788573270.836053611] [carolus_ros2]: Time to find contours: 0.000264 seconds
[INFO] [1788573270.836477013] [carolus_ros2]: max distance = 107.583211
[INFO] [1788573270.842338613] [carolus_ros2]: [P4P] final_cost=0.0141531 iterations=3 converged=1 warm_start=prior candidate=14
[INFO] [1788573270.867941448] [carolus_ros2]: Time to find contours: 0.000317 seconds
[INFO] [1788573270.868330649] [carolus_ros2]: max distance = 107.583211
[INFO] [1788573270.874171472] [carolus_ros2]: [P4P] final_cost=0.0141531 iterations=1 converged=1 warm_start=prior candidate=14
[INFO] [1788573270.900544246] [carolus_ros2]: Time to find contours: 0.000388 seconds
[INFO] [1788573270.900930391] [carolus_ros2]: max distance = 107.583211
[INFO] [1788573270.906474953] [carolus_ros2]: [P4P] final_cost=0.0128768 iterations=3 converged=1 warm_start=prior candidate=14
[INFO] [1788573270.936672384] [carolus_ros2]: Time to find contours: 0.000384 seconds
[INFO] [1788573270.937089343] [carolus_ros2]: max distance = 107.583211
[INFO] [1788573270.943295275] [carolus_ros2]: [P4P] final_cost=0.0141531 iterations=3 converged=1 warm_start=prior candidate=14
[INFO] [1788573270.967991920] [carolus_ros2]: Time to find contours: 0.000328 seconds
[INFO] [1788573270.968428840] [carolus_ros2]: max distance = 107.583211
[INFO] [1788573270.974601275] [carolus_ros2]: [P4P] final_cost=0.0141531 iterations=1 converged=1 warm_start=prior candidate=14
[INFO] [1788573271.003975864] [carolus_ros2]: Time to find contours: 0.000309 seconds
[INFO] [1788573271.004383878] [carolus_ros2]: max distance = 107.583211
[INFO] [1788573271.009872038] [carolus_ros2]: [P4P] final_cost=0.0141531 iterations=1 converged=1 warm_start=prior candidate=14
[INFO] [1788573271.036144346] [carolus_ros2]: Time to find contours: 0.000344 seconds
[INFO] [1788573271.036596951] [carolus_ros2]: max distance = 107.749964
[INFO] [1788573271.042626137] [carolus_ros2]: [P4P] final_cost=0.0160144 iterations=3 converged=1 warm_start=prior candidate=14
[INFO] [1788573271.068265683] [carolus_ros2]: Time to find contours: 0.000352 seconds
[INFO] [1788573271.068718473] [carolus_ros2]: max distance = 107.583211
[INFO] [1788573271.074614888] [carolus_ros2]: [P4P] final_cost=0.0141531 iterations=3 converged=1 warm_start=prior candidate=14
[INFO] [1788573271.100078519] [carolus_ros2]: Time to find contours: 0.000294 seconds
[INFO] [1788573271.100487515] [carolus_ros2]: max distance = 107.749964
[INFO] [1788573271.105814220] [carolus_ros2]: [P4P] final_cost=0.0160144 iterations=3 converged=1 warm_start=prior candidate=14
[INFO] [1788573271.136524876] [carolus_ros2]: Time to find contours: 0.000365 seconds
[INFO] [1788573271.136949982] [carolus_ros2]: max distance = 107.749964
[INFO] [1788573271.142582486] [carolus_ros2]: [P4P] final_cost=0.0160144 iterations=1 converged=1 warm_start=prior candidate=14
[INFO] [1788573271.167961584] [carolus_ros2]: Time to find contours: 0.000345 seconds
[INFO] [1788573271.168388412] [carolus_ros2]: max distance = 107.583211
[INFO] [1788573271.174678324] [carolus_ros2]: [P4P] final_cost=0.0141531 iterations=3 converged=1 warm_start=prior candidate=14
[INFO] [1788573271.204240988] [carolus_ros2]: Time to find contours: 0.000330 seconds
[INFO] [1788573271.204697536] [carolus_ros2]: max distance = 107.583211
[INFO] [1788573271.211129866] [carolus_ros2]: [P4P] final_cost=0.0128768 iterations=3 converged=1 warm_start=prior candidate=14
[INFO] [1788573271.235792541] [carolus_ros2]: Time to find contours: 0.000294 seconds
[INFO] [1788573271.236203870] [carolus_ros2]: max distance = 107.583211
[INFO] [1788573271.241827263] [carolus_ros2]: [P4P] final_cost=0.0128768 iterations=1 converged=1 warm_start=prior candidate=14
[INFO] [1788573271.268081369] [carolus_ros2]: Time to find contours: 0.000298 seconds
[INFO] [1788573271.268527159] [carolus_ros2]: max distance = 107.583211
[INFO] [1788573271.274710132] [carolus_ros2]: [P4P] final_cost=0.0141531 iterations=3 converged=1 warm_start=prior candidate=14
[INFO] [1788573271.299816394] [carolus_ros2]: Time to find contours: 0.000296 seconds
[INFO] [1788573271.300231278] [carolus_ros2]: max distance = 107.583211
[INFO] [1788573271.306356384] [carolus_ros2]: [P4P] final_cost=0.0128768 iterations=3 converged=1 warm_start=prior candidate=14
[INFO] [1788573271.336369541] [carolus_ros2]: Time to find contours: 0.000322 seconds
[INFO] [1788573271.336793018] [carolus_ros2]: max distance = 107.583211
[INFO] [1788573271.342636584] [carolus_ros2]: [P4P] final_cost=0.0128768 iterations=1 converged=1 warm_start=prior candidate=14
[INFO] [1788573271.368068476] [carolus_ros2]: Time to find contours: 0.000291 seconds
[INFO] [1788573271.368502156] [carolus_ros2]: max distance = 107.749964
[INFO] [1788573271.374897117] [carolus_ros2]: [P4P] final_cost=0.0159004 iterations=3 converged=1 warm_start=prior candidate=14
[INFO] [1788573271.404171908] [carolus_ros2]: Time to find contours: 0.000300 seconds
[INFO] [1788573271.404593681] [carolus_ros2]: max distance = 107.583211
[INFO] [1788573271.410736730] [carolus_ros2]: [P4P] final_cost=0.0141531 iterations=3 converged=1 warm_start=prior candidate=14
[INFO] [1788573271.435830826] [carolus_ros2]: Time to find contours: 0.000308 seconds
[INFO] [1788573271.436230248] [carolus_ros2]: max distance = 107.583211
[INFO] [1788573271.442572490] [carolus_ros2]: [P4P] final_cost=0.0128768 iterations=3 converged=1 warm_start=prior candidate=14
[INFO] [1788573271.467950070] [carolus_ros2]: Time to find contours: 0.000309 seconds
[INFO] [1788573271.468391990] [carolus_ros2]: max distance = 107.583211
[INFO] [1788573271.474281998] [carolus_ros2]: [P4P] final_cost=0.0128768 iterations=1 converged=1 warm_start=prior candidate=14
[INFO] [1788573271.500047538] [carolus_ros2]: Time to find contours: 0.000293 seconds
[INFO] [1788573271.500461589] [carolus_ros2]: max distance = 107.583211
[INFO] [1788573271.505879271] [carolus_ros2]: [P4P] final_cost=0.0141531 iterations=3 converged=1 warm_start=prior candidate=14
[INFO] [1788573271.536439917] [carolus_ros2]: Time to find contours: 0.000294 seconds
[INFO] [1788573271.536865689] [carolus_ros2]: max distance = 107.583211
[INFO] [1788573271.542331999] [carolus_ros2]: [P4P] final_cost=0.0141531 iterations=1 converged=1 warm_start=prior candidate=14
[INFO] [1788573271.568099372] [carolus_ros2]: Time to find contours: 0.000300 seconds
[INFO] [1788573271.568535366] [carolus_ros2]: max distance = 107.583211
[INFO] [1788573271.574330639] [carolus_ros2]: [P4P] final_cost=0.0141531 iterations=1 converged=1 warm_start=prior candidate=14
[INFO] [1788573271.604579523] [carolus_ros2]: Time to find contours: 0.000343 seconds
[INFO] [1788573271.605027443] [carolus_ros2]: max distance = 107.583211
[INFO] [1788573271.610525973] [carolus_ros2]: [P4P] final_cost=0.0128768 iterations=3 converged=1 warm_start=prior candidate=14
[INFO] [1788573271.636151650] [carolus_ros2]: Time to find contours: 0.000311 seconds
[INFO] [1788573271.636655437] [carolus_ros2]: max distance = 107.583211
[INFO] [1788573271.642121394] [carolus_ros2]: [P4P] final_cost=0.0128768 iterations=1 converged=1 warm_start=prior candidate=14
[INFO] [1788573271.668253877] [carolus_ros2]: Time to find contours: 0.000319 seconds
[INFO] [1788573271.668737220] [carolus_ros2]: max distance = 107.749964
[INFO] [1788573271.674175587] [carolus_ros2]: [P4P] final_cost=0.0160144 iterations=3 converged=1 warm_start=prior candidate=14
[INFO] [1788573271.699856483] [carolus_ros2]: Time to find contours: 0.000293 seconds
[INFO] [1788573271.700281922] [carolus_ros2]: max distance = 107.583211
[INFO] [1788573271.705425805] [carolus_ros2]: [P4P] final_cost=0.0141531 iterations=3 converged=1 warm_start=prior candidate=14
[INFO] [1788573271.736632711] [carolus_ros2]: Time to find contours: 0.000352 seconds
[INFO] [1788573271.737051262] [carolus_ros2]: max distance = 107.583211
[INFO] [1788573271.743203755] [carolus_ros2]: [P4P] final_cost=0.0141531 iterations=1 converged=1 warm_start=prior candidate=14
[INFO] [1788573271.767791064] [carolus_ros2]: Time to find contours: 0.000290 seconds
[INFO] [1788573271.768201708] [carolus_ros2]: max distance = 107.583211
[INFO] [1788573271.774899986] [carolus_ros2]: [P4P] final_cost=0.0141531 iterations=1 converged=1 warm_start=prior candidate=14
[INFO] [1788573271.800252753] [carolus_ros2]: Time to find contours: 0.000292 seconds
[INFO] [1788573271.800671878] [carolus_ros2]: max distance = 107.583211
[INFO] [1788573271.806291475] [carolus_ros2]: [P4P] final_cost=0.0141531 iterations=1 converged=1 warm_start=prior candidate=14
[INFO] [1788573271.836291410] [carolus_ros2]: Time to find contours: 0.000318 seconds
[INFO] [1788573271.836720812] [carolus_ros2]: max distance = 107.583211
[INFO] [1788573271.842801032] [carolus_ros2]: [P4P] final_cost=0.0128768 iterations=3 converged=1 warm_start=prior candidate=14
[INFO] [1788573271.868036231] [carolus_ros2]: Time to find contours: 0.000330 seconds
[INFO] [1788573271.868474410] [carolus_ros2]: max distance = 107.583211
[INFO] [1788573271.874499522] [carolus_ros2]: [P4P] final_cost=0.0141531 iterations=3 converged=1 warm_start=prior candidate=14
[INFO] [1788573271.899965838] [carolus_ros2]: Time to find contours: 0.000297 seconds
[INFO] [1788573271.900374204] [carolus_ros2]: max distance = 107.583211
[INFO] [1788573271.905978376] [carolus_ros2]: [P4P] final_cost=0.0128768 iterations=3 converged=1 warm_start=prior candidate=14
[INFO] [1788573271.936620831] [carolus_ros2]: Time to find contours: 0.000335 seconds
[INFO] [1788573271.937042123] [carolus_ros2]: max distance = 107.583211
[INFO] [1788573271.943207579] [carolus_ros2]: [P4P] final_cost=0.0141531 iterations=3 converged=1 warm_start=prior candidate=14
[INFO] [1788573271.968028245] [carolus_ros2]: Time to find contours: 0.000387 seconds
[INFO] [1788573271.968457906] [carolus_ros2]: max distance = 107.583211
[INFO] [1788573271.974929604] [carolus_ros2]: [P4P] final_cost=0.0141531 iterations=1 converged=1 warm_start=prior candidate=14
[INFO] [1788573272.000191376] [carolus_ros2]: Time to find contours: 0.000343 seconds
[INFO] [1788573272.000605945] [carolus_ros2]: max distance = 107.583211
[INFO] [1788573272.006108977] [carolus_ros2]: [P4P] final_cost=0.0128768 iterations=3 converged=1 warm_start=prior candidate=14
[INFO] [1788573272.036494347] [carolus_ros2]: Time to find contours: 0.000406 seconds
[INFO] [1788573272.036973191] [carolus_ros2]: max distance = 107.583211
[INFO] [1788573272.042482759] [carolus_ros2]: [P4P] final_cost=0.0128768 iterations=1 converged=1 warm_start=prior candidate=14
[INFO] [1788573272.068132630] [carolus_ros2]: Time to find contours: 0.000350 seconds
[INFO] [1788573272.068582272] [carolus_ros2]: max distance = 107.749964
[INFO] [1788573272.074270849] [carolus_ros2]: [P4P] final_cost=0.0160144 iterations=3 converged=1 warm_start=prior candidate=14
[INFO] [1788573272.100379529] [carolus_ros2]: Time to find contours: 0.000339 seconds
[INFO] [1788573272.100853965] [carolus_ros2]: max distance = 107.583211
[INFO] [1788573272.106215745] [carolus_ros2]: [P4P] final_cost=0.0141531 iterations=3 converged=1 warm_start=prior candidate=14
[INFO] [1788573272.136432422] [carolus_ros2]: Time to find contours: 0.000362 seconds
[INFO] [1788573272.136879527] [carolus_ros2]: max distance = 107.583211
[INFO] [1788573272.143243326] [carolus_ros2]: [P4P] final_cost=0.0141531 iterations=1 converged=1 warm_start=prior candidate=14
[INFO] [1788573272.167824885] [carolus_ros2]: Time to find contours: 0.000396 seconds
[INFO] [1788573272.168247029] [carolus_ros2]: max distance = 107.749964
[INFO] [1788573272.174448114] [carolus_ros2]: [P4P] final_cost=0.0159004 iterations=3 converged=1 warm_start=prior candidate=14
[INFO] [1788573272.200307585] [carolus_ros2]: Time to find contours: 0.000387 seconds
[INFO] [1788573272.200759523] [carolus_ros2]: max distance = 107.583211
[INFO] [1788573272.206783063] [carolus_ros2]: [P4P] final_cost=0.0141531 iterations=3 converged=1 warm_start=prior candidate=14
[INFO] [1788573272.235966518] [carolus_ros2]: Time to find contours: 0.000365 seconds
[INFO] [1788573272.236388662] [carolus_ros2]: max distance = 107.749964
[INFO] [1788573272.242322207] [carolus_ros2]: [P4P] final_cost=0.0159004 iterations=3 converged=1 warm_start=prior candidate=14
[INFO] [1788573272.268084905] [carolus_ros2]: Time to find contours: 0.000370 seconds
[INFO] [1788573272.268528232] [carolus_ros2]: max distance = 107.583211
[INFO] [1788573272.275025209] [carolus_ros2]: [P4P] final_cost=0.0141531 iterations=3 converged=1 warm_start=prior candidate=14
[INFO] [1788573272.300110500] [carolus_ros2]: Time to find contours: 0.000360 seconds
[INFO] [1788573272.300520570] [carolus_ros2]: max distance = 107.583211
[INFO] [1788573272.306295679] [carolus_ros2]: [P4P] final_cost=0.0128768 iterations=3 converged=1 warm_start=prior candidate=14
[INFO] [1788573272.336500967] [carolus_ros2]: Time to find contours: 0.000371 seconds
[INFO] [1788573272.336941054] [carolus_ros2]: max distance = 107.583211
[INFO] [1788573272.343185508] [carolus_ros2]: [P4P] final_cost=0.0141531 iterations=3 converged=1 warm_start=prior candidate=14
[INFO] [1788573272.368102623] [carolus_ros2]: Time to find contours: 0.000351 seconds
[INFO] [1788573272.368538488] [carolus_ros2]: max distance = 107.583211
[INFO] [1788573272.374573620] [carolus_ros2]: [P4P] final_cost=0.0141531 iterations=1 converged=1 warm_start=prior candidate=14
[INFO] [1788573272.400183363] [carolus_ros2]: Time to find contours: 0.000342 seconds
[INFO] [1788573272.400624098] [carolus_ros2]: max distance = 107.583211
[INFO] [1788573272.406278640] [carolus_ros2]: [P4P] final_cost=0.0128768 iterations=3 converged=1 warm_start=prior candidate=14
[INFO] [1788573272.436309586] [carolus_ros2]: Time to find contours: 0.000348 seconds
[INFO] [1788573272.436766153] [carolus_ros2]: max distance = 107.583211
[INFO] [1788573272.442878781] [carolus_ros2]: [P4P] final_cost=0.0128768 iterations=1 converged=1 warm_start=prior candidate=14
[INFO] [1788573272.468101083] [carolus_ros2]: Time to find contours: 0.000366 seconds
[INFO] [1788573272.468543651] [carolus_ros2]: max distance = 107.583211
[INFO] [1788573272.474839861] [carolus_ros2]: [P4P] final_cost=0.0141531 iterations=3 converged=1 warm_start=prior candidate=14
[INFO] [1788573272.500134215] [carolus_ros2]: Time to find contours: 0.000321 seconds
[INFO] [1788573272.500556618] [carolus_ros2]: max distance = 107.583211
[INFO] [1788573272.505729019] [carolus_ros2]: [P4P] final_cost=0.0141531 iterations=1 converged=1 warm_start=prior candidate=14
[INFO] [1788573272.536699617] [carolus_ros2]: Time to find contours: 0.000378 seconds
[INFO] [1788573272.537117520] [carolus_ros2]: max distance = 107.583211
[INFO] [1788573272.543136208] [carolus_ros2]: [P4P] final_cost=0.0141531 iterations=1 converged=1 warm_start=prior candidate=14
[INFO] [1788573272.568003604] [carolus_ros2]: Time to find contours: 0.000368 seconds
[INFO] [1788573272.568453579] [carolus_ros2]: max distance = 107.583211
[INFO] [1788573272.574491433] [carolus_ros2]: [P4P] final_cost=0.0141531 iterations=1 converged=1 warm_start=prior candidate=14
[INFO] [1788573272.600102621] [carolus_ros2]: Time to find contours: 0.000307 seconds
[INFO] [1788573272.600528857] [carolus_ros2]: max distance = 107.583211
[INFO] [1788573272.605680574] [carolus_ros2]: [P4P] final_cost=0.0141531 iterations=1 converged=1 warm_start=prior candidate=14
[INFO] [1788573272.636697558] [carolus_ros2]: Time to find contours: 0.000378 seconds
[INFO] [1788573272.637133090] [carolus_ros2]: max distance = 107.749964
[INFO] [1788573272.643618864] [carolus_ros2]: [P4P] final_cost=0.0160144 iterations=3 converged=1 warm_start=prior candidate=14
[INFO] [1788573272.668149593] [carolus_ros2]: Time to find contours: 0.000318 seconds
[INFO] [1788573272.668571069] [carolus_ros2]: max distance = 107.583211
[INFO] [1788573272.673759859] [carolus_ros2]: [P4P] final_cost=0.0141531 iterations=3 converged=1 warm_start=prior candidate=14
[INFO] [1788573272.700613368] [carolus_ros2]: Time to find contours: 0.000303 seconds
[INFO] [1788573272.701035159] [carolus_ros2]: max distance = 107.583211
[INFO] [1788573272.706421697] [carolus_ros2]: [P4P] final_cost=0.0141531 iterations=1 converged=1 warm_start=prior candidate=14
[INFO] [1788573272.736656391] [carolus_ros2]: Time to find contours: 0.000326 seconds
[INFO] [1788573272.737062350] [carolus_ros2]: max distance = 107.749964
[INFO] [1788573272.742332302] [carolus_ros2]: [P4P] final_cost=0.0160144 iterations=3 converged=1 warm_start=prior candidate=14
[INFO] [1788573272.768098740] [carolus_ros2]: Time to find contours: 0.000303 seconds
[INFO] [1788573272.768575696] [carolus_ros2]: max distance = 107.583211
[INFO] [1788573272.775046489] [carolus_ros2]: [P4P] final_cost=0.0141531 iterations=3 converged=1 warm_start=prior candidate=14
[INFO] [1788573272.799855925] [carolus_ros2]: Time to find contours: 0.000306 seconds
[INFO] [1788573272.800285605] [carolus_ros2]: max distance = 107.749964
[INFO] [1788573272.806581315] [carolus_ros2]: [P4P] final_cost=0.0160144 iterations=3 converged=1 warm_start=prior candidate=14
[INFO] [1788573272.836408994] [carolus_ros2]: Time to find contours: 0.000295 seconds
[INFO] [1788573272.836824712] [carolus_ros2]: max distance = 107.583211
[INFO] [1788573272.842689483] [carolus_ros2]: [P4P] final_cost=0.0141531 iterations=3 converged=1 warm_start=prior candidate=14
[INFO] [1788573272.868323188] [carolus_ros2]: Time to find contours: 0.000302 seconds
[INFO] [1788573272.868735462] [carolus_ros2]: max distance = 107.583211
[INFO] [1788573272.874384707] [carolus_ros2]: [P4P] final_cost=0.0141531 iterations=1 converged=1 warm_start=prior candidate=14
[INFO] [1788573272.900187977] [carolus_ros2]: Time to find contours: 0.000296 seconds
[INFO] [1788573272.900638767] [carolus_ros2]: max distance = 107.583211
[INFO] [1788573272.906303864] [carolus_ros2]: [P4P] final_cost=0.0141531 iterations=1 converged=1 warm_start=prior candidate=14
[INFO] [1788573272.936350364] [carolus_ros2]: Time to find contours: 0.000319 seconds
[INFO] [1788573272.936805358] [carolus_ros2]: max distance = 107.583211
[INFO] [1788573272.943283540] [carolus_ros2]: [P4P] final_cost=0.0141531 iterations=1 converged=1 warm_start=prior candidate=14
[INFO] [1788573272.967571819] [carolus_ros2]: Time to find contours: 0.000271 seconds
[INFO] [1788573272.967929429] [carolus_ros2]: max distance = 107.749964
[INFO] [1788573272.972743368] [carolus_ros2]: [P4P] final_cost=0.0160144 iterations=3 converged=1 warm_start=prior candidate=14
[INFO] [1788573272.998975615] [carolus_ros2]: Time to find contours: 0.000276 seconds
[ERROR] [1788573272.999339317] [carolus_ros2]: Not enough blobs with required circularity.
[INFO] [1788573273.036835108] [carolus_ros2]: Time to find contours: 0.000301 seconds
[INFO] [1788573273.037234734] [carolus_ros2]: max distance = 107.749964
[INFO] [1788573273.041826873] [carolus_ros2]: [P4P] final_cost=0.0160144 iterations=1 converged=1 warm_start=prior candidate=14
[INFO] [1788573273.068647542] [carolus_ros2]: Time to find contours: 0.000316 seconds
[INFO] [1788573273.069062853] [carolus_ros2]: max distance = 107.583211
[INFO] [1788573273.074644641] [carolus_ros2]: [P4P] final_cost=0.0141531 iterations=3 converged=1 warm_start=prior candidate=14
[INFO] [1788573273.100038369] [carolus_ros2]: Time to find contours: 0.000281 seconds
[INFO] [1788573273.100428996] [carolus_ros2]: max distance = 107.697821
[INFO] [1788573273.105712523] [carolus_ros2]: [P4P] final_cost=0.020228 iterations=3 converged=1 warm_start=prior candidate=14
[INFO] [1788573273.136789961] [carolus_ros2]: Time to find contours: 0.000300 seconds
[INFO] [1788573273.137159477] [carolus_ros2]: max distance = 107.583211
[INFO] [1788573273.142675510] [carolus_ros2]: [P4P] final_cost=0.0141531 iterations=3 converged=1 warm_start=prior candidate=14
[INFO] [1788573273.168083312] [carolus_ros2]: Time to find contours: 0.000324 seconds
[INFO] [1788573273.168493882] [carolus_ros2]: max distance = 107.749964
[INFO] [1788573273.174746542] [carolus_ros2]: [P4P] final_cost=0.0160144 iterations=3 converged=1 warm_start=prior candidate=14
[INFO] [1788573273.199901672] [carolus_ros2]: Time to find contours: 0.000286 seconds
[INFO] [1788573273.200310168] [carolus_ros2]: max distance = 107.749964
[INFO] [1788573273.206049615] [carolus_ros2]: [P4P] final_cost=0.0159004 iterations=3 converged=1 warm_start=prior candidate=14
[INFO] [1788573273.236672040] [carolus_ros2]: Time to find contours: 0.000321 seconds
[INFO] [1788573273.237104183] [carolus_ros2]: max distance = 107.583211
[INFO] [1788573273.242015323] [carolus_ros2]: [P4P] final_cost=0.0128768 iterations=3 converged=1 warm_start=prior candidate=14
[INFO] [1788573273.268068219] [carolus_ros2]: Time to find contours: 0.000319 seconds
[INFO] [1788573273.268549674] [carolus_ros2]: max distance = 107.749964
[INFO] [1788573273.274368024] [carolus_ros2]: [P4P] final_cost=0.0160144 iterations=3 converged=1 warm_start=prior candidate=14
[INFO] [1788573273.299742772] [carolus_ros2]: Time to find contours: 0.000319 seconds
[INFO] [1788573273.300157823] [carolus_ros2]: max distance = 107.749964
[INFO] [1788573273.306120165] [carolus_ros2]: [P4P] final_cost=0.0160144 iterations=1 converged=1 warm_start=prior candidate=14
[INFO] [1788573273.336321520] [carolus_ros2]: Time to find contours: 0.000305 seconds
[INFO] [1788573273.336753349] [carolus_ros2]: max distance = 107.583211
[INFO] [1788573273.342637584] [carolus_ros2]: [P4P] final_cost=0.0141531 iterations=3 converged=1 warm_start=prior candidate=14
[INFO] [1788573273.368021683] [carolus_ros2]: Time to find contours: 0.000325 seconds
[INFO] [1788573273.368411291] [carolus_ros2]: max distance = 107.749964
[INFO] [1788573273.374355930] [carolus_ros2]: [P4P] final_cost=0.0160144 iterations=3 converged=1 warm_start=prior candidate=14
[INFO] [1788573273.400017200] [carolus_ros2]: Time to find contours: 0.000303 seconds
[INFO] [1788573273.400437695] [carolus_ros2]: max distance = 107.749964
[INFO] [1788573273.405981301] [carolus_ros2]: [P4P] final_cost=0.0160144 iterations=1 converged=1 warm_start=prior candidate=14
[INFO] [1788573273.436236172] [carolus_ros2]: Time to find contours: 0.000292 seconds
[INFO] [1788573273.436647131] [carolus_ros2]: max distance = 107.583211
[INFO] [1788573273.442817036] [carolus_ros2]: [P4P] final_cost=0.0141531 iterations=3 converged=1 warm_start=prior candidate=14
[INFO] [1788573273.467961555] [carolus_ros2]: Time to find contours: 0.000308 seconds
[INFO] [1788573273.468389310] [carolus_ros2]: max distance = 107.749964
[INFO] [1788573273.474524605] [carolus_ros2]: [P4P] final_cost=0.0160144 iterations=3 converged=1 warm_start=prior candidate=14
[INFO] [1788573273.499945258] [carolus_ros2]: Time to find contours: 0.000291 seconds
[INFO] [1788573273.500359994] [carolus_ros2]: max distance = 107.583211
[INFO] [1788573273.506584711] [carolus_ros2]: [P4P] final_cost=0.0141531 iterations=3 converged=1 warm_start=prior candidate=14
[INFO] [1788573273.536070087] [carolus_ros2]: Time to find contours: 0.000297 seconds
[INFO] [1788573273.536498082] [carolus_ros2]: max distance = 107.583211
[INFO] [1788573273.542523198] [carolus_ros2]: [P4P] final_cost=0.0141531 iterations=1 converged=1 warm_start=prior candidate=14
[INFO] [1788573273.568016032] [carolus_ros2]: Time to find contours: 0.000289 seconds
[INFO] [1788573273.568447157] [carolus_ros2]: max distance = 107.583211
[INFO] [1788573273.574594396] [carolus_ros2]: [P4P] final_cost=0.0141531 iterations=1 converged=1 warm_start=prior candidate=14
[INFO] [1788573273.599842206] [carolus_ros2]: Time to find contours: 0.000289 seconds
[INFO] [1788573273.600258091] [carolus_ros2]: max distance = 107.583211
[INFO] [1788573273.606209360] [carolus_ros2]: [P4P] final_cost=0.0141531 iterations=1 converged=1 warm_start=prior candidate=14
[INFO] [1788573273.636117675] [carolus_ros2]: Time to find contours: 0.000267 seconds
[INFO] [1788573273.636538912] [carolus_ros2]: max distance = 107.583211
[INFO] [1788573273.642505827] [carolus_ros2]: [P4P] final_cost=0.0141531 iterations=1 converged=1 warm_start=prior candidate=14
[INFO] [1788573273.668302330] [carolus_ros2]: Time to find contours: 0.000270 seconds
[INFO] [1788573273.668704623] [carolus_ros2]: max distance = 107.583211
[INFO] [1788573273.674125143] [carolus_ros2]: [P4P] final_cost=0.0141531 iterations=1 converged=1 warm_start=prior candidate=14
[INFO] [1788573273.700610089] [carolus_ros2]: Time to find contours: 0.000291 seconds
[INFO] [1788573273.701020400] [carolus_ros2]: max distance = 107.583211
[INFO] [1788573273.706411421] [carolus_ros2]: [P4P] final_cost=0.0141531 iterations=1 converged=1 warm_start=prior candidate=14
[INFO] [1788573273.736137303] [carolus_ros2]: Time to find contours: 0.000294 seconds
[INFO] [1788573273.736568372] [carolus_ros2]: max distance = 107.583211
[INFO] [1788573273.742789181] [carolus_ros2]: [P4P] final_cost=0.0141531 iterations=1 converged=1 warm_start=prior candidate=14
[INFO] [1788573273.767950700] [carolus_ros2]: Time to find contours: 0.000291 seconds
[INFO] [1788573273.768358085] [carolus_ros2]: max distance = 107.583211
[INFO] [1788573273.774532804] [carolus_ros2]: [P4P] final_cost=0.0141531 iterations=1 converged=1 warm_start=prior candidate=14
[INFO] [1788573273.799821816] [carolus_ros2]: Time to find contours: 0.000297 seconds
[INFO] [1788573273.800245848] [carolus_ros2]: max distance = 107.749964
[INFO] [1788573273.806486990] [carolus_ros2]: [P4P] final_cost=0.0160144 iterations=3 converged=1 warm_start=prior candidate=14
[INFO] [1788573273.835987198] [carolus_ros2]: Time to find contours: 0.000294 seconds
[INFO] [1788573273.836392695] [carolus_ros2]: max distance = 107.583211
[INFO] [1788573273.842635429] [carolus_ros2]: [P4P] final_cost=0.0141531 iterations=3 converged=1 warm_start=prior candidate=14
[INFO] [1788573273.867947680] [carolus_ros2]: Time to find contours: 0.000302 seconds
[INFO] [1788573273.868370435] [carolus_ros2]: max distance = 107.583211
[INFO] [1788573273.874568264] [carolus_ros2]: [P4P] final_cost=0.0141531 iterations=1 converged=1 warm_start=prior candidate=14
[INFO] [1788573273.899943511] [carolus_ros2]: Time to find contours: 0.000299 seconds
[INFO] [1788573273.900339231] [carolus_ros2]: max distance = 107.583211
[INFO] [1788573273.906254075] [carolus_ros2]: [P4P] final_cost=0.0141531 iterations=1 converged=1 warm_start=prior candidate=14
[INFO] [1788573273.936491780] [carolus_ros2]: Time to find contours: 0.000340 seconds
[INFO] [1788573273.936907721] [carolus_ros2]: max distance = 107.583211
[INFO] [1788573273.942998445] [carolus_ros2]: [P4P] final_cost=0.0141531 iterations=1 converged=1 warm_start=prior candidate=14
[INFO] [1788573273.967908681] [carolus_ros2]: Time to find contours: 0.000293 seconds
[INFO] [1788573273.968288827] [carolus_ros2]: max distance = 107.583211
[INFO] [1788573273.974335997] [carolus_ros2]: [P4P] final_cost=0.0141531 iterations=1 converged=1 warm_start=prior candidate=14
[INFO] [1788573274.000313842] [carolus_ros2]: Time to find contours: 0.000301 seconds
[INFO] [1788573274.000720375] [carolus_ros2]: max distance = 107.583211
[INFO] [1788573274.007056218] [carolus_ros2]: [P4P] final_cost=0.0141531 iterations=1 converged=1 warm_start=prior candidate=14
[INFO] [1788573274.036456424] [carolus_ros2]: Time to find contours: 0.000316 seconds
[INFO] [1788573274.036889327] [carolus_ros2]: max distance = 107.583211
[INFO] [1788573274.042773860] [carolus_ros2]: [P4P] final_cost=0.0141531 iterations=1 converged=1 warm_start=prior candidate=14
[INFO] [1788573274.067893095] [carolus_ros2]: Time to find contours: 0.000302 seconds
[INFO] [1788573274.068322219] [carolus_ros2]: max distance = 107.749964
[INFO] [1788573274.074112795] [carolus_ros2]: [P4P] final_cost=0.0160144 iterations=3 converged=1 warm_start=prior candidate=14
[INFO] [1788573274.100136258] [carolus_ros2]: Time to find contours: 0.000283 seconds
[INFO] [1788573274.100556828] [carolus_ros2]: max distance = 107.749964
[INFO] [1788573274.106731994] [carolus_ros2]: [P4P] final_cost=0.0159004 iterations=3 converged=1 warm_start=prior candidate=14
[INFO] [1788573274.136069501] [carolus_ros2]: Time to find contours: 0.000290 seconds
[INFO] [1788573274.136498514] [carolus_ros2]: max distance = 107.583211
[INFO] [1788573274.142787952] [carolus_ros2]: [P4P] final_cost=0.0141531 iterations=3 converged=1 warm_start=prior candidate=14
[INFO] [1788573274.237192329] [carolus_ros2]: Time to find contours: 0.000309 seconds
[INFO] [1788573274.237632472] [carolus_ros2]: max distance = 107.749964
[INFO] [1788573274.243163062] [carolus_ros2]: [P4P] final_cost=0.0160144 iterations=3 converged=1 warm_start=prior candidate=14
[INFO] [1788573274.267821339] [carolus_ros2]: Time to find contours: 0.000304 seconds
[INFO] [1788573274.268213170] [carolus_ros2]: max distance = 107.749964
[INFO] [1788573274.273977932] [carolus_ros2]: [P4P] final_cost=0.0160144 iterations=1 converged=1 warm_start=prior candidate=14
[INFO] [1788573274.300154721] [carolus_ros2]: Time to find contours: 0.000329 seconds
[INFO] [1788573274.300628380] [carolus_ros2]: max distance = 107.583211
[INFO] [1788573274.306714773] [carolus_ros2]: [P4P] final_cost=0.0141531 iterations=3 converged=1 warm_start=prior candidate=14
[INFO] [1788573274.336717503] [carolus_ros2]: Time to find contours: 0.000355 seconds
[INFO] [1788573274.337119407] [carolus_ros2]: max distance = 107.749964
[INFO] [1788573274.342832098] [carolus_ros2]: [P4P] final_cost=0.0160144 iterations=3 converged=1 warm_start=prior candidate=14
[INFO] [1788573274.368001941] [carolus_ros2]: Time to find contours: 0.000300 seconds
[INFO] [1788573274.368427159] [carolus_ros2]: max distance = 107.749964
[INFO] [1788573274.374423834] [carolus_ros2]: [P4P] final_cost=0.0160144 iterations=1 converged=1 warm_start=prior candidate=14
[INFO] [1788573274.400028320] [carolus_ros2]: Time to find contours: 0.000305 seconds
[INFO] [1788573274.400457408] [carolus_ros2]: max distance = 107.583211
[INFO] [1788573274.406675276] [carolus_ros2]: [P4P] final_cost=0.0141531 iterations=3 converged=1 warm_start=prior candidate=14
[INFO] [1788573274.436080482] [carolus_ros2]: Time to find contours: 0.000288 seconds
[INFO] [1788573274.436503922] [carolus_ros2]: max distance = 107.583211
[INFO] [1788573274.442648923] [carolus_ros2]: [P4P] final_cost=0.0141531 iterations=1 converged=1 warm_start=prior candidate=14
[INFO] [1788573274.468025606] [carolus_ros2]: Time to find contours: 0.000304 seconds
[INFO] [1788573274.468458601] [carolus_ros2]: max distance = 107.583211
[INFO] [1788573274.474679654] [carolus_ros2]: [P4P] final_cost=0.0141531 iterations=1 converged=1 warm_start=prior candidate=14
[INFO] [1788573274.499821906] [carolus_ros2]: Time to find contours: 0.000282 seconds
[INFO] [1788573274.500234476] [carolus_ros2]: max distance = 107.801307
[INFO] [1788573274.506805880] [carolus_ros2]: [P4P] final_cost=0.0219128 iterations=3 converged=1 warm_start=prior candidate=14
[INFO] [1788573274.536433556] [carolus_ros2]: Time to find contours: 0.000304 seconds
[INFO] [1788573274.536880142] [carolus_ros2]: max distance = 107.583211
[INFO] [1788573274.542995516] [carolus_ros2]: [P4P] final_cost=0.0141531 iterations=3 converged=1 warm_start=prior candidate=14
[INFO] [1788573274.567954036] [carolus_ros2]: Time to find contours: 0.000305 seconds
[INFO] [1788573274.568397457] [carolus_ros2]: max distance = 107.583211
[INFO] [1788573274.574534366] [carolus_ros2]: [P4P] final_cost=0.0141531 iterations=1 converged=1 warm_start=prior candidate=14
[INFO] [1788573274.600116186] [carolus_ros2]: Time to find contours: 0.000306 seconds
[INFO] [1788573274.600552811] [carolus_ros2]: max distance = 107.583211
[INFO] [1788573274.606597650] [carolus_ros2]: [P4P] final_cost=0.0141531 iterations=1 converged=1 warm_start=prior candidate=14
[INFO] [1788573274.636099648] [carolus_ros2]: Time to find contours: 0.000286 seconds
[INFO] [1788573274.636524791] [carolus_ros2]: max distance = 107.583211
[INFO] [1788573274.642406399] [carolus_ros2]: [P4P] final_cost=0.0141531 iterations=1 converged=1 warm_start=prior candidate=14
[INFO] [1788573274.668296536] [carolus_ros2]: Time to find contours: 0.000335 seconds
[INFO] [1788573274.668732365] [carolus_ros2]: max distance = 107.749964
[INFO] [1788573274.675079559] [carolus_ros2]: [P4P] final_cost=0.0160144 iterations=3 converged=1 warm_start=prior candidate=14
[INFO] [1788573274.699968194] [carolus_ros2]: Time to find contours: 0.000288 seconds
[INFO] [1788573274.700375987] [carolus_ros2]: max distance = 107.583211
[INFO] [1788573274.705847765] [carolus_ros2]: [P4P] final_cost=0.0141531 iterations=3 converged=1 warm_start=prior candidate=14
[INFO] [1788573274.736335709] [carolus_ros2]: Time to find contours: 0.000344 seconds
[INFO] [1788573274.736773982] [carolus_ros2]: max distance = 107.749964
[INFO] [1788573274.742681607] [carolus_ros2]: [P4P] final_cost=0.0160144 iterations=3 converged=1 warm_start=prior candidate=14
[INFO] [1788573274.767951814] [carolus_ros2]: Time to find contours: 0.000289 seconds
[INFO] [1788573274.768378921] [carolus_ros2]: max distance = 107.749964
[INFO] [1788573274.773835070] [carolus_ros2]: [P4P] final_cost=0.0160144 iterations=1 converged=1 warm_start=prior candidate=14
[INFO] [1788573274.800297325] [carolus_ros2]: Time to find contours: 0.000289 seconds
[INFO] [1788573274.800714006] [carolus_ros2]: max distance = 107.583211
[INFO] [1788573274.806839934] [carolus_ros2]: [P4P] final_cost=0.0141531 iterations=3 converged=1 warm_start=prior candidate=14
[INFO] [1788573274.836407409] [carolus_ros2]: Time to find contours: 0.000302 seconds
[INFO] [1788573274.836847534] [carolus_ros2]: max distance = 107.583211
[INFO] [1788573274.842537189] [carolus_ros2]: [P4P] final_cost=0.0141531 iterations=1 converged=1 warm_start=prior candidate=14
[INFO] [1788573274.868390013] [carolus_ros2]: Time to find contours: 0.000307 seconds
[INFO] [1788573274.868831637] [carolus_ros2]: max distance = 107.749964
[INFO] [1788573274.874213365] [carolus_ros2]: [P4P] final_cost=0.0160144 iterations=3 converged=1 warm_start=prior candidate=14
[INFO] [1788573274.900012174] [carolus_ros2]: Time to find contours: 0.000350 seconds
[INFO] [1788573274.900430021] [carolus_ros2]: max distance = 107.583211
[INFO] [1788573274.906389829] [carolus_ros2]: [P4P] final_cost=0.0141531 iterations=3 converged=1 warm_start=prior candidate=14
[INFO] [1788573274.936140942] [carolus_ros2]: Time to find contours: 0.000330 seconds
[INFO] [1788573274.936570678] [carolus_ros2]: max distance = 107.749964
[INFO] [1788573274.942345199] [carolus_ros2]: [P4P] final_cost=0.0160144 iterations=3 converged=1 warm_start=prior candidate=14
[INFO] [1788573274.968221059] [carolus_ros2]: Time to find contours: 0.000338 seconds
[INFO] [1788573274.968674461] [carolus_ros2]: max distance = 107.583211
[INFO] [1788573274.975256975] [carolus_ros2]: [P4P] final_cost=0.0141531 iterations=3 converged=1 warm_start=prior candidate=14
[INFO] [1788573275.000306047] [carolus_ros2]: Time to find contours: 0.000342 seconds
[INFO] [1788573275.000739023] [carolus_ros2]: max distance = 107.583211
[INFO] [1788573275.006957689] [carolus_ros2]: [P4P] final_cost=0.0141531 iterations=1 converged=1 warm_start=prior candidate=14
[INFO] [1788573275.036173806] [carolus_ros2]: Time to find contours: 0.000324 seconds
[INFO] [1788573275.036614467] [carolus_ros2]: max distance = 107.583211
[INFO] [1788573275.043114341] [carolus_ros2]: [P4P] final_cost=0.0141531 iterations=1 converged=1 warm_start=prior candidate=14
[INFO] [1788573275.068032392] [carolus_ros2]: Time to find contours: 0.000349 seconds
[INFO] [1788573275.068463850] [carolus_ros2]: max distance = 107.749964
[INFO] [1788573275.074479731] [carolus_ros2]: [P4P] final_cost=0.0159004 iterations=3 converged=1 warm_start=prior candidate=14
[INFO] [1788573275.100171592] [carolus_ros2]: Time to find contours: 0.000340 seconds
[INFO] [1788573275.100620457] [carolus_ros2]: max distance = 107.583211
[INFO] [1788573275.106678613] [carolus_ros2]: [P4P] final_cost=0.0141531 iterations=3 converged=1 warm_start=prior candidate=14
[INFO] [1788573275.136130976] [carolus_ros2]: Time to find contours: 0.000282 seconds
[INFO] [1788573275.136558046] [carolus_ros2]: max distance = 107.583211
[INFO] [1788573275.142456303] [carolus_ros2]: [P4P] final_cost=0.0141531 iterations=1 converged=1 warm_start=prior candidate=14
[INFO] [1788573275.168296120] [carolus_ros2]: Time to find contours: 0.000283 seconds
[INFO] [1788573275.168717856] [carolus_ros2]: max distance = 107.749964
[INFO] [1788573275.173705255] [carolus_ros2]: [P4P] final_cost=0.0160144 iterations=3 converged=1 warm_start=prior candidate=14
[INFO] [1788573275.200771784] [carolus_ros2]: Time to find contours: 0.000282 seconds
[INFO] [1788573275.201176317] [carolus_ros2]: max distance = 107.583211
[INFO] [1788573275.205847326] [carolus_ros2]: [P4P] final_cost=0.0141531 iterations=3 converged=1 warm_start=prior candidate=14
[INFO] [1788573275.236662171] [carolus_ros2]: Time to find contours: 0.000346 seconds
[INFO] [1788573275.237055261] [carolus_ros2]: max distance = 107.583211
[INFO] [1788573275.242897985] [carolus_ros2]: [P4P] final_cost=0.0141531 iterations=1 converged=1 warm_start=prior candidate=14
[INFO] [1788573275.268076614] [carolus_ros2]: Time to find contours: 0.000287 seconds
[INFO] [1788573275.268497536] [carolus_ros2]: max distance = 107.749964
[INFO] [1788573275.274330205] [carolus_ros2]: [P4P] final_cost=0.0160144 iterations=3 converged=1 warm_start=prior candidate=14
[INFO] [1788573275.300375788] [carolus_ros2]: Time to find contours: 0.000277 seconds
[INFO] [1788573275.300797524] [carolus_ros2]: max distance = 107.583211
[INFO] [1788573275.306294063] [carolus_ros2]: [P4P] final_cost=0.0141531 iterations=3 converged=1 warm_start=prior candidate=14
[INFO] [1788573275.336492330] [carolus_ros2]: Time to find contours: 0.000305 seconds
[INFO] [1788573275.336890142] [carolus_ros2]: max distance = 107.749964
[INFO] [1788573275.342311573] [carolus_ros2]: [P4P] final_cost=0.0160144 iterations=3 converged=1 warm_start=prior candidate=14
[INFO] [1788573275.368048506] [carolus_ros2]: Time to find contours: 0.000313 seconds
[INFO] [1788573275.368492945] [carolus_ros2]: max distance = 107.749964
[INFO] [1788573275.373941320] [carolus_ros2]: [P4P] final_cost=0.0160144 iterations=1 converged=1 warm_start=prior candidate=14
[INFO] [1788573275.400257777] [carolus_ros2]: Time to find contours: 0.000306 seconds
[INFO] [1788573275.400687976] [carolus_ros2]: max distance = 107.749964
[INFO] [1788573275.407040043] [carolus_ros2]: [P4P] final_cost=0.0159004 iterations=3 converged=1 warm_start=prior candidate=14
[INFO] [1788573275.436531052] [carolus_ros2]: Time to find contours: 0.000320 seconds
[INFO] [1788573275.436970713] [carolus_ros2]: max distance = 107.583211
[INFO] [1788573275.442640520] [carolus_ros2]: [P4P] final_cost=0.0141531 iterations=3 converged=1 warm_start=prior candidate=14
[INFO] [1788573275.468295458] [carolus_ros2]: Time to find contours: 0.000298 seconds
[INFO] [1788573275.468787894] [carolus_ros2]: max distance = 107.583211
[INFO] [1788573275.474475200] [carolus_ros2]: [P4P] final_cost=0.0141531 iterations=1 converged=1 warm_start=prior candidate=14
[INFO] [1788573275.500154099] [carolus_ros2]: Time to find contours: 0.000301 seconds
[INFO] [1788573275.500592575] [carolus_ros2]: max distance = 107.583211
[INFO] [1788573275.506635677] [carolus_ros2]: [P4P] final_cost=0.0141531 iterations=1 converged=1 warm_start=prior candidate=14
[INFO] [1788573275.536690637] [carolus_ros2]: Time to find contours: 0.000312 seconds
[INFO] [1788573275.537081098] [carolus_ros2]: max distance = 107.583211
[INFO] [1788573275.542553452] [carolus_ros2]: [P4P] final_cost=0.0141531 iterations=1 converged=1 warm_start=prior candidate=14
[INFO] [1788573275.568346604] [carolus_ros2]: Time to find contours: 0.000282 seconds
[INFO] [1788573275.568777748] [carolus_ros2]: max distance = 107.749964
[INFO] [1788573275.573891307] [carolus_ros2]: [P4P] final_cost=0.0160144 iterations=3 converged=1 warm_start=prior candidate=14
[INFO] [1788573275.601209822] [carolus_ros2]: Time to find contours: 0.000313 seconds
[INFO] [1788573275.601626318] [carolus_ros2]: max distance = 107.749964
[INFO] [1788573275.606595069] [carolus_ros2]: [P4P] final_cost=0.0160144 iterations=1 converged=1 warm_start=prior candidate=14
[INFO] [1788573275.636538203] [carolus_ros2]: Time to find contours: 0.000325 seconds
[INFO] [1788573275.636947329] [carolus_ros2]: max distance = 107.583211
[INFO] [1788573275.642996560] [carolus_ros2]: [P4P] final_cost=0.0141531 iterations=3 converged=1 warm_start=prior candidate=14
[INFO] [1788573275.667829004] [carolus_ros2]: Time to find contours: 0.000304 seconds
[INFO] [1788573275.668229094] [carolus_ros2]: max distance = 107.749964
[INFO] [1788573275.674062799] [carolus_ros2]: [P4P] final_cost=0.0160144 iterations=3 converged=1 warm_start=prior candidate=14
[INFO] [1788573275.700342092] [carolus_ros2]: Time to find contours: 0.000279 seconds
[INFO] [1788573275.700771254] [carolus_ros2]: max distance = 107.583211
[INFO] [1788573275.706949330] [carolus_ros2]: [P4P] final_cost=0.0141531 iterations=3 converged=1 warm_start=prior candidate=14
[INFO] [1788573275.736012399] [carolus_ros2]: Time to find contours: 0.000316 seconds
[INFO] [1788573275.736442931] [carolus_ros2]: max distance = 107.583211
[INFO] [1788573275.742745667] [carolus_ros2]: [P4P] final_cost=0.0141531 iterations=1 converged=1 warm_start=prior candidate=14
[INFO] [1788573275.768040161] [carolus_ros2]: Time to find contours: 0.000275 seconds
[INFO] [1788573275.768481100] [carolus_ros2]: max distance = 107.749964
[INFO] [1788573275.774578865] [carolus_ros2]: [P4P] final_cost=0.0160144 iterations=3 converged=1 warm_start=prior candidate=14
[INFO] [1788573275.800067497] [carolus_ros2]: Time to find contours: 0.000280 seconds
[INFO] [1788573275.800496178] [carolus_ros2]: max distance = 107.749964
[INFO] [1788573275.806098377] [carolus_ros2]: [P4P] final_cost=0.0160144 iterations=1 converged=1 warm_start=prior candidate=14
[INFO] [1788573275.836605165] [carolus_ros2]: Time to find contours: 0.000332 seconds
[INFO] [1788573275.837074306] [carolus_ros2]: max distance = 107.583211
[INFO] [1788573275.842534810] [carolus_ros2]: [P4P] final_cost=0.0141531 iterations=3 converged=1 warm_start=prior candidate=14
[INFO] [1788573275.868195858] [carolus_ros2]: Time to find contours: 0.000306 seconds
[INFO] [1788573275.868682295] [carolus_ros2]: max distance = 107.583211
[INFO] [1788573275.874397599] [carolus_ros2]: [P4P] final_cost=0.0141531 iterations=1 converged=1 warm_start=prior candidate=14
[INFO] [1788573275.900244785] [carolus_ros2]: Time to find contours: 0.000318 seconds
[INFO] [1788573275.900723926] [carolus_ros2]: max distance = 107.749964
[INFO] [1788573275.906073065] [carolus_ros2]: [P4P] final_cost=0.0160144 iterations=3 converged=1 warm_start=prior candidate=14
[INFO] [1788573275.936664793] [carolus_ros2]: Time to find contours: 0.000301 seconds
[INFO] [1788573275.937067679] [carolus_ros2]: max distance = 107.583211
[INFO] [1788573275.942558551] [carolus_ros2]: [P4P] final_cost=0.0141531 iterations=3 converged=1 warm_start=prior candidate=14
[INFO] [1788573275.968492806] [carolus_ros2]: Time to find contours: 0.000290 seconds
[INFO] [1788573275.968890748] [carolus_ros2]: max distance = 107.749964
[INFO] [1788573275.974120875] [carolus_ros2]: [P4P] final_cost=0.0160144 iterations=3 converged=1 warm_start=prior candidate=14
[INFO] [1788573276.000670875] [carolus_ros2]: Time to find contours: 0.000315 seconds
[INFO] [1788573276.001105463] [carolus_ros2]: max distance = 107.583211
[INFO] [1788573276.006555543] [carolus_ros2]: [P4P] final_cost=0.0141531 iterations=3 converged=1 warm_start=prior candidate=14
[INFO] [1788573276.036451079] [carolus_ros2]: Time to find contours: 0.000296 seconds
[INFO] [1788573276.036832910] [carolus_ros2]: max distance = 107.749964
[INFO] [1788573276.042219160] [carolus_ros2]: [P4P] final_cost=0.0160144 iterations=3 converged=1 warm_start=prior candidate=14
[INFO] [1788573276.068131205] [carolus_ros2]: Time to find contours: 0.000287 seconds
[INFO] [1788573276.068567700] [carolus_ros2]: max distance = 107.749964
[INFO] [1788573276.074117571] [carolus_ros2]: [P4P] final_cost=0.0160144 iterations=1 converged=1 warm_start=prior candidate=14
[INFO] [1788573276.099958527] [carolus_ros2]: Time to find contours: 0.000290 seconds
[INFO] [1788573276.100360672] [carolus_ros2]: max distance = 107.801307
[INFO] [1788573276.106296781] [carolus_ros2]: [P4P] final_cost=0.0219128 iterations=3 converged=1 warm_start=prior candidate=14
[INFO] [1788573276.136022382] [carolus_ros2]: Time to find contours: 0.000301 seconds
[INFO] [1788573276.136472358] [carolus_ros2]: max distance = 107.583211
[INFO] [1788573276.142331083] [carolus_ros2]: [P4P] final_cost=0.0141531 iterations=3 converged=1 warm_start=prior candidate=14
[INFO] [1788573276.167832223] [carolus_ros2]: Time to find contours: 0.000281 seconds
[INFO] [1788573276.168253238] [carolus_ros2]: max distance = 107.583211
[INFO] [1788573276.174817351] [carolus_ros2]: [P4P] final_cost=0.0141531 iterations=1 converged=1 warm_start=prior candidate=14
[INFO] [1788573276.200191054] [carolus_ros2]: Time to find contours: 0.000290 seconds
[INFO] [1788573276.200622198] [carolus_ros2]: max distance = 107.583211
[INFO] [1788573276.206357170] [carolus_ros2]: [P4P] final_cost=0.0141531 iterations=1 converged=1 warm_start=prior candidate=14
[INFO] [1788573276.236456954] [carolus_ros2]: Time to find contours: 0.000313 seconds
[INFO] [1788573276.236901764] [carolus_ros2]: max distance = 107.749964
[INFO] [1788573276.242513927] [carolus_ros2]: [P4P] final_cost=0.0160144 iterations=3 converged=1 warm_start=prior candidate=14
[INFO] [1788573276.268175985] [carolus_ros2]: Time to find contours: 0.000305 seconds
[INFO] [1788573276.268629276] [carolus_ros2]: max distance = 107.749964
[INFO] [1788573276.273953752] [carolus_ros2]: [P4P] final_cost=0.0160144 iterations=1 converged=1 warm_start=prior candidate=14
[INFO] [1788573276.299769301] [carolus_ros2]: Time to find contours: 0.000298 seconds
[INFO] [1788573276.300185168] [carolus_ros2]: max distance = 107.749964
[INFO] [1788573276.306161146] [carolus_ros2]: [P4P] final_cost=0.0160144 iterations=1 converged=1 warm_start=prior candidate=14
[INFO] [1788573276.336440384] [carolus_ros2]: Time to find contours: 0.000292 seconds
[INFO] [1788573276.336869379] [carolus_ros2]: max distance = 107.749964
[INFO] [1788573276.342749677] [carolus_ros2]: [P4P] final_cost=0.0160144 iterations=1 converged=1 warm_start=prior candidate=14
[INFO] [1788573276.367972832] [carolus_ros2]: Time to find contours: 0.000290 seconds
[INFO] [1788573276.368367848] [carolus_ros2]: max distance = 107.583211
[INFO] [1788573276.374029454] [carolus_ros2]: [P4P] final_cost=0.0141531 iterations=3 converged=1 warm_start=prior candidate=14
[INFO] [1788573276.400172949] [carolus_ros2]: Time to find contours: 0.000278 seconds
[INFO] [1788573276.400599686] [carolus_ros2]: max distance = 107.583211
[INFO] [1788573276.406652363] [carolus_ros2]: [P4P] final_cost=0.0141531 iterations=1 converged=1 warm_start=prior candidate=14
[INFO] [1788573276.436437164] [carolus_ros2]: Time to find contours: 0.000302 seconds
[INFO] [1788573276.436882474] [carolus_ros2]: max distance = 107.749964
[INFO] [1788573276.442100085] [carolus_ros2]: [P4P] final_cost=0.0160144 iterations=3 converged=1 warm_start=prior candidate=14
[INFO] [1788573276.468330872] [carolus_ros2]: Time to find contours: 0.000319 seconds
[INFO] [1788573276.468808550] [carolus_ros2]: max distance = 107.749964
[INFO] [1788573276.473907648] [carolus_ros2]: [P4P] final_cost=0.0160144 iterations=1 converged=1 warm_start=prior candidate=14
[INFO] [1788573276.500199525] [carolus_ros2]: Time to find contours: 0.000300 seconds
[INFO] [1788573276.500699905] [carolus_ros2]: max distance = 107.749964
[INFO] [1788573276.505863908] [carolus_ros2]: [P4P] final_cost=0.0160144 iterations=1 converged=1 warm_start=prior candidate=14
[INFO] [1788573276.536252806] [carolus_ros2]: Time to find contours: 0.000317 seconds
[INFO] [1788573276.536757224] [carolus_ros2]: max distance = 107.583211
[INFO] [1788573276.542362481] [carolus_ros2]: [P4P] final_cost=0.0141531 iterations=3 converged=1 warm_start=prior candidate=14
[INFO] [1788573276.568106664] [carolus_ros2]: Time to find contours: 0.000298 seconds
[INFO] [1788573276.568550048] [carolus_ros2]: max distance = 107.749964
[INFO] [1788573276.574365682] [carolus_ros2]: [P4P] final_cost=0.0160144 iterations=3 converged=1 warm_start=prior candidate=14
[INFO] [1788573276.600151956] [carolus_ros2]: Time to find contours: 0.000301 seconds
[INFO] [1788573276.600596062] [carolus_ros2]: max distance = 107.749964
[INFO] [1788573276.606444157] [carolus_ros2]: [P4P] final_cost=0.0160144 iterations=1 converged=1 warm_start=prior candidate=14
[INFO] [1788573276.636320194] [carolus_ros2]: Time to find contours: 0.000334 seconds
[INFO] [1788573276.636759264] [carolus_ros2]: max distance = 107.749964
[INFO] [1788573276.642183493] [carolus_ros2]: [P4P] final_cost=0.0160144 iterations=1 converged=1 warm_start=prior candidate=14
[INFO] [1788573276.667847495] [carolus_ros2]: Time to find contours: 0.000297 seconds
[INFO] [1788573276.668247585] [carolus_ros2]: max distance = 107.583211
[INFO] [1788573276.674483142] [carolus_ros2]: [P4P] final_cost=0.0141531 iterations=3 converged=1 warm_start=prior candidate=14
[INFO] [1788573276.699986949] [carolus_ros2]: Time to find contours: 0.000298 seconds
[INFO] [1788573276.700412537] [carolus_ros2]: max distance = 107.749964
[INFO] [1788573276.706119751] [carolus_ros2]: [P4P] final_cost=0.0160144 iterations=3 converged=1 warm_start=prior candidate=14
[INFO] [1788573276.736366121] [carolus_ros2]: Time to find contours: 0.000306 seconds
[INFO] [1788573276.736815893] [carolus_ros2]: max distance = 107.583211
[INFO] [1788573276.743139408] [carolus_ros2]: [P4P] final_cost=0.0141531 iterations=3 converged=1 warm_start=prior candidate=14
[INFO] [1788573276.768280531] [carolus_ros2]: Time to find contours: 0.000285 seconds
[INFO] [1788573276.768662306] [carolus_ros2]: max distance = 107.749964
[INFO] [1788573276.773761183] [carolus_ros2]: [P4P] final_cost=0.0160144 iterations=3 converged=1 warm_start=prior candidate=14
[INFO] [1788573276.800752781] [carolus_ros2]: Time to find contours: 0.000288 seconds
[INFO] [1788573276.801149038] [carolus_ros2]: max distance = 107.749964
[INFO] [1788573276.806232193] [carolus_ros2]: [P4P] final_cost=0.0160144 iterations=1 converged=1 warm_start=prior candidate=14
[INFO] [1788573276.836112841] [carolus_ros2]: Time to find contours: 0.000312 seconds
[INFO] [1788573276.836525930] [carolus_ros2]: max distance = 107.583211
[INFO] [1788573276.842530036] [carolus_ros2]: [P4P] final_cost=0.0141531 iterations=3 converged=1 warm_start=prior candidate=14
[INFO] [1788573276.867939922] [carolus_ros2]: Time to find contours: 0.000292 seconds
[INFO] [1788573276.868360473] [carolus_ros2]: max distance = 107.749964
[INFO] [1788573276.874302712] [carolus_ros2]: [P4P] final_cost=0.0160144 iterations=3 converged=1 warm_start=prior candidate=14
[INFO] [1788573276.899821926] [carolus_ros2]: Time to find contours: 0.000272 seconds
[INFO] [1788573276.900214053] [carolus_ros2]: max distance = 107.749964
[INFO] [1788573276.905785571] [carolus_ros2]: [P4P] final_cost=0.0160144 iterations=1 converged=1 warm_start=prior candidate=14
[INFO] [1788573276.936259854] [carolus_ros2]: Time to find contours: 0.000309 seconds
[INFO] [1788573276.936657759] [carolus_ros2]: max distance = 107.583211
[INFO] [1788573276.942491985] [carolus_ros2]: [P4P] final_cost=0.0141531 iterations=3 converged=1 warm_start=prior candidate=14
[INFO] [1788573276.967927925] [carolus_ros2]: Time to find contours: 0.000267 seconds
[INFO] [1788573276.968357921] [carolus_ros2]: max distance = 107.749964
[INFO] [1788573276.974453262] [carolus_ros2]: [P4P] final_cost=0.0160144 iterations=3 converged=1 warm_start=prior candidate=14
[INFO] [1788573277.000126209] [carolus_ros2]: Time to find contours: 0.000301 seconds
[INFO] [1788573277.000536798] [carolus_ros2]: max distance = 107.801307
[INFO] [1788573277.006593922] [carolus_ros2]: [P4P] final_cost=0.0219128 iterations=3 converged=1 warm_start=prior candidate=14
[INFO] [1788573277.036091175] [carolus_ros2]: Time to find contours: 0.000292 seconds
[INFO] [1788573277.036526152] [carolus_ros2]: max distance = 107.583211
[INFO] [1788573277.042137596] [carolus_ros2]: [P4P] final_cost=0.0141531 iterations=3 converged=1 warm_start=prior candidate=14
[INFO] [1788573277.067979987] [carolus_ros2]: Time to find contours: 0.000310 seconds
[INFO] [1788573277.068388540] [carolus_ros2]: max distance = 107.749964
[INFO] [1788573277.074677837] [carolus_ros2]: [P4P] final_cost=0.0160144 iterations=3 converged=1 warm_start=prior candidate=14
[INFO] [1788573277.099909705] [carolus_ros2]: Time to find contours: 0.000276 seconds
[INFO] [1788573277.100320331] [carolus_ros2]: max distance = 107.749964
[INFO] [1788573277.106022252] [carolus_ros2]: [P4P] final_cost=0.0160144 iterations=1 converged=1 warm_start=prior candidate=14
[INFO] [1788573277.136122122] [carolus_ros2]: Time to find contours: 0.000302 seconds
[INFO] [1788573277.136550636] [carolus_ros2]: max distance = 107.749964
[INFO] [1788573277.142032642] [carolus_ros2]: [P4P] final_cost=0.0160144 iterations=1 converged=1 warm_start=prior candidate=14
[INFO] [1788573277.168035396] [carolus_ros2]: Time to find contours: 0.000306 seconds
[INFO] [1788573277.168483094] [carolus_ros2]: max distance = 107.583211
[INFO] [1788573277.174419169] [carolus_ros2]: [P4P] final_cost=0.0141531 iterations=3 converged=1 warm_start=prior candidate=14
[INFO] [1788573277.199974594] [carolus_ros2]: Time to find contours: 0.000356 seconds
[INFO] [1788573277.200522121] [carolus_ros2]: max distance = 107.749964
[INFO] [1788573277.206624446] [carolus_ros2]: [P4P] final_cost=0.0160144 iterations=3 converged=1 warm_start=prior candidate=14
[INFO] [1788573277.236258285] [carolus_ros2]: Time to find contours: 0.000352 seconds
[INFO] [1788573277.236707928] [carolus_ros2]: max distance = 107.749964
[INFO] [1788573277.242326742] [carolus_ros2]: [P4P] final_cost=0.0159004 iterations=3 converged=1 warm_start=prior candidate=14
[INFO] [1788573277.268367697] [carolus_ros2]: Time to find contours: 0.000374 seconds
[INFO] [1788573277.268827043] [carolus_ros2]: max distance = 107.583211
[INFO] [1788573277.274797023] [carolus_ros2]: [P4P] final_cost=0.0141531 iterations=3 converged=1 warm_start=prior candidate=14
[INFO] [1788573277.300158477] [carolus_ros2]: Time to find contours: 0.000360 seconds
[INFO] [1788573277.300634396] [carolus_ros2]: max distance = 107.749964
[INFO] [1788573277.306968969] [carolus_ros2]: [P4P] final_cost=0.0160144 iterations=3 converged=1 warm_start=prior candidate=14
[INFO] [1788573277.336431928] [carolus_ros2]: Time to find contours: 0.000375 seconds
[INFO] [1788573277.336936864] [carolus_ros2]: max distance = 107.583211
[INFO] [1788573277.342420296] [carolus_ros2]: [P4P] final_cost=0.0141531 iterations=3 converged=1 warm_start=prior candidate=14
[INFO] [1788573277.368175118] [carolus_ros2]: Time to find contours: 0.000362 seconds
[INFO] [1788573277.368685387] [carolus_ros2]: max distance = 107.749964
[INFO] [1788573277.374174912] [carolus_ros2]: [P4P] final_cost=0.0160144 iterations=3 converged=1 warm_start=prior candidate=14
[INFO] [1788573277.400255902] [carolus_ros2]: Time to find contours: 0.000355 seconds
[INFO] [1788573277.400776800] [carolus_ros2]: max distance = 107.801307
[INFO] [1788573277.406275268] [carolus_ros2]: [P4P] final_cost=0.0219128 iterations=3 converged=1 warm_start=prior candidate=14
[INFO] [1788573277.436805541] [carolus_ros2]: Time to find contours: 0.000345 seconds
[INFO] [1788573277.437229593] [carolus_ros2]: max distance = 107.801307
[INFO] [1788573277.442648158] [carolus_ros2]: [P4P] final_cost=0.0219128 iterations=1 converged=1 warm_start=prior candidate=14
[INFO] [1788573277.468680225] [carolus_ros2]: Time to find contours: 0.000333 seconds
[INFO] [1788573277.469063982] [carolus_ros2]: max distance = 107.749964
[INFO] [1788573277.474374109] [carolus_ros2]: [P4P] final_cost=0.0160144 iterations=3 converged=1 warm_start=prior candidate=14
[INFO] [1788573277.500339475] [carolus_ros2]: Time to find contours: 0.000334 seconds
[INFO] [1788573277.500772730] [carolus_ros2]: max distance = 107.749964
[INFO] [1788573277.505926976] [carolus_ros2]: [P4P] final_cost=0.0160144 iterations=1 converged=1 warm_start=prior candidate=14
[INFO] [1788573277.536451897] [carolus_ros2]: Time to find contours: 0.000352 seconds
[INFO] [1788573277.536873134] [carolus_ros2]: max distance = 107.801307
[INFO] [1788573277.542803802] [carolus_ros2]: [P4P] final_cost=0.0219128 iterations=3 converged=1 warm_start=prior candidate=14
[INFO] [1788573277.569561108] [carolus_ros2]: Time to find contours: 0.001397 seconds
[INFO] [1788573277.569916719] [carolus_ros2]: max distance = 107.749964
[INFO] [1788573277.576305492] [carolus_ros2]: [P4P] final_cost=0.0160144 iterations=3 converged=1 warm_start=prior candidate=14
[INFO] [1788573277.668093115] [carolus_ros2]: Time to find contours: 0.000293 seconds
[INFO] [1788573277.668557535] [carolus_ros2]: max distance = 107.749964
[INFO] [1788573277.674292769] [carolus_ros2]: [P4P] final_cost=0.0160144 iterations=1 converged=1 warm_start=prior candidate=14
[INFO] [1788573277.700074182] [carolus_ros2]: Time to find contours: 0.000274 seconds
[INFO] [1788573277.700487605] [carolus_ros2]: max distance = 107.749964
[INFO] [1788573277.705686663] [carolus_ros2]: [P4P] final_cost=0.0160144 iterations=1 converged=1 warm_start=prior candidate=14
[INFO] [1788573277.738111299] [carolus_ros2]: Time to find contours: 0.000387 seconds
[INFO] [1788573277.738744617] [carolus_ros2]: max distance = 107.749964
[INFO] [1788573277.743597990] [carolus_ros2]: [P4P] final_cost=0.0160144 iterations=1 converged=1 warm_start=prior candidate=14
[INFO] [1788573277.769597873] [carolus_ros2]: Time to find contours: 0.000390 seconds
[INFO] [1788573277.770105365] [carolus_ros2]: max distance = 107.801307
[INFO] [1788573277.774820059] [carolus_ros2]: [P4P] final_cost=0.0219128 iterations=3 converged=1 warm_start=prior candidate=14
[INFO] [1788573277.800236844] [carolus_ros2]: Time to find contours: 0.000304 seconds
[INFO] [1788573277.800719596] [carolus_ros2]: max distance = 107.583211
[INFO] [1788573277.806275950] [carolus_ros2]: [P4P] final_cost=0.0141531 iterations=3 converged=1 warm_start=prior candidate=14
[INFO] [1788573277.836620548] [carolus_ros2]: Time to find contours: 0.000318 seconds
[INFO] [1788573277.837007231] [carolus_ros2]: max distance = 107.801307
[INFO] [1788573277.842362800] [carolus_ros2]: [P4P] final_cost=0.0219128 iterations=3 converged=1 warm_start=prior candidate=14
[INFO] [1788573277.868914024] [carolus_ros2]: Time to find contours: 0.000282 seconds
[INFO] [1788573277.869411294] [carolus_ros2]: max distance = 107.583211
[INFO] [1788573277.876508344] [carolus_ros2]: [P4P] final_cost=0.0141531 iterations=3 converged=1 warm_start=prior candidate=14
[INFO] [1788573277.969572660] [carolus_ros2]: Time to find contours: 0.000324 seconds
[INFO] [1788573277.969987675] [carolus_ros2]: max distance = 107.583211
[INFO] [1788573277.976371448] [carolus_ros2]: [P4P] final_cost=0.0141531 iterations=1 converged=1 warm_start=prior candidate=14
[INFO] [1788573277.999967421] [carolus_ros2]: Time to find contours: 0.000299 seconds
[INFO] [1788573278.000362493] [carolus_ros2]: max distance = 107.749964
[INFO] [1788573278.006744435] [carolus_ros2]: [P4P] final_cost=0.0160144 iterations=3 converged=1 warm_start=prior candidate=14
[INFO] [1788573278.036451226] [carolus_ros2]: Time to find contours: 0.000352 seconds
[INFO] [1788573278.036870963] [carolus_ros2]: max distance = 107.749964
[INFO] [1788573278.042061339] [carolus_ros2]: [P4P] final_cost=0.0160144 iterations=1 converged=1 warm_start=prior candidate=14
[INFO] [1788573278.068385363] [carolus_ros2]: Time to find contours: 0.000297 seconds
[INFO] [1788573278.068837080] [carolus_ros2]: max distance = 107.801307
[INFO] [1788573278.075115454] [carolus_ros2]: [P4P] final_cost=0.0219128 iterations=3 converged=1 warm_start=prior candidate=14
[INFO] [1788573278.101105977] [carolus_ros2]: Time to find contours: 0.000318 seconds
[INFO] [1788573278.101586285] [carolus_ros2]: max distance = 107.801307
[INFO] [1788573278.107325798] [carolus_ros2]: [P4P] final_cost=0.0219128 iterations=1 converged=1 warm_start=prior candidate=14
[INFO] [1788573278.135530390] [carolus_ros2]: Time to find contours: 0.000291 seconds
[INFO] [1788573278.135946461] [carolus_ros2]: max distance = 107.583211
[INFO] [1788573278.141055452] [carolus_ros2]: [P4P] final_cost=0.0113109 iterations=3 converged=1 warm_start=prior candidate=14
[INFO] [1788573278.168645187] [carolus_ros2]: Time to find contours: 0.000354 seconds
[INFO] [1788573278.169072831] [carolus_ros2]: max distance = 107.583211
[INFO] [1788573278.173753660] [carolus_ros2]: [P4P] final_cost=0.0141531 iterations=3 converged=1 warm_start=prior candidate=14
[INFO] [1788573278.200851402] [carolus_ros2]: Time to find contours: 0.000314 seconds
[INFO] [1788573278.201242530] [carolus_ros2]: max distance = 107.583211
[INFO] [1788573278.206235508] [carolus_ros2]: [P4P] final_cost=0.0141531 iterations=1 converged=1 warm_start=prior candidate=14
[INFO] [1788573278.236639022] [carolus_ros2]: Time to find contours: 0.000326 seconds
[INFO] [1788573278.237046278] [carolus_ros2]: max distance = 107.749964
[INFO] [1788573278.242616597] [carolus_ros2]: [P4P] final_cost=0.0160144 iterations=3 converged=1 warm_start=prior candidate=14
[INFO] [1788573278.268243398] [carolus_ros2]: Time to find contours: 0.000281 seconds
[INFO] [1788573278.268691115] [carolus_ros2]: max distance = 107.583211
[INFO] [1788573278.274052871] [carolus_ros2]: [P4P] final_cost=0.0141531 iterations=3 converged=1 warm_start=prior candidate=14
[INFO] [1788573278.300756134] [carolus_ros2]: Time to find contours: 0.000328 seconds
[INFO] [1788573278.301148243] [carolus_ros2]: max distance = 107.801307
[INFO] [1788573278.306390653] [carolus_ros2]: [P4P] final_cost=0.0219128 iterations=3 converged=1 warm_start=prior candidate=14
[INFO] [1788573278.336279694] [carolus_ros2]: Time to find contours: 0.000288 seconds
[INFO] [1788573278.336707116] [carolus_ros2]: max distance = 107.749964
[INFO] [1788573278.342279064] [carolus_ros2]: [P4P] final_cost=0.0160144 iterations=3 converged=1 warm_start=prior candidate=14
[INFO] [1788573278.368286197] [carolus_ros2]: Time to find contours: 0.000329 seconds
[INFO] [1788573278.368687472] [carolus_ros2]: max distance = 107.583211
[INFO] [1788573278.374409653] [carolus_ros2]: [P4P] final_cost=0.0141531 iterations=3 converged=1 warm_start=prior candidate=14
[INFO] [1788573278.399929979] [carolus_ros2]: Time to find contours: 0.000318 seconds
[INFO] [1788573278.400315440] [carolus_ros2]: max distance = 107.749964
[INFO] [1788573278.406061453] [carolus_ros2]: [P4P] final_cost=0.0160144 iterations=3 converged=1 warm_start=prior candidate=14
[INFO] [1788573278.436471873] [carolus_ros2]: Time to find contours: 0.000304 seconds
[INFO] [1788573278.436842021] [carolus_ros2]: max distance = 107.749964
[INFO] [1788573278.441896496] [carolus_ros2]: [P4P] final_cost=0.0160144 iterations=1 converged=1 warm_start=prior candidate=14
[INFO] [1788573278.468445397] [carolus_ros2]: Time to find contours: 0.000319 seconds
[INFO] [1788573278.468824266] [carolus_ros2]: max distance = 107.583211
[INFO] [1788573278.474252333] [carolus_ros2]: [P4P] final_cost=0.0141531 iterations=3 converged=1 warm_start=prior candidate=14
[INFO] [1788573278.500445808] [carolus_ros2]: Time to find contours: 0.000298 seconds
[INFO] [1788573278.500838436] [carolus_ros2]: max distance = 107.801307
[INFO] [1788573278.506188803] [carolus_ros2]: [P4P] final_cost=0.0221087 iterations=3 converged=1 warm_start=prior candidate=14
[INFO] [1788573278.536308831] [carolus_ros2]: Time to find contours: 0.000302 seconds
[INFO] [1788573278.536724735] [carolus_ros2]: max distance = 107.749964
[INFO] [1788573278.542916965] [carolus_ros2]: [P4P] final_cost=0.0160144 iterations=3 converged=1 warm_start=prior candidate=14
[INFO] [1788573278.567843637] [carolus_ros2]: Time to find contours: 0.000286 seconds
[INFO] [1788573278.568231950] [carolus_ros2]: max distance = 107.583211
[INFO] [1788573278.574140325] [carolus_ros2]: [P4P] final_cost=0.0141531 iterations=3 converged=1 warm_start=prior candidate=14
[INFO] [1788573278.600120145] [carolus_ros2]: Time to find contours: 0.000298 seconds
[INFO] [1788573278.600547956] [carolus_ros2]: max distance = 107.749964
[INFO] [1788573278.606563899] [carolus_ros2]: [P4P] final_cost=0.0160144 iterations=3 converged=1 warm_start=prior candidate=14
[INFO] [1788573278.636736443] [carolus_ros2]: Time to find contours: 0.000337 seconds
[INFO] [1788573278.637128108] [carolus_ros2]: max distance = 107.749964
[INFO] [1788573278.641718478] [carolus_ros2]: [P4P] final_cost=0.0160144 iterations=1 converged=1 warm_start=prior candidate=14
[INFO] [1788573278.668026373] [carolus_ros2]: Time to find contours: 0.000295 seconds
[INFO] [1788573278.668488738] [carolus_ros2]: max distance = 107.749964
[INFO] [1788573278.673773756] [carolus_ros2]: [P4P] final_cost=0.0160144 iterations=1 converged=1 warm_start=prior candidate=14
[INFO] [1788573278.699809777] [carolus_ros2]: Time to find contours: 0.000287 seconds
[INFO] [1788573278.700194479] [carolus_ros2]: max distance = 107.749964
[INFO] [1788573278.705502256] [carolus_ros2]: [P4P] final_cost=0.0160144 iterations=1 converged=1 warm_start=prior candidate=14
[INFO] [1788573278.736475721] [carolus_ros2]: Time to find contours: 0.000324 seconds
[INFO] [1788573278.736925679] [carolus_ros2]: max distance = 107.801307
[INFO] [1788573278.742338376] [carolus_ros2]: [P4P] final_cost=0.0219128 iterations=3 converged=1 warm_start=prior candidate=14
[INFO] [1788573278.767774002] [carolus_ros2]: Time to find contours: 0.000301 seconds
[INFO] [1788573278.768167981] [carolus_ros2]: max distance = 107.801307
[INFO] [1788573278.774000786] [carolus_ros2]: [P4P] final_cost=0.0219128 iterations=1 converged=1 warm_start=prior candidate=14
[INFO] [1788573278.800132154] [carolus_ros2]: Time to find contours: 0.000309 seconds
[INFO] [1788573278.800539132] [carolus_ros2]: max distance = 107.749964
[INFO] [1788573278.807194320] [carolus_ros2]: [P4P] final_cost=0.0160144 iterations=3 converged=1 warm_start=prior candidate=14
[INFO] [1788573278.836094116] [carolus_ros2]: Time to find contours: 0.000291 seconds
[INFO] [1788573278.836492743] [carolus_ros2]: max distance = 107.749964
[INFO] [1788573278.841804371] [carolus_ros2]: [P4P] final_cost=0.0160144 iterations=1 converged=1 warm_start=prior candidate=14
[INFO] [1788573278.868177837] [carolus_ros2]: Time to find contours: 0.000305 seconds
[INFO] [1788573278.868607611] [carolus_ros2]: max distance = 107.749964
[INFO] [1788573278.874563002] [carolus_ros2]: [P4P] final_cost=0.0160144 iterations=1 converged=1 warm_start=prior candidate=14
[INFO] [1788573278.900052848] [carolus_ros2]: Time to find contours: 0.000283 seconds
[INFO] [1788573278.900497047] [carolus_ros2]: max distance = 107.749964
[INFO] [1788573278.906330222] [carolus_ros2]: [P4P] final_cost=0.0160144 iterations=1 converged=1 warm_start=prior candidate=14
[INFO] [1788573278.936406049] [carolus_ros2]: Time to find contours: 0.000305 seconds
[INFO] [1788573278.936860080] [carolus_ros2]: max distance = 107.801307
[INFO] [1788573278.942256241] [carolus_ros2]: [P4P] final_cost=0.0219128 iterations=3 converged=1 warm_start=prior candidate=14
[INFO] [1788573278.968093921] [carolus_ros2]: Time to find contours: 0.000302 seconds
[INFO] [1788573278.968518121] [carolus_ros2]: max distance = 107.583211
[INFO] [1788573278.974284762] [carolus_ros2]: [P4P] final_cost=0.0141531 iterations=3 converged=1 warm_start=prior candidate=14
[INFO] [1788573278.999661058] [carolus_ros2]: Time to find contours: 0.000322 seconds
[INFO] [1788573279.000052315] [carolus_ros2]: max distance = 107.583211
[INFO] [1788573279.006295915] [carolus_ros2]: [P4P] final_cost=0.0141531 iterations=1 converged=1 warm_start=prior candidate=14
[INFO] [1788573279.036191930] [carolus_ros2]: Time to find contours: 0.000285 seconds
[INFO] [1788573279.036600316] [carolus_ros2]: max distance = 107.583211
[INFO] [1788573279.042980594] [carolus_ros2]: [P4P] final_cost=0.0141531 iterations=1 converged=1 warm_start=prior candidate=14
[INFO] [1788573279.067988345] [carolus_ros2]: Time to find contours: 0.000307 seconds
[INFO] [1788573279.068401860] [carolus_ros2]: max distance = 107.749964
[INFO] [1788573279.074677996] [carolus_ros2]: [P4P] final_cost=0.0160144 iterations=3 converged=1 warm_start=prior candidate=14
[INFO] [1788573279.100124835] [carolus_ros2]: Time to find contours: 0.000286 seconds
[INFO] [1788573279.100563646] [carolus_ros2]: max distance = 107.749964
[INFO] [1788573279.106883501] [carolus_ros2]: [P4P] final_cost=0.0159004 iterations=3 converged=1 warm_start=prior candidate=14
[INFO] [1788573279.136148530] [carolus_ros2]: Time to find contours: 0.000278 seconds
[INFO] [1788573279.136552139] [carolus_ros2]: max distance = 107.749964
[INFO] [1788573279.142130811] [carolus_ros2]: [P4P] final_cost=0.0160144 iterations=3 converged=1 warm_start=prior candidate=14
[INFO] [1788573279.168016368] [carolus_ros2]: Time to find contours: 0.000285 seconds
[INFO] [1788573279.168433975] [carolus_ros2]: max distance = 107.749964
[INFO] [1788573279.174622375] [carolus_ros2]: [P4P] final_cost=0.0160144 iterations=1 converged=1 warm_start=prior candidate=14
[INFO] [1788573279.199994459] [carolus_ros2]: Time to find contours: 0.000297 seconds
[INFO] [1788573279.200399067] [carolus_ros2]: max distance = 107.801307
[INFO] [1788573279.206617669] [carolus_ros2]: [P4P] final_cost=0.0219128 iterations=3 converged=1 warm_start=prior candidate=14
[INFO] [1788573279.236347599] [carolus_ros2]: Time to find contours: 0.000302 seconds
[INFO] [1788573279.236784799] [carolus_ros2]: max distance = 107.583211
[INFO] [1788573279.242366193] [carolus_ros2]: [P4P] final_cost=0.0141531 iterations=3 converged=1 warm_start=prior candidate=14
[INFO] [1788573279.268290340] [carolus_ros2]: Time to find contours: 0.000318 seconds
[INFO] [1788573279.268773741] [carolus_ros2]: max distance = 107.749964
[INFO] [1788573279.274390948] [carolus_ros2]: [P4P] final_cost=0.0159004 iterations=3 converged=1 warm_start=prior candidate=14
[INFO] [1788573279.300101496] [carolus_ros2]: Time to find contours: 0.000297 seconds
[INFO] [1788573279.300566527] [carolus_ros2]: max distance = 107.801307
[INFO] [1788573279.306607267] [carolus_ros2]: [P4P] final_cost=0.0219128 iterations=3 converged=1 warm_start=prior candidate=14
[INFO] [1788573279.336204260] [carolus_ros2]: Time to find contours: 0.000298 seconds
[INFO] [1788573279.336632682] [carolus_ros2]: max distance = 107.749964
[INFO] [1788573279.342316423] [carolus_ros2]: [P4P] final_cost=0.0160144 iterations=3 converged=1 warm_start=prior candidate=14
[INFO] [1788573279.368110670] [carolus_ros2]: Time to find contours: 0.000294 seconds
[INFO] [1788573279.368542259] [carolus_ros2]: max distance = 107.583211
[INFO] [1788573279.375003644] [carolus_ros2]: [P4P] final_cost=0.0128768 iterations=3 converged=1 warm_start=prior candidate=14
[INFO] [1788573279.399911344] [carolus_ros2]: Time to find contours: 0.000287 seconds
[INFO] [1788573279.400308046] [carolus_ros2]: max distance = 107.749964
[INFO] [1788573279.406622105] [carolus_ros2]: [P4P] final_cost=0.0160144 iterations=3 converged=1 warm_start=prior candidate=14
[INFO] [1788573279.436361832] [carolus_ros2]: Time to find contours: 0.000313 seconds
[INFO] [1788573279.436798605] [carolus_ros2]: max distance = 107.749964
[INFO] [1788573279.442012815] [carolus_ros2]: [P4P] final_cost=0.0160144 iterations=1 converged=1 warm_start=prior candidate=14
[INFO] [1788573279.467846911] [carolus_ros2]: Time to find contours: 0.000295 seconds
[INFO] [1788573279.468291610] [carolus_ros2]: max distance = 107.749964
[INFO] [1788573279.474745644] [carolus_ros2]: [P4P] final_cost=0.0159004 iterations=3 converged=1 warm_start=prior candidate=14
[INFO] [1788573279.500270387] [carolus_ros2]: Time to find contours: 0.000259 seconds
[INFO] [1788573279.500669088] [carolus_ros2]: max distance = 107.749964
[INFO] [1788573279.506176727] [carolus_ros2]: [P4P] final_cost=0.0160144 iterations=3 converged=1 warm_start=prior candidate=14
[INFO] [1788573279.536311044] [carolus_ros2]: Time to find contours: 0.000284 seconds
[INFO] [1788573279.536698764] [carolus_ros2]: max distance = 107.749964
[INFO] [1788573279.542868164] [carolus_ros2]: [P4P] final_cost=0.0159004 iterations=3 converged=1 warm_start=prior candidate=14
[INFO] [1788573279.568299190] [carolus_ros2]: Time to find contours: 0.000285 seconds
[INFO] [1788573279.568698317] [carolus_ros2]: max distance = 107.749964
[INFO] [1788573279.574353855] [carolus_ros2]: [P4P] final_cost=0.0160144 iterations=3 converged=1 warm_start=prior candidate=14
[INFO] [1788573279.600341074] [carolus_ros2]: Time to find contours: 0.000269 seconds
[INFO] [1788573279.600725591] [carolus_ros2]: max distance = 107.697821
[INFO] [1788573279.606063886] [carolus_ros2]: [P4P] final_cost=0.0207617 iterations=2 converged=1 warm_start=prior candidate=14
[INFO] [1788573279.636174778] [carolus_ros2]: Time to find contours: 0.000278 seconds
[INFO] [1788573279.636602589] [carolus_ros2]: max distance = 107.749964
[INFO] [1788573279.642239943] [carolus_ros2]: [P4P] final_cost=0.0160145 iterations=2 converged=1 warm_start=prior candidate=14
[INFO] [1788573279.667860996] [carolus_ros2]: Time to find contours: 0.000289 seconds
[INFO] [1788573279.668240717] [carolus_ros2]: max distance = 107.749964
[INFO] [1788573279.673714839] [carolus_ros2]: [P4P] final_cost=0.0160145 iterations=1 converged=1 warm_start=prior candidate=14
[INFO] [1788573279.700123905] [carolus_ros2]: Time to find contours: 0.000298 seconds
[INFO] [1788573279.700567530] [carolus_ros2]: max distance = 107.583211
[INFO] [1788573279.706586735] [carolus_ros2]: [P4P] final_cost=0.0128768 iterations=3 converged=1 warm_start=prior candidate=14
[INFO] [1788573279.736292667] [carolus_ros2]: Time to find contours: 0.000290 seconds
[INFO] [1788573279.736746773] [carolus_ros2]: max distance = 107.583211
[INFO] [1788573279.742293983] [carolus_ros2]: [P4P] final_cost=0.0141531 iterations=3 converged=1 warm_start=prior candidate=14
[INFO] [1788573279.768115229] [carolus_ros2]: Time to find contours: 0.000309 seconds
[INFO] [1788573279.768550299] [carolus_ros2]: max distance = 107.801307
[INFO] [1788573279.774407178] [carolus_ros2]: [P4P] final_cost=0.0221087 iterations=3 converged=1 warm_start=prior candidate=14
[INFO] [1788573279.800359602] [carolus_ros2]: Time to find contours: 0.000365 seconds
[INFO] [1788573279.800798450] [carolus_ros2]: max distance = 107.583211
[INFO] [1788573279.806320254] [carolus_ros2]: [P4P] final_cost=0.0141531 iterations=3 converged=1 warm_start=prior candidate=14
[INFO] [1788573279.836362965] [carolus_ros2]: Time to find contours: 0.000292 seconds
[INFO] [1788573279.836770925] [carolus_ros2]: max distance = 107.749964
[INFO] [1788573279.842302062] [carolus_ros2]: [P4P] final_cost=0.0160144 iterations=3 converged=1 warm_start=prior candidate=14
[INFO] [1788573279.868407330] [carolus_ros2]: Time to find contours: 0.000277 seconds
[INFO] [1788573279.868802310] [carolus_ros2]: max distance = 107.749964
[INFO] [1788573279.873762773] [carolus_ros2]: [P4P] final_cost=0.0160144 iterations=1 converged=1 warm_start=prior candidate=14
[INFO] [1788573279.900305388] [carolus_ros2]: Time to find contours: 0.000266 seconds
[INFO] [1788573279.900715978] [carolus_ros2]: max distance = 107.583211
[INFO] [1788573279.906071754] [carolus_ros2]: [P4P] final_cost=0.0141531 iterations=3 converged=1 warm_start=prior candidate=14
[INFO] [1788573279.936626512] [carolus_ros2]: Time to find contours: 0.000315 seconds
[INFO] [1788573279.937023473] [carolus_ros2]: max distance = 107.749964
[INFO] [1788573279.942824800] [carolus_ros2]: [P4P] final_cost=0.0160144 iterations=3 converged=1 warm_start=prior candidate=14
[INFO] [1788573279.967917324] [carolus_ros2]: Time to find contours: 0.000300 seconds
[INFO] [1788573279.968306767] [carolus_ros2]: max distance = 107.749964
[INFO] [1788573279.974580088] [carolus_ros2]: [P4P] final_cost=0.0159004 iterations=3 converged=1 warm_start=prior candidate=14
[INFO] [1788573279.999994984] [carolus_ros2]: Time to find contours: 0.000301 seconds
[INFO] [1788573280.000401204] [carolus_ros2]: max distance = 107.749964
[INFO] [1788573280.006701914] [carolus_ros2]: [P4P] final_cost=0.0160144 iterations=3 converged=1 warm_start=prior candidate=14
[INFO] [1788573280.036353545] [carolus_ros2]: Time to find contours: 0.000311 seconds
[INFO] [1788573280.036850723] [carolus_ros2]: max distance = 107.749964
[INFO] [1788573280.042317644] [carolus_ros2]: [P4P] final_cost=0.0159004 iterations=3 converged=1 warm_start=prior candidate=14
[INFO] [1788573280.068132918] [carolus_ros2]: Time to find contours: 0.000324 seconds
[INFO] [1788573280.068572210] [carolus_ros2]: max distance = 107.749964
[INFO] [1788573280.074398871] [carolus_ros2]: [P4P] final_cost=0.0159004 iterations=1 converged=1 warm_start=prior candidate=14
[INFO] [1788573280.100216293] [carolus_ros2]: Time to find contours: 0.000348 seconds
[INFO] [1788573280.100662400] [carolus_ros2]: max distance = 107.749964
[INFO] [1788573280.106668663] [carolus_ros2]: [P4P] final_cost=0.0160144 iterations=3 converged=1 warm_start=prior candidate=14
[INFO] [1788573280.136326608] [carolus_ros2]: Time to find contours: 0.000315 seconds
[INFO] [1788573280.136821027] [carolus_ros2]: max distance = 107.583211
[INFO] [1788573280.142233358] [carolus_ros2]: [P4P] final_cost=0.0141531 iterations=3 converged=1 warm_start=prior candidate=14
[INFO] [1788573280.168727263] [carolus_ros2]: Time to find contours: 0.000362 seconds
[INFO] [1788573280.169183129] [carolus_ros2]: max distance = 107.583211
[INFO] [1788573280.174508816] [carolus_ros2]: [P4P] final_cost=0.0141531 iterations=1 converged=1 warm_start=prior candidate=14
[INFO] [1788573280.200276481] [carolus_ros2]: Time to find contours: 0.000330 seconds
[INFO] [1788573280.200761660] [carolus_ros2]: max distance = 107.749964
[INFO] [1788573280.206311947] [carolus_ros2]: [P4P] final_cost=0.0160144 iterations=3 converged=1 warm_start=prior candidate=14
[INFO] [1788573280.236248192] [carolus_ros2]: Time to find contours: 0.000314 seconds
[INFO] [1788573280.236729390] [carolus_ros2]: max distance = 107.801307
[INFO] [1788573280.242483703] [carolus_ros2]: [P4P] final_cost=0.0221087 iterations=3 converged=1 warm_start=prior candidate=14
[INFO] [1788573280.268259312] [carolus_ros2]: Time to find contours: 0.000322 seconds
[INFO] [1788573280.268742435] [carolus_ros2]: max distance = 107.749964
[INFO] [1788573280.274393754] [carolus_ros2]: [P4P] final_cost=0.0159004 iterations=3 converged=1 warm_start=prior candidate=14
[INFO] [1788573280.300174308] [carolus_ros2]: Time to find contours: 0.000302 seconds
[INFO] [1788573280.300650653] [carolus_ros2]: max distance = 107.583211
[INFO] [1788573280.306022801] [carolus_ros2]: [P4P] final_cost=0.0128768 iterations=3 converged=1 warm_start=prior candidate=14
[INFO] [1788573280.336402783] [carolus_ros2]: Time to find contours: 0.000321 seconds
[INFO] [1788573280.336874777] [carolus_ros2]: max distance = 107.583211
[INFO] [1788573280.342120043] [carolus_ros2]: [P4P] final_cost=0.0128768 iterations=1 converged=1 warm_start=prior candidate=14
[INFO] [1788573280.368016183] [carolus_ros2]: Time to find contours: 0.000314 seconds
[INFO] [1788573280.368449420] [carolus_ros2]: max distance = 107.749964
[INFO] [1788573280.375066744] [carolus_ros2]: [P4P] final_cost=0.0160144 iterations=3 converged=1 warm_start=prior candidate=14
[INFO] [1788573280.400072041] [carolus_ros2]: Time to find contours: 0.000291 seconds
[INFO] [1788573280.400492019] [carolus_ros2]: max distance = 107.749964
[INFO] [1788573280.406831876] [carolus_ros2]: [P4P] final_cost=0.0160144 iterations=1 converged=1 warm_start=prior candidate=14
[INFO] [1788573280.436534486] [carolus_ros2]: Time to find contours: 0.000317 seconds
[INFO] [1788573280.436968223] [carolus_ros2]: max distance = 107.697821
[INFO] [1788573280.442441606] [carolus_ros2]: [P4P] final_cost=0.020228 iterations=3 converged=1 warm_start=prior candidate=14
[INFO] [1788573280.468170607] [carolus_ros2]: Time to find contours: 0.000318 seconds
[INFO] [1788573280.468596974] [carolus_ros2]: max distance = 107.749964
[INFO] [1788573280.474626624] [carolus_ros2]: [P4P] final_cost=0.0160144 iterations=3 converged=1 warm_start=prior candidate=14
[INFO] [1788573280.499835134] [carolus_ros2]: Time to find contours: 0.000304 seconds
[INFO] [1788573280.500230743] [carolus_ros2]: max distance = 107.749964
[INFO] [1788573280.506527713] [carolus_ros2]: [P4P] final_cost=0.0160144 iterations=1 converged=1 warm_start=prior candidate=14
[INFO] [1788573280.536459848] [carolus_ros2]: Time to find contours: 0.000311 seconds
[INFO] [1788573280.536895381] [carolus_ros2]: max distance = 107.583211
[INFO] [1788573280.542462556] [carolus_ros2]: [P4P] final_cost=0.0128768 iterations=3 converged=1 warm_start=prior candidate=14
[INFO] [1788573280.568279441] [carolus_ros2]: Time to find contours: 0.000317 seconds
[INFO] [1788573280.568761175] [carolus_ros2]: max distance = 107.749964
[INFO] [1788573280.574179672] [carolus_ros2]: [P4P] final_cost=0.0160144 iterations=3 converged=1 warm_start=prior candidate=14
[INFO] [1788573280.599722646] [carolus_ros2]: Time to find contours: 0.000341 seconds
[INFO] [1788573280.600131013] [carolus_ros2]: max distance = 107.583211
[INFO] [1788573280.606255326] [carolus_ros2]: [P4P] final_cost=0.0128768 iterations=3 converged=1 warm_start=prior candidate=14
[INFO] [1788573280.636593458] [carolus_ros2]: Time to find contours: 0.000352 seconds
[INFO] [1788573280.637027954] [carolus_ros2]: max distance = 107.749964
[INFO] [1788573280.642463210] [carolus_ros2]: [P4P] final_cost=0.0160144 iterations=3 converged=1 warm_start=prior candidate=14
[INFO] [1788573280.668250911] [carolus_ros2]: Time to find contours: 0.000311 seconds
[INFO] [1788573280.668722609] [carolus_ros2]: max distance = 107.749964
[INFO] [1788573280.674209195] [carolus_ros2]: [P4P] final_cost=0.0160144 iterations=1 converged=1 warm_start=prior candidate=14
[INFO] [1788573280.700154407] [carolus_ros2]: Time to find contours: 0.000309 seconds
[INFO] [1788573280.700612235] [carolus_ros2]: max distance = 107.697821
[INFO] [1788573280.706388029] [carolus_ros2]: [P4P] final_cost=0.0207617 iterations=2 converged=1 warm_start=prior candidate=14
[INFO] [1788573280.736631314] [carolus_ros2]: Time to find contours: 0.000328 seconds
[INFO] [1788573280.737018628] [carolus_ros2]: max distance = 107.801307
[INFO] [1788573280.742191415] [carolus_ros2]: [P4P] final_cost=0.0219128 iterations=2 converged=1 warm_start=prior candidate=14
[INFO] [1788573280.768365393] [carolus_ros2]: Time to find contours: 0.000277 seconds
[INFO] [1788573280.768776576] [carolus_ros2]: max distance = 107.749964
[INFO] [1788573280.774148594] [carolus_ros2]: [P4P] final_cost=0.0160144 iterations=3 converged=1 warm_start=prior candidate=14
[INFO] [1788573280.800390827] [carolus_ros2]: Time to find contours: 0.000285 seconds
[INFO] [1788573280.800789140] [carolus_ros2]: max distance = 107.749964
[INFO] [1788573280.806251394] [carolus_ros2]: [P4P] final_cost=0.0159004 iterations=3 converged=1 warm_start=prior candidate=14
[INFO] [1788573280.836409091] [carolus_ros2]: Time to find contours: 0.000293 seconds
[INFO] [1788573280.836806774] [carolus_ros2]: max distance = 107.583211
[INFO] [1788573280.842070020] [carolus_ros2]: [P4P] final_cost=0.0128768 iterations=3 converged=1 warm_start=prior candidate=14
[INFO] [1788573280.868482523] [carolus_ros2]: Time to find contours: 0.000299 seconds
[INFO] [1788573280.868871206] [carolus_ros2]: max distance = 107.749964
[INFO] [1788573280.874408938] [carolus_ros2]: [P4P] final_cost=0.0160144 iterations=3 converged=1 warm_start=prior candidate=14
[INFO] [1788573280.900404758] [carolus_ros2]: Time to find contours: 0.000270 seconds
[INFO] [1788573280.900820515] [carolus_ros2]: max distance = 107.583211
[INFO] [1788573280.905943027] [carolus_ros2]: [P4P] final_cost=0.0128768 iterations=3 converged=1 warm_start=prior candidate=14
[INFO] [1788573280.936394709] [carolus_ros2]: Time to find contours: 0.000302 seconds
[INFO] [1788573280.936819947] [carolus_ros2]: max distance = 107.749964
[INFO] [1788573280.943084937] [carolus_ros2]: [P4P] final_cost=0.0159004 iterations=3 converged=1 warm_start=prior candidate=14
[INFO] [1788573280.968399478] [carolus_ros2]: Time to find contours: 0.000291 seconds
[INFO] [1788573280.968795031] [carolus_ros2]: max distance = 107.801307
[INFO] [1788573280.974239360] [carolus_ros2]: [P4P] final_cost=0.0221087 iterations=3 converged=1 warm_start=prior candidate=14
[INFO] [1788573281.000487131] [carolus_ros2]: Time to find contours: 0.000303 seconds
[INFO] [1788573281.000880962] [carolus_ros2]: max distance = 107.583211
[INFO] [1788573281.006104342] [carolus_ros2]: [P4P] final_cost=0.0128768 iterations=3 converged=1 warm_start=prior candidate=14
[INFO] [1788573281.036608274] [carolus_ros2]: Time to find contours: 0.000334 seconds
[INFO] [1788573281.037018364] [carolus_ros2]: max distance = 107.801307
[INFO] [1788573281.043387425] [carolus_ros2]: [P4P] final_cost=0.0219128 iterations=3 converged=1 warm_start=prior candidate=14
[INFO] [1788573281.068232166] [carolus_ros2]: Time to find contours: 0.000292 seconds
[INFO] [1788573281.068656663] [carolus_ros2]: max distance = 107.583211
[INFO] [1788573281.075078555] [carolus_ros2]: [P4P] final_cost=0.0128768 iterations=3 converged=1 warm_start=prior candidate=14
[INFO] [1788573281.099880131] [carolus_ros2]: Time to find contours: 0.000293 seconds
[INFO] [1788573281.100312831] [carolus_ros2]: max distance = 107.749964
[INFO] [1788573281.106306949] [carolus_ros2]: [P4P] final_cost=0.0159004 iterations=3 converged=1 warm_start=prior candidate=14
[INFO] [1788573281.136628927] [carolus_ros2]: Time to find contours: 0.000330 seconds
[INFO] [1788573281.137078182] [carolus_ros2]: max distance = 107.583211
[INFO] [1788573281.142348763] [carolus_ros2]: [P4P] final_cost=0.0128768 iterations=3 converged=1 warm_start=prior candidate=14
[INFO] [1788573281.167927485] [carolus_ros2]: Time to find contours: 0.000289 seconds
[INFO] [1788573281.168344982] [carolus_ros2]: max distance = 107.801307
[INFO] [1788573281.174795761] [carolus_ros2]: [P4P] final_cost=0.0221087 iterations=3 converged=1 warm_start=prior candidate=14
[INFO] [1788573281.200053166] [carolus_ros2]: Time to find contours: 0.000311 seconds
[INFO] [1788573281.200480570] [carolus_ros2]: max distance = 107.749964
[INFO] [1788573281.206285272] [carolus_ros2]: [P4P] final_cost=0.0159004 iterations=3 converged=1 warm_start=prior candidate=14
[INFO] [1788573281.236568807] [carolus_ros2]: Time to find contours: 0.000316 seconds
[INFO] [1788573281.236992804] [carolus_ros2]: max distance = 107.749964
[INFO] [1788573281.242494540] [carolus_ros2]: [P4P] final_cost=0.0160144 iterations=3 converged=1 warm_start=prior candidate=14
[INFO] [1788573281.267831811] [carolus_ros2]: Time to find contours: 0.000305 seconds
[INFO] [1788573281.268257752] [carolus_ros2]: max distance = 107.583211
[INFO] [1788573281.274716513] [carolus_ros2]: [P4P] final_cost=0.0128768 iterations=3 converged=1 warm_start=prior candidate=14
[INFO] [1788573281.300162704] [carolus_ros2]: Time to find contours: 0.000301 seconds
[INFO] [1788573281.300567146] [carolus_ros2]: max distance = 107.749964
[INFO] [1788573281.306199320] [carolus_ros2]: [P4P] final_cost=0.0159004 iterations=3 converged=1 warm_start=prior candidate=14
[INFO] [1788573281.336903389] [carolus_ros2]: Time to find contours: 0.000315 seconds
[INFO] [1788573281.337343626] [carolus_ros2]: max distance = 107.583211
[INFO] [1788573281.342569691] [carolus_ros2]: [P4P] final_cost=0.0128768 iterations=3 converged=1 warm_start=prior candidate=14
[INFO] [1788573281.368196077] [carolus_ros2]: Time to find contours: 0.000302 seconds
[INFO] [1788573281.368655257] [carolus_ros2]: max distance = 107.583211
[INFO] [1788573281.375142664] [carolus_ros2]: [P4P] final_cost=0.0128768 iterations=1 converged=1 warm_start=prior candidate=14
[INFO] [1788573281.400148638] [carolus_ros2]: Time to find contours: 0.000297 seconds
[INFO] [1788573281.400587263] [carolus_ros2]: max distance = 107.749964
[INFO] [1788573281.406630286] [carolus_ros2]: [P4P] final_cost=0.0160144 iterations=3 converged=1 warm_start=prior candidate=14
[INFO] [1788573281.436435938] [carolus_ros2]: Time to find contours: 0.000298 seconds
[INFO] [1788573281.436858176] [carolus_ros2]: max distance = 107.583211
[INFO] [1788573281.442299156] [carolus_ros2]: [P4P] final_cost=0.0128768 iterations=3 converged=1 warm_start=prior candidate=14
[INFO] [1788573281.468473736] [carolus_ros2]: Time to find contours: 0.000331 seconds
[INFO] [1788573281.468906676] [carolus_ros2]: max distance = 107.749964
[INFO] [1788573281.474230699] [carolus_ros2]: [P4P] final_cost=0.0160144 iterations=3 converged=1 warm_start=prior candidate=14
[INFO] [1788573281.500342949] [carolus_ros2]: Time to find contours: 0.000309 seconds
[INFO] [1788573281.500830720] [carolus_ros2]: max distance = 107.583211
[INFO] [1788573281.506427525] [carolus_ros2]: [P4P] final_cost=0.0128768 iterations=3 converged=1 warm_start=prior candidate=14
[INFO] [1788573281.536851276] [carolus_ros2]: Time to find contours: 0.000310 seconds
[INFO] [1788573281.537236145] [carolus_ros2]: max distance = 107.749964
[INFO] [1788573281.542596647] [carolus_ros2]: [P4P] final_cost=0.0159004 iterations=3 converged=1 warm_start=prior candidate=14
[INFO] [1788573281.568439133] [carolus_ros2]: Time to find contours: 0.000292 seconds
[INFO] [1788573281.568832113] [carolus_ros2]: max distance = 107.583211
[INFO] [1788573281.574033605] [carolus_ros2]: [P4P] final_cost=0.0128768 iterations=3 converged=1 warm_start=prior candidate=14
[INFO] [1788573281.600825579] [carolus_ros2]: Time to find contours: 0.000299 seconds
[INFO] [1788573281.601217318] [carolus_ros2]: max distance = 107.749964
[INFO] [1788573281.606597875] [carolus_ros2]: [P4P] final_cost=0.0159004 iterations=3 converged=1 warm_start=prior candidate=14
[INFO] [1788573281.636354789] [carolus_ros2]: Time to find contours: 0.000294 seconds
[INFO] [1788573281.636770120] [carolus_ros2]: max distance = 107.749964
[INFO] [1788573281.642811994] [carolus_ros2]: [P4P] final_cost=0.0159004 iterations=1 converged=1 warm_start=prior candidate=14
[INFO] [1788573281.668021291] [carolus_ros2]: Time to find contours: 0.000300 seconds
[INFO] [1788573281.668443825] [carolus_ros2]: max distance = 107.583211
[INFO] [1788573281.674372835] [carolus_ros2]: [P4P] final_cost=0.0128768 iterations=3 converged=1 warm_start=prior candidate=14
[INFO] [1788573281.700148546] [carolus_ros2]: Time to find contours: 0.000294 seconds
[INFO] [1788573281.700615652] [carolus_ros2]: max distance = 107.801307
[INFO] [1788573281.706842924] [carolus_ros2]: [P4P] final_cost=0.0219128 iterations=3 converged=1 warm_start=prior candidate=14
[INFO] [1788573281.736500307] [carolus_ros2]: Time to find contours: 0.000330 seconds
[INFO] [1788573281.736967209] [carolus_ros2]: max distance = 107.749964
[INFO] [1788573281.742281010] [carolus_ros2]: [P4P] final_cost=0.0159004 iterations=3 converged=1 warm_start=prior candidate=14
[INFO] [1788573281.768016927] [carolus_ros2]: Time to find contours: 0.000307 seconds
[INFO] [1788573281.768446942] [carolus_ros2]: max distance = 107.749964
[INFO] [1788573281.774235089] [carolus_ros2]: [P4P] final_cost=0.0159004 iterations=1 converged=1 warm_start=prior candidate=14
[INFO] [1788573281.799992635] [carolus_ros2]: Time to find contours: 0.000299 seconds
[INFO] [1788573281.800393244] [carolus_ros2]: max distance = 107.583211
[INFO] [1788573281.806114376] [carolus_ros2]: [P4P] final_cost=0.0128768 iterations=3 converged=1 warm_start=prior candidate=14
[INFO] [1788573281.836536830] [carolus_ros2]: Time to find contours: 0.000320 seconds
[INFO] [1788573281.836964345] [carolus_ros2]: max distance = 107.583211
[INFO] [1788573281.842400047] [carolus_ros2]: [P4P] final_cost=0.0128768 iterations=1 converged=1 warm_start=prior candidate=14
[INFO] [1788573281.868501872] [carolus_ros2]: Time to find contours: 0.000352 seconds
[INFO] [1788573281.868940886] [carolus_ros2]: max distance = 107.749964
[INFO] [1788573281.874378607] [carolus_ros2]: [P4P] final_cost=0.0159004 iterations=3 converged=1 warm_start=prior candidate=14
[INFO] [1788573281.900209408] [carolus_ros2]: Time to find contours: 0.000294 seconds
[INFO] [1788573281.900677792] [carolus_ros2]: max distance = 107.749964
[INFO] [1788573281.907493960] [carolus_ros2]: [P4P] final_cost=0.0159004 iterations=1 converged=1 warm_start=prior candidate=14
[INFO] [1788573281.936852172] [carolus_ros2]: Time to find contours: 0.000290 seconds
[INFO] [1788573281.937243708] [carolus_ros2]: max distance = 107.749964
[INFO] [1788573281.942709223] [carolus_ros2]: [P4P] final_cost=0.0159004 iterations=1 converged=1 warm_start=prior candidate=14
[INFO] [1788573281.968575856] [carolus_ros2]: Time to find contours: 0.000357 seconds
[INFO] [1788573281.968965929] [carolus_ros2]: max distance = 107.749964
[INFO] [1788573281.974594232] [carolus_ros2]: [P4P] final_cost=0.0159004 iterations=1 converged=1 warm_start=prior candidate=14
[INFO] [1788573282.000340019] [carolus_ros2]: Time to find contours: 0.000341 seconds
[INFO] [1788573282.000783682] [carolus_ros2]: max distance = 107.583211
[INFO] [1788573282.005907050] [carolus_ros2]: [P4P] final_cost=0.0128768 iterations=3 converged=1 warm_start=prior candidate=14
[INFO] [1788573282.036845582] [carolus_ros2]: Time to find contours: 0.000358 seconds
[INFO] [1788573282.037267116] [carolus_ros2]: max distance = 107.583211
[INFO] [1788573282.042714597] [carolus_ros2]: [P4P] final_cost=0.0128768 iterations=1 converged=1 warm_start=prior candidate=14
[INFO] [1788573282.068408582] [carolus_ros2]: Time to find contours: 0.000359 seconds
[INFO] [1788573282.068921037] [carolus_ros2]: max distance = 107.749964
[INFO] [1788573282.075175107] [carolus_ros2]: [P4P] final_cost=0.0160144 iterations=3 converged=1 warm_start=prior candidate=14
[INFO] [1788573282.100083225] [carolus_ros2]: Time to find contours: 0.000351 seconds
[INFO] [1788573282.100527109] [carolus_ros2]: max distance = 107.583211
[INFO] [1788573282.106997631] [carolus_ros2]: [P4P] final_cost=0.0128768 iterations=3 converged=1 warm_start=prior candidate=14
[INFO] [1788573282.136756390] [carolus_ros2]: Time to find contours: 0.000412 seconds
[INFO] [1788573282.137244069] [carolus_ros2]: max distance = 107.749964
[INFO] [1788573282.142731270] [carolus_ros2]: [P4P] final_cost=0.0159004 iterations=3 converged=1 warm_start=prior candidate=14
[INFO] [1788573282.168481900] [carolus_ros2]: Time to find contours: 0.000393 seconds
[INFO] [1788573282.168941580] [carolus_ros2]: max distance = 107.583211
[INFO] [1788573282.174300103] [carolus_ros2]: [P4P] final_cost=0.0128768 iterations=3 converged=1 warm_start=prior candidate=14
[INFO] [1788573282.200659369] [carolus_ros2]: Time to find contours: 0.000412 seconds
[INFO] [1788573282.201146770] [carolus_ros2]: max distance = 107.749964
[INFO] [1788573282.206400057] [carolus_ros2]: [P4P] final_cost=0.0159004 iterations=3 converged=1 warm_start=prior candidate=14
[INFO] [1788573282.236852632] [carolus_ros2]: Time to find contours: 0.000346 seconds
[INFO] [1788573282.237268111] [carolus_ros2]: max distance = 107.583211
[INFO] [1788573282.242477345] [carolus_ros2]: [P4P] final_cost=0.0128768 iterations=3 converged=1 warm_start=prior candidate=14
[INFO] [1788573282.268694063] [carolus_ros2]: Time to find contours: 0.000381 seconds
[INFO] [1788573282.269125133] [carolus_ros2]: max distance = 107.749964
[INFO] [1788573282.274555245] [carolus_ros2]: [P4P] final_cost=0.0159004 iterations=3 converged=1 warm_start=prior candidate=14
[INFO] [1788573282.300650506] [carolus_ros2]: Time to find contours: 0.000398 seconds
[INFO] [1788573282.301060337] [carolus_ros2]: max distance = 107.749964
[INFO] [1788573282.306854541] [carolus_ros2]: [P4P] final_cost=0.0160144 iterations=3 converged=1 warm_start=prior candidate=14
[INFO] [1788573282.336346628] [carolus_ros2]: Time to find contours: 0.000340 seconds
[INFO] [1788573282.336822048] [carolus_ros2]: max distance = 107.583211
[INFO] [1788573282.342477075] [carolus_ros2]: [P4P] final_cost=0.0128768 iterations=3 converged=1 warm_start=prior candidate=14
[INFO] [1788573282.368607056] [carolus_ros2]: Time to find contours: 0.000397 seconds
[INFO] [1788573282.369015350] [carolus_ros2]: max distance = 107.583211
[INFO] [1788573282.374480071] [carolus_ros2]: [P4P] final_cost=0.0128768 iterations=1 converged=1 warm_start=prior candidate=14
[INFO] [1788573282.400743934] [carolus_ros2]: Time to find contours: 0.000415 seconds
[INFO] [1788573282.401173449] [carolus_ros2]: max distance = 107.801307
[INFO] [1788573282.407052853] [carolus_ros2]: [P4P] final_cost=0.0221087 iterations=3 converged=1 warm_start=prior candidate=14
[INFO] [1788573282.436293119] [carolus_ros2]: Time to find contours: 0.000357 seconds
[INFO] [1788573282.436770410] [carolus_ros2]: max distance = 107.749964
[INFO] [1788573282.442781899] [carolus_ros2]: [P4P] final_cost=0.0159004 iterations=3 converged=1 warm_start=prior candidate=14
[INFO] [1788573282.468141494] [carolus_ros2]: Time to find contours: 0.000344 seconds
[INFO] [1788573282.468600822] [carolus_ros2]: max distance = 107.801307
[INFO] [1788573282.474707714] [carolus_ros2]: [P4P] final_cost=0.0221087 iterations=3 converged=1 warm_start=prior candidate=14
[INFO] [1788573282.500371256] [carolus_ros2]: Time to find contours: 0.000355 seconds
[INFO] [1788573282.500807864] [carolus_ros2]: max distance = 107.749964
[INFO] [1788573282.506377746] [carolus_ros2]: [P4P] final_cost=0.0159004 iterations=3 converged=1 warm_start=prior candidate=14
[INFO] [1788573282.536792027] [carolus_ros2]: Time to find contours: 0.000416 seconds
[INFO] [1788573282.537294353] [carolus_ros2]: max distance = 107.583211
[INFO] [1788573282.542682115] [carolus_ros2]: [P4P] final_cost=0.0128768 iterations=3 converged=1 warm_start=prior candidate=14
[INFO] [1788573282.568447300] [carolus_ros2]: Time to find contours: 0.000408 seconds
[INFO] [1788573282.568917517] [carolus_ros2]: max distance = 107.749964
[INFO] [1788573282.574177693] [carolus_ros2]: [P4P] final_cost=0.0159004 iterations=3 converged=1 warm_start=prior candidate=14
[INFO] [1788573282.600433464] [carolus_ros2]: Time to find contours: 0.000368 seconds
[INFO] [1788573282.600911624] [carolus_ros2]: max distance = 107.583211
[INFO] [1788573282.606317071] [carolus_ros2]: [P4P] final_cost=0.0128768 iterations=3 converged=1 warm_start=prior candidate=14
[INFO] [1788573282.637133239] [carolus_ros2]: Time to find contours: 0.000337 seconds
[INFO] [1788573282.637555050] [carolus_ros2]: max distance = 107.749964
[INFO] [1788573282.642691585] [carolus_ros2]: [P4P] final_cost=0.0159004 iterations=3 converged=1 warm_start=prior candidate=14
[INFO] [1788573282.668525155] [carolus_ros2]: Time to find contours: 0.000374 seconds
[INFO] [1788573282.668947707] [carolus_ros2]: max distance = 107.583211
[INFO] [1788573282.674371356] [carolus_ros2]: [P4P] final_cost=0.0128768 iterations=3 converged=1 warm_start=prior candidate=14
[INFO] [1788573282.700573760] [carolus_ros2]: Time to find contours: 0.000352 seconds
[INFO] [1788573282.701006460] [carolus_ros2]: max distance = 107.583211
[INFO] [1788573282.706146049] [carolus_ros2]: [P4P] final_cost=0.0128768 iterations=1 converged=1 warm_start=prior candidate=14
[INFO] [1788573282.736706545] [carolus_ros2]: Time to find contours: 0.000369 seconds
[INFO] [1788573282.737113339] [carolus_ros2]: max distance = 107.749964
[INFO] [1788573282.742968466] [carolus_ros2]: [P4P] final_cost=0.0159004 iterations=3 converged=1 warm_start=prior candidate=14
[INFO] [1788573282.768321654] [carolus_ros2]: Time to find contours: 0.000358 seconds
[INFO] [1788573282.768764798] [carolus_ros2]: max distance = 107.583211
[INFO] [1788573282.774742511] [carolus_ros2]: [P4P] final_cost=0.0128768 iterations=3 converged=1 warm_start=prior candidate=14
[INFO] [1788573282.799937244] [carolus_ros2]: Time to find contours: 0.000343 seconds
[INFO] [1788573282.800365537] [carolus_ros2]: max distance = 107.749964
[INFO] [1788573282.806032099] [carolus_ros2]: [P4P] final_cost=0.0159004 iterations=3 converged=1 warm_start=prior candidate=14
[INFO] [1788573282.836556152] [carolus_ros2]: Time to find contours: 0.000356 seconds
[INFO] [1788573282.837015129] [carolus_ros2]: max distance = 107.583211
[INFO] [1788573282.842747688] [carolus_ros2]: [P4P] final_cost=0.0128768 iterations=3 converged=1 warm_start=prior candidate=14
[INFO] [1788573282.868317050] [carolus_ros2]: Time to find contours: 0.000368 seconds
[INFO] [1788573282.868818191] [carolus_ros2]: max distance = 107.583211
[INFO] [1788573282.874321243] [carolus_ros2]: [P4P] final_cost=0.0128768 iterations=1 converged=1 warm_start=prior candidate=14
[INFO] [1788573282.900360544] [carolus_ros2]: Time to find contours: 0.000362 seconds
[INFO] [1788573282.900816983] [carolus_ros2]: max distance = 107.583211
[INFO] [1788573282.906256854] [carolus_ros2]: [P4P] final_cost=0.0128768 iterations=1 converged=1 warm_start=prior candidate=14
[INFO] [1788573282.936775407] [carolus_ros2]: Time to find contours: 0.000397 seconds
[INFO] [1788573282.937179405] [carolus_ros2]: max distance = 107.749964
[INFO] [1788573282.942758009] [carolus_ros2]: [P4P] final_cost=0.0159004 iterations=3 converged=1 warm_start=prior candidate=14
[INFO] [1788573282.968524991] [carolus_ros2]: Time to find contours: 0.000349 seconds
[INFO] [1788573282.968907434] [carolus_ros2]: max distance = 107.583211
[INFO] [1788573282.974252680] [carolus_ros2]: [P4P] final_cost=0.0128768 iterations=3 converged=1 warm_start=prior candidate=14
[INFO] [1788573283.000598557] [carolus_ros2]: Time to find contours: 0.000352 seconds
[INFO] [1788573283.001012777] [carolus_ros2]: max distance = 107.583211
[INFO] [1788573283.006277992] [carolus_ros2]: [P4P] final_cost=0.0128768 iterations=1 converged=1 warm_start=prior candidate=14
[INFO] [1788573283.036481887] [carolus_ros2]: Time to find contours: 0.000331 seconds
[ERROR] [1788573283.036871534] [carolus_ros2]: Not enough blobs with required circularity.
[INFO] [1788573283.069052959] [carolus_ros2]: Time to find contours: 0.000344 seconds
[INFO] [1788573283.069477049] [carolus_ros2]: max distance = 107.583211
[INFO] [1788573283.075457060] [carolus_ros2]: [P4P] final_cost=0.0128768 iterations=1 converged=1 warm_start=prior candidate=14
[INFO] [1788573283.099946209] [carolus_ros2]: Time to find contours: 0.000296 seconds
[INFO] [1788573283.100382483] [carolus_ros2]: max distance = 107.801307
[INFO] [1788573283.107252116] [carolus_ros2]: [P4P] final_cost=0.0221087 iterations=3 converged=1 warm_start=prior candidate=14
[INFO] [1788573283.136454396] [carolus_ros2]: Time to find contours: 0.000315 seconds
[INFO] [1788573283.136855172] [carolus_ros2]: max distance = 107.583211
[INFO] [1788573283.142445463] [carolus_ros2]: [P4P] final_cost=0.0128768 iterations=3 converged=1 warm_start=prior candidate=14
[INFO] [1788573283.168171159] [carolus_ros2]: Time to find contours: 0.000301 seconds
[INFO] [1788573283.168640672] [carolus_ros2]: max distance = 107.749964
[INFO] [1788573283.175268225] [carolus_ros2]: [P4P] final_cost=0.0159004 iterations=3 converged=1 warm_start=prior candidate=14
[INFO] [1788573283.199882756] [carolus_ros2]: Time to find contours: 0.000283 seconds
[INFO] [1788573283.200295957] [carolus_ros2]: max distance = 107.583211
[INFO] [1788573283.206193732] [carolus_ros2]: [P4P] final_cost=0.0128768 iterations=3 converged=1 warm_start=prior candidate=14
[INFO] [1788573283.236624857] [carolus_ros2]: Time to find contours: 0.000324 seconds
[INFO] [1788573283.237065131] [carolus_ros2]: max distance = 107.583211
[INFO] [1788573283.242064989] [carolus_ros2]: [P4P] final_cost=0.0128768 iterations=1 converged=1 warm_start=prior candidate=14
[INFO] [1788573283.268335399] [carolus_ros2]: Time to find contours: 0.000320 seconds
[INFO] [1788573283.268852335] [carolus_ros2]: max distance = 107.749964
[INFO] [1788573283.274697576] [carolus_ros2]: [P4P] final_cost=0.0159004 iterations=3 converged=1 warm_start=prior candidate=14
[INFO] [1788573283.300232264] [carolus_ros2]: Time to find contours: 0.000328 seconds
[INFO] [1788573283.300743201] [carolus_ros2]: max distance = 107.583211
[INFO] [1788573283.306081005] [carolus_ros2]: [P4P] final_cost=0.0128768 iterations=3 converged=1 warm_start=prior candidate=14
[INFO] [1788573283.336400228] [carolus_ros2]: Time to find contours: 0.000309 seconds
[INFO] [1788573283.336894980] [carolus_ros2]: max distance = 107.583211
[INFO] [1788573283.342431311] [carolus_ros2]: [P4P] final_cost=0.0128768 iterations=1 converged=1 warm_start=prior candidate=14
[INFO] [1788573283.368228800] [carolus_ros2]: Time to find contours: 0.000314 seconds
[INFO] [1788573283.368680036] [carolus_ros2]: max distance = 107.583211
[INFO] [1788573283.374591774] [carolus_ros2]: [P4P] final_cost=0.0128768 iterations=1 converged=1 warm_start=prior candidate=14
[INFO] [1788573283.400484684] [carolus_ros2]: Time to find contours: 0.000335 seconds
[INFO] [1788573283.400926366] [carolus_ros2]: max distance = 107.583211
[INFO] [1788573283.406465270] [carolus_ros2]: [P4P] final_cost=0.0128768 iterations=1 converged=1 warm_start=prior candidate=14
[INFO] [1788573283.436717848] [carolus_ros2]: Time to find contours: 0.000317 seconds
[INFO] [1788573283.437108125] [carolus_ros2]: max distance = 107.749964
[INFO] [1788573283.442614883] [carolus_ros2]: [P4P] final_cost=0.0159004 iterations=3 converged=1 warm_start=prior candidate=14
[INFO] [1788573283.468572179] [carolus_ros2]: Time to find contours: 0.000307 seconds
[INFO] [1788573283.468977936] [carolus_ros2]: max distance = 107.583211
[INFO] [1788573283.474342646] [carolus_ros2]: [P4P] final_cost=0.0128768 iterations=3 converged=1 warm_start=prior candidate=14
[INFO] [1788573283.500447434] [carolus_ros2]: Time to find contours: 0.000289 seconds
[INFO] [1788573283.500846488] [carolus_ros2]: max distance = 107.583211
[INFO] [1788573283.506036873] [carolus_ros2]: [P4P] final_cost=0.0128768 iterations=1 converged=1 warm_start=prior candidate=14
[INFO] [1788573283.536661062] [carolus_ros2]: Time to find contours: 0.000332 seconds
[INFO] [1788573283.537063190] [carolus_ros2]: max distance = 107.583211
[INFO] [1788573283.542543727] [carolus_ros2]: [P4P] final_cost=0.0128768 iterations=1 converged=1 warm_start=prior candidate=14
[INFO] [1788573283.568372326] [carolus_ros2]: Time to find contours: 0.000301 seconds
[INFO] [1788573283.568755158] [carolus_ros2]: max distance = 107.583211
[INFO] [1788573283.573969598] [carolus_ros2]: [P4P] final_cost=0.0128768 iterations=1 converged=1 warm_start=prior candidate=14
[INFO] [1788573283.600852309] [carolus_ros2]: Time to find contours: 0.000295 seconds
[INFO] [1788573283.601242568] [carolus_ros2]: max distance = 107.583211
[INFO] [1788573283.606452748] [carolus_ros2]: [P4P] final_cost=0.0128768 iterations=1 converged=1 warm_start=prior candidate=14
[INFO] [1788573283.636300291] [carolus_ros2]: Time to find contours: 0.000297 seconds
[INFO] [1788573283.636735547] [carolus_ros2]: max distance = 107.749964
[INFO] [1788573283.642675005] [carolus_ros2]: [P4P] final_cost=0.0159004 iterations=3 converged=1 warm_start=prior candidate=14
[INFO] [1788573283.668105661] [carolus_ros2]: Time to find contours: 0.000297 seconds
[INFO] [1788573283.668503863] [carolus_ros2]: max distance = 107.749964
[INFO] [1788573283.674634701] [carolus_ros2]: [P4P] final_cost=0.0159004 iterations=1 converged=1 warm_start=prior candidate=14
[INFO] [1788573283.700196702] [carolus_ros2]: Time to find contours: 0.000281 seconds
[INFO] [1788573283.700619014] [carolus_ros2]: max distance = 107.583211
[INFO] [1788573283.706620247] [carolus_ros2]: [P4P] final_cost=0.0128768 iterations=3 converged=1 warm_start=prior candidate=14
[INFO] [1788573283.736649503] [carolus_ros2]: Time to find contours: 0.000349 seconds
[INFO] [1788573283.737102350] [carolus_ros2]: max distance = 107.749964
[INFO] [1788573283.742396064] [carolus_ros2]: [P4P] final_cost=0.0159004 iterations=3 converged=1 warm_start=prior candidate=14
[INFO] [1788573283.768375432] [carolus_ros2]: Time to find contours: 0.000332 seconds
[INFO] [1788573283.768827206] [carolus_ros2]: max distance = 107.749964
[INFO] [1788573283.774473216] [carolus_ros2]: [P4P] final_cost=0.0159004 iterations=1 converged=1 warm_start=prior candidate=14
[INFO] [1788573283.800024347] [carolus_ros2]: Time to find contours: 0.000304 seconds
[INFO] [1788573283.800463825] [carolus_ros2]: max distance = 107.801307
[INFO] [1788573283.806978458] [carolus_ros2]: [P4P] final_cost=0.0219128 iterations=3 converged=1 warm_start=prior candidate=14
[INFO] [1788573283.836246938] [carolus_ros2]: Time to find contours: 0.000290 seconds
[INFO] [1788573283.836688489] [carolus_ros2]: max distance = 107.583211
[INFO] [1788573283.843175994] [carolus_ros2]: [P4P] final_cost=0.0128768 iterations=3 converged=1 warm_start=prior candidate=14
[INFO] [1788573283.868082047] [carolus_ros2]: Time to find contours: 0.000289 seconds
[INFO] [1788573283.868516525] [carolus_ros2]: max distance = 107.749964
[INFO] [1788573283.874294288] [carolus_ros2]: [P4P] final_cost=0.0159004 iterations=3 converged=1 warm_start=prior candidate=14
[INFO] [1788573283.900480702] [carolus_ros2]: Time to find contours: 0.000305 seconds
[INFO] [1788573283.900868404] [carolus_ros2]: max distance = 107.583211
[INFO] [1788573283.905851633] [carolus_ros2]: [P4P] final_cost=0.0128768 iterations=3 converged=1 warm_start=prior candidate=14
[INFO] [1788573283.936753734] [carolus_ros2]: Time to find contours: 0.000288 seconds
[INFO] [1788573283.937143992] [carolus_ros2]: max distance = 107.801307
[INFO] [1788573283.943080858] [carolus_ros2]: [P4P] final_cost=0.0221087 iterations=3 converged=1 warm_start=prior candidate=14
[INFO] [1788573283.968444406] [carolus_ros2]: Time to find contours: 0.000302 seconds
[INFO] [1788573283.968825720] [carolus_ros2]: max distance = 107.801307
[INFO] [1788573283.974175264] [carolus_ros2]: [P4P] final_cost=0.0221087 iterations=1 converged=1 warm_start=prior candidate=14
[INFO] [1788573284.000547817] [carolus_ros2]: Time to find contours: 0.000306 seconds
[INFO] [1788573284.000960129] [carolus_ros2]: max distance = 107.749964
[INFO] [1788573284.006167423] [carolus_ros2]: [P4P] final_cost=0.0159004 iterations=3 converged=1 warm_start=prior candidate=14
[INFO] [1788573284.036519637] [carolus_ros2]: Time to find contours: 0.000321 seconds
[INFO] [1788573284.036962985] [carolus_ros2]: max distance = 107.749964
[INFO] [1788573284.042478393] [carolus_ros2]: [P4P] final_cost=0.0159004 iterations=1 converged=1 warm_start=prior candidate=14
[INFO] [1788573284.068001572] [carolus_ros2]: Time to find contours: 0.000299 seconds
[INFO] [1788573284.068445642] [carolus_ros2]: max distance = 107.749964
[INFO] [1788573284.074554335] [carolus_ros2]: [P4P] final_cost=0.0159004 iterations=1 converged=1 warm_start=prior candidate=14
[INFO] [1788573284.100098957] [carolus_ros2]: Time to find contours: 0.000297 seconds
[INFO] [1788573284.100539676] [carolus_ros2]: max distance = 107.749964
[INFO] [1788573284.106550337] [carolus_ros2]: [P4P] final_cost=0.0159004 iterations=1 converged=1 warm_start=prior candidate=14
[INFO] [1788573284.136562716] [carolus_ros2]: Time to find contours: 0.000338 seconds
[INFO] [1788573284.137006249] [carolus_ros2]: max distance = 107.583211
[INFO] [1788573284.142392552] [carolus_ros2]: [P4P] final_cost=0.0128768 iterations=3 converged=1 warm_start=prior candidate=14
[INFO] [1788573284.168235197] [carolus_ros2]: Time to find contours: 0.000308 seconds
[INFO] [1788573284.168679286] [carolus_ros2]: max distance = 107.749964
[INFO] [1788573284.174626764] [carolus_ros2]: [P4P] final_cost=0.0159004 iterations=3 converged=1 warm_start=prior candidate=14
[INFO] [1788573284.199901956] [carolus_ros2]: Time to find contours: 0.000310 seconds
[INFO] [1788573284.200313195] [carolus_ros2]: max distance = 107.583211
[INFO] [1788573284.206216712] [carolus_ros2]: [P4P] final_cost=0.0128768 iterations=3 converged=1 warm_start=prior candidate=14
[INFO] [1788573284.236109968] [carolus_ros2]: Time to find contours: 0.000275 seconds
[INFO] [1788573284.236524688] [carolus_ros2]: max distance = 107.749964
[INFO] [1788573284.242739024] [carolus_ros2]: [P4P] final_cost=0.0159004 iterations=3 converged=1 warm_start=prior candidate=14
[INFO] [1788573284.268178670] [carolus_ros2]: Time to find contours: 0.000324 seconds
[INFO] [1788573284.268627758] [carolus_ros2]: max distance = 107.583211
[INFO] [1788573284.274353341] [carolus_ros2]: [P4P] final_cost=0.0128768 iterations=3 converged=1 warm_start=prior candidate=14
[INFO] [1788573284.299893593] [carolus_ros2]: Time to find contours: 0.000285 seconds
[INFO] [1788573284.300299647] [carolus_ros2]: max distance = 107.749964
[INFO] [1788573284.305763224] [carolus_ros2]: [P4P] final_cost=0.0159004 iterations=3 converged=1 warm_start=prior candidate=14
[INFO] [1788573284.336319613] [carolus_ros2]: Time to find contours: 0.000296 seconds
[INFO] [1788573284.336744869] [carolus_ros2]: max distance = 107.583211
[INFO] [1788573284.342661127] [carolus_ros2]: [P4P] final_cost=0.0128768 iterations=3 converged=1 warm_start=prior candidate=14
[INFO] [1788573284.368244563] [carolus_ros2]: Time to find contours: 0.000299 seconds
[INFO] [1788573284.368684485] [carolus_ros2]: max distance = 107.583211
[INFO] [1788573284.374640908] [carolus_ros2]: [P4P] final_cost=0.0128768 iterations=1 converged=1 warm_start=prior candidate=14
[INFO] [1788573284.400169438] [carolus_ros2]: Time to find contours: 0.000307 seconds
[INFO] [1788573284.400602269] [carolus_ros2]: max distance = 107.583211
[INFO] [1788573284.406718128] [carolus_ros2]: [P4P] final_cost=0.0128768 iterations=1 converged=1 warm_start=prior candidate=14
[INFO] [1788573284.436249957] [carolus_ros2]: Time to find contours: 0.000294 seconds
[INFO] [1788573284.436670806] [carolus_ros2]: max distance = 107.749964
[INFO] [1788573284.442733575] [carolus_ros2]: [P4P] final_cost=0.0159004 iterations=3 converged=1 warm_start=prior candidate=14
[INFO] [1788573284.468087948] [carolus_ros2]: Time to find contours: 0.000297 seconds
[INFO] [1788573284.468518075] [carolus_ros2]: max distance = 107.583211
[INFO] [1788573284.474301265] [carolus_ros2]: [P4P] final_cost=0.0128768 iterations=3 converged=1 warm_start=prior candidate=14
[INFO] [1788573284.500283903] [carolus_ros2]: Time to find contours: 0.000308 seconds
[INFO] [1788573284.500699308] [carolus_ros2]: max distance = 107.749964
[INFO] [1788573284.506920680] [carolus_ros2]: [P4P] final_cost=0.0159004 iterations=3 converged=1 warm_start=prior candidate=14
[INFO] [1788573284.536635167] [carolus_ros2]: Time to find contours: 0.000329 seconds
[INFO] [1788573284.537063294] [carolus_ros2]: max distance = 107.583211
[INFO] [1788573284.542302141] [carolus_ros2]: [P4P] final_cost=0.0128768 iterations=3 converged=1 warm_start=prior candidate=14
[INFO] [1788573284.567912260] [carolus_ros2]: Time to find contours: 0.000296 seconds
[INFO] [1788573284.568353257] [carolus_ros2]: max distance = 107.583211
[INFO] [1788573284.574431747] [carolus_ros2]: [P4P] final_cost=0.0128768 iterations=1 converged=1 warm_start=prior candidate=14
[INFO] [1788573284.600292484] [carolus_ros2]: Time to find contours: 0.000302 seconds
[INFO] [1788573284.600725388] [carolus_ros2]: max distance = 107.749964
[INFO] [1788573284.606864968] [carolus_ros2]: [P4P] final_cost=0.0159004 iterations=3 converged=1 warm_start=prior candidate=14
[INFO] [1788573284.636137977] [carolus_ros2]: Time to find contours: 0.000296 seconds
[INFO] [1788573284.636594028] [carolus_ros2]: max distance = 107.583211
[INFO] [1788573284.642473714] [carolus_ros2]: [P4P] final_cost=0.0128768 iterations=3 converged=1 warm_start=prior candidate=14
[INFO] [1788573284.668076833] [carolus_ros2]: Time to find contours: 0.000297 seconds
[INFO] [1788573284.668499664] [carolus_ros2]: max distance = 107.749964
[INFO] [1788573284.673790176] [carolus_ros2]: [P4P] final_cost=0.0159004 iterations=3 converged=1 warm_start=prior candidate=14
[INFO] [1788573284.700021190] [carolus_ros2]: Time to find contours: 0.000299 seconds
[INFO] [1788573284.700472315] [carolus_ros2]: max distance = 107.583211
[INFO] [1788573284.706260450] [carolus_ros2]: [P4P] final_cost=0.0128768 iterations=3 converged=1 warm_start=prior candidate=14
[INFO] [1788573284.736308068] [carolus_ros2]: Time to find contours: 0.000296 seconds
[INFO] [1788573284.736768934] [carolus_ros2]: max distance = 107.749964
[INFO] [1788573284.742867349] [carolus_ros2]: [P4P] final_cost=0.0159004 iterations=3 converged=1 warm_start=prior candidate=14
[INFO] [1788573284.767945403] [carolus_ros2]: Time to find contours: 0.000296 seconds
[INFO] [1788573284.768363215] [carolus_ros2]: max distance = 107.583211
[INFO] [1788573284.774370709] [carolus_ros2]: [P4P] final_cost=0.0128768 iterations=3 converged=1 warm_start=prior candidate=14
[INFO] [1788573284.800092453] [carolus_ros2]: Time to find contours: 0.000300 seconds
[INFO] [1788573284.800517246] [carolus_ros2]: max distance = 107.583211
[INFO] [1788573284.806399543] [carolus_ros2]: [P4P] final_cost=0.0128768 iterations=1 converged=1 warm_start=prior candidate=14
[INFO] [1788573284.836310261] [carolus_ros2]: Time to find contours: 0.000302 seconds
[INFO] [1788573284.836749664] [carolus_ros2]: max distance = 107.583211
[INFO] [1788573284.842675718] [carolus_ros2]: [P4P] final_cost=0.0128768 iterations=1 converged=1 warm_start=prior candidate=14
[INFO] [1788573284.867892950] [carolus_ros2]: Time to find contours: 0.000292 seconds
[INFO] [1788573284.868297429] [carolus_ros2]: max distance = 107.583211
[INFO] [1788573284.874047048] [carolus_ros2]: [P4P] final_cost=0.0128768 iterations=1 converged=1 warm_start=prior candidate=14
[INFO] [1788573284.900279024] [carolus_ros2]: Time to find contours: 0.000309 seconds
[INFO] [1788573284.900701188] [carolus_ros2]: max distance = 107.749964
[INFO] [1788573284.906767587] [carolus_ros2]: [P4P] final_cost=0.0159004 iterations=3 converged=1 warm_start=prior candidate=14
[INFO] [1788573284.936724784] [carolus_ros2]: Time to find contours: 0.000330 seconds
[INFO] [1788573284.937151725] [carolus_ros2]: max distance = 107.749964
[INFO] [1788573284.942433645] [carolus_ros2]: [P4P] final_cost=0.0159004 iterations=1 converged=1 warm_start=prior candidate=14
[INFO] [1788573284.968867908] [carolus_ros2]: Time to find contours: 0.000281 seconds
[INFO] [1788573284.969250055] [carolus_ros2]: max distance = 107.749964
[INFO] [1788573284.974519290] [carolus_ros2]: [P4P] final_cost=0.0159004 iterations=1 converged=1 warm_start=prior candidate=14
[INFO] [1788573285.000460615] [carolus_ros2]: Time to find contours: 0.000289 seconds
[INFO] [1788573285.000856021] [carolus_ros2]: max distance = 107.583211
[INFO] [1788573285.005663966] [carolus_ros2]: [P4P] final_cost=0.0128768 iterations=3 converged=1 warm_start=prior candidate=14
[INFO] [1788573285.036572368] [carolus_ros2]: Time to find contours: 0.000347 seconds
[INFO] [1788573285.036968348] [carolus_ros2]: max distance = 107.583211
[INFO] [1788573285.042792279] [carolus_ros2]: [P4P] final_cost=0.0128768 iterations=1 converged=1 warm_start=prior candidate=14
[INFO] [1788573285.068410815] [carolus_ros2]: Time to find contours: 0.000333 seconds
[INFO] [1788573285.068886347] [carolus_ros2]: max distance = 107.749964
[INFO] [1788573285.074338815] [carolus_ros2]: [P4P] final_cost=0.0159004 iterations=3 converged=1 warm_start=prior candidate=14
[INFO] [1788573285.100462455] [carolus_ros2]: Time to find contours: 0.000320 seconds
[INFO] [1788573285.100896638] [carolus_ros2]: max distance = 107.749964
[INFO] [1788573285.106484229] [carolus_ros2]: [P4P] final_cost=0.0159004 iterations=1 converged=1 warm_start=prior candidate=14
[INFO] [1788573285.136852990] [carolus_ros2]: Time to find contours: 0.000287 seconds
[INFO] [1788573285.137242526] [carolus_ros2]: max distance = 107.749964
[INFO] [1788573285.142662756] [carolus_ros2]: [P4P] final_cost=0.0159004 iterations=1 converged=1 warm_start=prior candidate=14
[INFO] [1788573285.168478708] [carolus_ros2]: Time to find contours: 0.000288 seconds
[INFO] [1788573285.168872225] [carolus_ros2]: max distance = 107.583211
[INFO] [1788573285.174200663] [carolus_ros2]: [P4P] final_cost=0.0128768 iterations=3 converged=1 warm_start=prior candidate=14
[INFO] [1788573285.200482110] [carolus_ros2]: Time to find contours: 0.000297 seconds
[INFO] [1788573285.200861757] [carolus_ros2]: max distance = 107.749964
[INFO] [1788573285.206303523] [carolus_ros2]: [P4P] final_cost=0.0159004 iterations=3 converged=1 warm_start=prior candidate=14
[INFO] [1788573285.236769261] [carolus_ros2]: Time to find contours: 0.000307 seconds
[INFO] [1788573285.237191610] [carolus_ros2]: max distance = 107.583211
[INFO] [1788573285.243117351] [carolus_ros2]: [P4P] final_cost=0.0128768 iterations=3 converged=1 warm_start=prior candidate=14
[INFO] [1788573285.268023386] [carolus_ros2]: Time to find contours: 0.000303 seconds
[INFO] [1788573285.268458827] [carolus_ros2]: max distance = 107.583211
[INFO] [1788573285.274547227] [carolus_ros2]: [P4P] final_cost=0.0128768 iterations=1 converged=1 warm_start=prior candidate=14
[INFO] [1788573285.300213371] [carolus_ros2]: Time to find contours: 0.000308 seconds
[INFO] [1788573285.300624517] [carolus_ros2]: max distance = 107.583211
[INFO] [1788573285.306282864] [carolus_ros2]: [P4P] final_cost=0.0128768 iterations=1 converged=1 warm_start=prior candidate=14
[INFO] [1788573285.336544372] [carolus_ros2]: Time to find contours: 0.000326 seconds
[INFO] [1788573285.336977887] [carolus_ros2]: max distance = 107.749964
[INFO] [1788573285.342839928] [carolus_ros2]: [P4P] final_cost=0.0159004 iterations=3 converged=1 warm_start=prior candidate=14
[INFO] [1788573285.367928823] [carolus_ros2]: Time to find contours: 0.000298 seconds
[INFO] [1788573285.368347062] [carolus_ros2]: max distance = 107.583211
[INFO] [1788573285.374395130] [carolus_ros2]: [P4P] final_cost=0.0128768 iterations=3 converged=1 warm_start=prior candidate=14
[INFO] [1788573285.400530196] [carolus_ros2]: Time to find contours: 0.000321 seconds
[INFO] [1788573285.400945638] [carolus_ros2]: max distance = 107.583211
[INFO] [1788573285.406308055] [carolus_ros2]: [P4P] final_cost=0.0128768 iterations=1 converged=1 warm_start=prior candidate=14
[INFO] [1788573285.436879140] [carolus_ros2]: Time to find contours: 0.000281 seconds
[INFO] [1788573285.437255584] [carolus_ros2]: max distance = 107.749964
[INFO] [1788573285.442233484] [carolus_ros2]: [P4P] final_cost=0.0159004 iterations=3 converged=1 warm_start=prior candidate=14
[INFO] [1788573285.468647443] [carolus_ros2]: Time to find contours: 0.000340 seconds
[INFO] [1788573285.469068033] [carolus_ros2]: max distance = 107.583211
[INFO] [1788573285.474239052] [carolus_ros2]: [P4P] final_cost=0.0128768 iterations=3 converged=1 warm_start=prior candidate=14
[INFO] [1788573285.500489445] [carolus_ros2]: Time to find contours: 0.000313 seconds
[INFO] [1788573285.500863742] [carolus_ros2]: max distance = 107.583211
[INFO] [1788573285.506138163] [carolus_ros2]: [P4P] final_cost=0.0128768 iterations=1 converged=1 warm_start=prior candidate=14
[INFO] [1788573285.536638252] [carolus_ros2]: Time to find contours: 0.000344 seconds
[INFO] [1788573285.537039472] [carolus_ros2]: max distance = 107.583211
[INFO] [1788573285.543065060] [carolus_ros2]: [P4P] final_cost=0.0128768 iterations=1 converged=1 warm_start=prior candidate=14
[INFO] [1788573285.568024499] [carolus_ros2]: Time to find contours: 0.000292 seconds
[INFO] [1788573285.568435683] [carolus_ros2]: max distance = 107.749964
[INFO] [1788573285.574601430] [carolus_ros2]: [P4P] final_cost=0.0159004 iterations=3 converged=1 warm_start=prior candidate=14
[INFO] [1788573285.600262871] [carolus_ros2]: Time to find contours: 0.000289 seconds
[INFO] [1788573285.600682017] [carolus_ros2]: max distance = 107.583211
[INFO] [1788573285.606437600] [carolus_ros2]: [P4P] final_cost=0.0128768 iterations=3 converged=1 warm_start=prior candidate=14
[INFO] [1788573285.636475248] [carolus_ros2]: Time to find contours: 0.000291 seconds
[INFO] [1788573285.636889839] [carolus_ros2]: max distance = 107.749964
[INFO] [1788573285.642595573] [carolus_ros2]: [P4P] final_cost=0.0159004 iterations=3 converged=1 warm_start=prior candidate=14
[INFO] [1788573285.668237459] [carolus_ros2]: Time to find contours: 0.000323 seconds
[INFO] [1788573285.668648438] [carolus_ros2]: max distance = 107.749964
[INFO] [1788573285.674763522] [carolus_ros2]: [P4P] final_cost=0.0159004 iterations=1 converged=1 warm_start=prior candidate=14
[INFO] [1788573285.700845368] [carolus_ros2]: Time to find contours: 0.000374 seconds
[INFO] [1788573285.701235996] [carolus_ros2]: max distance = 107.801307
[INFO] [1788573285.706491919] [carolus_ros2]: [P4P] final_cost=0.0221087 iterations=3 converged=1 warm_start=prior candidate=14
[INFO] [1788573285.736052425] [carolus_ros2]: Time to find contours: 0.000300 seconds
[INFO] [1788573285.736489996] [carolus_ros2]: max distance = 107.749964
[INFO] [1788573285.741878634] [carolus_ros2]: [P4P] final_cost=0.0159004 iterations=3 converged=1 warm_start=prior candidate=14
[INFO] [1788573285.768187524] [carolus_ros2]: Time to find contours: 0.000300 seconds
[INFO] [1788573285.768622150] [carolus_ros2]: max distance = 107.749964
[INFO] [1788573285.774983481] [carolus_ros2]: [P4P] final_cost=0.0159004 iterations=1 converged=1 warm_start=prior candidate=14
[INFO] [1788573285.800288106] [carolus_ros2]: Time to find contours: 0.000301 seconds
[INFO] [1788573285.800724270] [carolus_ros2]: max distance = 107.801307
[INFO] [1788573285.806786412] [carolus_ros2]: [P4P] final_cost=0.0221087 iterations=3 converged=1 warm_start=prior candidate=14
[INFO] [1788573285.836721158] [carolus_ros2]: Time to find contours: 0.000326 seconds
[INFO] [1788573285.837167080] [carolus_ros2]: max distance = 107.749964
[INFO] [1788573285.842361950] [carolus_ros2]: [P4P] final_cost=0.0159004 iterations=3 converged=1 warm_start=prior candidate=14
[INFO] [1788573285.867948580] [carolus_ros2]: Time to find contours: 0.000276 seconds
[INFO] [1788573285.868332191] [carolus_ros2]: max distance = 107.749964
[INFO] [1788573285.873665517] [carolus_ros2]: [P4P] final_cost=0.0159004 iterations=1 converged=1 warm_start=prior candidate=14
[INFO] [1788573285.968470228] [carolus_ros2]: Time to find contours: 0.000333 seconds
[INFO] [1788573285.968878448] [carolus_ros2]: max distance = 107.749964
[INFO] [1788573285.974581923] [carolus_ros2]: [P4P] final_cost=0.0159004 iterations=1 converged=1 warm_start=prior candidate=14
[INFO] [1788573286.000537608] [carolus_ros2]: Time to find contours: 0.000320 seconds
[INFO] [1788573286.000973253] [carolus_ros2]: max distance = 107.583211
[INFO] [1788573286.006329173] [carolus_ros2]: [P4P] final_cost=0.0128768 iterations=3 converged=1 warm_start=prior candidate=14
[INFO] [1788573286.037688711] [carolus_ros2]: Time to find contours: 0.000412 seconds
[INFO] [1788573286.038230703] [carolus_ros2]: max distance = 107.749964
[INFO] [1788573286.042771922] [carolus_ros2]: [P4P] final_cost=0.0159004 iterations=3 converged=1 warm_start=prior candidate=14
