header:
  stamp:
    sec: 1788574957
    nanosec: 649988000
  frame_id: default_cam
pose:
  position:
    x: 0.1186537863135914
    y: 0.0461136643559213
    z: -0.9848702669223042
  orientation:
    x: 0.03442025619389429
    y: -0.036138486791420316
    z: -0.009103085219894625
    w: 0.9987123657867928
---
header:
  stamp:
    sec: 1788574957
    nanosec: 681989000
  frame_id: default_cam
pose:
  position:
    x: 0.11892229880394667
    y: 0.046165794580047916
    z: -0.9856157283637483
  orientation:
    x: 0.03493897505129142
    y: -0.036872537370665114
    z: -0.009677554588546711
    w: 0.9986621195115992
---
header:
  stamp:
    sec: 1788574957
    nanosec: 713994000
  frame_id: default_cam
pose:
  position:
    x: 0.11900658049907312
    y: 0.04628526007589006
    z: -0.9859369445257025
  orientation:
    x: 0.0353879843689126
    y: -0.035874061306001306
    z: -0.010080132599080143
    w: 0.998678693682059
---
header:
  stamp:
    sec: 1788574957
    nanosec: 749993000
  frame_id: default_cam
pose:
  position:
    x: 0.11907215422626624
    y: 0.04628204364869775
    z: -0.9847715866150075
  orientation:
    x: 0.03544339922057205
    y: -0.03734687429833912
    z: -0.010475106974944607
    w: 0.998618670246906
---
header:
  stamp:
    sec: 1788574957
    nanosec: 781996000
  frame_id: default_cam
pose:
  position:
    x: 0.11901614949270828
    y: 0.04617114361819283
    z: -0.9838843237831941
  orientation:
    x: 0.03444877233185614
    y: -0.037424296413846606
    z: -0.011461609302367282
    w: 0.9986397426674728
---
header:
  stamp:
    sec: 1788574957
    nanosec: 813999000
  frame_id: default_cam
pose:
  position:
    x: 0.11918012268351473
    y: 0.04607097236880494
    z: -0.9834149131781249
  orientation:
    x: 0.03365677435067721
    y: -0.039582993083095354
    z: -0.011689382605192053
    w: 0.9985808763105775
---
header:
  stamp:
    sec: 1788574957
    nanosec: 850000000
  frame_id: default_cam
pose:
  position:
    x: 0.11942828725318662
    y: 0.04611774900183736
    z: -0.9841462507391635
  orientation:
    x: 0.03315142658454955
    y: -0.039961069374945334
    z: -0.0118839978260452
    w: 0.9985804256270451
---
header:
  stamp:
    sec: 1788574957
    nanosec: 882004000
  frame_id: default_cam
pose:
  position:
    x: 0.11921193320870041
    y: 0.04606199769622268
    z: -0.9835506575235046
  orientation:
    x: 0.03254388353299653
    y: -0.038192421030119876
    z: -0.011955708426730402
    w: 0.998668761730567
---
header:
  stamp:
    sec: 1788574957
    nanosec: 914006000
  frame_id: default_cam
pose:
  position:
    x: 0.11918970296443579
    y: 0.04616778466753472
    z: -0.9837502666284802
  orientation:
    x: 0.03268098295719749
    y: -0.03934606731076113
    z: -0.01120679536953214
    w: 0.9986281830980307
---
header:
  stamp:
    sec: 1788574957
    nanosec: 950009000
  frame_id: default_cam
pose:
  position:
    x: 0.11916775114936964
    y: 0.04611717528415942
    z: -0.9835277478433717
  orientation:
    x: 0.03308085864402586
    y: -0.03860105187876208
    z: -0.011212640368571234
    w: 0.9986440268089486
---
header:
  stamp:
    sec: 1788574957
    nanosec: 982013000
  frame_id: default_cam
pose:
  position:
    x: 0.11927745762885696
    y: 0.04606621756653139
    z: -0.983551701053932
  orientation:
    x: 0.032884624609564116
    y: -0.039336692277826255
    z: -0.011782661705999804
    w: 0.9986152387121126
---
header:
  stamp:
    sec: 1788574958
    nanosec: 14012000
  frame_id: default_cam
pose:
  position:
    x: 0.11961977020652016
    y: 0.04608502857281977
    z: -0.9854787238171897
  orientation:
    x: 0.032221178966656175
    y: -0.040317248078161005
    z: -0.01220457205137833
    w: 0.9985926915186419
---
header:
  stamp:
    sec: 1788574958
    nanosec: 50015000
  frame_id: default_cam
pose:
  position:
    x: 0.11942643452464856
    y: 0.046104852579609834
    z: -0.9843261801275027
  orientation:
    x: 0.032913547118096305
    y: -0.039821324594486035
    z: -0.011744846974370941
    w: 0.9985955232691534
---
header:
  stamp:
    sec: 1788574958
    nanosec: 82018000
  frame_id: default_cam
pose:
  position:
    x: 0.11922723392079142
    y: 0.04613199477591923
    z: -0.9837795084970751
  orientation:
    x: 0.03235414403245437
    y: -0.03819636154154118
    z: -0.011679814902929528
    w: 0.9986780408383616
---
header:
  stamp:
    sec: 1788574958
    nanosec: 114022000
  frame_id: default_cam
pose:
  position:
    x: 0.1191313055395209
    y: 0.046056342420161565
    z: -0.9834207243470536
  orientation:
    x: 0.031889247052888245
    y: -0.03916854142709558
    z: -0.011454974732753689
    w: 0.9986579418593464
---
header:
  stamp:
    sec: 1788574958
    nanosec: 150025000
  frame_id: default_cam
pose:
  position:
    x: 0.1193162067374807
    y: 0.046294511066163
    z: -0.9857634169256406
  orientation:
    x: 0.033131245390807196
    y: -0.0380508600008327
    z: -0.011016797480991939
    w: 0.9986656511592426
---
header:
  stamp:
    sec: 1788574958
    nanosec: 182028000
  frame_id: default_cam
pose:
  position:
    x: 0.11915637995208728
    y: 0.04609656546847083
    z: -0.9840143526704446
  orientation:
    x: 0.03305721439627668
    y: -0.03898776412373377
    z: -0.011452433595211232
    w: 0.9986270658207387
---
header:
  stamp:
    sec: 1788574958
    nanosec: 214029000
  frame_id: default_cam
pose:
  position:
    x: 0.11907740716947263
    y: 0.045974932284435145
    z: -0.9827330141587872
  orientation:
    x: 0.03350658513749502
    y: -0.03839352650563558
    z: -0.011705325077577992
    w: 0.9986321801542914
---
header:
  stamp:
    sec: 1788574958
    nanosec: 250030000
  frame_id: default_cam
pose:
  position:
    x: 0.11966365585356557
    y: 0.04601545879151737
    z: -0.9846197088499598
  orientation:
    x: 0.034624589299588567
    y: -0.03541580840451623
    z: -0.011564810705034867
    w: 0.9987057191606775
---
header:
  stamp:
    sec: 1788574958
    nanosec: 282033000
  frame_id: default_cam
pose:
  position:
    x: 0.11958507522647634
    y: 0.045987907536396894
    z: -0.9838683669878635
  orientation:
    x: 0.03469146287231879
    y: -0.035569552778474726
    z: -0.01158016025400656
    w: 0.9986977566848788
---
header:
  stamp:
    sec: 1788574958
    nanosec: 314035000
  frame_id: default_cam
pose:
  position:
    x: 0.11969473752138764
    y: 0.04605643634422994
    z: -0.9844429364249926
  orientation:
    x: 0.035036883763151755
    y: -0.03590130664540099
    z: -0.011046267907846501
    w: 0.9986798750964337
---
header:
  stamp:
    sec: 1788574958
    nanosec: 350040000
  frame_id: default_cam
pose:
  position:
    x: 0.11957612632032623
    y: 0.04609827804975093
    z: -0.9845438534365091
  orientation:
    x: 0.03466000893178872
    y: -0.039672427014572534
    z: -0.011870639681816599
    w: 0.9985408705852586
---
header:
  stamp:
    sec: 1788574958
    nanosec: 382041000
  frame_id: default_cam
pose:
  position:
    x: 0.11926966844857004
    y: 0.04610632687607467
    z: -0.9836064419290199
  orientation:
    x: 0.03294066475335484
    y: -0.03859860526543355
    z: -0.010983076926135623
    w: 0.9986513066623429
---
header:
  stamp:
    sec: 1788574958
    nanosec: 414040000
  frame_id: default_cam
pose:
  position:
    x: 0.11961938038517306
    y: 0.046167234680481735
    z: -0.9840936390195355
  orientation:
    x: 0.03541652528089685
    y: -0.036331860951426154
    z: -0.010154061519413561
    w: 0.9986603830389457
---
header:
  stamp:
    sec: 1788574958
    nanosec: 450048000
  frame_id: default_cam
pose:
  position:
    x: 0.12015929306710146
    y: 0.04622724428326858
    z: -0.9858018914337069
  orientation:
    x: 0.034266030761180094
    y: -0.035192688356225604
    z: -0.013017842755707562
    w: 0.9987080902807002
---
header:
  stamp:
    sec: 1788574958
    nanosec: 482048000
  frame_id: default_cam
pose:
  position:
    x: 0.12020467203114295
    y: 0.04622058708955907
    z: -0.9847547468232005
  orientation:
    x: 0.034353405163825325
    y: -0.03511244937464342
    z: -0.01445930838959338
    w: 0.9986880833640991
---
header:
  stamp:
    sec: 1788574958
    nanosec: 514048000
  frame_id: default_cam
pose:
  position:
    x: 0.1201617431698585
    y: 0.046069601882861196
    z: -0.9825893764908461
  orientation:
    x: 0.03373048529666012
    y: -0.03648646611500916
    z: -0.014291448877164699
    w: 0.9986624788391129
---
header:
  stamp:
    sec: 1788574958
    nanosec: 550055000
  frame_id: default_cam
pose:
  position:
    x: 0.12027767831983
    y: 0.046152120053738505
    z: -0.9827142060041192
  orientation:
    x: 0.033948147731763495
    y: -0.03652822993923172
    z: -0.014425345240108186
    w: 0.9986516515270941
---
header:
  stamp:
    sec: 1788574958
    nanosec: 582057000
  frame_id: default_cam
pose:
  position:
    x: 0.12037710281263864
    y: 0.04611183426306611
    z: -0.9827208243175074
  orientation:
    x: 0.03276346088844437
    y: -0.035922067329894405
    z: -0.014743267287026128
    w: 0.9987085644866881
---
header:
  stamp:
    sec: 1788574958
    nanosec: 614057000
  frame_id: default_cam
pose:
  position:
    x: 0.12030306382300358
    y: 0.04613971820088321
    z: -0.9827669392572536
  orientation:
    x: 0.034008305652896594
    y: -0.03562885689919614
    z: -0.014474874613084238
    w: 0.9986813794737596
---
header:
  stamp:
    sec: 1788574958
    nanosec: 650058000
  frame_id: default_cam
pose:
  position:
    x: 0.12027388396497184
    y: 0.0461652079724004
    z: -0.9827454483588091
  orientation:
    x: 0.034484315210656
    y: -0.03737917011903047
    z: -0.01468762381474648
    w: 0.9985979688304705
---
header:
  stamp:
    sec: 1788574958
    nanosec: 682062000
  frame_id: default_cam
pose:
  position:
    x: 0.12016177691259541
    y: 0.04607368933322016
    z: -0.9826449792431712
  orientation:
    x: 0.03382336635641936
    y: -0.037168845504947326
    z: -0.014285386983708808
    w: 0.9986342596420746
---
header:
  stamp:
    sec: 1788574958
    nanosec: 714065000
  frame_id: default_cam
pose:
  position:
    x: 0.12027664199958789
    y: 0.04616000098132844
    z: -0.9827769806409111
  orientation:
    x: 0.03301228940414087
    y: -0.03753711767795546
    z: -0.01450811245524946
    w: 0.9986444153039231
---
header:
  stamp:
    sec: 1788574958
    nanosec: 750066000
  frame_id: default_cam
pose:
  position:
    x: 0.12034178232891916
    y: 0.04616723945635947
    z: -0.9824314191803466
  orientation:
    x: 0.032828449611236855
    y: -0.036634159228387614
    z: -0.01532589024166518
    w: 0.9986717921129303
---
header:
  stamp:
    sec: 1788574958
    nanosec: 782069000
  frame_id: default_cam
pose:
  position:
    x: 0.12082856276215162
    y: 0.04636187986289125
    z: -0.9843661549234162
  orientation:
    x: 0.035110396976767724
    y: -0.03795138369036189
    z: -0.01574004213065919
    w: 0.9985385338452621
---
header:
  stamp:
    sec: 1788574958
    nanosec: 814072000
  frame_id: default_cam
pose:
  position:
    x: 0.12096654899965538
    y: 0.04626936558647828
    z: -0.9840898109506052
  orientation:
    x: 0.03347052662339357
    y: -0.03534306070738345
    z: -0.016192195128607867
    w: 0.9986833355595276
---
header:
  stamp:
    sec: 1788574958
    nanosec: 850074000
  frame_id: default_cam
pose:
  position:
    x: 0.12120877241436268
    y: 0.04631761040816912
    z: -0.9846173297558297
  orientation:
    x: 0.034648941465219164
    y: -0.03634562334578651
    z: -0.015785999553625918
    w: 0.9986136634039406
---
header:
  stamp:
    sec: 1788574958
    nanosec: 882077000
  frame_id: default_cam
pose:
  position:
    x: 0.12130987627412002
    y: 0.046394766383463744
    z: -0.9845140352387122
  orientation:
    x: 0.035346749245974876
    y: -0.03737287724210406
    z: -0.015588898949153803
    w: 0.9985543858969034
---
header:
  stamp:
    sec: 1788574958
    nanosec: 914078000
  frame_id: default_cam
pose:
  position:
    x: 0.12131343000190226
    y: 0.046408773408541076
    z: -0.9843170139337394
  orientation:
    x: 0.0338558459569636
    y: -0.0373916784366621
    z: -0.015879881510714254
    w: 0.9986007577813234
---
header:
  stamp:
    sec: 1788574958
    nanosec: 950081000
  frame_id: default_cam
pose:
  position:
    x: 0.12113154496536206
    y: 0.04634719464800366
    z: -0.9847566771806139
  orientation:
    x: 0.0326626637497246
    y: -0.03683307501978078
    z: -0.016536362014004193
    w: 0.9986506014180843
---
header:
  stamp:
    sec: 1788574958
    nanosec: 982084000
  frame_id: default_cam
pose:
  position:
    x: 0.12058597901014678
    y: 0.046196746405445806
    z: -0.9834208598901192
  orientation:
    x: 0.03310187505612008
    y: -0.035914768239319585
    z: -0.015676160534981696
    w: 0.9986834600016997
---
header:
  stamp:
    sec: 1788574959
    nanosec: 14085000
  frame_id: default_cam
pose:
  position:
    x: 0.12014249640164792
    y: 0.04612344699979689
    z: -0.982574334239853
  orientation:
    x: 0.03284457908378839
    y: -0.0364736532838806
    z: -0.014773204210395952
    w: 0.9986854653384588
---
header:
  stamp:
    sec: 1788574959
    nanosec: 50088000
  frame_id: default_cam
pose:
  position:
    x: 0.12031838358849352
    y: 0.04634096004216439
    z: -0.9857912002491053
  orientation:
    x: 0.03588916315175125
    y: -0.03545806998075764
    z: -0.014696808618900367
    w: 0.9986183941115475
---
header:
  stamp:
    sec: 1788574959
    nanosec: 82091000
  frame_id: default_cam
pose:
  position:
    x: 0.12028687605223777
    y: 0.046358486028278245
    z: -0.9854095740475348
  orientation:
    x: 0.03536357198051069
    y: -0.035022540890952636
    z: -0.014813879632304208
    w: 0.998650783996368
---
header:
  stamp:
    sec: 1788574959
    nanosec: 114093000
  frame_id: default_cam
pose:
  position:
    x: 0.12024556695874934
    y: 0.04630176528427437
    z: -0.9849092735066668
  orientation:
    x: 0.03359233900889026
    y: -0.035941338148642
    z: -0.015068596607074587
    w: 0.9986754790062136
---
header:
  stamp:
    sec: 1788574959
    nanosec: 150094000
  frame_id: default_cam
pose:
  position:
    x: 0.12024556695874934
    y: 0.04630176528427437
    z: -0.9849092735066668
  orientation:
    x: 0.03359233900889026
    y: -0.035941338148642
    z: -0.015068596607074587
    w: 0.9986754790062136
---
header:
  stamp:
    sec: 1788574959
    nanosec: 182099000
  frame_id: default_cam
pose:
  position:
    x: 0.12020797989709164
    y: 0.04633379435948168
    z: -0.9853142579978531
  orientation:
    x: 0.03327610713377535
    y: -0.03612177668039325
    z: -0.01512609481222064
    w: 0.998678686665138
---
header:
  stamp:
    sec: 1788574959
    nanosec: 214101000
  frame_id: default_cam
pose:
  position:
    x: 0.12016335139920385
    y: 0.04634257897052079
    z: -0.9857862091372783
  orientation:
    x: 0.033031857670274944
    y: -0.03540992290983429
    z: -0.0145753259847715
    w: 0.998720478217408
---
header:
  stamp:
    sec: 1788574959
    nanosec: 250102000
  frame_id: default_cam
pose:
  position:
    x: 0.11999218658886503
    y: 0.046219778489113544
    z: -0.9849527606023372
  orientation:
    x: 0.031903415610481246
    y: -0.03639100576474756
    z: -0.01408788625105931
    w: 0.9987288912576787
---
header:
  stamp:
    sec: 1788574959
    nanosec: 282105000
  frame_id: default_cam
pose:
  position:
    x: 0.11992398841474651
    y: 0.046293069093983105
    z: -0.9854957935186562
  orientation:
    x: 0.03598391035672994
    y: -0.03742918166561315
    z: -0.012568255364067336
    w: 0.9985721073174361
---
header:
  stamp:
    sec: 1788574959
    nanosec: 314108000
  frame_id: default_cam
pose:
  position:
    x: 0.11990416729053004
    y: 0.04627496857977857
    z: -0.9858116239895423
  orientation:
    x: 0.03430803429194236
    y: -0.0372707733994521
    z: -0.012581375200815526
    w: 0.9986368495260356
---
header:
  stamp:
    sec: 1788574959
    nanosec: 350110000
  frame_id: default_cam
pose:
  position:
    x: 0.11989073069193007
    y: 0.046249992771370194
    z: -0.9854828846537407
  orientation:
    x: 0.03354056345000541
    y: -0.03650395151669297
    z: -0.013188849135120495
    w: 0.9986834064835634
---
header:
  stamp:
    sec: 1788574959
    nanosec: 382113000
  frame_id: default_cam
pose:
  position:
    x: 0.11968242675823998
    y: 0.046104864919886926
    z: -0.9847171211213951
  orientation:
    x: 0.03277500897245237
    y: -0.03860553459726797
    z: -0.012666934786201924
    w: 0.9986365506271223
---
header:
  stamp:
    sec: 1788574959
    nanosec: 414115000
  frame_id: default_cam
pose:
  position:
    x: 0.11918326970898464
    y: 0.046087710598340915
    z: -0.9834340267566888
  orientation:
    x: 0.03178691286102014
    y: -0.037615888888631877
    z: -0.01214171119136407
    w: 0.9987127794932984
---
header:
  stamp:
    sec: 1788574959
    nanosec: 450117000
  frame_id: default_cam
pose:
  position:
    x: 0.11892169244801414
    y: 0.04622422356082904
    z: -0.9842218923326875
  orientation:
    x: 0.03325191700989213
    y: -0.03608971661766816
    z: -0.011343523288026543
    w: 0.9987307779622283
---
header:
  stamp:
    sec: 1788574959
    nanosec: 482119000
  frame_id: default_cam
pose:
  position:
    x: 0.11894710525859223
    y: 0.046210865175099536
    z: -0.9851278181606713
  orientation:
    x: 0.03260683972325307
    y: -0.03553319409721784
    z: -0.010890782224762481
    w: 0.998777040676769
---
header:
  stamp:
    sec: 1788574959
    nanosec: 514123000
  frame_id: default_cam
pose:
  position:
    x: 0.11893909535396407
    y: 0.04626292682187867
    z: -0.9852214420144192
  orientation:
    x: 0.0329929049482985
    y: -0.035408733033820854
    z: -0.01121119648936695
    w: 0.9987652371409854
---
header:
  stamp:
    sec: 1788574959
    nanosec: 550123000
  frame_id: default_cam
pose:
  position:
    x: 0.1190500717905095
    y: 0.04620502566471126
    z: -0.9840419182445037
  orientation:
    x: 0.03337557416630291
    y: -0.0372069614349416
    z: -0.011938870828154766
    w: 0.9986787153199956
---
header:
  stamp:
    sec: 1788574959
    nanosec: 582128000
  frame_id: default_cam
pose:
  position:
    x: 0.11894382515479053
    y: 0.04610866825725946
    z: -0.9829041125145491
  orientation:
    x: 0.03356182707249306
    y: -0.036949922686217426
    z: -0.0124987484262777
    w: 0.99867516654056
---
header:
  stamp:
    sec: 1788574959
    nanosec: 614129000
  frame_id: default_cam
pose:
  position:
    x: 0.11903489059563127
    y: 0.046172157016745985
    z: -0.9834580249779755
  orientation:
    x: 0.032894682048544815
    y: -0.036718058803712074
    z: -0.011810549513440302
    w: 0.9987142909615356
---
header:
  stamp:
    sec: 1788574959
    nanosec: 650131000
  frame_id: default_cam
pose:
  position:
    x: 0.11903286593521814
    y: 0.046318778738174866
    z: -0.9851398496690565
  orientation:
    x: 0.03361303223291242
    y: -0.03617371528118841
    z: -0.012012738416975097
    w: 0.9987078253936884
---
header:
  stamp:
    sec: 1788574959
    nanosec: 682134000
  frame_id: default_cam
pose:
  position:
    x: 0.11896402997109817
    y: 0.046285732843428094
    z: -0.9848322930621862
  orientation:
    x: 0.034470073796385337
    y: -0.036245891151627664
    z: -0.011313455604378587
    w: 0.9986841618396598
---
header:
  stamp:
    sec: 1788574959
    nanosec: 714135000
  frame_id: default_cam
pose:
  position:
    x: 0.11902586057523566
    y: 0.046238759802689065
    z: -0.9842490321703389
  orientation:
    x: 0.03423457398240699
    y: -0.037460524549971015
    z: -0.011574204053037678
    w: 0.9986444516669698
---
header:
  stamp:
    sec: 1788574959
    nanosec: 750139000
  frame_id: default_cam
pose:
  position:
    x: 0.11903199426181679
    y: 0.046184948277193404
    z: -0.9842341566144763
  orientation:
    x: 0.03508392698187199
    y: -0.03728107829704192
    z: -0.0122447680085379
    w: 0.9986136915369014
---
header:
  stamp:
    sec: 1788574959
    nanosec: 782141000
  frame_id: default_cam
pose:
  position:
    x: 0.11902409026441177
    y: 0.046237535189815805
    z: -0.9851346129124194
  orientation:
    x: 0.03396149665146799
    y: -0.036355041910499965
    z: -0.011966201787286796
    w: 0.9986900108079905
---
header:
  stamp:
    sec: 1788574959
    nanosec: 814142000
  frame_id: default_cam
pose:
  position:
    x: 0.11894197143204865
    y: 0.04638393315606207
    z: -0.98538137614691
  orientation:
    x: 0.03402351761848732
    y: -0.035233267982887374
    z: -0.011563343261605697
    w: 0.998732850250118
---
header:
  stamp:
    sec: 1788574959
    nanosec: 850149000
  frame_id: default_cam
pose:
  position:
    x: 0.11886141348616958
    y: 0.046276232153393666
    z: -0.9852845582081847
  orientation:
    x: 0.0331119212785416
    y: -0.03464262310993181
    z: -0.01076526191509596
    w: 0.9987930708956717
---
header:
  stamp:
    sec: 1788574959
    nanosec: 882149000
  frame_id: default_cam
pose:
  position:
    x: 0.1188347923128789
    y: 0.04624683975411623
    z: -0.9855188033335569
  orientation:
    x: 0.03374614878385703
    y: -0.03574361611330744
    z: -0.011106511400196585
    w: 0.9987293110517581
---
header:
  stamp:
    sec: 1788574959
    nanosec: 914152000
  frame_id: default_cam
pose:
  position:
    x: 0.11884274250224913
    y: 0.046227243154010195
    z: -0.9849423671515899
  orientation:
    x: 0.0342794885375824
    y: -0.03546722983025252
    z: -0.01107106006103244
    w: 0.9987213945354805
---
header:
  stamp:
    sec: 1788574959
    nanosec: 950153000
  frame_id: default_cam
pose:
  position:
    x: 0.11887214141273861
    y: 0.046303413107261916
    z: -0.9858453211188493
  orientation:
    x: 0.03412461293622879
    y: -0.03568578086686567
    z: -0.01085907804536854
    w: 0.9987212405170319
---
header:
  stamp:
    sec: 1788574959
    nanosec: 982156000
  frame_id: default_cam
pose:
  position:
    x: 0.11833654654182225
    y: 0.04610664271612208
    z: -0.9840045845428932
  orientation:
    x: 0.031686549990451146
    y: -0.03373750546013834
    z: -0.009902861719551612
    w: 0.9988792102175283
---
header:
  stamp:
    sec: 1788574960
    nanosec: 14158000
  frame_id: default_cam
pose:
  position:
    x: 0.11831072175797944
    y: 0.04617968667354887
    z: -0.9843582882700409
  orientation:
    x: 0.03167914965120175
    y: -0.0360665825568044
    z: -0.009082102566498296
    w: 0.998805861272861
---
header:
  stamp:
    sec: 1788574960
    nanosec: 50173000
  frame_id: default_cam
pose:
  position:
    x: 0.11825563393157351
    y: 0.046238562046374304
    z: -0.9845992561187321
  orientation:
    x: 0.03289744219410487
    y: -0.036014804415384516
    z: -0.008801652421421488
    w: 0.9987708561400155
---
header:
  stamp:
    sec: 1788574960
    nanosec: 82166000
  frame_id: default_cam
pose:
  position:
    x: 0.11797352470581918
    y: 0.04617530643841985
    z: -0.9832833965381126
  orientation:
    x: 0.03474972979213508
    y: -0.03695519260501315
    z: -0.008896380848260426
    w: 0.9986729316581594
---
header:
  stamp:
    sec: 1788574960
    nanosec: 114168000
  frame_id: default_cam
pose:
  position:
    x: 0.11781297439845732
    y: 0.04616585745397421
    z: -0.9832177126983925
  orientation:
    x: 0.0337081133619107
    y: -0.03774588502455439
    z: -0.008570951668411913
    w: 0.9986819063369433
---
header:
  stamp:
    sec: 1788574960
    nanosec: 150168000
  frame_id: default_cam
pose:
  position:
    x: 0.11751879349698435
    y: 0.04610941543742369
    z: -0.9824135828638443
  orientation:
    x: 0.033577490906639605
    y: -0.03753922786522247
    z: -0.008211383744448532
    w: 0.9986971170743905
---
header:
  stamp:
    sec: 1788574960
    nanosec: 182170000
  frame_id: default_cam
pose:
  position:
    x: 0.11725928706711301
    y: 0.046269520829866184
    z: -0.9833928971398859
  orientation:
    x: 0.034992906666924915
    y: -0.035280253652069854
    z: -0.006566305150989621
    w: 0.9987430519517568
---
header:
  stamp:
    sec: 1788574960
    nanosec: 214171000
  frame_id: default_cam
pose:
  position:
    x: 0.11695334968872088
    y: 0.0462177764835027
    z: -0.9829307903142855
  orientation:
    x: 0.03400427560900207
    y: -0.034223547696652944
    z: -0.0062889296825822585
    w: 0.9988157524723013
---
header:
  stamp:
    sec: 1788574960
    nanosec: 250175000
  frame_id: default_cam
pose:
  position:
    x: 0.11689392514217795
    y: 0.046253515969449474
    z: -0.9833283961699324
  orientation:
    x: 0.03460763424101075
    y: -0.03356268693011747
    z: -0.006790112813936686
    w: 0.9988141729402148
---
header:
  stamp:
    sec: 1788574960
    nanosec: 282178000
  frame_id: default_cam
pose:
  position:
    x: 0.11675342406633689
    y: 0.04625010737590141
    z: -0.9830457382550272
  orientation:
    x: 0.03469560452589147
    y: -0.03463774724551324
    z: -0.007052068313475444
    w: 0.9987726016590768
---
header:
  stamp:
    sec: 1788574960
    nanosec: 314180000
  frame_id: default_cam
pose:
  position:
    x: 0.11648068941627215
    y: 0.04640087796111495
    z: -0.9834026389870087
  orientation:
    x: 0.03485341826194394
    y: -0.03631575871218546
    z: -0.0067316720640238515
    w: 0.9987097123267795
---
header:
  stamp:
    sec: 1788574960
    nanosec: 350182000
  frame_id: default_cam
pose:
  position:
    x: 0.11582902083521734
    y: 0.04645539874128034
    z: -0.9826619652210562
  orientation:
    x: 0.036505323033302575
    y: -0.036444335191542214
    z: -0.005530654490050093
    w: 0.9986533851560272
---
header:
  stamp:
    sec: 1788574960
    nanosec: 382186000
  frame_id: default_cam
pose:
  position:
    x: 0.11541853104814993
    y: 0.046535013997315626
    z: -0.9835371672487845
  orientation:
    x: 0.03573425516550274
    y: -0.03451699777030939
    z: -0.0043139613106655626
    w: 0.9987557407146661
---
header:
  stamp:
    sec: 1788574960
    nanosec: 414187000
  frame_id: default_cam
pose:
  position:
    x: 0.11448052086176749
    y: 0.04659188939570504
    z: -0.9809672791750125
  orientation:
    x: 0.03708378582273542
    y: -0.034292495507691534
    z: -0.0030893633129396043
    w: 0.9987188159913826
---
header:
  stamp:
    sec: 1788574960
    nanosec: 450189000
  frame_id: default_cam
pose:
  position:
    x: 0.11390672744869836
    y: 0.04649111384473903
    z: -0.9792869755734053
  orientation:
    x: 0.035970273490294975
    y: -0.03034719894427804
    z: -0.002322379970877428
    w: 0.9988892798966964
---
header:
  stamp:
    sec: 1788574960
    nanosec: 482192000
  frame_id: default_cam
pose:
  position:
    x: 0.11376489878651903
    y: 0.04693735701067767
    z: -0.9826458521630882
  orientation:
    x: 0.038188571691391775
    y: -0.02819657939248288
    z: -0.0003195661311392222
    w: 0.9988726063819262
---
header:
  stamp:
    sec: 1788574960
    nanosec: 514195000
  frame_id: default_cam
pose:
  position:
    x: 0.1124075695929484
    y: 0.04668043944128536
    z: -0.9774999519404036
  orientation:
    x: 0.03673035023805024
    y: -0.02713202539400153
    z: 0.0005329523922602126
    w: 0.9989566810083194
---
header:
  stamp:
    sec: 1788574960
    nanosec: 550197000
  frame_id: default_cam
pose:
  position:
    x: 0.11243823406032269
    y: 0.04719853933741024
    z: -0.9825853484263034
  orientation:
    x: 0.038878658088797216
    y: -0.030155219106505447
    z: 0.002027902264375094
    w: 0.9987867641885625
---
header:
  stamp:
    sec: 1788574960
    nanosec: 582199000
  frame_id: default_cam
pose:
  position:
    x: 0.11235938416809546
    y: 0.04725005399992977
    z: -0.9828579212897902
  orientation:
    x: 0.0383919321959065
    y: -0.028583199449829462
    z: 0.0025819293584862907
    w: 0.9988505363127479
---
header:
  stamp:
    sec: 1788574960
    nanosec: 614202000
  frame_id: default_cam
pose:
  position:
    x: 0.11245292840063287
    y: 0.04703486044804399
    z: -0.982095113687975
  orientation:
    x: 0.03633429625112726
    y: -0.02988171542452212
    z: 0.001988040642869682
    w: 0.9988908597507665
---
header:
  stamp:
    sec: 1788574960
    nanosec: 650207000
  frame_id: default_cam
pose:
  position:
    x: 0.11244276531411428
    y: 0.04693633763557849
    z: -0.9803106739814892
  orientation:
    x: 0.03827812843313286
    y: -0.029929117586089453
    z: 0.0010792959488220633
    w: 0.9988182356787593
---
header:
  stamp:
    sec: 1788574960
    nanosec: 682208000
  frame_id: default_cam
pose:
  position:
    x: 0.11243806015511103
    y: 0.047038060063337384
    z: -0.9815523539060201
  orientation:
    x: 0.03881838633249674
    y: -0.029353156067885754
    z: 0.0014330695611623756
    w: 0.9988140324520017
---
header:
  stamp:
    sec: 1788574960
    nanosec: 714208000
  frame_id: default_cam
pose:
  position:
    x: 0.11237984189988097
    y: 0.04710998781939819
    z: -0.9829572480328825
  orientation:
    x: 0.039451840664403576
    y: -0.028382465264420665
    z: 0.0024788171123711743
    w: 0.9988152198477093
---
header:
  stamp:
    sec: 1788574960
    nanosec: 750211000
  frame_id: default_cam
pose:
  position:
    x: 0.11219901689676996
    y: 0.047132346438237584
    z: -0.9824584869340457
  orientation:
    x: 0.039882489309420885
    y: -0.027258179005408487
    z: 0.0021909378635201317
    w: 0.9988301049302986
---
header:
  stamp:
    sec: 1788574960
    nanosec: 782213000
  frame_id: default_cam
pose:
  position:
    x: 0.11205134442188389
    y: 0.0469943887613827
    z: -0.9815419410607166
  orientation:
    x: 0.04025389468499166
    y: -0.02801007461251843
    z: 0.0026367773916286946
    w: 0.9987933255122793
---
header:
  stamp:
    sec: 1788574960
    nanosec: 814217000
  frame_id: default_cam
pose:
  position:
    x: 0.11185396294665421
    y: 0.04686031906711281
    z: -0.9806136096107151
  orientation:
    x: 0.03983422468544111
    y: -0.028208951746288135
    z: 0.002627892728961486
    w: 0.9988045773648069
---
header:
  stamp:
    sec: 1788574960
    nanosec: 850219000
  frame_id: default_cam
pose:
  position:
    x: 0.11164655736481327
    y: 0.0468600549217612
    z: -0.9793991467806185
  orientation:
    x: 0.03951467168012044
    y: -0.02816783581164792
    z: 0.0025155914471282296
    w: 0.9988187200625405
---
header:
  stamp:
    sec: 1788574960
    nanosec: 882223000
  frame_id: default_cam
pose:
  position:
    x: 0.11176502104730116
    y: 0.04689553068878971
    z: -0.9800169839186528
  orientation:
    x: 0.03958024442407029
    y: -0.02858652492855975
    z: 0.0026828723112694683
    w: 0.9988037930644842
---
header:
  stamp:
    sec: 1788574960
    nanosec: 914224000
  frame_id: default_cam
pose:
  position:
    x: 0.11243586114218672
    y: 0.04694078861491702
    z: -0.9819488855011622
  orientation:
    x: 0.03867919908659176
    y: -0.029513539041928338
    z: 0.0020513424268953544
    w: 0.9988136275429406
---
header:
  stamp:
    sec: 1788574960
    nanosec: 950231000
  frame_id: default_cam
pose:
  position:
    x: 0.11255670022237159
    y: 0.04658151923581503
    z: -0.9783792092962854
  orientation:
    x: 0.03767531149937234
    y: -0.026845394692125754
    z: -6.231343666603041e-05
    w: 0.9989293727808213
---
header:
  stamp:
    sec: 1788574960
    nanosec: 982227000
  frame_id: default_cam
pose:
  position:
    x: 0.11357345468730984
    y: 0.04680581654262566
    z: -0.9820903161113591
  orientation:
    x: 0.03872365397758748
    y: -0.02947693165172976
    z: -0.0001898485713506279
    w: 0.9988150745160704
---
header:
  stamp:
    sec: 1788574961
    nanosec: 14231000
  frame_id: default_cam
pose:
  position:
    x: 0.11410633297317418
    y: 0.04679938243720563
    z: -0.9833787394072193
  orientation:
    x: 0.03691903288422927
    y: -0.028768099220591634
    z: -0.0007756127247617415
    w: 0.9989037891123592
---
header:
  stamp:
    sec: 1788574961
    nanosec: 50233000
  frame_id: default_cam
pose:
  position:
    x: 0.11401487105826467
    y: 0.04652253047803464
    z: -0.9803063797819069
  orientation:
    x: 0.03465936307147684
    y: -0.02619267939154
    z: -0.0021281683971006403
    w: 0.9990536236844573
---
header:
  stamp:
    sec: 1788574961
    nanosec: 82235000
  frame_id: default_cam
pose:
  position:
    x: 0.11400780078387944
    y: 0.046429372843034056
    z: -0.9795800411773157
  orientation:
    x: 0.034453980086074115
    y: -0.02649377647101816
    z: -0.0025438076375877356
    w: 0.999051816527669
---
header:
  stamp:
    sec: 1788574961
    nanosec: 114237000
  frame_id: default_cam
pose:
  position:
    x: 0.11396417507712905
    y: 0.0464386732306865
    z: -0.9795061962993706
  orientation:
    x: 0.03523560371568491
    y: -0.027121685343742288
    z: -0.0023349827293642823
    w: 0.999008215316851
---
header:
  stamp:
    sec: 1788574961
    nanosec: 150240000
  frame_id: default_cam
pose:
  position:
    x: 0.11400364389851579
    y: 0.04652320226964191
    z: -0.9809980997830823
  orientation:
    x: 0.036585900483677034
    y: -0.02767051530287498
    z: -0.002452566257668467
    w: 0.9989443424873198
---
header:
  stamp:
    sec: 1788574961
    nanosec: 182243000
  frame_id: default_cam
pose:
  position:
    x: 0.11408844437726415
    y: 0.046666614969954105
    z: -0.9822500878933704
  orientation:
    x: 0.03631479998018504
    y: -0.02660963074950701
    z: -0.00198378806718446
    w: 0.9989840976905882
---
header:
  stamp:
    sec: 1788574961
    nanosec: 214244000
  frame_id: default_cam
pose:
  position:
    x: 0.11406143877716515
    y: 0.04642837879055388
    z: -0.9791811601983696
  orientation:
    x: 0.03557300369305344
    y: -0.028347464600056806
    z: -0.00143845094098297
    w: 0.9989639200280923
---
header:
  stamp:
    sec: 1788574961
    nanosec: 250247000
  frame_id: default_cam
pose:
  position:
    x: 0.11482252876288049
    y: 0.04664431178385908
    z: -0.9824473495925794
  orientation:
    x: 0.03558175364046472
    y: -0.027808826426761496
    z: -0.002431175645620786
    w: 0.9989768252395126
---
header:
  stamp:
    sec: 1788574961
    nanosec: 282251000
  frame_id: default_cam
pose:
  position:
    x: 0.11500970995698521
    y: 0.04665559614277224
    z: -0.9816880745156396
  orientation:
    x: 0.03602239682919837
    y: -0.028100067459875783
    z: -0.0029614518333233673
    w: 0.9989514517425104
---
header:
  stamp:
    sec: 1788574961
    nanosec: 314252000
  frame_id: default_cam
pose:
  position:
    x: 0.11495766911003867
    y: 0.04664654690389193
    z: -0.9814136610940654
  orientation:
    x: 0.03552811434233694
    y: -0.02526867904058639
    z: -0.003940289489870132
    w: 0.999041401078833
---
header:
  stamp:
    sec: 1788574961
    nanosec: 350254000
  frame_id: default_cam
pose:
  position:
    x: 0.1152227891403258
    y: 0.046599189464833185
    z: -0.9823976460839978
  orientation:
    x: 0.034570976666179976
    y: -0.02848435273257974
    z: -0.003821941363323541
    w: 0.9989889298615715
---
header:
  stamp:
    sec: 1788574961
    nanosec: 382257000
  frame_id: default_cam
pose:
  position:
    x: 0.11546124946498286
    y: 0.046474928108703926
    z: -0.9839214660858758
  orientation:
    x: 0.03231159127838797
    y: -0.02600793393152745
    z: -0.004380117714997376
    w: 0.9991298028837267
---
header:
  stamp:
    sec: 1788574961
    nanosec: 882293000
  frame_id: default_cam
pose:
  position:
    x: 0.11562563869163565
    y: 0.0465355567383152
    z: -0.9832063460479078
  orientation:
    x: 0.03470489470592225
    y: -0.025909463554567948
    z: -0.004576655533552683
    w: 0.9990512120036152
---
header:
  stamp:
    sec: 1788574961
    nanosec: 914297000
  frame_id: default_cam
pose:
  position:
    x: 0.11558919853951874
    y: 0.04644134995207497
    z: -0.9823808883365247
  orientation:
    x: 0.03387592443535416
    y: -0.02900026327332818
    z: -0.004763427757508757
    w: 0.998993851947912
---
header:
  stamp:
    sec: 1788574961
    nanosec: 950298000
  frame_id: default_cam
pose:
  position:
    x: 0.11555537727218347
    y: 0.04643311641575963
    z: -0.982547078198554
  orientation:
    x: 0.03350794546091861
    y: -0.027838139960196195
    z: -0.004802955195659909
    w: 0.9990391319542659
---
header:
  stamp:
    sec: 1788574961
    nanosec: 982300000
  frame_id: default_cam
pose:
  position:
    x: 0.11576575773689307
    y: 0.046438254784287925
    z: -0.9834528377167404
  orientation:
    x: 0.033529668914016625
    y: -0.026154121318654695
    z: -0.0046190124189627035
    w: 0.9990847751641694
---
header:
  stamp:
    sec: 1788574962
    nanosec: 14304000
  frame_id: default_cam
pose:
  position:
    x: 0.11596613924354113
    y: 0.04653493845862561
    z: -0.9841273372290825
  orientation:
    x: 0.03354929006072408
    y: -0.02641910670367317
    z: -0.005078025832024553
    w: 0.99907491690616
---
header:
  stamp:
    sec: 1788574962
    nanosec: 50303000
  frame_id: default_cam
pose:
  position:
    x: 0.11590060825855182
    y: 0.046389485605792403
    z: -0.9817835690660459
  orientation:
    x: 0.03407813493979535
    y: -0.027822155496002983
    z: -0.005326364655051115
    w: 0.9990176365921388
---
header:
  stamp:
    sec: 1788574962
    nanosec: 82306000
  frame_id: default_cam
pose:
  position:
    x: 0.11594695004195371
    y: 0.046442167195005275
    z: -0.9826706350986391
  orientation:
    x: 0.03374544046747212
    y: -0.026928689227733033
    z: -0.005187473397910057
    w: 0.9990541432094051
---
header:
  stamp:
    sec: 1788574962
    nanosec: 114310000
  frame_id: default_cam
pose:
  position:
    x: 0.11580169412818399
    y: 0.046433599501580665
    z: -0.9827779913006932
  orientation:
    x: 0.032898233382039434
    y: -0.02742521343074808
    z: -0.005287134768499372
    w: 0.9990683710910673
---
header:
  stamp:
    sec: 1788574962
    nanosec: 150313000
  frame_id: default_cam
pose:
  position:
    x: 0.11579896324049126
    y: 0.04638425759142937
    z: -0.9826285835436201
  orientation:
    x: 0.03366555950978001
    y: -0.026685749853106
    z: -0.005655268568693975
    w: 0.9990608183664731
---
header:
  stamp:
    sec: 1788574962
    nanosec: 182314000
  frame_id: default_cam
pose:
  position:
    x: 0.1160445377576145
    y: 0.04648079409972465
    z: -0.9835491739563513
  orientation:
    x: 0.0342151846874347
    y: -0.025762949183087462
    z: -0.006016077811109943
    w: 0.9990642613936128
---
header:
  stamp:
    sec: 1788574962
    nanosec: 214318000
  frame_id: default_cam
pose:
  position:
    x: 0.11609905418789673
    y: 0.046453286045793095
    z: -0.982521270328359
  orientation:
    x: 0.03434631928357894
    y: -0.02744540933661034
    z: -0.006293780403312889
    w: 0.9990132472526334
---
header:
  stamp:
    sec: 1788574962
    nanosec: 250321000
  frame_id: default_cam
pose:
  position:
    x: 0.11626885353361517
    y: 0.046602841107191935
    z: -0.984494831969195
  orientation:
    x: 0.034846071614377076
    y: -0.026852248755987546
    z: -0.005823528455603315
    w: 0.9990149120739484
---
header:
  stamp:
    sec: 1788574962
    nanosec: 282323000
  frame_id: default_cam
pose:
  position:
    x: 0.11611978773855156
    y: 0.04654857125445564
    z: -0.9842536283439757
  orientation:
    x: 0.03442491160436472
    y: -0.025819827739059494
    z: -0.00602347814722071
    w: 0.9990555438350597
---
header:
  stamp:
    sec: 1788574962
    nanosec: 314327000
  frame_id: default_cam
pose:
  position:
    x: 0.11619095843559189
    y: 0.04657333375020939
    z: -0.9833927227881635
  orientation:
    x: 0.034583876317739626
    y: -0.026338332195687195
    z: -0.005723609424509817
    w: 0.9990382815744072
---
header:
  stamp:
    sec: 1788574962
    nanosec: 350330000
  frame_id: default_cam
pose:
  position:
    x: 0.11633962910806465
    y: 0.04657513240249655
    z: -0.9839263310815392
  orientation:
    x: 0.034955083836253203
    y: -0.02791420998061658
    z: -0.006299652308643186
    w: 0.9989791055752612
---
header:
  stamp:
    sec: 1788574962
    nanosec: 382328000
  frame_id: default_cam
pose:
  position:
    x: 0.11612651900378701
    y: 0.0465473902390964
    z: -0.9835225998647064
  orientation:
    x: 0.034511078980228524
    y: -0.026928075064565356
    z: -0.005618189609963124
    w: 0.9990256754190275
---
header:
  stamp:
    sec: 1788574962
    nanosec: 414332000
  frame_id: default_cam
pose:
  position:
    x: 0.11597315086885279
    y: 0.046480629460294055
    z: -0.9833195715655907
  orientation:
    x: 0.0352165506262764
    y: -0.028681908687547962
    z: -0.004882573230823361
    w: 0.9989561067207466
---
header:
  stamp:
    sec: 1788574962
    nanosec: 450334000
  frame_id: default_cam
pose:
  position:
    x: 0.11605875526802913
    y: 0.04665689356254575
    z: -0.9841549687537962
  orientation:
    x: 0.035567244061448455
    y: -0.03024392826987372
    z: -0.005123642230120384
    w: 0.9988964031584946
---
header:
  stamp:
    sec: 1788574962
    nanosec: 482338000
  frame_id: default_cam
pose:
  position:
    x: 0.11634008734888696
    y: 0.04673517352056995
    z: -0.9849901355597424
  orientation:
    x: 0.039651477645440976
    y: -0.031101070407334588
    z: -0.005259005493877595
    w: 0.9987155884441108
---
header:
  stamp:
    sec: 1788574962
    nanosec: 514338000
  frame_id: default_cam
pose:
  position:
    x: 0.11631593288546554
    y: 0.04670407841608168
    z: -0.9843571723946563
  orientation:
    x: 0.03995419797579215
    y: -0.028980255043570272
    z: -0.004901766428317274
    w: 0.9987691322661124
---
header:
  stamp:
    sec: 1788574962
    nanosec: 550341000
  frame_id: default_cam
pose:
  position:
    x: 0.11625968593958823
    y: 0.04651413623081434
    z: -0.9830499448572422
  orientation:
    x: 0.03725836163632825
    y: -0.028546720983592483
    z: -0.004974902838514344
    w: 0.9988854536687422
---
header:
  stamp:
    sec: 1788574962
    nanosec: 582344000
  frame_id: default_cam
pose:
  position:
    x: 0.11634492940222525
    y: 0.0465036550431342
    z: -0.9830670750568922
  orientation:
    x: 0.036284733880724535
    y: -0.027543842048319563
    z: -0.005416071272819489
    w: 0.9989471562722374
---
header:
  stamp:
    sec: 1788574962
    nanosec: 614345000
  frame_id: default_cam
pose:
  position:
    x: 0.11646524237823566
    y: 0.04650946487842252
    z: -0.9835241825797789
  orientation:
    x: 0.03608809606870698
    y: -0.028217988681499193
    z: -0.005843106469747952
    w: 0.9989330570882564
---
header:
  stamp:
    sec: 1788574962
    nanosec: 650349000
  frame_id: default_cam
pose:
  position:
    x: 0.1165140611232666
    y: 0.04655568517539693
    z: -0.9838553950858486
  orientation:
    x: 0.03634220525104395
    y: -0.02832977508754956
    z: -0.005963548911858934
    w: 0.9989199687889695
---
header:
  stamp:
    sec: 1788574962
    nanosec: 682351000
  frame_id: default_cam
pose:
  position:
    x: 0.11646746758747982
    y: 0.04647597778818815
    z: -0.9833138080968707
  orientation:
    x: 0.03597323262287159
    y: -0.027221469680143454
    z: -0.006238052691227575
    w: 0.998962464170569
---
header:
  stamp:
    sec: 1788574962
    nanosec: 714354000
  frame_id: default_cam
pose:
  position:
    x: 0.11646746758747982
    y: 0.04647597778818815
    z: -0.9833138080968707
  orientation:
    x: 0.03597323262287159
    y: -0.027221469680143454
    z: -0.006238052691227575
    w: 0.998962464170569
---
header:
  stamp:
    sec: 1788574962
    nanosec: 750355000
  frame_id: default_cam
pose:
  position:
    x: 0.11631698753575472
    y: 0.04640925449877616
    z: -0.9830772262094651
  orientation:
    x: 0.03570334298257393
    y: -0.02862801477361639
    z: -0.006081128890899167
    w: 0.9989337955747631
---
header:
  stamp:
    sec: 1788574962
    nanosec: 782359000
  frame_id: default_cam
pose:
  position:
    x: 0.11641621573858653
    y: 0.046568001290244236
    z: -0.9840555743860169
  orientation:
    x: 0.036764472148436395
    y: -0.02836642951007009
    z: -0.005458593831701714
    w: 0.9989063634885291
---
header:
  stamp:
    sec: 1788574962
    nanosec: 814363000
  frame_id: default_cam
pose:
  position:
    x: 0.11629002103426153
    y: 0.04664561301919242
    z: -0.9839794732360315
  orientation:
    x: 0.036370313957544684
    y: -0.02705108149516505
    z: -0.005820885380584161
    w: 0.9989552325034179
---
header:
  stamp:
    sec: 1788574962
    nanosec: 850363000
  frame_id: default_cam
pose:
  position:
    x: 0.11642238468420267
    y: 0.046595658622079685
    z: -0.9842114651027362
  orientation:
    x: 0.03701788720492624
    y: -0.026445554167259615
    z: -0.005325230648982899
    w: 0.9989504245007381
---
header:
  stamp:
    sec: 1788574962
    nanosec: 882366000
  frame_id: default_cam
pose:
  position:
    x: 0.1163866286237736
    y: 0.046540848047227995
    z: -0.9841475600486128
  orientation:
    x: 0.038821136574082746
    y: -0.026441318152506877
    z: -0.005552789156429199
    w: 0.9988808450371038
---
header:
  stamp:
    sec: 1788574962
    nanosec: 914370000
  frame_id: default_cam
pose:
  position:
    x: 0.11641121214069725
    y: 0.04658640386905932
    z: -0.9847408420743472
  orientation:
    x: 0.03660150007581919
    y: -0.02812450741710071
    z: -0.005573693551645983
    w: 0.9989185533440339
---
header:
  stamp:
    sec: 1788574962
    nanosec: 950371000
  frame_id: default_cam
pose:
  position:
    x: 0.11626928071882073
    y: 0.0466734512968396
    z: -0.9840932580104649
  orientation:
    x: 0.03668685268768371
    y: -0.03018019232327731
    z: -0.005464632136192205
    w: 0.9988560299797055
---
header:
  stamp:
    sec: 1788574963
    nanosec: 50381000
  frame_id: default_cam
pose:
  position:
    x: 0.11646638861554247
    y: 0.046474388951816055
    z: -0.9827093028369782
  orientation:
    x: 0.033522817803346844
    y: -0.02629199228414229
    z: -0.006657466135781167
    w: 0.9990698824271029
---
header:
  stamp:
    sec: 1788574963
    nanosec: 150385000
  frame_id: default_cam
pose:
  position:
    x: 0.11646523991366037
    y: 0.046509462055526966
    z: -0.9835241702990597
  orientation:
    x: 0.03608802177780678
    y: -0.028217947319856943
    z: -0.005843116536887148
    w: 0.9989330608816362
---
header:
  stamp:
    sec: 1788574963
    nanosec: 182391000
  frame_id: default_cam
pose:
  position:
    x: 0.11644063239265096
    y: 0.0464623491484929
    z: -0.9830671237914252
  orientation:
    x: 0.03597657720228301
    y: -0.027208940328245456
    z: -0.005894931056590263
    w: 0.9989647687715819
---
header:
  stamp:
    sec: 1788574963
    nanosec: 214391000
  frame_id: default_cam
pose:
  position:
    x: 0.11632913285079996
    y: 0.04641044835173124
    z: -0.9825903691173905
  orientation:
    x: 0.035762180363541334
    y: -0.026643258164844256
    z: -0.005718647374503061
    w: 0.9989887388365362
---
header:
  stamp:
    sec: 1788574963
    nanosec: 250394000
  frame_id: default_cam
pose:
  position:
    x: 0.11646524157670865
    y: 0.04650946421318926
    z: -0.9835241792130766
  orientation:
    x: 0.036088079684910505
    y: -0.028217972462122307
    z: -0.005843109356406388
    w: 0.9989330581214296
---
header:
  stamp:
    sec: 1788574963
    nanosec: 282395000
  frame_id: default_cam
pose:
  position:
    x: 0.11651143092511164
    y: 0.046545965513661365
    z: -0.9837345277813803
  orientation:
    x: 0.036445479085382725
    y: -0.027121851178473717
    z: -0.0059559381173627714
    w: 0.9989497780389321
---
header:
  stamp:
    sec: 1788574963
    nanosec: 314398000
  frame_id: default_cam
pose:
  position:
    x: 0.11641720727827065
    y: 0.04649727494703613
    z: -0.9826393760938379
  orientation:
    x: 0.03635985270307273
    y: -0.0276159900737303
    z: -0.006272699016272414
    w: 0.9989374211884895
---
header:
  stamp:
    sec: 1788574963
    nanosec: 350402000
  frame_id: default_cam
pose:
  position:
    x: 0.11653167258468322
    y: 0.04646929800072585
    z: -0.9830731891606408
  orientation:
    x: 0.03598558425046124
    y: -0.028101703300558882
    z: -0.005767041761299891
    w: 0.9989404753172652
---
header:
  stamp:
    sec: 1788574963
    nanosec: 382401000
  frame_id: default_cam
pose:
  position:
    x: 0.11658235768088758
    y: 0.046491690788294016
    z: -0.9837051602019776
  orientation:
    x: 0.03593129088685329
    y: -0.027873440378979042
    z: -0.006197869353528081
    w: 0.9989462448360874
---
header:
  stamp:
    sec: 1788574963
    nanosec: 414404000
  frame_id: default_cam
pose:
  position:
    x: 0.11653163918279519
    y: 0.04646922591323188
    z: -0.9830728969557262
  orientation:
    x: 0.035983513403371394
    y: -0.028101191372220256
    z: -0.005766995135303186
    w: 0.9989405645851612
---
header:
  stamp:
    sec: 1788574963
    nanosec: 450410000
  frame_id: default_cam
pose:
  position:
    x: 0.1164641362956724
    y: 0.046460566250822476
    z: -0.9827540306867238
  orientation:
    x: 0.03602794749782316
    y: -0.027855402528797733
    z: -0.0059189699336840975
    w: 0.9989449581152992
---
header:
  stamp:
    sec: 1788574963
    nanosec: 482410000
  frame_id: default_cam
pose:
  position:
    x: 0.11644479927166354
    y: 0.04643733788520515
    z: -0.9829629692291931
  orientation:
    x: 0.035752577831561744
    y: -0.027431689560167807
    z: -0.006297200714710721
    w: 0.9989642640502369
---
header:
  stamp:
    sec: 1788574963
    nanosec: 514413000
  frame_id: default_cam
pose:
  position:
    x: 0.1166470203464788
    y: 0.046497967873232494
    z: -0.9835559585421024
  orientation:
    x: 0.035537648531233035
    y: -0.027176235890898764
    z: -0.006684556890458538
    w: 0.9989763983392456
---
header:
  stamp:
    sec: 1788574963
    nanosec: 550414000
  frame_id: default_cam
pose:
  position:
    x: 0.11664834956647965
    y: 0.04653360740216272
    z: -0.9836545764287196
  orientation:
    x: 0.03684895990996067
    y: -0.02782389268771326
    z: -0.007164027448384609
    w: 0.9989077344079259
---
header:
  stamp:
    sec: 1788574963
    nanosec: 582417000
  frame_id: default_cam
pose:
  position:
    x: 0.11683662627205792
    y: 0.04652518342700512
    z: -0.9843934189875605
  orientation:
    x: 0.03549290641339033
    y: -0.027877507572330377
    z: -0.006641000957638077
    w: 0.9989589557495171
---
header:
  stamp:
    sec: 1788574963
    nanosec: 614419000
  frame_id: default_cam
pose:
  position:
    x: 0.11683145646808085
    y: 0.04649799385982472
    z: -0.9839312016175049
  orientation:
    x: 0.035490954310057624
    y: -0.02826104423147751
    z: -0.006914245779646357
    w: 0.9989463943307502
---
header:
  stamp:
    sec: 1788574963
    nanosec: 650421000
  frame_id: default_cam
pose:
  position:
    x: 0.11682628849323536
    y: 0.046481446758671476
    z: -0.9837169228153423
  orientation:
    x: 0.0355093320349564
    y: -0.02618207433823108
    z: -0.00690952516426312
    w: 0.9990024248137653
---
header:
  stamp:
    sec: 1788574963
    nanosec: 682424000
  frame_id: default_cam
pose:
  position:
    x: 0.11675104711303687
    y: 0.04642876951577005
    z: -0.98292439686715
  orientation:
    x: 0.03541274752492375
    y: -0.02632283400673397
    z: -0.007313811723327382
    w: 0.9989992762162871
---
header:
  stamp:
    sec: 1788574963
    nanosec: 714426000
  frame_id: default_cam
pose:
  position:
    x: 0.11673879255760344
    y: 0.04651142560203738
    z: -0.9832983892535969
  orientation:
    x: 0.03723165443503392
    y: -0.02818357674049805
    z: -0.007064032609599742
    w: 0.9988841721408109
---
header:
  stamp:
    sec: 1788574963
    nanosec: 750430000
  frame_id: default_cam
pose:
  position:
    x: 0.11684961302107177
    y: 0.04652088053816712
    z: -0.9840608654923383
  orientation:
    x: 0.0357402887695267
    y: -0.02598353016707671
    z: -0.0068385116797915054
    w: 0.9989998611995563
---
header:
  stamp:
    sec: 1788574963
    nanosec: 782433000
  frame_id: default_cam
pose:
  position:
    x: 0.11683662558788824
    y: 0.04652518280344508
    z: -0.9843934159516688
  orientation:
    x: 0.03549289075194844
    y: -0.02787749338125834
    z: -0.006641002812181327
    w: 0.9989589566896614
---
header:
  stamp:
    sec: 1788574963
    nanosec: 814436000
  frame_id: default_cam
pose:
  position:
    x: 0.11667562489947665
    y: 0.04648911736436429
    z: -0.9828267862494656
  orientation:
    x: 0.03390159548051533
    y: -0.02778390475807477
    z: -0.00632427703463681
    w: 0.9990188887004384
---
header:
  stamp:
    sec: 1788574963
    nanosec: 850437000
  frame_id: default_cam
pose:
  position:
    x: 0.1166115915186814
    y: 0.0465066581333609
    z: -0.9833514311665145
  orientation:
    x: 0.036369918061507765
    y: -0.02752819031727507
    z: -0.006628867227641599
    w: 0.9989371781635387
---
header:
  stamp:
    sec: 1788574963
    nanosec: 882438000
  frame_id: default_cam
pose:
  position:
    x: 0.11639964424520627
    y: 0.04623641387962042
    z: -0.9811420420068685
  orientation:
    x: 0.03407819029332359
    y: -0.027095333189326075
    z: -0.006292962998226156
    w: 0.9990319907202143
---
header:
  stamp:
    sec: 1788574963
    nanosec: 914441000
  frame_id: default_cam
pose:
  position:
    x: 0.11652627860478655
    y: 0.046442736048538484
    z: -0.9831514262116975
  orientation:
    x: 0.035152250170163296
    y: -0.025934532770436832
    z: -0.006674742032962187
    w: 0.9990231064078282
---
header:
  stamp:
    sec: 1788574963
    nanosec: 950443000
  frame_id: default_cam
pose:
  position:
    x: 0.1165152114172796
    y: 0.04641661963498335
    z: -0.9826230319733088
  orientation:
    x: 0.035097202633208445
    y: -0.026463474621527903
    z: -0.006475785367738473
    w: 0.9990124799431438
---
header:
  stamp:
    sec: 1788574963
    nanosec: 982448000
  frame_id: default_cam
pose:
  position:
    x: 0.11689795710158597
    y: 0.04648001618810139
    z: -0.9842988298500037
  orientation:
    x: 0.033251596838577646
    y: -0.027406928134044876
    z: -0.0077543664773731995
    w: 0.9990410709267535
---
header:
  stamp:
    sec: 1788574964
    nanosec: 14450000
  frame_id: default_cam
pose:
  position:
    x: 0.11682986572017053
    y: 0.04634728379472309
    z: -0.9824977340284929
  orientation:
    x: 0.03320311329946975
    y: -0.027919374058154988
    z: -0.007436008404210127
    w: 0.9990309142356086
---
header:
  stamp:
    sec: 1788574964
    nanosec: 50450000
  frame_id: default_cam
pose:
  position:
    x: 0.11702285783921204
    y: 0.04641739776634304
    z: -0.9834598014198304
  orientation:
    x: 0.03345632668020785
    y: -0.028562012961070325
    z: -0.007628693202980719
    w: 0.9990028471734671
---
header:
  stamp:
    sec: 1788574964
    nanosec: 82453000
  frame_id: default_cam
pose:
  position:
    x: 0.11688217815923932
    y: 0.04634559887013873
    z: -0.9827632237450136
  orientation:
    x: 0.035728942191566485
    y: -0.02873056683915052
    z: -0.007452682567459271
    w: 0.9989206448670092
---
header:
  stamp:
    sec: 1788574964
    nanosec: 114457000
  frame_id: default_cam
pose:
  position:
    x: 0.1170249833615216
    y: 0.04641604338644878
    z: -0.9835342198578719
  orientation:
    x: 0.03550709937491121
    y: -0.028844918416570647
    z: -0.007478255833581803
    w: 0.9989250683936253
---
header:
  stamp:
    sec: 1788574964
    nanosec: 150458000
  frame_id: default_cam
pose:
  position:
    x: 0.11720702252946057
    y: 0.04646410193018213
    z: -0.9841301160991442
  orientation:
    x: 0.03473804628898502
    y: -0.02980980817128271
    z: -0.007711172483401018
    w: 0.9989220096162398
---
header:
  stamp:
    sec: 1788574964
    nanosec: 182462000
  frame_id: default_cam
pose:
  position:
    x: 0.11735691904308043
    y: 0.0465048649407583
    z: -0.9846285577983346
  orientation:
    x: 0.03395423052338566
    y: -0.030010376917987594
    z: -0.007772920879244425
    w: 0.9989424754247914
---
header:
  stamp:
    sec: 1788574964
    nanosec: 214464000
  frame_id: default_cam
pose:
  position:
    x: 0.11732844248736697
    y: 0.04640949525714686
    z: -0.9840078444758634
  orientation:
    x: 0.03338526241773726
    y: -0.030402623649968572
    z: -0.0083553390194428
    w: 0.9989450901017369
---
header:
  stamp:
    sec: 1788574964
    nanosec: 250465000
  frame_id: default_cam
pose:
  position:
    x: 0.11722018961711235
    y: 0.04641525541010339
    z: -0.9837276114098533
  orientation:
    x: 0.034573923495251485
    y: -0.030210145130945727
    z: -0.0084231331610083
    w: 0.998909926756694
---
header:
  stamp:
    sec: 1788574964
    nanosec: 282468000
  frame_id: default_cam
pose:
  position:
    x: 0.11722703215798039
    y: 0.04647492383731288
    z: -0.984034343522844
  orientation:
    x: 0.03493919657333264
    y: -0.02999534226100539
    z: -0.00790682990733702
    w: 0.9989079106835983
---
header:
  stamp:
    sec: 1788574964
    nanosec: 314470000
  frame_id: default_cam
pose:
  position:
    x: 0.11710592865190103
    y: 0.04645355018791458
    z: -0.9840296080501322
  orientation:
    x: 0.0345426115395673
    y: -0.029248017561775672
    z: -0.007149210582122321
    w: 0.9989495734243972
---
header:
  stamp:
    sec: 1788574964
    nanosec: 346473000
  frame_id: default_cam
pose:
  position:
    x: 0.1168084028745694
    y: 0.04627982317429344
    z: -0.9822339637687572
  orientation:
    x: 0.03275945953311885
    y: -0.027949238906621317
    z: -0.007108134324628944
    w: 0.9990471121433971
---
header:
  stamp:
    sec: 1788574964
    nanosec: 382480000
  frame_id: default_cam
pose:
  position:
    x: 0.11715779207587763
    y: 0.04646411931059759
    z: -0.9839305438497576
  orientation:
    x: 0.03376174036354038
    y: -0.029159590078754283
    z: -0.007582633441742411
    w: 0.9989756587946236
---
header:
  stamp:
    sec: 1788574964
    nanosec: 414478000
  frame_id: default_cam
pose:
  position:
    x: 0.11707487037561141
    y: 0.04643052936198672
    z: -0.9834140249189434
  orientation:
    x: 0.03370103514936341
    y: -0.028917175721136182
    z: -0.007989094837613932
    w: 0.9989815871885978
---
header:
  stamp:
    sec: 1788574964
    nanosec: 446481000
  frame_id: default_cam
pose:
  position:
    x: 0.1171577449998028
    y: 0.04646405042221763
    z: -0.983930377690434
  orientation:
    x: 0.03375985645785494
    y: -0.029158762314938653
    z: -0.007583041351908483
    w: 0.9989757435273697
---
header:
  stamp:
    sec: 1788574964
    nanosec: 482480000
  frame_id: default_cam
pose:
  position:
    x: 0.11722585412573024
    y: 0.04647311495836757
    z: -0.9839737410973579
  orientation:
    x: 0.03392750249810318
    y: -0.02955552618971887
    z: -0.007979119290859664
    w: 0.9989553188712857
---
header:
  stamp:
    sec: 1788574964
    nanosec: 514485000
  frame_id: default_cam
pose:
  position:
    x: 0.11735016968819206
    y: 0.04644527713142365
    z: -0.9843224953719986
  orientation:
    x: 0.03359136600368348
    y: -0.030225687524840294
    z: -0.00828984150530339
    w: 0.9989440957688644
---
header:
  stamp:
    sec: 1788574964
    nanosec: 546486000
  frame_id: default_cam
pose:
  position:
    x: 0.11732719056206052
    y: 0.04640182036492849
    z: -0.9839277138455966
  orientation:
    x: 0.03385688734600319
    y: -0.029475118583425913
    z: -0.00831705378900507
    w: 0.9989573340138226
---
header:
  stamp:
    sec: 1788574964
    nanosec: 582494000
  frame_id: default_cam
pose:
  position:
    x: 0.1173284422016423
    y: 0.046409495110834094
    z: -0.9840078435921394
  orientation:
    x: 0.03338525915363164
    y: -0.03040261597787575
    z: -0.00835533964712724
    w: 0.9989450904390731
---
header:
  stamp:
    sec: 1788574964
    nanosec: 614493000
  frame_id: default_cam
pose:
  position:
    x: 0.11702687679403019
    y: 0.04643230328958576
    z: -0.9832753077142999
  orientation:
    x: 0.03373408176024272
    y: -0.028708253654611975
    z: -0.007788540582920426
    w: 0.998988081277992
---
header:
  stamp:
    sec: 1788574964
    nanosec: 646493000
  frame_id: default_cam
pose:
  position:
    x: 0.11685957809250618
    y: 0.0464060031769318
    z: -0.9832597670443971
  orientation:
    x: 0.03398084751198548
    y: -0.02883538815867268
    z: -0.0074655253206165235
    w: 0.9989785224537078
---
header:
  stamp:
    sec: 1788574964
    nanosec: 682497000
  frame_id: default_cam
pose:
  position:
    x: 0.11653733123673017
    y: 0.046469662464132235
    z: -0.9836270186140164
  orientation:
    x: 0.034321742858587766
    y: -0.025523746585358584
    z: -0.006906513114018937
    w: 0.999060987329603
---
header:
  stamp:
    sec: 1788574964
    nanosec: 714499000
  frame_id: default_cam
pose:
  position:
    x: 0.11640650661603212
    y: 0.046468090930188714
    z: -0.9840782189986368
  orientation:
    x: 0.03595083422188468
    y: -0.026425905916724033
    z: -0.006245482423931027
    w: 0.9989845859494146
---
header:
  stamp:
    sec: 1788574964
    nanosec: 746501000
  frame_id: default_cam
pose:
  position:
    x: 0.11630837798036742
    y: 0.04650812374359814
    z: -0.9835277202591722
  orientation:
    x: 0.03634259944356455
    y: -0.02729566962954869
    z: -0.006107623058085193
    w: 0.9989478759303407
---
header:
  stamp:
    sec: 1788574964
    nanosec: 782509000
  frame_id: default_cam
pose:
  position:
    x: 0.11642752827615728
    y: 0.04661261035684823
    z: -0.9844281163627296
  orientation:
    x: 0.03697912918714256
    y: -0.028581229274460124
    z: -0.0053263227162703135
    w: 0.9988930311219734
---
header:
  stamp:
    sec: 1788574964
    nanosec: 814507000
  frame_id: default_cam
pose:
  position:
    x: 0.1165097802066459
    y: 0.04656636064124049
    z: -0.9846180327686925
  orientation:
    x: 0.0361244509792237
    y: -0.02540891686424291
    z: -0.005980086227286642
    w: 0.9990063310880216
---
header:
  stamp:
    sec: 1788574964
    nanosec: 846511000
  frame_id: default_cam
pose:
  position:
    x: 0.1167499577558552
    y: 0.046554964096052115
    z: -0.9839717649114753
  orientation:
    x: 0.035191015836539705
    y: -0.026830969188677313
    z: -0.0066185977673507285
    w: 0.9989984412702467
---
header:
  stamp:
    sec: 1788574964
    nanosec: 882511000
  frame_id: default_cam
pose:
  position:
    x: 0.11677096012300414
    y: 0.04636224250855828
    z: -0.9821609773380329
  orientation:
    x: 0.033482486310116896
    y: -0.027771446795134453
    z: -0.00731193815444941
    w: 0.9990266289813416
---
header:
  stamp:
    sec: 1788574964
    nanosec: 914514000
  frame_id: default_cam
pose:
  position:
    x: 0.1169786322362293
    y: 0.04643555138665773
    z: -0.9831170254994792
  orientation:
    x: 0.0337950678234998
    y: -0.028510552358757896
    z: -0.00760092237727225
    w: 0.9989931269903803
---
header:
  stamp:
    sec: 1788574964
    nanosec: 946516000
  frame_id: default_cam
pose:
  position:
    x: 0.11709489130889823
    y: 0.04644137236508249
    z: -0.9833184021883761
  orientation:
    x: 0.033902541915316206
    y: -0.02910433000271103
    z: -0.008184645338154484
    w: 0.9989677508345612
---
header:
  stamp:
    sec: 1788574964
    nanosec: 982524000
  frame_id: default_cam
pose:
  position:
    x: 0.11682986958813875
    y: 0.046347285571599055
    z: -0.9824977467763923
  orientation:
    x: 0.03320314806552365
    y: -0.02791946844114968
    z: -0.007435997171789583
    w: 0.9990309105260776
---
header:
  stamp:
    sec: 1788574965
    nanosec: 14521000
  frame_id: default_cam
pose:
  position:
    x: 0.11685792944318973
    y: 0.04639777808951414
    z: -0.9831718431732102
  orientation:
    x: 0.03443480294045858
    y: -0.027878748474161223
    z: -0.007429810042517581
    w: 0.9989903991794408
---
header:
  stamp:
    sec: 1788574965
    nanosec: 46526000
  frame_id: default_cam
pose:
  position:
    x: 0.11682986775275349
    y: 0.04634728713747392
    z: -0.9824977473799676
  orientation:
    x: 0.03320320490590843
    y: -0.027919394465811688
    z: -0.007435999014630961
    w: 0.9990309106906017
---
header:
  stamp:
    sec: 1788574965
    nanosec: 82527000
  frame_id: default_cam
pose:
  position:
    x: 0.11682986775275349
    y: 0.04634728713747392
    z: -0.9824977473799676
  orientation:
    x: 0.03320320490590843
    y: -0.027919394465811688
    z: -0.007435999014630961
    w: 0.9990309106906017
---
header:
  stamp:
    sec: 1788574965
    nanosec: 114530000
  frame_id: default_cam
pose:
  position:
    x: 0.117109518995924
    y: 0.046467398984528514
    z: -0.983772235548843
  orientation:
    x: 0.033823507659676955
    y: -0.028961858013703472
    z: -0.007394834538710699
    w: 0.9989807293096974
---
header:
  stamp:
    sec: 1788574965
    nanosec: 146531000
  frame_id: default_cam
pose:
  position:
    x: 0.1170956424499741
    y: 0.04645680042026945
    z: -0.9834206781118651
  orientation:
    x: 0.03145313099639452
    y: -0.030677623088239125
    z: -0.00837237960213983
    w: 0.9989992428685706
---
header:
  stamp:
    sec: 1788574965
    nanosec: 182536000
  frame_id: default_cam
pose:
  position:
    x: 0.11738782093592813
    y: 0.0465050485544583
    z: -0.984438834804811
  orientation:
    x: 0.03030711376258754
    y: -0.028795254174633536
    z: -0.008239174048613983
    w: 0.9990918016896128
---
header:
  stamp:
    sec: 1788574965
    nanosec: 214537000
  frame_id: default_cam
pose:
  position:
    x: 0.1173491236702166
    y: 0.04645027206877156
    z: -0.9842949372513106
  orientation:
    x: 0.0313374547385694
    y: -0.030392051368441676
    z: -0.008456778550593985
    w: 0.9990108958568331
---
header:
  stamp:
    sec: 1788574965
    nanosec: 246537000
  frame_id: default_cam
pose:
  position:
    x: 0.11726079434079034
    y: 0.046480565837415465
    z: -0.9839923048923557
  orientation:
    x: 0.03302173695714312
    y: -0.029935439036906337
    z: -0.008257434811972261
    w: 0.9989720962811358
---
header:
  stamp:
    sec: 1788574965
    nanosec: 282542000
  frame_id: default_cam
pose:
  position:
    x: 0.11739189000948566
    y: 0.0465171570012191
    z: -0.9846724450214914
  orientation:
    x: 0.03211414614204534
    y: -0.030852079368127176
    z: -0.008123952312970471
    w: 0.9989748906829674
---
header:
  stamp:
    sec: 1788574965
    nanosec: 314543000
  frame_id: default_cam
pose:
  position:
    x: 0.1173570874327263
    y: 0.04650969957809138
    z: -0.984654169874941
  orientation:
    x: 0.03302031474764512
    y: -0.030464180953284917
    z: -0.007843636278682713
    w: 0.9989594936045904
---
header:
  stamp:
    sec: 1788574965
    nanosec: 346545000
  frame_id: default_cam
pose:
  position:
    x: 0.11735691888641335
    y: 0.04650486367304401
    z: -0.9846285534080121
  orientation:
    x: 0.03395419416255649
    y: -0.03001038951448656
    z: -0.007772922097910272
    w: 0.9989424762727932
---
header:
  stamp:
    sec: 1788574965
    nanosec: 382549000
  frame_id: default_cam
pose:
  position:
    x: 0.11739205135400503
    y: 0.04650947070477041
    z: -0.9846494580063402
  orientation:
    x: 0.03403914421009633
    y: -0.030215424163416132
    z: -0.007978574586389902
    w: 0.998931783032074
---
header:
  stamp:
    sec: 1788574965
    nanosec: 414550000
  frame_id: default_cam
pose:
  position:
    x: 0.11746656795946434
    y: 0.046407721484723594
    z: -0.984116473891803
  orientation:
    x: 0.03300261968020764
    y: -0.02889453343671128
    z: -0.008926632009116007
    w: 0.9989976217552733
---
header:
  stamp:
    sec: 1788574965
    nanosec: 446551000
  frame_id: default_cam
pose:
  position:
    x: 0.11758881843435152
    y: 0.04633901217862292
    z: -0.9841196476605288
  orientation:
    x: 0.03029530020106851
    y: -0.029443516792209235
    z: -0.009603718478309875
    w: 0.9990610805631572
---
header:
  stamp:
    sec: 1788574965
    nanosec: 482555000
  frame_id: default_cam
pose:
  position:
    x: 0.11779951291679179
    y: 0.04655662707074735
    z: -0.9857147633395701
  orientation:
    x: 0.03363484270606366
    y: -0.03019170332980461
    z: -0.009218872009118865
    w: 0.9989355188424641
---
header:
  stamp:
    sec: 1788574965
    nanosec: 514557000
  frame_id: default_cam
pose:
  position:
    x: 0.11750030961383547
    y: 0.04640263234591919
    z: -0.9843499983170865
  orientation:
    x: 0.033230494526123346
    y: -0.02943962831105732
    z: -0.008974863056779029
    w: 0.9989737205510304
---
header:
  stamp:
    sec: 1788574965
    nanosec: 546560000
  frame_id: default_cam
pose:
  position:
    x: 0.11762309261040461
    y: 0.046454292973102766
    z: -0.9850715553981073
  orientation:
    x: 0.035653120643269906
    y: -0.029907077777156264
    z: -0.008142728790186838
    w: 0.998883435469363
---
header:
  stamp:
    sec: 1788574965
    nanosec: 582565000
  frame_id: default_cam
pose:
  position:
    x: 0.11746010269040345
    y: 0.04642776329833822
    z: -0.9843123567568017
  orientation:
    x: 0.03577266368199627
    y: -0.029587585048158224
    z: -0.008243824002728805
    w: 0.9988878469127177
---
header:
  stamp:
    sec: 1788574965
    nanosec: 614565000
  frame_id: default_cam
pose:
  position:
    x: 0.11740806517835001
    y: 0.04657301926821121
    z: -0.9842609037483961
  orientation:
    x: 0.03658677261194432
    y: -0.03029946783869025
    z: -0.007528363310878542
    w: 0.9988426673227339
---
header:
  stamp:
    sec: 1788574965
    nanosec: 646567000
  frame_id: default_cam
pose:
  position:
    x: 0.11741832237504139
    y: 0.04659431350286728
    z: -0.9853000115513675
  orientation:
    x: 0.03476203135872976
    y: -0.029519742334297553
    z: -0.00785614257948353
    w: 0.9989286596209472
---
header:
  stamp:
    sec: 1788574965
    nanosec: 682567000
  frame_id: default_cam
pose:
  position:
    x: 0.11756118949606918
    y: 0.04653240829837691
    z: -0.9853343846134028
  orientation:
    x: 0.03422719715468146
    y: -0.030730960827623225
    z: -0.008420954639049441
    w: 0.9989059988530016
---
header:
  stamp:
    sec: 1788574965
    nanosec: 714572000
  frame_id: default_cam
pose:
  position:
    x: 0.11772836472848887
    y: 0.04662805307380658
    z: -0.9856190703136662
  orientation:
    x: 0.03471713532182201
    y: -0.02872494641250924
    z: -0.009174947192802993
    w: 0.9989421496326272
---
header:
  stamp:
    sec: 1788574965
    nanosec: 746574000
  frame_id: default_cam
pose:
  position:
    x: 0.11779953756206651
    y: 0.04673689062668313
    z: -0.9871847667228377
  orientation:
    x: 0.03360082755277988
    y: -0.02781691658936616
    z: -0.009096887671874714
    w: 0.9990067317960944
---
header:
  stamp:
    sec: 1788574965
    nanosec: 782579000
  frame_id: default_cam
pose:
  position:
    x: 0.11762535568627384
    y: 0.0466431596361462
    z: -0.9865335596891562
  orientation:
    x: 0.03310371829954913
    y: -0.02685159453029643
    z: -0.00851104854572012
    w: 0.999054902274433
---
header:
  stamp:
    sec: 1788574965
    nanosec: 814579000
  frame_id: default_cam
pose:
  position:
    x: 0.11728149044014734
    y: 0.04654383502935686
    z: -0.9843821741839897
  orientation:
    x: 0.0333611749297437
    y: -0.024581980424047006
    z: -0.008123078971648219
    w: 0.9991079890751347
---
header:
  stamp:
    sec: 1788574965
    nanosec: 846582000
  frame_id: default_cam
pose:
  position:
    x: 0.11718180906595078
    y: 0.04649042903772593
    z: -0.9839106712602953
  orientation:
    x: 0.033911308317046966
    y: -0.025364286389329246
    z: -0.007863056203301428
    w: 0.9990719936477701
---
header:
  stamp:
    sec: 1788574965
    nanosec: 882584000
  frame_id: default_cam
pose:
  position:
    x: 0.11723240783400649
    y: 0.046683963648555975
    z: -0.9848000572338282
  orientation:
    x: 0.035167136457884864
    y: -0.024960937318411428
    z: -0.00861518866859558
    w: 0.99903253332699
---
header:
  stamp:
    sec: 1788574965
    nanosec: 914588000
  frame_id: default_cam
pose:
  position:
    x: 0.11728096984328541
    y: 0.046558780729888775
    z: -0.9848526629573573
  orientation:
    x: 0.03444186258395518
    y: -0.02599006115946413
    z: -0.00871197025476808
    w: 0.9990307184451113
---
header:
  stamp:
    sec: 1788574965
    nanosec: 946588000
  frame_id: default_cam
pose:
  position:
    x: 0.11724334148160592
    y: 0.04657964571182334
    z: -0.984795325662673
  orientation:
    x: 0.03470088839950515
    y: -0.025639249050023013
    z: -0.008297564599402814
    w: 0.9990343475947935
---
header:
  stamp:
    sec: 1788574965
    nanosec: 982592000
  frame_id: default_cam
pose:
  position:
    x: 0.11727496132664114
    y: 0.04657084439468601
    z: -0.985703925617507
  orientation:
    x: 0.03293198341089022
    y: -0.028951816321184917
    z: -0.008116177123037735
    w: 0.9990052074284882
---
header:
  stamp:
    sec: 1788574966
    nanosec: 14591000
  frame_id: default_cam
pose:
  position:
    x: 0.11725202610406935
    y: 0.04672436128428844
    z: -0.9859799627457524
  orientation:
    x: 0.03420519708130509
    y: -0.02843657388647052
    z: -0.007289359336710261
    w: 0.9989835989638112
---
header:
  stamp:
    sec: 1788574966
    nanosec: 46597000
  frame_id: default_cam
pose:
  position:
    x: 0.11729820577625844
    y: 0.04668154742133867
    z: -0.9857442977979105
  orientation:
    x: 0.03330408387275483
    y: -0.026686782714266416
    z: -0.008327213078077754
    w: 0.9990542083130977
---
header:
  stamp:
    sec: 1788574966
    nanosec: 82600000
  frame_id: default_cam
pose:
  position:
    x: 0.11724596124496682
    y: 0.04659552487542801
    z: -0.9852495039716684
  orientation:
    x: 0.034413649384564746
    y: -0.02659780458999888
    z: -0.008534994740061601
    w: 0.9990172227703663
---
header:
  stamp:
    sec: 1788574966
    nanosec: 114601000
  frame_id: default_cam
pose:
  position:
    x: 0.11743872219252513
    y: 0.04671494531500226
    z: -0.9867206466513101
  orientation:
    x: 0.03482245592351736
    y: -0.026759680550516633
    z: -0.00831176532366595
    w: 0.9990006159244815
---
header:
  stamp:
    sec: 1788574966
    nanosec: 146604000
  frame_id: default_cam
pose:
  position:
    x: 0.11738910199409608
    y: 0.046745167987559746
    z: -0.9863536073142818
  orientation:
    x: 0.03415746455273876
    y: -0.027438375468505638
    z: -0.008376559532696799
    w: 0.999004622820822
---
header:
  stamp:
    sec: 1788574966
    nanosec: 182607000
  frame_id: default_cam
pose:
  position:
    x: 0.11733692375775748
    y: 0.04665598657373138
    z: -0.9854724183874641
  orientation:
    x: 0.03311423257495422
    y: -0.027441730778427043
    z: -0.008516264682395629
    w: 0.999038473858097
---
header:
  stamp:
    sec: 1788574966
    nanosec: 214607000
  frame_id: default_cam
pose:
  position:
    x: 0.11727382403914634
    y: 0.046681615820878875
    z: -0.9860749539726545
  orientation:
    x: 0.03386981515592165
    y: -0.028407206666824093
    z: -0.008011830612613118
    w: 0.9989903286823786
---
header:
  stamp:
    sec: 1788574966
    nanosec: 246612000
  frame_id: default_cam
pose:
  position:
    x: 0.11727382403914634
    y: 0.046681615820878875
    z: -0.9860749539726545
  orientation:
    x: 0.03386981515592165
    y: -0.028407206666824093
    z: -0.008011830612613118
    w: 0.9989903286823786
---
header:
  stamp:
    sec: 1788574966
    nanosec: 282612000
  frame_id: default_cam
pose:
  position:
    x: 0.1171820710822794
    y: 0.046606637347805575
    z: -0.9848815242692005
  orientation:
    x: 0.03476912071101907
    y: -0.026291587832827434
    z: -0.007723301785387571
    w: 0.9990196250643644
---
header:
  stamp:
    sec: 1788574966
    nanosec: 314617000
  frame_id: default_cam
pose:
  position:
    x: 0.1172738236602751
    y: 0.04668161701251502
    z: -0.9860749576687868
  orientation:
    x: 0.03386985059094292
    y: -0.028407173772288814
    z: -0.008011829468721265
    w: 0.998990328425547
---
header:
  stamp:
    sec: 1788574966
    nanosec: 346615000
  frame_id: default_cam
pose:
  position:
    x: 0.11729707692116252
    y: 0.04667704862151803
    z: -0.985819543499881
  orientation:
    x: 0.03374038881367597
    y: -0.029140114403107903
    z: -0.006949228901167602
    w: 0.9989815554418184
---
header:
  stamp:
    sec: 1788574966
    nanosec: 382624000
  frame_id: default_cam
pose:
  position:
    x: 0.1174707820800851
    y: 0.04671071264513982
    z: -0.987245652652929
  orientation:
    x: 0.030932395107537907
    y: -0.027558634856279834
    z: -0.006982006550728659
    w: 0.9991170903163927
---
header:
  stamp:
    sec: 1788574967
    nanosec: 114671000
  frame_id: default_cam
pose:
  position:
    x: 0.11730561068986019
    y: 0.04668697064211107
    z: -0.9866155128975941
  orientation:
    x: 0.033494424309195976
    y: -0.028356898852966276
    z: -0.007154188449399304
    w: 0.9990109245725337
---
header:
  stamp:
    sec: 1788574967
    nanosec: 146674000
  frame_id: default_cam
pose:
  position:
    x: 0.11678695019862437
    y: 0.0464354067121768
    z: -0.98292867267864
  orientation:
    x: 0.0355360441811876
    y: -0.026541760545421934
    z: -0.007536404163755708
    w: 0.9989874509338857
---
header:
  stamp:
    sec: 1788574967
    nanosec: 182678000
  frame_id: default_cam
pose:
  position:
    x: 0.11694723038818614
    y: 0.04633579489291399
    z: -0.9833427772821389
  orientation:
    x: 0.03406650178048811
    y: -0.02822436575621519
    z: -0.006428364968101714
    w: 0.9990002676465789
---
header:
  stamp:
    sec: 1788574967
    nanosec: 214680000
  frame_id: default_cam
pose:
  position:
    x: 0.11680012095900716
    y: 0.046237565592897475
    z: -0.9834234783173063
  orientation:
    x: 0.03270579818015642
    y: -0.028171232130843302
    z: -0.007479717906722882
    w: 0.9990399222581973
---
header:
  stamp:
    sec: 1788574967
    nanosec: 246683000
  frame_id: default_cam
pose:
  position:
    x: 0.11684665111899155
    y: 0.04620248846216044
    z: -0.9830250562716797
  orientation:
    x: 0.03362963109121462
    y: -0.028150513977727443
    z: -0.007792987792812008
    w: 0.9990074403210016
---
header:
  stamp:
    sec: 1788574967
    nanosec: 282685000
  frame_id: default_cam
pose:
  position:
    x: 0.11680832308668854
    y: 0.04613570114399985
    z: -0.9828891842282665
  orientation:
    x: 0.03221876221998057
    y: -0.027643291359162846
    z: -0.007425840370295132
    w: 0.9990708967328794
---
header:
  stamp:
    sec: 1788574967
    nanosec: 314686000
  frame_id: default_cam
pose:
  position:
    x: 0.11682690883441552
    y: 0.0461907765681154
    z: -0.983185341249214
  orientation:
    x: 0.03150438676352195
    y: -0.027217418447251635
    z: -0.007740723168453093
    w: 0.9991029811548713
---
header:
  stamp:
    sec: 1788574967
    nanosec: 346692000
  frame_id: default_cam
pose:
  position:
    x: 0.11680220230047618
    y: 0.04620367620361473
    z: -0.9831452896727382
  orientation:
    x: 0.03385711168764596
    y: -0.028167473897918082
    z: -0.007553434620241939
    w: 0.9990011186319153
---
header:
  stamp:
    sec: 1788574967
    nanosec: 382694000
  frame_id: default_cam
pose:
  position:
    x: 0.11682501668981687
    y: 0.046182603433424396
    z: -0.9829151145424847
  orientation:
    x: 0.032693311698177616
    y: -0.02857012357787593
    z: -0.007469771602932106
    w: 0.9990290776154369
---
header:
  stamp:
    sec: 1788574967
    nanosec: 414697000
  frame_id: default_cam
pose:
  position:
    x: 0.11682389090013516
    y: 0.04618188534231025
    z: -0.982863402048655
  orientation:
    x: 0.031678904576893624
    y: -0.0282458678350446
    z: -0.007539460102810315
    w: 0.999070455221458
---
header:
  stamp:
    sec: 1788574967
    nanosec: 446699000
  frame_id: default_cam
pose:
  position:
    x: 0.11682606870703592
    y: 0.046187173672298486
    z: -0.9831504526240847
  orientation:
    x: 0.03177218450837483
    y: -0.02683250145124661
    z: -0.007719596960461566
    w: 0.9991050760456593
---
header:
  stamp:
    sec: 1788574967
    nanosec: 482703000
  frame_id: default_cam
pose:
  position:
    x: 0.1168238884831719
    y: 0.04618188354545886
    z: -0.9828633924205777
  orientation:
    x: 0.03167886111909096
    y: -0.02824581172502967
    z: -0.007539465451352032
    w: 0.9990704581454201
---
header:
  stamp:
    sec: 1788574967
    nanosec: 514703000
  frame_id: default_cam
pose:
  position:
    x: 0.116924906402081
    y: 0.04619997841305261
    z: -0.9831365206875623
  orientation:
    x: 0.031816732041753525
    y: -0.028746386302640144
    z: -0.007411515818259689
    w: 0.9990527564998749
---
header:
  stamp:
    sec: 1788574967
    nanosec: 546706000
  frame_id: default_cam
pose:
  position:
    x: 0.1169227308221933
    y: 0.04618619476562148
    z: -0.9833090973188634
  orientation:
    x: 0.03156050227104846
    y: -0.028621921412373547
    z: -0.007270915017174353
    w: 0.9990654903988407
---
header:
  stamp:
    sec: 1788574967
    nanosec: 582707000
  frame_id: default_cam
pose:
  position:
    x: 0.11680447219074439
    y: 0.04627154771963674
    z: -0.9831707630653889
  orientation:
    x: 0.03251765165300392
    y: -0.028775254278187487
    z: -0.0068336420109147275
    w: 0.9990334771212955
---
header:
  stamp:
    sec: 1788574967
    nanosec: 614709000
  frame_id: default_cam
pose:
  position:
    x: 0.11682558036886355
    y: 0.0462739069040587
    z: -0.9831905552866649
  orientation:
    x: 0.03256060914098391
    y: -0.028894862649465773
    z: -0.006951996140893446
    w: 0.9990278091196929
---
header:
  stamp:
    sec: 1788574967
    nanosec: 646714000
  frame_id: default_cam
pose:
  position:
    x: 0.11694615591382818
    y: 0.04634254472453541
    z: -0.9837650780536072
  orientation:
    x: 0.03432217066980214
    y: -0.028195607297587952
    z: -0.006673889924310347
    w: 0.9989907184368189
---
header:
  stamp:
    sec: 1788574967
    nanosec: 682714000
  frame_id: default_cam
pose:
  position:
    x: 0.1169515092478414
    y: 0.046351578130277855
    z: -0.9836700829175631
  orientation:
    x: 0.033530757205384086
    y: -0.028856216078951943
    z: -0.0065981494747149975
    w: 0.9989992350038852
---
header:
  stamp:
    sec: 1788574967
    nanosec: 714717000
  frame_id: default_cam
pose:
  position:
    x: 0.11703111036935976
    y: 0.04631422956363766
    z: -0.9843487975265829
  orientation:
    x: 0.032835397345023755
    y: -0.028913487526012586
    z: -0.006601586826818681
    w: 0.9990206534259667
---
header:
  stamp:
    sec: 1788574967
    nanosec: 746720000
  frame_id: default_cam
pose:
  position:
    x: 0.1170639179384402
    y: 0.04641902469059238
    z: -0.9848442321572985
  orientation:
    x: 0.032707274712130016
    y: -0.027869743791236756
    z: -0.007369106144388112
    w: 0.9990491518621838
---
header:
  stamp:
    sec: 1788574967
    nanosec: 782725000
  frame_id: default_cam
pose:
  position:
    x: 0.11712961638792625
    y: 0.0463973646111717
    z: -0.9836394282607684
  orientation:
    x: 0.033331911069535064
    y: -0.02916299847748142
    z: -0.0072800595297792875
    w: 0.9989922441928655
---
header:
  stamp:
    sec: 1788574967
    nanosec: 814724000
  frame_id: default_cam
pose:
  position:
    x: 0.11707457445804266
    y: 0.04640463050611857
    z: -0.9830643555297534
  orientation:
    x: 0.03575413526250879
    y: -0.029559927912552207
    z: -0.008099334374847634
    w: 0.9988905111453004
---
header:
  stamp:
    sec: 1788574967
    nanosec: 846729000
  frame_id: default_cam
pose:
  position:
    x: 0.11716742848404177
    y: 0.046389326127424545
    z: -0.9830197019433278
  orientation:
    x: 0.03478664189716975
    y: -0.030503272127533985
    z: -0.007395624172894707
    w: 0.9989017692837093
---
header:
  stamp:
    sec: 1788574967
    nanosec: 882731000
  frame_id: default_cam
pose:
  position:
    x: 0.11729267175076641
    y: 0.04662818925574646
    z: -0.9855633655616489
  orientation:
    x: 0.03369093285166174
    y: -0.02740067416044687
    z: -0.00752692435582288
    w: 0.9990282626176697
---
header:
  stamp:
    sec: 1788574967
    nanosec: 914732000
  frame_id: default_cam
pose:
  position:
    x: 0.11718616092909222
    y: 0.04660479202871683
    z: -0.9844952851431575
  orientation:
    x: 0.034431646905888284
    y: -0.026292074900745678
    z: -0.00825018794612042
    w: 0.9990270881650886
---
header:
  stamp:
    sec: 1788574967
    nanosec: 946735000
  frame_id: default_cam
pose:
  position:
    x: 0.11755234620193154
    y: 0.04672228213195576
    z: -0.9870025796857721
  orientation:
    x: 0.031073293078211016
    y: -0.02846489732910375
    z: -0.0075494225541970226
    w: 0.9990831828713851
---
header:
  stamp:
    sec: 1788574968
    nanosec: 214755000
  frame_id: default_cam
pose:
  position:
    x: 0.11711790717681685
    y: 0.046208457665601915
    z: -0.9835019258002935
  orientation:
    x: 0.032049670968940104
    y: -0.024337693198313845
    z: -0.007718455819001532
    w: 0.9991601076505895
---
header:
  stamp:
    sec: 1788574968
    nanosec: 246755000
  frame_id: default_cam
pose:
  position:
    x: 0.11750612983500755
    y: 0.04679896635797348
    z: -0.9870422561338156
  orientation:
    x: 0.03569058858764051
    y: -0.028541861024180926
    z: -0.00668192835591255
    w: 0.9989328785704225
---
header:
  stamp:
    sec: 1788574968
    nanosec: 282757000
  frame_id: default_cam
pose:
  position:
    x: 0.11725893916155046
    y: 0.046601147340970615
    z: -0.985457271410151
  orientation:
    x: 0.03313391394519712
    y: -0.02930627327015226
    z: -0.006981929616273629
    w: 0.9989967661371687
---
header:
  stamp:
    sec: 1788574968
    nanosec: 314760000
  frame_id: default_cam
pose:
  position:
    x: 0.11737041999460376
    y: 0.04653367713727272
    z: -0.985285930992867
  orientation:
    x: 0.031035159543210594
    y: -0.02900824607199858
    z: -0.006884616330212542
    w: 0.99907354213288
---
header:
  stamp:
    sec: 1788574968
    nanosec: 346765000
  frame_id: default_cam
pose:
  position:
    x: 0.11746049019121524
    y: 0.04654289290412372
    z: -0.9850554200160221
  orientation:
    x: 0.03276001968504234
    y: -0.02800262517192696
    z: -0.007429167791271074
    w: 0.9990432631070816
---
header:
  stamp:
    sec: 1788574968
    nanosec: 382768000
  frame_id: default_cam
pose:
  position:
    x: 0.11764298660280938
    y: 0.0466210490435767
    z: -0.9865802657767585
  orientation:
    x: 0.032638169294281184
    y: -0.028229814419407206
    z: -0.007098229281873136
    w: 0.9990432636397814
---
header:
  stamp:
    sec: 1788574968
    nanosec: 414767000
  frame_id: default_cam
pose:
  position:
    x: 0.11734882859920438
    y: 0.04670481086435385
    z: -0.9855593984405092
  orientation:
    x: 0.03175176271291118
    y: -0.0279370047892116
    z: -0.007287098538699598
    w: 0.9990786993640279
---
header:
  stamp:
    sec: 1788574968
    nanosec: 446770000
  frame_id: default_cam
pose:
  position:
    x: 0.11727786174450334
    y: 0.04671581451681998
    z: -0.9858296959862746
  orientation:
    x: 0.0354534915311735
    y: -0.027802138969306774
    z: -0.006882468381520577
    w: 0.9989608213718683
---
header:
  stamp:
    sec: 1788574968
    nanosec: 482772000
  frame_id: default_cam
pose:
  position:
    x: 0.11758203688855227
    y: 0.046771279977318884
    z: -0.9868613307694799
  orientation:
    x: 0.03553772981149065
    y: -0.029394953857761186
    z: -0.00758315099884492
    w: 0.9989071539780233
---
header:
  stamp:
    sec: 1788574968
    nanosec: 514774000
  frame_id: default_cam
pose:
  position:
    x: 0.11758203688855227
    y: 0.046771279977318884
    z: -0.9868613307694799
  orientation:
    x: 0.03553772981149065
    y: -0.029394953857761186
    z: -0.00758315099884492
    w: 0.9989071539780233
---
header:
  stamp:
    sec: 1788574968
    nanosec: 546777000
  frame_id: default_cam
pose:
  position:
    x: 0.11758203688855227
    y: 0.046771279977318884
    z: -0.9868613307694799
  orientation:
    x: 0.03553772981149065
    y: -0.029394953857761186
    z: -0.00758315099884492
    w: 0.9989071539780233
---
header:
  stamp:
    sec: 1788574968
    nanosec: 582783000
  frame_id: default_cam
pose:
  position:
    x: 0.11759719455540028
    y: 0.04687646105246713
    z: -0.9876366769342194
  orientation:
    x: 0.036100768779129586
    y: -0.028763867144976984
    z: -0.006857762136745705
    w: 0.9989105793507733
---
header:
  stamp:
    sec: 1788574968
    nanosec: 614782000
  frame_id: default_cam
pose:
  position:
    x: 0.11752578653617082
    y: 0.0467621563758153
    z: -0.9868485129554178
  orientation:
    x: 0.035368867893316065
    y: -0.029055677415378366
    z: -0.007238974027706673
    w: 0.998925626885658
---
header:
  stamp:
    sec: 1788574968
    nanosec: 646783000
  frame_id: default_cam
pose:
  position:
    x: 0.1175820438712037
    y: 0.04677131794370656
    z: -0.9868617343643314
  orientation:
    x: 0.035538296947406595
    y: -0.029393465671712596
    z: -0.007583202869301591
    w: 0.9989071771992264
---
header:
  stamp:
    sec: 1788574968
    nanosec: 682785000
  frame_id: default_cam
pose:
  position:
    x: 0.1175820438712037
    y: 0.04677131794370656
    z: -0.9868617343643314
  orientation:
    x: 0.035538296947406595
    y: -0.029393465671712596
    z: -0.007583202869301591
    w: 0.9989071771992264
---
header:
  stamp:
    sec: 1788574968
    nanosec: 714790000
  frame_id: default_cam
pose:
  position:
    x: 0.1175820438712037
    y: 0.04677131794370656
    z: -0.9868617343643314
  orientation:
    x: 0.035538296947406595
    y: -0.029393465671712596
    z: -0.007583202869301591
    w: 0.9989071771992264
---
header:
  stamp:
    sec: 1788574968
    nanosec: 746792000
  frame_id: default_cam
pose:
  position:
    x: 0.1175820438712037
    y: 0.04677131794370656
    z: -0.9868617343643314
  orientation:
    x: 0.035538296947406595
    y: -0.029393465671712596
    z: -0.007583202869301591
    w: 0.9989071771992264
---
header:
  stamp:
    sec: 1788574968
    nanosec: 782794000
  frame_id: default_cam
pose:
  position:
    x: 0.1175820438712037
    y: 0.04677131794370656
    z: -0.9868617343643314
  orientation:
    x: 0.035538296947406595
    y: -0.029393465671712596
    z: -0.007583202869301591
    w: 0.9989071771992264
---
header:
  stamp:
    sec: 1788574968
    nanosec: 814797000
  frame_id: default_cam
pose:
  position:
    x: 0.1175820438712037
    y: 0.04677131794370656
    z: -0.9868617343643314
  orientation:
    x: 0.035538296947406595
    y: -0.029393465671712596
    z: -0.007583202869301591
    w: 0.9989071771992264
---
header:
  stamp:
    sec: 1788574968
    nanosec: 846800000
  frame_id: default_cam
pose:
  position:
    x: 0.11750263239013162
    y: 0.046801208523220554
    z: -0.9862714481539792
  orientation:
    x: 0.03609645004770574
    y: -0.029283990267492687
    z: -0.007516288054168165
    w: 0.9988908847425998
---
header:
  stamp:
    sec: 1788574968
    nanosec: 882801000
  frame_id: default_cam
pose:
  position:
    x: 0.11752578711236443
    y: 0.04676215633400304
    z: -0.9868485136124997
  orientation:
    x: 0.03536886468450369
    y: -0.029055697697031223
    z: -0.0072389729418383215
    w: 0.9989256264172099
---
header:
  stamp:
    sec: 1788574968
    nanosec: 914804000
  frame_id: default_cam
pose:
  position:
    x: 0.11758204387250477
    y: 0.04677131794368433
    z: -0.9868617343577178
  orientation:
    x: 0.035538296968964614
    y: -0.029393465756730505
    z: -0.0075832028633900025
    w: 0.9989071771960026
---
header:
  stamp:
    sec: 1788574968
    nanosec: 946797000
  frame_id: default_cam
pose:
  position:
    x: 0.11754199946889517
    y: 0.046718133519172284
    z: -0.987014895999617
  orientation:
    x: 0.03502691606001583
    y: -0.028850071174912936
    z: -0.008187454115165693
    w: 0.9989363113530507
---
header:
  stamp:
    sec: 1788574968
    nanosec: 982808000
  frame_id: default_cam
pose:
  position:
    x: 0.11746557122667173
    y: 0.046588606288296176
    z: -0.9862141027413387
  orientation:
    x: 0.03418891104248679
    y: -0.024626471740913536
    z: -0.008749085593621121
    w: 0.9990736252912487
---
header:
  stamp:
    sec: 1788574969
    nanosec: 14811000
  frame_id: default_cam
pose:
  position:
    x: 0.11753713688998851
    y: 0.04670387822234811
    z: -0.9868074848169414
  orientation:
    x: 0.03444727649976831
    y: -0.026912205863566314
    z: -0.00822289451950216
    w: 0.9990102613702357
---
header:
  stamp:
    sec: 1788574969
    nanosec: 46812000
  frame_id: default_cam
pose:
  position:
    x: 0.11762441565820486
    y: 0.046648357538919084
    z: -0.9870537875135764
  orientation:
    x: 0.0339196257553838
    y: -0.027337561148950203
    z: -0.007640280947843137
    w: 0.9990213925868054
---
header:
  stamp:
    sec: 1788574969
    nanosec: 82816000
  frame_id: default_cam
pose:
  position:
    x: 0.11758203614415962
    y: 0.04677127855262841
    z: -0.9868613244719658
  orientation:
    x: 0.035537692507375776
    y: -0.029394952207898804
    z: -0.0075831537647764935
    w: 0.9989071553327298
---
header:
  stamp:
    sec: 1788574969
    nanosec: 114819000
  frame_id: default_cam
pose:
  position:
    x: 0.11758203614415962
    y: 0.04677127855262841
    z: -0.9868613244719658
  orientation:
    x: 0.035537692507375776
    y: -0.029394952207898804
    z: -0.0075831537647764935
    w: 0.9989071553327298
---
header:
  stamp:
    sec: 1788574969
    nanosec: 146811000
  frame_id: default_cam
pose:
  position:
    x: 0.11758203614415962
    y: 0.04677127855262841
    z: -0.9868613244719658
  orientation:
    x: 0.035537692507375776
    y: -0.029394952207898804
    z: -0.0075831537647764935
    w: 0.9989071553327298
---
header:
  stamp:
    sec: 1788574969
    nanosec: 182824000
  frame_id: default_cam
pose:
  position:
    x: 0.11758203614415962
    y: 0.04677127855262841
    z: -0.9868613244719658
  orientation:
    x: 0.035537692507375776
    y: -0.029394952207898804
    z: -0.0075831537647764935
    w: 0.9989071553327298
---
header:
  stamp:
    sec: 1788574969
    nanosec: 214826000
  frame_id: default_cam
pose:
  position:
    x: 0.11753714307827885
    y: 0.046703881145775054
    z: -0.9868075059149294
  orientation:
    x: 0.03444733331631696
    y: -0.026912365418254484
    z: -0.008222884745500755
    w: 0.9990102551933344
---
header:
  stamp:
    sec: 1788574969
    nanosec: 246829000
  frame_id: default_cam
pose:
  position:
    x: 0.11758024367041894
    y: 0.04670028974540717
    z: -0.9869610888172848
  orientation:
    x: 0.03437954287019506
    y: -0.027081106289430504
    z: -0.008380861295555828
    w: 0.9990067176341316
---
header:
  stamp:
    sec: 1788574969
    nanosec: 282830000
  frame_id: default_cam
pose:
  position:
    x: 0.11758493495358927
    y: 0.04671438376063524
    z: -0.9871672284661915
  orientation:
    x: 0.03495647726337171
    y: -0.029018196717447764
    z: -0.008345747234350076
    w: 0.9989325990574656
---
header:
  stamp:
    sec: 1788574969
    nanosec: 314835000
  frame_id: default_cam
pose:
  position:
    x: 0.11758203755693955
    y: 0.046771279565532696
    z: -0.9868613304672998
  orientation:
    x: 0.03553771521950381
    y: -0.029394983417217493
    z: -0.00758315102237829
    w: 0.998907153627128
---
header:
  stamp:
    sec: 1788574969
    nanosec: 346824000
  frame_id: default_cam
pose:
  position:
    x: 0.11762907848067186
    y: 0.04666238078463613
    z: -0.9872585790329054
  orientation:
    x: 0.03449832664054139
    y: -0.029281661856771345
    z: -0.007605770651173428
    w: 0.9989467463237017
---
header:
  stamp:
    sec: 1788574969
    nanosec: 382841000
  frame_id: default_cam
pose:
  position:
    x: 0.11758203755362084
    y: 0.046771279307168415
    z: -0.9868613295526395
  orientation:
    x: 0.03553770786619543
    y: -0.02939498764750904
    z: -0.007583151423543055
    w: 0.9989071537612029
---
header:
  stamp:
    sec: 1788574969
    nanosec: 414841000
  frame_id: default_cam
pose:
  position:
    x: 0.11762907848066731
    y: 0.046662380784612156
    z: -0.9872585790328133
  orientation:
    x: 0.034498326639873685
    y: -0.029281661857024976
    z: -0.007605770651217894
    w: 0.9989467463237169
---
header:
  stamp:
    sec: 1788574969
    nanosec: 446845000
  frame_id: default_cam
pose:
  position:
    x: 0.11758203755362084
    y: 0.046771279307168435
    z: -0.9868613295526394
  orientation:
    x: 0.03553770786619569
    y: -0.029394987647509335
    z: -0.007583151423543002
    w: 0.9989071537612029
---
header:
  stamp:
    sec: 1788574969
    nanosec: 482848000
  frame_id: default_cam
pose:
  position:
    x: 0.11758203755362084
    y: 0.046771279307168435
    z: -0.9868613295526394
  orientation:
    x: 0.03553770786619569
    y: -0.029394987647509335
    z: -0.007583151423543002
    w: 0.9989071537612029
---
header:
  stamp:
    sec: 1788574969
    nanosec: 514849000
  frame_id: default_cam
pose:
  position:
    x: 0.11766459717242184
    y: 0.04669964744473816
    z: -0.9869164902968848
  orientation:
    x: 0.035481925157347
    y: -0.02786417332946208
    z: -0.006964685291162749
    w: 0.9989575136063541
---
header:
  stamp:
    sec: 1788574969
    nanosec: 546840000
  frame_id: default_cam
pose:
  position:
    x: 0.117704311385604
    y: 0.046748499927736754
    z: -0.9874824288069036
  orientation:
    x: 0.03511081279821566
    y: -0.02533303582149493
    z: -0.008343035737985293
    w: 0.9990274580187425
---
header:
  stamp:
    sec: 1788574969
    nanosec: 582853000
  frame_id: default_cam
pose:
  position:
    x: 0.11770775226762462
    y: 0.04673073949151368
    z: -0.9863258318685251
  orientation:
    x: 0.03533568423262651
    y: -0.026755341332352994
    z: -0.007551856033246805
    w: 0.9989887439808591
---
header:
  stamp:
    sec: 1788574969
    nanosec: 614854000
  frame_id: default_cam
pose:
  position:
    x: 0.11770775226762462
    y: 0.04673073949151368
    z: -0.9863258318685251
  orientation:
    x: 0.03533568423262651
    y: -0.026755341332352994
    z: -0.007551856033246805
    w: 0.9989887439808591
---
header:
  stamp:
    sec: 1788574969
    nanosec: 646859000
  frame_id: default_cam
pose:
  position:
    x: 0.11766117148912272
    y: 0.04662662844385838
    z: -0.9869877577813487
  orientation:
    x: 0.034320880835834094
    y: -0.025369841855462632
    z: -0.007758991215398383
    w: 0.9990586801175397
---
header:
  stamp:
    sec: 1788574969
    nanosec: 682860000
  frame_id: default_cam
pose:
  position:
    x: 0.11758203459337692
    y: 0.046771277670047455
    z: -0.9868613186112069
  orientation:
    x: 0.03553767457296513
    y: -0.029394914155547573
    z: -0.007583156338131545
    w: 0.998907157071009
---
header:
  stamp:
    sec: 1788574969
    nanosec: 714863000
  frame_id: default_cam
pose:
  position:
    x: 0.11758203459337692
    y: 0.046771277670047455
    z: -0.9868613186112069
  orientation:
    x: 0.03553767457296513
    y: -0.029394914155547573
    z: -0.007583156338131545
    w: 0.998907157071009
---
header:
  stamp:
    sec: 1788574969
    nanosec: 746855000
  frame_id: default_cam
pose:
  position:
    x: 0.11757761131685822
    y: 0.04675725392898766
    z: -0.9866575665738543
  orientation:
    x: 0.034958705806199586
    y: -0.027461022658801675
    z: -0.0076203670979556205
    w: 0.9989823377458587
---
header:
  stamp:
    sec: 1788574969
    nanosec: 782866000
  frame_id: default_cam
pose:
  position:
    x: 0.1176688252182251
    y: 0.04671529647903987
    z: -0.9871025251659682
  orientation:
    x: 0.035005700544038724
    y: -0.029826701817117506
    z: -0.007001867879594417
    w: 0.99891738528986
---
header:
  stamp:
    sec: 1788574969
    nanosec: 814869000
  frame_id: default_cam
pose:
  position:
    x: 0.1174625671420466
    y: 0.0467480709985549
    z: -0.9864247742726286
  orientation:
    x: 0.03558584265146426
    y: -0.02873827187747598
    z: -0.008120611524111091
    w: 0.9989203247510564
---
header:
  stamp:
    sec: 1788574969
    nanosec: 846873000
  frame_id: default_cam
pose:
  position:
    x: 0.11762445464825148
    y: 0.046648460671543907
    z: -0.9870536259442949
  orientation:
    x: 0.033923472885200236
    y: -0.027339791000157865
    z: -0.007639889520317451
    w: 0.9990212039309236
---
header:
  stamp:
    sec: 1788574969
    nanosec: 882874000
  frame_id: default_cam
pose:
  position:
    x: 0.11762907102728343
    y: 0.04666237451612638
    z: -0.9872585436554498
  orientation:
    x: 0.03449818057572104
    y: -0.029281518076846633
    z: -0.007605787205987553
    w: 0.9989467554564945
---
header:
  stamp:
    sec: 1788574969
    nanosec: 914876000
  frame_id: default_cam
pose:
  position:
    x: 0.1175820375534962
    y: 0.04677127930704938
    z: -0.9868613295520047
  orientation:
    x: 0.03553770786334763
    y: -0.02939498764529254
    z: -0.007583151423837054
    w: 0.9989071537613672
---
header:
  stamp:
    sec: 1788574969
    nanosec: 946869000
  frame_id: default_cam
pose:
  position:
    x: 0.11762907848066731
    y: 0.04666238078461215
    z: -0.9872585790328132
  orientation:
    x: 0.03449832663987354
    y: -0.029281661857025
    z: -0.007605770651217974
    w: 0.9989467463237169
---
header:
  stamp:
    sec: 1788574969
    nanosec: 982882000
  frame_id: default_cam
pose:
  position:
    x: 0.11762907848066731
    y: 0.04666238078461215
    z: -0.9872585790328132
  orientation:
    x: 0.03449832663987354
    y: -0.029281661857025
    z: -0.007605770651217974
    w: 0.9989467463237169
---
header:
  stamp:
    sec: 1788574970
    nanosec: 14883000
  frame_id: default_cam
pose:
  position:
    x: 0.11754199855329403
    y: 0.04671813172676008
    z: -0.987014888105687
  orientation:
    x: 0.0350268688672105
    y: -0.028850070263878206
    z: -0.008187457590014388
    w: 0.9989363130056592
---
header:
  stamp:
    sec: 1788574970
    nanosec: 46886000
  frame_id: default_cam
pose:
  position:
    x: 0.11766882781003424
    y: 0.046715297520414
    z: -0.9871025335307816
  orientation:
    x: 0.03500571849515044
    y: -0.029826770799999156
    z: -0.007001863982195666
    w: 0.9989173826283421
---
header:
  stamp:
    sec: 1788574970
    nanosec: 82888000
  frame_id: default_cam
pose:
  position:
    x: 0.11758203797280593
    y: 0.04677127968865854
    z: -0.9868613316335361
  orientation:
    x: 0.035537716911829983
    y: -0.02939499527907153
    z: -0.007583150448351577
    w: 0.998907153222218
---
header:
  stamp:
    sec: 1788574970
    nanosec: 114891000
  frame_id: default_cam
pose:
  position:
    x: 0.11758203797280593
    y: 0.04677127968865854
    z: -0.9868613316335361
  orientation:
    x: 0.035537716911829983
    y: -0.02939499527907153
    z: -0.007583150448351577
    w: 0.998907153222218
---
header:
  stamp:
    sec: 1788574970
    nanosec: 146884000
  frame_id: default_cam
pose:
  position:
    x: 0.11754199946993998
    y: 0.04671813351782004
    z: -0.9870148959967311
  orientation:
    x: 0.03502691601684211
    y: -0.028850071232309146
    z: -0.008187454116186712
    w: 0.9989363113528986
---
header:
  stamp:
    sec: 1788574970
    nanosec: 182896000
  frame_id: default_cam
pose:
  position:
    x: 0.11766882781009472
    y: 0.04671529752050459
    z: -0.9871025335312076
  orientation:
    x: 0.03500571849746936
    y: -0.029826770800479442
    z: -0.007001863981984087
    w: 0.9989173826282479
---
header:
  stamp:
    sec: 1788574970
    nanosec: 214899000
  frame_id: default_cam
pose:
  position:
    x: 0.11754199924414588
    y: 0.04671813230909848
    z: -0.9870148913840207
  orientation:
    x: 0.035026882507911736
    y: -0.028850083584234066
    z: -0.008187456091600301
    w: 0.998936312154938
---
header:
  stamp:
    sec: 1788574970
    nanosec: 246903000
  frame_id: default_cam
pose:
  position:
    x: 0.11754199924414588
    y: 0.04671813230909848
    z: -0.9870148913840207
  orientation:
    x: 0.035026882507911736
    y: -0.028850083584234066
    z: -0.008187456091600301
    w: 0.998936312154938
---
header:
  stamp:
    sec: 1788574970
    nanosec: 282904000
  frame_id: default_cam
pose:
  position:
    x: 0.11758203749982132
    y: 0.046771279611236664
    z: -0.9868613305235276
  orientation:
    x: 0.03553771676947815
    y: -0.029394980729313826
    z: -0.007583150995983272
    w: 0.9989071536512829
---
header:
  stamp:
    sec: 1788574970
    nanosec: 314905000
  frame_id: default_cam
pose:
  position:
    x: 0.11754199946992533
    y: 0.04671813351782137
    z: -0.9870148959967097
  orientation:
    x: 0.03502691601694382
    y: -0.028850071231798766
    z: -0.008187454116198523
    w: 0.9989363113529096
---
header:
  stamp:
    sec: 1788574970
    nanosec: 346898000
  frame_id: default_cam
pose:
  position:
    x: 0.117629037060656
    y: 0.046662280989779995
    z: -0.9872587532567791
  orientation:
    x: 0.034494590573407015
    y: -0.029279286175372867
    z: -0.007606175690404322
    w: 0.9989469418911098
---
header:
  stamp:
    sec: 1788574970
    nanosec: 382910000
  frame_id: default_cam
pose:
  position:
    x: 0.11754199854827063
    y: 0.04671813172047314
    z: -0.9870148880748544
  orientation:
    x: 0.03502686870958886
    y: -0.028850070199571143
    z: -0.008187457603852531
    w: 0.9989363130129298
---
header:
  stamp:
    sec: 1788574970
    nanosec: 414914000
  frame_id: default_cam
pose:
  position:
    x: 0.11758203749980638
    y: 0.046771279611222
    z: -0.9868613305234504
  orientation:
    x: 0.035537716769125594
    y: -0.029394980729054557
    z: -0.00758315099601926
    w: 0.9989071536513028
---
header:
  stamp:
    sec: 1788574970
    nanosec: 446915000
  frame_id: default_cam
pose:
  position:
    x: 0.11764521266058534
    y: 0.04667153620574919
    z: -0.9872759139778645
  orientation:
    x: 0.03219446929977846
    y: -0.02705853414970514
    z: -0.009062950072519805
    w: 0.9990741788336629
---
header:
  stamp:
    sec: 1788574970
    nanosec: 482917000
  frame_id: default_cam
pose:
  position:
    x: 0.11775620958145916
    y: 0.046730389353604324
    z: -0.9875849745040396
  orientation:
    x: 0.030436239154689765
    y: -0.027603562396363773
    z: -0.009610717906827495
    w: 0.9991092596860786
---
header:
  stamp:
    sec: 1788574970
    nanosec: 514920000
  frame_id: default_cam
pose:
  position:
    x: 0.11774935345289339
    y: 0.04682305179534054
    z: -0.9874365340884309
  orientation:
    x: 0.03139270537015648
    y: -0.027566576857954255
    z: -0.008035221379322142
    w: 0.9990945986778541
---
header:
  stamp:
    sec: 1788574970
    nanosec: 546911000
  frame_id: default_cam
pose:
  position:
    x: 0.11758123713017568
    y: 0.0467770857211437
    z: -0.9868099740988346
  orientation:
    x: 0.03231166947597309
    y: -0.02946610223790204
    z: -0.00781571250161672
    w: 0.9990128224766052
---
header:
  stamp:
    sec: 1788574970
    nanosec: 582926000
  frame_id: default_cam
pose:
  position:
    x: 0.11770612367430171
    y: 0.04682670001260608
    z: -0.9872828797697736
  orientation:
    x: 0.031463811906075986
    y: -0.02739309465769116
    z: -0.007876491805437785
    w: 0.999098397447545
---
header:
  stamp:
    sec: 1788574970
    nanosec: 614928000
  frame_id: default_cam
pose:
  position:
    x: 0.11778706371258155
    y: 0.0468058197541018
    z: -0.9871254279982528
  orientation:
    x: 0.03144126824461313
    y: -0.02648049935321664
    z: -0.010269269215017451
    w: 0.9991019827399824
---
header:
  stamp:
    sec: 1788574970
    nanosec: 646931000
  frame_id: default_cam
pose:
  position:
    x: 0.11794331501012399
    y: 0.04688095787337424
    z: -0.9879399368996461
  orientation:
    x: 0.0360265190007386
    y: -0.02708617238158569
    z: -0.011119433602291694
    w: 0.9989218124511892
---
header:
  stamp:
    sec: 1788574970
    nanosec: 682932000
  frame_id: default_cam
pose:
  position:
    x: 0.11785033708902991
    y: 0.0466168497289308
    z: -0.9853769199209265
  orientation:
    x: 0.03400198210990789
    y: -0.028175981135482708
    z: -0.010291779669574964
    w: 0.9989715003797073
---
header:
  stamp:
    sec: 1788574970
    nanosec: 714936000
  frame_id: default_cam
pose:
  position:
    x: 0.11770306046635938
    y: 0.04647465101559433
    z: -0.9861585594917868
  orientation:
    x: 0.03331440327538661
    y: -0.026678091342025506
    z: -0.008974092820505064
    w: 0.9990484951366477
---
header:
  stamp:
    sec: 1788574970
    nanosec: 746927000
  frame_id: default_cam
pose:
  position:
    x: 0.11779464278058582
    y: 0.046728610230185715
    z: -0.9868485496073689
  orientation:
    x: 0.035094780919951
    y: -0.03142683673189428
    z: -0.00752577006822613
    w: 0.9988613883167613
---
header:
  stamp:
    sec: 1788574970
    nanosec: 782938000
  frame_id: default_cam
pose:
  position:
    x: 0.11804839886959485
    y: 0.04673827535942971
    z: -0.9879171089109267
  orientation:
    x: 0.036431815716026834
    y: -0.03295305658260937
    z: -0.007025566781443488
    w: 0.998767971190955
---
header:
  stamp:
    sec: 1788574970
    nanosec: 814942000
  frame_id: default_cam
pose:
  position:
    x: 0.11776909379700246
    y: 0.04664059424818391
    z: -0.9867945655865438
  orientation:
    x: 0.034273133175412626
    y: -0.029787519644293634
    z: -0.007261279974061553
    w: 0.998942105343908
---
header:
  stamp:
    sec: 1788574970
    nanosec: 846945000
  frame_id: default_cam
pose:
  position:
    x: 0.11783274142639466
    y: 0.046631884602935526
    z: -0.987059980015927
  orientation:
    x: 0.03410876701769014
    y: -0.030010153728798814
    z: -0.007467209976528655
    w: 0.9989395494527551
---
header:
  stamp:
    sec: 1788574970
    nanosec: 882949000
  frame_id: default_cam
pose:
  position:
    x: 0.1174550134310861
    y: 0.04654610626161486
    z: -0.9851934501462568
  orientation:
    x: 0.032266457445569996
    y: -0.02872147769796593
    z: -0.006948850330456133
    w: 0.9990423744375627
---
header:
  stamp:
    sec: 1788574970
    nanosec: 914949000
  frame_id: default_cam
pose:
  position:
    x: 0.11745098467849917
    y: 0.04653831328212108
    z: -0.9846548008606786
  orientation:
    x: 0.031198168691474605
    y: -0.030341560176744727
    z: -0.006694798756933991
    w: 0.9990301515299443
---
header:
  stamp:
    sec: 1788574970
    nanosec: 946941000
  frame_id: default_cam
pose:
  position:
    x: 0.1172926461206048
    y: 0.04645197568250533
    z: -0.9838103636637231
  orientation:
    x: 0.03126006479631676
    y: -0.030419688028733925
    z: -0.007788230252554581
    w: 0.99901791495383
---
header:
  stamp:
    sec: 1788574970
    nanosec: 982957000
  frame_id: default_cam
pose:
  position:
    x: 0.11726164002906025
    y: 0.04653177969499328
    z: -0.984543193619332
  orientation:
    x: 0.03297487098063844
    y: -0.03020672314229546
    z: -0.0075210705356185265
    w: 0.9989712935108862
---
header:
  stamp:
    sec: 1788574971
    nanosec: 14956000
  frame_id: default_cam
pose:
  position:
    x: 0.11725195702543377
    y: 0.04659385243500066
    z: -0.9846716347153055
  orientation:
    x: 0.03339961885451754
    y: -0.030090648887574442
    z: -0.006761848874116527
    w: 0.9989661133940937
---
header:
  stamp:
    sec: 1788574971
    nanosec: 46959000
  frame_id: default_cam
pose:
  position:
    x: 0.11732460195699773
    y: 0.04664882509966345
    z: -0.9864624546053034
  orientation:
    x: 0.034535207922670744
    y: -0.02762293015999385
    z: -0.007929692272684124
    w: 0.9989901967104455
---
header:
  stamp:
    sec: 1788574971
    nanosec: 82961000
  frame_id: default_cam
pose:
  position:
    x: 0.11732460195699773
    y: 0.04664882509966345
    z: -0.9864624546053034
  orientation:
    x: 0.034535207922670744
    y: -0.02762293015999385
    z: -0.007929692272684124
    w: 0.9989901967104455
---
header:
  stamp:
    sec: 1788574971
    nanosec: 114965000
  frame_id: default_cam
pose:
  position:
    x: 0.1172688709286415
    y: 0.04664310486443612
    z: -0.9864012822368519
  orientation:
    x: 0.03442881839454555
    y: -0.0273169624905565
    z: -0.007623919744572515
    w: 0.9990046625877045
---
header:
  stamp:
    sec: 1788574971
    nanosec: 146955000
  frame_id: default_cam
pose:
  position:
    x: 0.11728389014365308
    y: 0.046645952483483175
    z: -0.985096070397861
  orientation:
    x: 0.03371089017461578
    y: -0.02987759879305909
    z: -0.0066391548181804795
    w: 0.9989628754850184
---
header:
  stamp:
    sec: 1788574971
    nanosec: 182969000
  frame_id: default_cam
pose:
  position:
    x: 0.11726164052119277
    y: 0.04653178078709734
    z: -0.9845431975603075
  orientation:
    x: 0.03297490198360595
    y: -0.030206724922588926
    z: -0.007521067787561024
    w: 0.9989712924543716
---
header:
  stamp:
    sec: 1788574971
    nanosec: 214970000
  frame_id: default_cam
pose:
  position:
    x: 0.11726164052119277
    y: 0.04653178078709734
    z: -0.9845431975603075
  orientation:
    x: 0.03297490198360595
    y: -0.030206724922588926
    z: -0.007521067787561024
    w: 0.9989712924543716
---
header:
  stamp:
    sec: 1788574971
    nanosec: 246975000
  frame_id: default_cam
pose:
  position:
    x: 0.11728389105558416
    y: 0.04664595024223473
    z: -0.9850960660801183
  orientation:
    x: 0.03371081755159848
    y: -0.029877654218051896
    z: -0.006639156784826299
    w: 0.9989628762649871
---
header:
  stamp:
    sec: 1788574971
    nanosec: 282976000
  frame_id: default_cam
pose:
  position:
    x: 0.11741664044542113
    y: 0.046615092761852384
    z: -0.9853150129535547
  orientation:
    x: 0.03163089560769534
    y: -0.029312756150770777
    z: -0.006546951655247506
    w: 0.9990482401735786
---
header:
  stamp:
    sec: 1788574971
    nanosec: 314979000
  frame_id: default_cam
pose:
  position:
    x: 0.11761589051111725
    y: 0.04672548949196795
    z: -0.9864678159173429
  orientation:
    x: 0.03211044494877976
    y: -0.029892944097704363
    z: -0.006592265804782002
    w: 0.999015451957537
---
header:
  stamp:
    sec: 1788574971
    nanosec: 346971000
  frame_id: default_cam
pose:
  position:
    x: 0.11771558270059682
    y: 0.04662842331782625
    z: -0.9860877476454957
  orientation:
    x: 0.03306328396800953
    y: -0.02922092482411099
    z: -0.007086400618317734
    w: 0.9990008707363328
---
header:
  stamp:
    sec: 1788574971
    nanosec: 382983000
  frame_id: default_cam
pose:
  position:
    x: 0.11777804168196414
    y: 0.04668235308948116
    z: -0.9861668948283435
  orientation:
    x: 0.03365506120918059
    y: -0.029480973200924302
    z: -0.007395283454566565
    w: 0.998971230244775
---
header:
  stamp:
    sec: 1788574971
    nanosec: 414987000
  frame_id: default_cam
pose:
  position:
    x: 0.11772920044988193
    y: 0.046636228279306934
    z: -0.9867574363060012
  orientation:
    x: 0.03419301998089221
    y: -0.02956327309265603
    z: -0.007037838477550184
    w: 0.9989531115613982
---
header:
  stamp:
    sec: 1788574971
    nanosec: 446990000
  frame_id: default_cam
pose:
  position:
    x: 0.11742497651955941
    y: 0.04651836121951314
    z: -0.9855230780732264
  orientation:
    x: 0.033113799562765514
    y: -0.029092952350288172
    z: -0.0065024113189219735
    w: 0.99900690440512
---
header:
  stamp:
    sec: 1788574971
    nanosec: 482995000
  frame_id: default_cam
pose:
  position:
    x: 0.11770919917470207
    y: 0.04662878898907142
    z: -0.9870102762126944
  orientation:
    x: 0.031904649400047176
    y: -0.030328288361799374
    z: -0.006918974055628887
    w: 0.9990067147270438
---
header:
  stamp:
    sec: 1788574971
    nanosec: 514993000
  frame_id: default_cam
pose:
  position:
    x: 0.11777462334634675
    y: 0.04662657707091913
    z: -0.9869929063154825
  orientation:
    x: 0.034011959686202194
    y: -0.029691979116581346
    z: -0.007151089370013821
    w: 0.9989546710913697
---
header:
  stamp:
    sec: 1788574971
    nanosec: 546985000
  frame_id: default_cam
pose:
  position:
    x: 0.11782294218898584
    y: 0.04664263510962942
    z: -0.986741638730536
  orientation:
    x: 0.03303018975605126
    y: -0.02928387916311665
    z: -0.007668910875045946
    w: 0.998995820207387
---
header:
  stamp:
    sec: 1788574971
    nanosec: 582997000
  frame_id: default_cam
pose:
  position:
    x: 0.11772919985574959
    y: 0.0466362273784871
    z: -0.9867574327130332
  orientation:
    x: 0.034192995302997145
    y: -0.029563265158112795
    z: -0.007037840757963044
    w: 0.9989531126248448
---
header:
  stamp:
    sec: 1788574971
    nanosec: 615002000
  frame_id: default_cam
pose:
  position:
    x: 0.1177301499899001
    y: 0.046642054925205685
    z: -0.986816435313392
  orientation:
    x: 0.03379195623835408
    y: -0.030251797712131556
    z: -0.007069725276732204
    w: 0.9989459201644907
---
header:
  stamp:
    sec: 1788574971
    nanosec: 647004000
  frame_id: default_cam
pose:
  position:
    x: 0.1177698523342939
    y: 0.0467306456032408
    z: -0.988041248914772
  orientation:
    x: 0.032443325196942485
    y: -0.029657528017899285
    z: -0.006838769113202722
    w: 0.9990100564654238
---
header:
  stamp:
    sec: 1788574971
    nanosec: 683006000
  frame_id: default_cam
pose:
  position:
    x: 0.11764600723536614
    y: 0.04666518089308861
    z: -0.9863829043274167
  orientation:
    x: 0.03258607257161574
    y: -0.030349970522989943
    z: -0.006978006409837988
    w: 0.9989836508122418
---
header:
  stamp:
    sec: 1788574971
    nanosec: 715008000
  frame_id: default_cam
pose:
  position:
    x: 0.11770920095094803
    y: 0.04662878830476423
    z: -0.9870102771883703
  orientation:
    x: 0.031904621397225594
    y: -0.03032835329340878
    z: -0.006918970566909662
    w: 0.9990067136742896
---
header:
  stamp:
    sec: 1788574971
    nanosec: 747000000
  frame_id: default_cam
pose:
  position:
    x: 0.11782501591363012
    y: 0.04675276398671403
    z: -0.987815267653915
  orientation:
    x: 0.031220972784479814
    y: -0.02975038805554752
    z: -0.007426395978162292
    w: 0.999042048119953
---
header:
  stamp:
    sec: 1788574971
    nanosec: 783012000
  frame_id: default_cam
pose:
  position:
    x: 0.11802914009811848
    y: 0.04683507707589749
    z: -0.9878944553096066
  orientation:
    x: 0.031838239624117436
    y: -0.03159266561268912
    z: -0.0080292644012117
    w: 0.9989613410389301
---
header:
  stamp:
    sec: 1788574971
    nanosec: 815016000
  frame_id: default_cam
pose:
  position:
    x: 0.11793719755112968
    y: 0.046761188145250904
    z: -0.9873057615657685
  orientation:
    x: 0.03145446990244417
    y: -0.031365194448596666
    z: -0.007875523081362723
    w: 0.9989818902445393
---
header:
  stamp:
    sec: 1788574971
    nanosec: 847017000
  frame_id: default_cam
pose:
  position:
    x: 0.11798203501207803
    y: 0.046730495781510666
    z: -0.9880000796375545
  orientation:
    x: 0.032549853898687274
    y: -0.031496911497578016
    z: -0.0072076275750157905
    w: 0.9989476971703913
---
header:
  stamp:
    sec: 1788574971
    nanosec: 883020000
  frame_id: default_cam
pose:
  position:
    x: 0.11758484980455428
    y: 0.04680292255896468
    z: -0.9864656597444476
  orientation:
    x: 0.03381815053473046
    y: -0.029633005597177086
    z: -0.007157402032218701
    w: 0.9989629569057289
---
header:
  stamp:
    sec: 1788574971
    nanosec: 915023000
  frame_id: default_cam
pose:
  position:
    x: 0.11774464236690282
    y: 0.04677788729327793
    z: -0.987098923732361
  orientation:
    x: 0.03172397486920623
    y: -0.029867577941877423
    z: -0.006965288828017681
    w: 0.9990260266669363
---
header:
  stamp:
    sec: 1788574971
    nanosec: 947015000
  frame_id: default_cam
pose:
  position:
    x: 0.11764439337727405
    y: 0.046778224622276675
    z: -0.9869335778625302
  orientation:
    x: 0.03335446962184642
    y: -0.02969752970986688
    z: -0.007190103498713013
    w: 0.9989763953653032
---
header:
  stamp:
    sec: 1788574971
    nanosec: 983030000
  frame_id: default_cam
pose:
  position:
    x: 0.11774746021210032
    y: 0.046782879787003386
    z: -0.987246030911106
  orientation:
    x: 0.03377485721197028
    y: -0.03101136062628919
    z: -0.006820041458981108
    w: 0.9989249429095837
---
header:
  stamp:
    sec: 1788574972
    nanosec: 15029000
  frame_id: default_cam
pose:
  position:
    x: 0.11777550135046777
    y: 0.04663234309903962
    z: -0.987051431687327
  orientation:
    x: 0.033609517897857794
    y: -0.03038033819627576
    z: -0.0071833310219460295
    w: 0.9989473635348274
---
header:
  stamp:
    sec: 1788574972
    nanosec: 47034000
  frame_id: default_cam
pose:
  position:
    x: 0.11798471542886008
    y: 0.046732436665717976
    z: -0.9876644273936297
  orientation:
    x: 0.03102192753005923
    y: -0.031478213080037426
    z: -0.007093579651477705
    w: 0.9989977193374046
---
header:
  stamp:
    sec: 1788574972
    nanosec: 83034000
  frame_id: default_cam
pose:
  position:
    x: 0.11802914063611913
    y: 0.04683507716678232
    z: -0.9878944563846438
  orientation:
    x: 0.03183824034140039
    y: -0.03159268198724233
    z: -0.008029263012819655
    w: 0.9989613405093749
---
header:
  stamp:
    sec: 1788574972
    nanosec: 115036000
  frame_id: default_cam
pose:
  position:
    x: 0.11802914063611913
    y: 0.04683507716678232
    z: -0.9878944563846438
  orientation:
    x: 0.03183824034140039
    y: -0.03159268198724233
    z: -0.008029263012819655
    w: 0.9989613405093749
---
header:
  stamp:
    sec: 1788574972
    nanosec: 147031000
  frame_id: default_cam
pose:
  position:
    x: 0.11813368643857744
    y: 0.04680640409191051
    z: -0.9882803777708834
  orientation:
    x: 0.03147698275417329
    y: -0.032051145759617594
    z: -0.007555083233675011
    w: 0.9989618833216418
---
header:
  stamp:
    sec: 1788574972
    nanosec: 183042000
  frame_id: default_cam
pose:
  position:
    x: 0.11804646929392296
    y: 0.04673377530074383
    z: -0.9877829916001145
  orientation:
    x: 0.0343189862069488
    y: -0.0318536421793186
    z: -0.0071865400202636145
    w: 0.9988773229522113
---
header:
  stamp:
    sec: 1788574972
    nanosec: 215045000
  frame_id: default_cam
pose:
  position:
    x: 0.11795675261870141
    y: 0.046760442556466074
    z: -0.9872888855360279
  orientation:
    x: 0.033178291756716626
    y: -0.03196462340532318
    z: -0.007106395237562347
    w: 0.998912890573242
---
header:
  stamp:
    sec: 1788574972
    nanosec: 247048000
  frame_id: default_cam
pose:
  position:
    x: 0.11797431936011443
    y: 0.04671725373163863
    z: -0.9869582682216632
  orientation:
    x: 0.03121209814489699
    y: -0.03216343612770901
    z: -0.00768590564652463
    w: 0.9989655875755905
---
header:
  stamp:
    sec: 1788574972
    nanosec: 283048000
  frame_id: default_cam
pose:
  position:
    x: 0.11795892552296175
    y: 0.04672388401979882
    z: -0.9870674370412155
  orientation:
    x: 0.03115479439440914
    y: -0.031936438340003905
    z: -0.008360252114465505
    w: 0.9989692432087085
---
header:
  stamp:
    sec: 1788574972
    nanosec: 315051000
  frame_id: default_cam
pose:
  position:
    x: 0.11797505235908405
    y: 0.04671121614247199
    z: -0.9869433855763301
  orientation:
    x: 0.03268861762676295
    y: -0.031680955950881586
    z: -0.007569689572833133
    w: 0.9989346680876886
---
header:
  stamp:
    sec: 1788574972
    nanosec: 347044000
  frame_id: default_cam
pose:
  position:
    x: 0.11797438076228198
    y: 0.046704386873530644
    z: -0.986878473175149
  orientation:
    x: 0.033225366617222606
    y: -0.030870290845918275
    z: -0.007525059218215369
    w: 0.9989426778549417
---
header:
  stamp:
    sec: 1788574972
    nanosec: 383057000
  frame_id: default_cam
pose:
  position:
    x: 0.11806693219843098
    y: 0.04668959230156023
    z: -0.9875646648550664
  orientation:
    x: 0.035500108008350705
    y: -0.032662388653621345
    z: -0.0075244145121124316
    w: 0.9988074358379022
---
header:
  stamp:
    sec: 1788574972
    nanosec: 415058000
  frame_id: default_cam
pose:
  position:
    x: 0.11806555701009146
    y: 0.046679348211997464
    z: -0.9874471384892466
  orientation:
    x: 0.035860736380252105
    y: -0.03129335599749903
    z: -0.007495727475263803
    w: 0.9988385993373987
---
header:
  stamp:
    sec: 1788574972
    nanosec: 447063000
  frame_id: default_cam
pose:
  position:
    x: 0.11806308347613699
    y: 0.04668879057961407
    z: -0.9873934579283582
  orientation:
    x: 0.03134705197689605
    y: -0.03161979272433141
    z: -0.007838806905661232
    w: 0.9989775293502471
---
header:
  stamp:
    sec: 1788574972
    nanosec: 483062000
  frame_id: default_cam
pose:
  position:
    x: 0.11813336707328426
    y: 0.04680001327225464
    z: -0.9882209629794586
  orientation:
    x: 0.032031696289447235
    y: -0.03127501326484519
    z: -0.007507565205255203
    w: 0.9989692089563087
---
header:
  stamp:
    sec: 1788574972
    nanosec: 515067000
  frame_id: default_cam
pose:
  position:
    x: 0.11806322010544155
    y: 0.04669517804215009
    z: -0.987451823570672
  orientation:
    x: 0.030794333765293024
    y: -0.03239443617720128
    z: -0.007887286618476926
    w: 0.9989695191658807
---
header:
  stamp:
    sec: 1788574972
    nanosec: 547059000
  frame_id: default_cam
pose:
  position:
    x: 0.11806308231574798
    y: 0.0466887833831662
    z: -0.9873934319797485
  orientation:
    x: 0.03134684590492179
    y: -0.03161986016339842
    z: -0.00783881501202996
    w: 0.9989775336183829
---
header:
  stamp:
    sec: 1788574972
    nanosec: 583074000
  frame_id: default_cam
pose:
  position:
    x: 0.118065553748933
    y: 0.04667934450711345
    z: -0.9874471225149093
  orientation:
    x: 0.03586063805877437
    y: -0.03129329594419105
    z: -0.007495738493604308
    w: 0.9988386046661404
---
header:
  stamp:
    sec: 1788574972
    nanosec: 615075000
  frame_id: default_cam
pose:
  position:
    x: 0.11806396127160308
    y: 0.04668427901470591
    z: -0.987398288356093
  orientation:
    x: 0.032880845219944735
    y: -0.03134371111430266
    z: -0.0077208386309048456
    w: 0.998937841130288
---
header:
  stamp:
    sec: 1788574972
    nanosec: 647078000
  frame_id: default_cam
pose:
  position:
    x: 0.11806322054923137
    y: 0.04669517899802697
    z: -0.987451827409722
  orientation:
    x: 0.030794360189911104
    y: -0.032394437151519524
    z: -0.007887284944600751
    w: 0.9989695183329333
---
header:
  stamp:
    sec: 1788574972
    nanosec: 683079000
  frame_id: default_cam
pose:
  position:
    x: 0.11806322054923137
    y: 0.04669517899802697
    z: -0.987451827409722
  orientation:
    x: 0.030794360189911104
    y: -0.032394437151519524
    z: -0.007887284944600751
    w: 0.9989695183329333
---
header:
  stamp:
    sec: 1788574972
    nanosec: 715082000
  frame_id: default_cam
pose:
  position:
    x: 0.11806308231575761
    y: 0.04668878338319171
    z: -0.9873934319798452
  orientation:
    x: 0.03134684590563659
    y: -0.03161986016336524
    z: -0.007838815011989544
    w: 0.9989775336183618
---
header:
  stamp:
    sec: 1788574972
    nanosec: 747071000
  frame_id: default_cam
pose:
  position:
    x: 0.11806308231575761
    y: 0.04668878338319171
    z: -0.9873934319798452
  orientation:
    x: 0.03134684590563659
    y: -0.03161986016336524
    z: -0.007838815011989544
    w: 0.9989775336183618
---
header:
  stamp:
    sec: 1788574972
    nanosec: 783085000
  frame_id: default_cam
pose:
  position:
    x: 0.11806581390095953
    y: 0.04669028946929374
    z: -0.9875174956447215
  orientation:
    x: 0.0339778419410805
    y: -0.03243466435930656
    z: -0.007641723017275058
    w: 0.9988669094900748
---
header:
  stamp:
    sec: 1788574972
    nanosec: 815089000
  frame_id: default_cam
pose:
  position:
    x: 0.1180630833951798
    y: 0.04668878730180484
    z: -0.9873934465465343
  orientation:
    x: 0.031346956653183586
    y: -0.03161983975822763
    z: -0.007838809672130518
    w: 0.998977530830985
---
header:
  stamp:
    sec: 1788574972
    nanosec: 847091000
  frame_id: default_cam
pose:
  position:
    x: 0.1180630833951798
    y: 0.04668878730180484
    z: -0.9873934465465343
  orientation:
    x: 0.031346956653183586
    y: -0.03161983975822763
    z: -0.007838809672130518
    w: 0.998977530830985
---
header:
  stamp:
    sec: 1788574972
    nanosec: 883092000
  frame_id: default_cam
pose:
  position:
    x: 0.1180630833951798
    y: 0.04668878730180484
    z: -0.9873934465465343
  orientation:
    x: 0.031346956653183586
    y: -0.03161983975822763
    z: -0.007838809672130518
    w: 0.998977530830985
---
header:
  stamp:
    sec: 1788574972
    nanosec: 915096000
  frame_id: default_cam
pose:
  position:
    x: 0.1180630833951798
    y: 0.04668878730180484
    z: -0.9873934465465343
  orientation:
    x: 0.031346956653183586
    y: -0.03161983975822763
    z: -0.007838809672130518
    w: 0.998977530830985
---
header:
  stamp:
    sec: 1788574972
    nanosec: 947086000
  frame_id: default_cam
pose:
  position:
    x: 0.1180630833951798
    y: 0.04668878730180484
    z: -0.9873934465465343
  orientation:
    x: 0.031346956653183586
    y: -0.03161983975822763
    z: -0.007838809672130518
    w: 0.998977530830985
---
header:
  stamp:
    sec: 1788574972
    nanosec: 983101000
  frame_id: default_cam
pose:
  position:
    x: 0.1180630833951798
    y: 0.04668878730180484
    z: -0.9873934465465343
  orientation:
    x: 0.031346956653183586
    y: -0.03161983975822763
    z: -0.007838809672130518
    w: 0.998977530830985
---
header:
  stamp:
    sec: 1788574973
    nanosec: 15103000
  frame_id: default_cam
pose:
  position:
    x: 0.1180630833951798
    y: 0.04668878730180484
    z: -0.9873934465465343
  orientation:
    x: 0.031346956653183586
    y: -0.03161983975822763
    z: -0.007838809672130518
    w: 0.998977530830985
---
header:
  stamp:
    sec: 1788574973
    nanosec: 47107000
  frame_id: default_cam
pose:
  position:
    x: 0.1180630833951798
    y: 0.04668878730180484
    z: -0.9873934465465343
  orientation:
    x: 0.031346956653183586
    y: -0.03161983975822763
    z: -0.007838809672130518
    w: 0.998977530830985
---
header:
  stamp:
    sec: 1788574973
    nanosec: 83106000
  frame_id: default_cam
pose:
  position:
    x: 0.11806435615792592
    y: 0.04669016958380934
    z: -0.9874546303495387
  orientation:
    x: 0.032407907452759316
    y: -0.032062983381428094
    z: -0.007760800036203698
    w: 0.9989301590271533
---
header:
  stamp:
    sec: 1788574973
    nanosec: 115111000
  frame_id: default_cam
pose:
  position:
    x: 0.1180630826330025
    y: 0.04668878524384825
    z: -0.9873934385735899
  orientation:
    x: 0.031346899231968275
    y: -0.03161984420833538
    z: -0.00783881287025208
    w: 0.9989775324668552
---
header:
  stamp:
    sec: 1788574973
    nanosec: 147103000
  frame_id: default_cam
pose:
  position:
    x: 0.11806469892151371
    y: 0.04668914792621716
    z: -0.9874611936652715
  orientation:
    x: 0.03289949939509461
    y: -0.03203053159508003
    z: -0.007722948217963047
    w: 0.9989154238753706
---
header:
  stamp:
    sec: 1788574973
    nanosec: 183118000
  frame_id: default_cam
pose:
  position:
    x: 0.11806308278565796
    y: 0.04668878588138113
    z: -0.9873934409168225
  orientation:
    x: 0.031346917335088736
    y: -0.03161984008127851
    z: -0.007838812048609334
    w: 0.9989775320358751
---
header:
  stamp:
    sec: 1788574973
    nanosec: 215117000
  frame_id: default_cam
pose:
  position:
    x: 0.11806308278565796
    y: 0.04668878588138113
    z: -0.9873934409168225
  orientation:
    x: 0.031346917335088736
    y: -0.03161984008127851
    z: -0.007838812048609334
    w: 0.9989775320358751
---
header:
  stamp:
    sec: 1788574973
    nanosec: 247121000
  frame_id: default_cam
pose:
  position:
    x: 0.11806308278565796
    y: 0.04668878588138113
    z: -0.9873934409168225
  orientation:
    x: 0.031346917335088736
    y: -0.03161984008127851
    z: -0.007838812048609334
    w: 0.9989775320358751
---
header:
  stamp:
    sec: 1788574973
    nanosec: 283122000
  frame_id: default_cam
pose:
  position:
    x: 0.11806308278565796
    y: 0.04668878588138113
    z: -0.9873934409168225
  orientation:
    x: 0.031346917335088736
    y: -0.03161984008127851
    z: -0.007838812048609334
    w: 0.9989775320358751
---
header:
  stamp:
    sec: 1788574973
    nanosec: 315126000
  frame_id: default_cam
pose:
  position:
    x: 0.11806308278565796
    y: 0.04668878588138113
    z: -0.9873934409168225
  orientation:
    x: 0.031346917335088736
    y: -0.03161984008127851
    z: -0.007838812048609334
    w: 0.9989775320358751
---
header:
  stamp:
    sec: 1788574973
    nanosec: 347114000
  frame_id: default_cam
pose:
  position:
    x: 0.11806395975739355
    y: 0.0466842733190465
    z: -0.9873982676373424
  orientation:
    x: 0.03288068360732284
    y: -0.03134374060166821
    z: -0.00772084638894951
    w: 0.9989378454646959
---
header:
  stamp:
    sec: 1788574973
    nanosec: 383129000
  frame_id: default_cam
pose:
  position:
    x: 0.11806395975739355
    y: 0.0466842733190465
    z: -0.9873982676373424
  orientation:
    x: 0.03288068360732284
    y: -0.03134374060166821
    z: -0.00772084638894951
    w: 0.9989378454646959
---
header:
  stamp:
    sec: 1788574973
    nanosec: 415133000
  frame_id: default_cam
pose:
  position:
    x: 0.11813483643601119
    y: 0.04680045367493102
    z: -0.9882883080188617
  orientation:
    x: 0.03358683196630804
    y: -0.03168296404731223
    z: -0.007392219081384593
    w: 0.9989061365337069
---
header:
  stamp:
    sec: 1788574973
    nanosec: 447135000
  frame_id: default_cam
pose:
  position:
    x: 0.1180646999431675
    y: 0.046689150400740426
    z: -0.9874612030540744
  orientation:
    x: 0.0328995685679001
    y: -0.03203053173661789
    z: -0.007722943991054364
    w: 0.9989154216252878
---
header:
  stamp:
    sec: 1788574973
    nanosec: 483136000
  frame_id: default_cam
pose:
  position:
    x: 0.11806538213276775
    y: 0.04668480319437225
    z: -0.9874628006533729
  orientation:
    x: 0.03438155045901542
    y: -0.03174465577998455
    z: -0.007608614204743271
    w: 0.9988755151705981
---
header:
  stamp:
    sec: 1788574973
    nanosec: 515139000
  frame_id: default_cam
pose:
  position:
    x: 0.11806308314042076
    y: 0.04668878804885247
    z: -0.9873934487464914
  orientation:
    x: 0.03134697937710384
    y: -0.03161981988989373
    z: -0.007838809598494008
    w: 0.998977530747384
---
header:
  stamp:
    sec: 1788574973
    nanosec: 547132000
  frame_id: default_cam
pose:
  position:
    x: 0.11813336707328083
    y: 0.04680001327222726
    z: -0.9882209629793605
  orientation:
    x: 0.03203169628866816
    y: -0.031275013265139526
    z: -0.007507565205283699
    w: 0.9989692089563244
---
header:
  stamp:
    sec: 1788574973
    nanosec: 583144000
  frame_id: default_cam
pose:
  position:
    x: 0.11792130151973354
    y: 0.04662317865324343
    z: -0.9869487531202897
  orientation:
    x: 0.03213564384857495
    y: -0.031911934658102985
    z: -0.007011540763452193
    w: 0.9989493316064318
---
header:
  stamp:
    sec: 1788574973
    nanosec: 615145000
  frame_id: default_cam
pose:
  position:
    x: 0.1178708579484903
    y: 0.04660343200853299
    z: -0.9870959596803073
  orientation:
    x: 0.0317721653963769
    y: -0.03149267639499723
    z: -0.00658811797979016
    w: 0.9989771456549893
---
header:
  stamp:
    sec: 1788574973
    nanosec: 647150000
  frame_id: default_cam
pose:
  position:
    x: 0.11792099298732708
    y: 0.04660734892607123
    z: -0.9868749466903027
  orientation:
    x: 0.03557278411467459
    y: -0.030418643117721078
    z: -0.00674889093994164
    w: 0.9988812420164311
---
header:
  stamp:
    sec: 1788574973
    nanosec: 683152000
  frame_id: default_cam
pose:
  position:
    x: 0.11813483663373615
    y: 0.04680045489017146
    z: -0.988288312438674
  orientation:
    x: 0.03358686644960232
    y: -0.03168295274647833
    z: -0.007392217775752927
    w: 0.9989061357423514
---
header:
  stamp:
    sec: 1788574973
    nanosec: 715154000
  frame_id: default_cam
pose:
  position:
    x: 0.11806308254166978
    y: 0.04668878690101763
    z: -0.9873934440349486
  orientation:
    x: 0.03134694797822507
    y: -0.03161981665392385
    z: -0.007838811740786092
    w: 0.9989775318182662
---
header:
  stamp:
    sec: 1788574973
    nanosec: 747146000
  frame_id: default_cam
pose:
  position:
    x: 0.1180563035968354
    y: 0.04667331972954867
    z: -0.9870090247473823
  orientation:
    x: 0.031338706705169486
    y: -0.0320128607684393
    z: -0.007666053554193885
    w: 0.99896661297081
---
header:
  stamp:
    sec: 1788574973
    nanosec: 783158000
  frame_id: default_cam
pose:
  position:
    x: 0.11805724735818623
    y: 0.046663911341211305
    z: -0.9870529245772286
  orientation:
    x: 0.03081543717237992
    y: -0.028208658405501776
    z: -0.007850173824386946
    w: 0.9990961190965381
---
header:
  stamp:
    sec: 1788574973
    nanosec: 815162000
  frame_id: default_cam
pose:
  position:
    x: 0.11808082686674029
    y: 0.04659993156601119
    z: -0.9862363685032347
  orientation:
    x: 0.03242493642335104
    y: -0.029199665505518998
    z: -0.007927837461829942
    w: 0.9990160921754395
---
header:
  stamp:
    sec: 1788574973
    nanosec: 847164000
  frame_id: default_cam
pose:
  position:
    x: 0.11807976001485057
    y: 0.046640365696039555
    z: -0.9865667627245128
  orientation:
    x: 0.03243345250269483
    y: -0.030533266555884626
    z: -0.00822554654528843
    w: 0.9989735387767856
---
header:
  stamp:
    sec: 1788574973
    nanosec: 883164000
  frame_id: default_cam
pose:
  position:
    x: 0.11805511571321069
    y: 0.04665841781985989
    z: -0.9868593451863072
  orientation:
    x: 0.0323426973995691
    y: -0.030176634326313356
    z: -0.007578069507685159
    w: 0.9989924391746878
---
header:
  stamp:
    sec: 1788574973
    nanosec: 915169000
  frame_id: default_cam
pose:
  position:
    x: 0.11805734407560939
    y: 0.04666895972312327
    z: -0.9870147573717106
  orientation:
    x: 0.03287536054841789
    y: -0.031738558028246815
    z: -0.007546873670856231
    w: 0.9989268838613241
---
header:
  stamp:
    sec: 1788574973
    nanosec: 947161000
  frame_id: default_cam
pose:
  position:
    x: 0.11807520771039447
    y: 0.04662164774669453
    z: -0.9863299097533593
  orientation:
    x: 0.0325598108982975
    y: -0.028101420586372772
    z: -0.008201933592743392
    w: 0.9990409887290086
---
header:
  stamp:
    sec: 1788574973
    nanosec: 983173000
  frame_id: default_cam
pose:
  position:
    x: 0.1180682778184451
    y: 0.04661370569733895
    z: -0.9858986713766239
  orientation:
    x: 0.029440499955442314
    y: -0.028563362752948025
    z: -0.008243094843755985
    w: 0.9991243379369826
---
header:
  stamp:
    sec: 1788574974
    nanosec: 15176000
  frame_id: default_cam
pose:
  position:
    x: 0.11809115054250516
    y: 0.046622911435507376
    z: -0.9856601593168194
  orientation:
    x: 0.03121101494035868
    y: -0.027977473936201175
    z: -0.008417138049751029
    w: 0.9990857246931283
---
header:
  stamp:
    sec: 1788574974
    nanosec: 47179000
  frame_id: default_cam
pose:
  position:
    x: 0.11807051877491453
    y: 0.046604686533406096
    z: -0.9859853902137955
  orientation:
    x: 0.03434252868057135
    y: -0.02846567204004548
    z: -0.007894610870595765
    w: 0.998973458785735
---
header:
  stamp:
    sec: 1788574974
    nanosec: 83180000
  frame_id: default_cam
pose:
  position:
    x: 0.11811181839500592
    y: 0.04665187539805957
    z: -0.9867567161468059
  orientation:
    x: 0.03270377013758762
    y: -0.028860326227284985
    z: -0.007884642658685383
    w: 0.9990172057572319
---
header:
  stamp:
    sec: 1788574974
    nanosec: 115182000
  frame_id: default_cam
pose:
  position:
    x: 0.11805734316253286
    y: 0.04666895960910022
    z: -0.9870147557331538
  orientation:
    x: 0.032875360386788045
    y: -0.0317385294601547
    z: -0.007546875986585859
    w: 0.9989268847568318
---
header:
  stamp:
    sec: 1788574974
    nanosec: 147175000
  frame_id: default_cam
pose:
  position:
    x: 0.11810712162782407
    y: 0.04667155204130456
    z: -0.9868821586540789
  orientation:
    x: 0.03462875214324959
    y: -0.027723655081935927
    z: -0.00802816982334877
    w: 0.998983381725235
---
header:
  stamp:
    sec: 1788574974
    nanosec: 183191000
  frame_id: default_cam
pose:
  position:
    x: 0.11807159668751524
    y: 0.04661361195001404
    z: -0.9860355426725227
  orientation:
    x: 0.032680941420255696
    y: -0.02927513215853982
    z: -0.008017010225487268
    w: 0.9990048299442953
---
header:
  stamp:
    sec: 1788574974
    nanosec: 215190000
  frame_id: default_cam
pose:
  position:
    x: 0.11807076707629457
    y: 0.04661727221278427
    z: -0.9860093690232637
  orientation:
    x: 0.030911314536709915
    y: -0.029365649227085906
    z: -0.008145419546008193
    w: 0.9990574565156419
---
header:
  stamp:
    sec: 1788574974
    nanosec: 247194000
  frame_id: default_cam
pose:
  position:
    x: 0.11807076707629457
    y: 0.04661727221278427
    z: -0.9860093690232637
  orientation:
    x: 0.030911314536709915
    y: -0.029365649227085906
    z: -0.008145419546008193
    w: 0.9990574565156419
---
header:
  stamp:
    sec: 1788574974
    nanosec: 283195000
  frame_id: default_cam
pose:
  position:
    x: 0.11810869136893509
    y: 0.04668067095588378
    z: -0.9869351804337699
  orientation:
    x: 0.032966908452887626
    y: -0.02853709740610856
    z: -0.00814809965010087
    w: 0.9990157283500521
---
header:
  stamp:
    sec: 1788574974
    nanosec: 315199000
  frame_id: default_cam
pose:
  position:
    x: 0.11811007406339687
    y: 0.04664600070926392
    z: -0.9866761163198171
  orientation:
    x: 0.03258416009443775
    y: -0.02808650202039352
    z: -0.007888582725789505
    w: 0.99904313779625
---
header:
  stamp:
    sec: 1788574974
    nanosec: 347189000
  frame_id: default_cam
pose:
  position:
    x: 0.11807159617166257
    y: 0.046613610522607984
    z: -0.9860355369910772
  orientation:
    x: 0.032680901958267054
    y: -0.029275136247339406
    z: -0.008017012209948446
    w: 0.9990048310994893
---
header:
  stamp:
    sec: 1788574974
    nanosec: 383203000
  frame_id: default_cam
pose:
  position:
    x: 0.11807159617166257
    y: 0.046613610522607984
    z: -0.9860355369910772
  orientation:
    x: 0.032680901958267054
    y: -0.029275136247339406
    z: -0.008017012209948446
    w: 0.9990048310994893
---
header:
  stamp:
    sec: 1788574974
    nanosec: 415205000
  frame_id: default_cam
pose:
  position:
    x: 0.11806827796920512
    y: 0.04661370556603334
    z: -0.9858986711203135
  orientation:
    x: 0.029440495526264904
    y: -0.028563369923775707
    z: -0.008243094747158333
    w: 0.9991243378632886
---
header:
  stamp:
    sec: 1788574974
    nanosec: 447208000
  frame_id: default_cam
pose:
  position:
    x: 0.11810187836639427
    y: 0.04666922304254741
    z: -0.9865301058119647
  orientation:
    x: 0.031189239556742344
    y: -0.02902750496159506
    z: -0.00810137141855508
    w: 0.9990590588512349
---
header:
  stamp:
    sec: 1788574974
    nanosec: 483210000
  frame_id: default_cam
pose:
  position:
    x: 0.11808807100460716
    y: 0.04663097780469857
    z: -0.9867527132935654
  orientation:
    x: 0.030509153998621672
    y: -0.030650314968435455
    z: -0.008262068179715601
    w: 0.9990302737875454
---
header:
  stamp:
    sec: 1788574974
    nanosec: 515213000
  frame_id: default_cam
pose:
  position:
    x: 0.11807257688335693
    y: 0.04660788541278434
    z: -0.9860892205792982
  orientation:
    x: 0.03605214430026553
    y: -0.02920799608103277
    z: -0.007773885308699903
    w: 0.998892738267473
---
header:
  stamp:
    sec: 1788574974
    nanosec: 547205000
  frame_id: default_cam
pose:
  position:
    x: 0.11806995744427419
    y: 0.04660782042346371
    z: -0.9859560008847765
  orientation:
    x: 0.032562017854322604
    y: -0.028501312578985197
    z: -0.008020991523253513
    w: 0.9990310575099823
---
header:
  stamp:
    sec: 1788574974
    nanosec: 583217000
  frame_id: default_cam
pose:
  position:
    x: 0.11809506655450737
    y: 0.04663182303007954
    z: -0.9858519412433941
  orientation:
    x: 0.03302039621033893
    y: -0.029544832235090385
    z: -0.008298976088212498
    w: 0.9989834249466805
---
header:
  stamp:
    sec: 1788574974
    nanosec: 615222000
  frame_id: default_cam
pose:
  position:
    x: 0.1180767627307288
    y: 0.04664076279822021
    z: -0.9864411432679663
  orientation:
    x: 0.029397701783394764
    y: -0.02986528389930017
    z: -0.00844316029641333
    w: 0.9990858586686521
---
header:
  stamp:
    sec: 1788574974
    nanosec: 647221000
  frame_id: default_cam
pose:
  position:
    x: 0.11806827731586056
    y: 0.046613703257706515
    z: -0.9858986619172363
  orientation:
    x: 0.02944043128741007
    y: -0.028563384892406646
    z: -0.008243097827167646
    w: 0.9991243393028274
---
header:
  stamp:
    sec: 1788574974
    nanosec: 683224000
  frame_id: default_cam
pose:
  position:
    x: 0.11807076611866578
    y: 0.04661727052478422
    z: -0.986009361734683
  orientation:
    x: 0.030911269233358782
    y: -0.02936564256879683
    z: -0.008145422450888996
    w: 0.9990574580893739
---
header:
  stamp:
    sec: 1788574974
    nanosec: 715228000
  frame_id: default_cam
pose:
  position:
    x: 0.11807600684704914
    y: 0.04663647147789722
    z: -0.9863416882535209
  orientation:
    x: 0.03296127051416626
    y: -0.03249211165270459
    z: -0.00801336654673315
    w: 0.9988961924459557
---
header:
  stamp:
    sec: 1788574974
    nanosec: 747219000
  frame_id: default_cam
pose:
  position:
    x: 0.11808416778894053
    y: 0.04662730872883194
    z: -0.9865373827394757
  orientation:
    x: 0.0311738038078634
    y: -0.0326924408556391
    z: -0.008045735267739022
    w: 0.9989467775667785
---
header:
  stamp:
    sec: 1788574974
    nanosec: 783234000
  frame_id: default_cam
pose:
  position:
    x: 0.1180750363783696
    y: 0.046640893059637825
    z: -0.9863361439733852
  orientation:
    x: 0.03142784601640682
    y: -0.032771368788449315
    z: -0.008133742398166263
    w: 0.9989355184981165
---
header:
  stamp:
    sec: 1788574974
    nanosec: 815237000
  frame_id: default_cam
pose:
  position:
    x: 0.1180750363783696
    y: 0.046640893059637825
    z: -0.9863361439733852
  orientation:
    x: 0.03142784601640682
    y: -0.032771368788449315
    z: -0.008133742398166263
    w: 0.9989355184981165
---
header:
  stamp:
    sec: 1788574974
    nanosec: 847236000
  frame_id: default_cam
pose:
  position:
    x: 0.1180750363783696
    y: 0.046640893059637825
    z: -0.9863361439733852
  orientation:
    x: 0.03142784601640682
    y: -0.032771368788449315
    z: -0.008133742398166263
    w: 0.9989355184981165
---
header:
  stamp:
    sec: 1788574974
    nanosec: 883239000
  frame_id: default_cam
pose:
  position:
    x: 0.1180991746773876
    y: 0.04665416773838129
    z: -0.9861543736645287
  orientation:
    x: 0.03328961123797409
    y: -0.03276374715305007
    z: -0.008294417867732402
    w: 0.9988741368602707
---
header:
  stamp:
    sec: 1788574974
    nanosec: 915242000
  frame_id: default_cam
pose:
  position:
    x: 0.1180991746773876
    y: 0.04665416773838129
    z: -0.9861543736645287
  orientation:
    x: 0.03328961123797409
    y: -0.03276374715305007
    z: -0.008294417867732402
    w: 0.9988741368602707
---
header:
  stamp:
    sec: 1788574974
    nanosec: 947234000
  frame_id: default_cam
pose:
  position:
    x: 0.11807503617373839
    y: 0.04664086549973538
    z: -0.9863360462619071
  orientation:
    x: 0.031427119901256115
    y: -0.0327718622921272
    z: -0.008133737705614062
    w: 0.998935525190467
---
header:
  stamp:
    sec: 1788574974
    nanosec: 983245000
  frame_id: default_cam
pose:
  position:
    x: 0.11809673804882914
    y: 0.04664850627625888
    z: -0.9859899043616597
  orientation:
    x: 0.031101215140476937
    y: -0.031401691561496435
    z: -0.008452723669560801
    w: 0.9989870868266658
---
header:
  stamp:
    sec: 1788574975
    nanosec: 15249000
  frame_id: default_cam
pose:
  position:
    x: 0.11809673804882914
    y: 0.04664850627625888
    z: -0.9859899043616597
  orientation:
    x: 0.031101215140476937
    y: -0.031401691561496435
    z: -0.008452723669560801
    w: 0.9989870868266658
---
header:
  stamp:
    sec: 1788574975
    nanosec: 47250000
  frame_id: default_cam
pose:
  position:
    x: 0.1180950672793089
    y: 0.04663182212523329
    z: -0.9858519398279197
  orientation:
    x: 0.033020366113918044
    y: -0.02954487038197227
    z: -0.008298977602180466
    w: 0.998983424800719
---
header:
  stamp:
    sec: 1788574975
    nanosec: 83251000
  frame_id: default_cam
pose:
  position:
    x: 0.11809673701823643
    y: 0.04664850696907513
    z: -0.9859899046268583
  orientation:
    x: 0.03110124065258851
    y: -0.031401646570047556
    z: -0.008452722756425828
    w: 0.9989870874543687
---
header:
  stamp:
    sec: 1788574975
    nanosec: 183263000
  frame_id: default_cam
pose:
  position:
    x: 0.11809446274976397
    y: 0.04663553873382982
    z: -0.9858268628777171
  orientation:
    x: 0.031252035194622795
    y: -0.029640382450990512
    z: -0.0084275662771672
    w: 0.9990364028157317
---
header:
  stamp:
    sec: 1788574975
    nanosec: 215266000
  frame_id: default_cam
pose:
  position:
    x: 0.11803076897640448
    y: 0.04653795329575064
    z: -0.9852723818537499
  orientation:
    x: 0.030594457275256646
    y: -0.029723245311033916
    z: -0.008855977839095976
    w: 0.9990505890738096
---
header:
  stamp:
    sec: 1788574975
    nanosec: 247265000
  frame_id: default_cam
pose:
  position:
    x: 0.11803076897640448
    y: 0.04653795329575064
    z: -0.9852723818537499
  orientation:
    x: 0.030594457275256646
    y: -0.029723245311033916
    z: -0.008855977839095976
    w: 0.9990505890738096
---
header:
  stamp:
    sec: 1788574975
    nanosec: 283267000
  frame_id: default_cam
pose:
  position:
    x: 0.11803297269546506
    y: 0.04655097521935748
    z: -0.9854351432621867
  orientation:
    x: 0.030446270850793634
    y: -0.031484556162225355
    z: -0.008882568486951372
    w: 0.9990009245699537
---
header:
  stamp:
    sec: 1788574975
    nanosec: 315271000
  frame_id: default_cam
pose:
  position:
    x: 0.11809673709173475
    y: 0.046648505445758874
    z: -0.9859898996453053
  orientation:
    x: 0.031101195618801543
    y: -0.03140167481424805
    z: -0.008452726191257044
    w: 0.9989870879395173
---
header:
  stamp:
    sec: 1788574975
    nanosec: 347264000
  frame_id: default_cam
pose:
  position:
    x: 0.1180968959904102
    y: 0.04665477334618831
    z: -0.9860428801142818
  orientation:
    x: 0.03043306259605478
    y: -0.03214064690341588
    z: -0.008509617989518648
    w: 0.9989836805070076
---
header:
  stamp:
    sec: 1788574975
    nanosec: 383279000
  frame_id: default_cam
pose:
  position:
    x: 0.11798294263004831
    y: 0.046469744651508244
    z: -0.9851435873449652
  orientation:
    x: 0.030053075176434685
    y: -0.029441229139875024
    z: -0.009367031991590813
    w: 0.9990707109163203
---
header:
  stamp:
    sec: 1788574975
    nanosec: 415280000
  frame_id: default_cam
pose:
  position:
    x: 0.11798534906302953
    y: 0.046482950180785694
    z: -0.98530814084817
  orientation:
    x: 0.029907253358901233
    y: -0.03120425614677633
    z: -0.009394707426038564
    w: 0.99902131612255
---
header:
  stamp:
    sec: 1788574975
    nanosec: 447281000
  frame_id: default_cam
pose:
  position:
    x: 0.11798719971705246
    y: 0.046493116442671754
    z: -0.9854693931097807
  orientation:
    x: 0.030562915451664882
    y: -0.03285419398041719
    z: -0.009359557034230772
    w: 0.9989489020110661
---
header:
  stamp:
    sec: 1788574975
    nanosec: 483281000
  frame_id: default_cam
pose:
  position:
    x: 0.1178825210011531
    y: 0.04652784808304343
    z: -0.9851390355335256
  orientation:
    x: 0.030368105027498645
    y: -0.03316839265888865
    z: -0.009880455549030935
    w: 0.9989394438721539
---
header:
  stamp:
    sec: 1788574975
    nanosec: 515287000
  frame_id: default_cam
pose:
  position:
    x: 0.11788517462608118
    y: 0.046537900949913315
    z: -0.9855496743325376
  orientation:
    x: 0.030322011108908017
    y: -0.0327092059941059
    z: -0.01012419028185143
    w: 0.9989535445938831
---
header:
  stamp:
    sec: 1788574975
    nanosec: 547287000
  frame_id: default_cam
pose:
  position:
    x: 0.11788251324524188
    y: 0.04652786001611431
    z: -0.9851391466611706
  orientation:
    x: 0.030368199337563608
    y: -0.0331667668651257
    z: -0.009880395814766097
    w: 0.9989394955768102
---
header:
  stamp:
    sec: 1788574975
    nanosec: 583290000
  frame_id: default_cam
pose:
  position:
    x: 0.117885174067667
    y: 0.046537900716636334
    z: -0.9855496714878169
  orientation:
    x: 0.030322009204425945
    y: -0.03270919639800164
    z: -0.010124190657763812
    w: 0.9989535449620913
---
header:
  stamp:
    sec: 1788574975
    nanosec: 615294000
  frame_id: default_cam
pose:
  position:
    x: 0.117885174067667
    y: 0.046537900716636334
    z: -0.9855496714878169
  orientation:
    x: 0.030322009204425945
    y: -0.03270919639800164
    z: -0.010124190657763812
    w: 0.9989535449620913
---
header:
  stamp:
    sec: 1788574975
    nanosec: 647296000
  frame_id: default_cam
pose:
  position:
    x: 0.11788729341923558
    y: 0.046532471668723686
    z: -0.9856129481313606
  orientation:
    x: 0.033488907930557775
    y: -0.03273709843881797
    z: -0.009879418391193575
    w: 0.9988539295230697
---
header:
  stamp:
    sec: 1788574975
    nanosec: 683297000
  frame_id: default_cam
pose:
  position:
    x: 0.1178844638550882
    y: 0.04653175715579592
    z: -0.98527573442267
  orientation:
    x: 0.03240574506703892
    y: -0.034309325591076495
    z: -0.009727587782683999
    w: 0.9988383812709971
---
header:
  stamp:
    sec: 1788574975
    nanosec: 715301000
  frame_id: default_cam
pose:
  position:
    x: 0.11788487097835233
    y: 0.04652210038602512
    z: -0.9851944926460663
  orientation:
    x: 0.033481752687139876
    y: -0.03310812700301206
    z: -0.009636907915638841
    w: 0.9988443092740605
---
header:
  stamp:
    sec: 1788574975
    nanosec: 747303000
  frame_id: default_cam
pose:
  position:
    x: 0.1179893547292583
    y: 0.046493251721901725
    z: -0.9855803733399945
  orientation:
    x: 0.03311568039857157
    y: -0.0335679214216099
    z: -0.0091647654883578
    w: 0.9988456104106959
---
header:
  stamp:
    sec: 1788574975
    nanosec: 783307000
  frame_id: default_cam
pose:
  position:
    x: 0.11799027287838286
    y: 0.04651394762718384
    z: -0.9860129317504153
  orientation:
    x: 0.03034878898117989
    y: -0.0339799997253704
    z: -0.00963016342961833
    w: 0.9989151968902859
---
header:
  stamp:
    sec: 1788574975
    nanosec: 815309000
  frame_id: default_cam
pose:
  position:
    x: 0.1179652643108385
    y: 0.04648117697548956
    z: -0.9857768702837194
  orientation:
    x: 0.031304183162791085
    y: -0.033724686021929025
    z: -0.009004076473580834
    w: 0.9989002053639245
---
header:
  stamp:
    sec: 1788574975
    nanosec: 847312000
  frame_id: default_cam
pose:
  position:
    x: 0.11808293338917787
    y: 0.04666533464882238
    z: -0.9869090240967614
  orientation:
    x: 0.032914119277338956
    y: -0.03429524119098255
    z: -0.008208952259214673
    w: 0.9988358775527917
---
header:
  stamp:
    sec: 1788574975
    nanosec: 883312000
  frame_id: default_cam
pose:
  position:
    x: 0.11796853977729349
    y: 0.04649553873190081
    z: -0.9862623416343701
  orientation:
    x: 0.031671013670772574
    y: -0.03403481674241725
    z: -0.009221221404302224
    w: 0.998876142080783
---
header:
  stamp:
    sec: 1788574975
    nanosec: 915315000
  frame_id: default_cam
pose:
  position:
    x: 0.11797598122232084
    y: 0.04648282227651759
    z: -0.986402487003056
  orientation:
    x: 0.029769036054621594
    y: -0.03361495015106337
    z: -0.009262135612846415
    w: 0.9989484733771855
---
header:
  stamp:
    sec: 1788574975
    nanosec: 947318000
  frame_id: default_cam
pose:
  position:
    x: 0.11797598122232084
    y: 0.04648282227651759
    z: -0.986402487003056
  orientation:
    x: 0.029769036054621594
    y: -0.03361495015106337
    z: -0.009262135612846415
    w: 0.9989484733771855
---
header:
  stamp:
    sec: 1788574975
    nanosec: 983319000
  frame_id: default_cam
pose:
  position:
    x: 0.1178640461704542
    y: 0.04652426839428265
    z: -0.9858767446092128
  orientation:
    x: 0.032031878727042204
    y: -0.03357181788552064
    z: -0.009693067770508507
    w: 0.9988758362410585
---
header:
  stamp:
    sec: 1788574976
    nanosec: 15322000
  frame_id: default_cam
pose:
  position:
    x: 0.11786241531176672
    y: 0.04652491883497262
    z: -0.9858149340022406
  orientation:
    x: 0.03037967511656434
    y: -0.03323470923953748
    z: -0.009820627216784061
    w: 0.9989374778846994
---
header:
  stamp:
    sec: 1788574976
    nanosec: 47324000
  frame_id: default_cam
pose:
  position:
    x: 0.11796853625682871
    y: 0.046495533234268104
    z: -0.9862623169678782
  orientation:
    x: 0.03167086876124768
    y: -0.034034784844493564
    z: -0.009221232408295343
    w: 0.9988761476606441
---
header:
  stamp:
    sec: 1788574976
    nanosec: 83326000
  frame_id: default_cam
pose:
  position:
    x: 0.11788796988100614
    y: 0.04653652851392091
    z: -0.9856824940534037
  orientation:
    x: 0.03392517111532396
    y: -0.03345198666519948
    z: -0.009847965397441021
    w: 0.9988158313375285
---
header:
  stamp:
    sec: 1788574976
    nanosec: 115329000
  frame_id: default_cam
pose:
  position:
    x: 0.11799027493924252
    y: 0.046513950129957155
    z: -0.9860129443882522
  orientation:
    x: 0.03034885238954288
    y: -0.03398002467463546
    z: -0.009630157193938041
    w: 0.9989151941752458
---
header:
  stamp:
    sec: 1788574976
    nanosec: 147333000
  frame_id: default_cam
pose:
  position:
    x: 0.11788708813348187
    y: 0.04654177841387651
    z: -0.9856871685771953
  orientation:
    x: 0.032357855834273884
    y: -0.0338483798548449
    z: -0.009973227999741178
    w: 0.9988532380035996
---
header:
  stamp:
    sec: 1788574976
    nanosec: 183333000
  frame_id: default_cam
pose:
  position:
    x: 0.117885696233821
    y: 0.04654254448426142
    z: -0.9856267864167021
  orientation:
    x: 0.030708280268875916
    y: -0.033515629049298
    z: -0.010101073779471049
    w: 0.9989152478768455
---
header:
  stamp:
    sec: 1788574976
    nanosec: 215338000
  frame_id: default_cam
pose:
  position:
    x: 0.11795733188089648
    y: 0.04652419533913908
    z: -0.9854826239726282
  orientation:
    x: 0.030597588024846897
    y: -0.034269354808129295
    z: -0.010131563419673374
    w: 0.9988927621875981
---
header:
  stamp:
    sec: 1788574976
    nanosec: 247341000
  frame_id: default_cam
pose:
  position:
    x: 0.11798430185466173
    y: 0.04660918806085215
    z: -0.9861623042728533
  orientation:
    x: 0.03067611328973171
    y: -0.03296851205702097
    z: -0.01024383198307041
    w: 0.9989329893403682
---
header:
  stamp:
    sec: 1788574976
    nanosec: 283341000
  frame_id: default_cam
pose:
  position:
    x: 0.11798491787655878
    y: 0.04661387104767046
    z: -0.9862393365821897
  orientation:
    x: 0.031063701871494116
    y: -0.033778414937488
    z: -0.0102198215238806
    w: 0.9988941987810169
---
header:
  stamp:
    sec: 1788574976
    nanosec: 315344000
  frame_id: default_cam
pose:
  position:
    x: 0.11791847192158998
    y: 0.04646688478601067
    z: -0.9852624997783528
  orientation:
    x: 0.030180493902430123
    y: -0.03418127064035836
    z: -0.010472777182371464
    w: 0.9989049501645811
---
header:
  stamp:
    sec: 1788574976
    nanosec: 347347000
  frame_id: default_cam
pose:
  position:
    x: 0.1179601007256988
    y: 0.04653434300725405
    z: -0.9858945722122093
  orientation:
    x: 0.03055252191465356
    y: -0.03380974856291063
    z: -0.010375755738028292
    w: 0.9989072969998928
---
header:
  stamp:
    sec: 1788574976
    nanosec: 383347000
  frame_id: default_cam
pose:
  position:
    x: 0.11796139937371106
    y: 0.046533583950610156
    z: -0.9859548293087914
  orientation:
    x: 0.032203808934464596
    y: -0.034138435483749584
    z: -0.010247407930069886
    w: 0.9988455699173667
---
header:
  stamp:
    sec: 1788574976
    nanosec: 415352000
  frame_id: default_cam
pose:
  position:
    x: 0.11796010223356951
    y: 0.04653434560379028
    z: -0.9858945837505424
  orientation:
    x: 0.030552591055285676
    y: -0.033809753542554805
    z: -0.010375748254377136
    w: 0.9989072947943478
---
header:
  stamp:
    sec: 1788574976
    nanosec: 447352000
  frame_id: default_cam
pose:
  position:
    x: 0.11788446287988091
    y: 0.04653175442646234
    z: -0.9852757230196046
  orientation:
    x: 0.032405671145247
    y: -0.034309339458202914
    z: -0.00972759303005427
    w: 0.9988383831418421
---
header:
  stamp:
    sec: 1788574976
    nanosec: 483357000
  frame_id: default_cam
pose:
  position:
    x: 0.11788720180238435
    y: 0.04654181043486839
    z: -0.9856875479623853
  orientation:
    x: 0.03235801805317935
    y: -0.03385070970874436
    z: -0.009973072567461879
    w: 0.9988531553453933
---
header:
  stamp:
    sec: 1788574976
    nanosec: 515356000
  frame_id: default_cam
pose:
  position:
    x: 0.11786413709102907
    y: 0.04652426360207384
    z: -0.9858770162296047
  orientation:
    x: 0.032031068356477024
    y: -0.03357419476945212
    z: -0.009693112650533037
    w: 0.9988757819031703
---
header:
  stamp:
    sec: 1788574976
    nanosec: 547362000
  frame_id: default_cam
pose:
  position:
    x: 0.11799027146650984
    y: 0.04651394438790976
    z: -0.986012917545256
  orientation:
    x: 0.03034870175893491
    y: -0.033980009964476705
    z: -0.00963017064397251
    w: 0.9989151991223926
---
header:
  stamp:
    sec: 1788574976
    nanosec: 583363000
  frame_id: default_cam
pose:
  position:
    x: 0.11798882397515593
    y: 0.046502885956168284
    z: -0.9856598678955089
  orientation:
    x: 0.03204205673294447
    y: -0.03477420498996797
    z: -0.00925638368752052
    w: 0.9988385157915507
---
header:
  stamp:
    sec: 1788574976
    nanosec: 615366000
  frame_id: default_cam
pose:
  position:
    x: 0.11796693593081915
    y: 0.046496368674615866
    z: -0.9862009973111434
  orientation:
    x: 0.03002211958599448
    y: -0.03369749909924491
    z: -0.00934950356156796
    w: 0.9989373041753786
---
header:
  stamp:
    sec: 1788574976
    nanosec: 647368000
  frame_id: default_cam
pose:
  position:
    x: 0.11786404630515236
    y: 0.04652426870739889
    z: -0.985876745869556
  orientation:
    x: 0.032031887294170655
    y: -0.033571817784115894
    z: -0.009693067259357155
    w: 0.9988758359746968
---
header:
  stamp:
    sec: 1788574976
    nanosec: 683370000
  frame_id: default_cam
pose:
  position:
    x: 0.11796850097603585
    y: 0.04649545399854602
    z: -0.9862623866525687
  orientation:
    x: 0.03166767552695948
    y: -0.03403345205311109
    z: -0.009221599631026875
    w: 0.9988762909231116
---
header:
  stamp:
    sec: 1788574976
    nanosec: 715372000
  frame_id: default_cam
pose:
  position:
    x: 0.11796850097603585
    y: 0.04649545399854602
    z: -0.9862623866525687
  orientation:
    x: 0.03166767552695948
    y: -0.03403345205311109
    z: -0.009221599631026875
    w: 0.9988762909231116
---
header:
  stamp:
    sec: 1788574976
    nanosec: 747377000
  frame_id: default_cam
pose:
  position:
    x: 0.11799027151322351
    y: 0.04651394382683711
    z: -0.986012915572811
  orientation:
    x: 0.03034868542131321
    y: -0.03398002169223361
    z: -0.009630171704376795
    w: 0.9989151992095915
---
header:
  stamp:
    sec: 1788574976
    nanosec: 783377000
  frame_id: default_cam
pose:
  position:
    x: 0.11803598350858473
    y: 0.046570766632751025
    z: -0.9857830802791833
  orientation:
    x: 0.03258211326910522
    y: -0.03504868854908597
    z: -0.008740765710759798
    w: 0.9988160963564303
---
header:
  stamp:
    sec: 1788574976
    nanosec: 815382000
  frame_id: default_cam
pose:
  position:
    x: 0.11788797088135375
    y: 0.04653652915428713
    z: -0.985682497979009
  orientation:
    x: 0.03392518531336103
    y: -0.03345201005977763
    z: -0.009847963523835915
    w: 0.9988158300902363
---
header:
  stamp:
    sec: 1788574976
    nanosec: 847383000
  frame_id: default_cam
pose:
  position:
    x: 0.11796854080518271
    y: 0.046495541272190494
    z: -0.9862623523884116
  orientation:
    x: 0.031671082584330414
    y: -0.034034809313541144
    z: -0.009221217060941696
    w: 0.9988761401889839
---
header:
  stamp:
    sec: 1788574976
    nanosec: 883391000
  frame_id: default_cam
pose:
  position:
    x: 0.1178640472593662
    y: 0.0465242705529854
    z: -0.9858767535454059
  orientation:
    x: 0.03203193722088998
    y: -0.03357182243000873
    z: -0.009693063964725074
    w: 0.998875834249473
---
header:
  stamp:
    sec: 1788574976
    nanosec: 915389000
  frame_id: default_cam
pose:
  position:
    x: 0.1178640472593662
    y: 0.0465242705529854
    z: -0.9858767535454059
  orientation:
    x: 0.03203193722088998
    y: -0.03357182243000873
    z: -0.009693063964725074
    w: 0.998875834249473
---
header:
  stamp:
    sec: 1788574976
    nanosec: 947393000
  frame_id: default_cam
pose:
  position:
    x: 0.11786241531180582
    y: 0.046524918835071066
    z: -0.9858149340026486
  orientation:
    x: 0.030379675119261623
    y: -0.03323470923927953
    z: -0.009820627216626963
    w: 0.9989374778846276
---
header:
  stamp:
    sec: 1788574976
    nanosec: 983393000
  frame_id: default_cam
pose:
  position:
    x: 0.11786382386411978
    y: 0.04652992758513769
    z: -0.9859331706234389
  orientation:
    x: 0.0316518005321083
    y: -0.034334187083311
    z: -0.009728168420360079
    w: 0.9988616970630063
---
header:
  stamp:
    sec: 1788574977
    nanosec: 15396000
  frame_id: default_cam
pose:
  position:
    x: 0.11786404757091706
    y: 0.04652427061098453
    z: -0.9858767541411405
  orientation:
    x: 0.03203193792323088
    y: -0.033571832585424365
    z: -0.009693063415930929
    w: 0.9988758338909562
---
header:
  stamp:
    sec: 1788574977
    nanosec: 115403000
  frame_id: default_cam
pose:
  position:
    x: 0.11787180010400973
    y: 0.04652133136839977
    z: -0.9861535560886306
  orientation:
    x: 0.03036514269829095
    y: -0.03472967667880047
    z: -0.009728217879365206
    w: 0.998887966412445
---
header:
  stamp:
    sec: 1788574977
    nanosec: 147406000
  frame_id: default_cam
pose:
  position:
    x: 0.11786422916278218
    y: 0.04653355477412552
    z: -0.9860003312269512
  orientation:
    x: 0.03215839684732823
    y: -0.03503745515989576
    z: -0.009691651631391573
    w: 0.9988214485766632
---
header:
  stamp:
    sec: 1788574977
    nanosec: 183407000
  frame_id: default_cam
pose:
  position:
    x: 0.11786422916278218
    y: 0.04653355477412552
    z: -0.9860003312269512
  orientation:
    x: 0.03215839684732823
    y: -0.03503745515989576
    z: -0.009691651631391573
    w: 0.9988214485766632
---
header:
  stamp:
    sec: 1788574977
    nanosec: 215409000
  frame_id: default_cam
pose:
  position:
    x: 0.1178734427938543
    y: 0.046520129205288675
    z: -0.9862031437138261
  orientation:
    x: 0.03190796974795567
    y: -0.03495729427786383
    z: -0.009604794446590174
    w: 0.9988331276879903
---
header:
  stamp:
    sec: 1788574977
    nanosec: 247413000
  frame_id: default_cam
pose:
  position:
    x: 0.11786422028273587
    y: 0.0465335953947711
    z: -0.9860004647220909
  orientation:
    x: 0.032159520510026705
    y: -0.035036430715895836
    z: -0.009691663831838712
    w: 0.9988214482155587
---
header:
  stamp:
    sec: 1788574977
    nanosec: 283415000
  frame_id: default_cam
pose:
  position:
    x: 0.11787344268089164
    y: 0.04652012886743716
    z: -0.9862031425635199
  orientation:
    x: 0.03190796081448117
    y: -0.034957294726949355
    z: -0.009604794904097207
    w: 0.9988331279532557
---
header:
  stamp:
    sec: 1788574977
    nanosec: 315417000
  frame_id: default_cam
pose:
  position:
    x: 0.1178760912506887
    y: 0.04651660455384624
    z: -0.9862754514089287
  orientation:
    x: 0.034947209608270614
    y: -0.035152609297470244
    z: -0.009358413634419476
    w: 0.9987268929464261
---
header:
  stamp:
    sec: 1788574977
    nanosec: 347418000
  frame_id: default_cam
pose:
  position:
    x: 0.11787059123969314
    y: 0.04653963455289342
    z: -0.9864448158410645
  orientation:
    x: 0.03177842935334225
    y: -0.03818923726960103
    z: -0.00963552284332039
    w: 0.9987186141672422
---
header:
  stamp:
    sec: 1788574977
    nanosec: 383422000
  frame_id: default_cam
pose:
  position:
    x: 0.11787059123969314
    y: 0.04653963455289342
    z: -0.9864448158410645
  orientation:
    x: 0.03177842935334225
    y: -0.03818923726960103
    z: -0.00963552284332039
    w: 0.9987186141672422
---
header:
  stamp:
    sec: 1788574977
    nanosec: 415424000
  frame_id: default_cam
pose:
  position:
    x: 0.11787059123969314
    y: 0.04653963455289342
    z: -0.9864448158410645
  orientation:
    x: 0.03177842935334225
    y: -0.03818923726960103
    z: -0.00963552284332039
    w: 0.9987186141672422
---
header:
  stamp:
    sec: 1788574977
    nanosec: 447427000
  frame_id: default_cam
pose:
  position:
    x: 0.11787148743646012
    y: 0.046541073518572944
    z: -0.9865299972092384
  orientation:
    x: 0.03347902546783586
    y: -0.038943411622543465
    z: -0.009491487964003835
    w: 0.9986353074076393
---
header:
  stamp:
    sec: 1788574977
    nanosec: 483429000
  frame_id: default_cam
pose:
  position:
    x: 0.11787148743646012
    y: 0.046541073518572944
    z: -0.9865299972092384
  orientation:
    x: 0.03347902546783586
    y: -0.038943411622543465
    z: -0.009491487964003835
    w: 0.9986353074076393
---
header:
  stamp:
    sec: 1788574977
    nanosec: 515431000
  frame_id: default_cam
pose:
  position:
    x: 0.11781370754325002
    y: 0.046536413409952196
    z: -0.9864899946907301
  orientation:
    x: 0.033394376923077375
    y: -0.038607839978293076
    z: -0.009156775123757925
    w: 0.9986542964166644
---
header:
  stamp:
    sec: 1788574977
    nanosec: 547434000
  frame_id: default_cam
pose:
  position:
    x: 0.11781370754325002
    y: 0.046536413409952196
    z: -0.9864899946907301
  orientation:
    x: 0.033394376923077375
    y: -0.038607839978293076
    z: -0.009156775123757925
    w: 0.9986542964166644
---
header:
  stamp:
    sec: 1788574977
    nanosec: 583437000
  frame_id: default_cam
pose:
  position:
    x: 0.11787147578264286
    y: 0.046541071681600946
    z: -0.9865302407831744
  orientation:
    x: 0.033478460604578736
    y: -0.03894187335330078
    z: -0.009491624210463099
    w: 0.9986353850355647
---
header:
  stamp:
    sec: 1788574977
    nanosec: 615439000
  frame_id: default_cam
pose:
  position:
    x: 0.11781370699389188
    y: 0.04653641300386428
    z: -0.9864899918890808
  orientation:
    x: 0.03339436892604398
    y: -0.038607830460626574
    z: -0.009156776109761063
    w: 0.998654297042991
---
header:
  stamp:
    sec: 1788574977
    nanosec: 647441000
  frame_id: default_cam
pose:
  position:
    x: 0.1178734377627724
    y: 0.046538274000815796
    z: -0.9865605100519217
  orientation:
    x: 0.0352661672552913
    y: -0.03891621251800087
    z: -0.009335389436774578
    w: 0.9985763247516133
---
header:
  stamp:
    sec: 1788574977
    nanosec: 683444000
  frame_id: default_cam
pose:
  position:
    x: 0.11781359529829508
    y: 0.04653634456226361
    z: -0.9864893847598725
  orientation:
    x: 0.03339320060437326
    y: -0.038606017118755234
    z: -0.009156987173460217
    w: 0.9986544042768387
---
header:
  stamp:
    sec: 1788574977
    nanosec: 715446000
  frame_id: default_cam
pose:
  position:
    x: 0.11781359529829508
    y: 0.04653634456226361
    z: -0.9864893847598725
  orientation:
    x: 0.03339320060437326
    y: -0.038606017118755234
    z: -0.009156987173460217
    w: 0.9986544042768387
---
header:
  stamp:
    sec: 1788574977
    nanosec: 747448000
  frame_id: default_cam
pose:
  position:
    x: 0.11781445693895531
    y: 0.04653796463154841
    z: -0.9865722526951014
  orientation:
    x: 0.03509918771094172
    y: -0.03936569791145642
    z: -0.00900904927109954
    w: 0.9985675870371554
---
header:
  stamp:
    sec: 1788574977
    nanosec: 783451000
  frame_id: default_cam
pose:
  position:
    x: 0.11781359579161299
    y: 0.04653634376970034
    z: -0.9864893826123861
  orientation:
    x: 0.03339317624182667
    y: -0.03860604638006439
    z: -0.009156986689229832
    w: 0.9986544039647328
---
header:
  stamp:
    sec: 1788574977
    nanosec: 815453000
  frame_id: default_cam
pose:
  position:
    x: 0.11781359579161299
    y: 0.04653634376970034
    z: -0.9864893826123861
  orientation:
    x: 0.03339317624182667
    y: -0.03860604638006439
    z: -0.009156986689229832
    w: 0.9986544039647328
---
header:
  stamp:
    sec: 1788574977
    nanosec: 847457000
  frame_id: default_cam
pose:
  position:
    x: 0.11781359579161299
    y: 0.04653634376970034
    z: -0.9864893826123861
  orientation:
    x: 0.03339317624182667
    y: -0.03860604638006439
    z: -0.009156986689229832
    w: 0.9986544039647328
---
header:
  stamp:
    sec: 1788574977
    nanosec: 883458000
  frame_id: default_cam
pose:
  position:
    x: 0.11781445693898307
    y: 0.04653796463150897
    z: -0.9865722526949989
  orientation:
    x: 0.035099187709728176
    y: -0.03936569791299977
    z: -0.009009049271061144
    w: 0.9985675870371375
---
header:
  stamp:
    sec: 1788574977
    nanosec: 915461000
  frame_id: default_cam
pose:
  position:
    x: 0.11781359579161305
    y: 0.046536343769700346
    z: -0.9864893826123862
  orientation:
    x: 0.03339317624182646
    y: -0.03860604638006452
    z: -0.009156986689229804
    w: 0.9986544039647329
---
header:
  stamp:
    sec: 1788574977
    nanosec: 947465000
  frame_id: default_cam
pose:
  position:
    x: 0.1178714755854119
    y: 0.04654107171808556
    z: -0.9865302418095738
  orientation:
    x: 0.033478459287795116
    y: -0.03894186303811311
    z: -0.009491625046607804
    w: 0.9986353854740031
---
header:
  stamp:
    sec: 1788574977
    nanosec: 983465000
  frame_id: default_cam
pose:
  position:
    x: 0.11786545981299004
    y: 0.04653394200732585
    z: -0.9860647383556771
  orientation:
    x: 0.03365371790816377
    y: -0.03549263431128408
    z: -0.009571759757406218
    w: 0.9987572686072176
---
header:
  stamp:
    sec: 1788574978
    nanosec: 15469000
  frame_id: default_cam
pose:
  position:
    x: 0.11786669111958831
    y: 0.046529898852139345
    z: -0.9860712168596325
  orientation:
    x: 0.035193513272629436
    y: -0.03523111675421006
    z: -0.009445381574238543
    w: 0.9987146588504133
---
header:
  stamp:
    sec: 1788574978
    nanosec: 47470000
  frame_id: default_cam
pose:
  position:
    x: 0.11786541897688395
    y: 0.04654574520114555
    z: -0.9862899067577569
  orientation:
    x: 0.0356828062415804
    y: -0.03801840477084565
    z: -0.009405984297945267
    w: 0.9985954464630773
---
header:
  stamp:
    sec: 1788574978
    nanosec: 83473000
  frame_id: default_cam
pose:
  position:
    x: 0.11787572823559522
    y: 0.04652367384896037
    z: -0.9863636451926663
  orientation:
    x: 0.03491555064690576
    y: -0.03628383747467078
    z: -0.009362635639245817
    w: 0.9986875029332357
---
header:
  stamp:
    sec: 1788574978
    nanosec: 115475000
  frame_id: default_cam
pose:
  position:
    x: 0.11787148769564798
    y: 0.046541076433443636
    z: -0.9865300079845649
  orientation:
    x: 0.03347910788949638
    y: -0.03894337373680518
    z: -0.009491484725034598
    w: 0.9986353061526682
---
header:
  stamp:
    sec: 1788574978
    nanosec: 147480000
  frame_id: default_cam
pose:
  position:
    x: 0.11786218778295991
    y: 0.04655427384661741
    z: -0.9863253329728118
  orientation:
    x: 0.03372364814486004
    y: -0.03902543339703464
    z: -0.009577213743781315
    w: 0.9986230560531242
---
header:
  stamp:
    sec: 1788574978
    nanosec: 183484000
  frame_id: default_cam
pose:
  position:
    x: 0.11787150845153067
    y: 0.04654105201173805
    z: -0.9865299311329588
  orientation:
    x: 0.03347830272940478
    y: -0.038944527133892286
    z: -0.009491505850516177
    w: 0.9986352879652138
---
header:
  stamp:
    sec: 1788574978
    nanosec: 215486000
  frame_id: default_cam
pose:
  position:
    x: 0.11786267017539995
    y: 0.04655561361710511
    z: -0.9864056539740785
  orientation:
    x: 0.03542357111753441
    y: -0.039779534441706545
    z: -0.009428828408491343
    w: 0.9985358563635686
---
header:
  stamp:
    sec: 1788574978
    nanosec: 247486000
  frame_id: default_cam
pose:
  position:
    x: 0.11786219250316238
    y: 0.04655423497589922
    z: -0.9863251970093168
  orientation:
    x: 0.03372260403670656
    y: -0.03902631879061174
    z: -0.009577214479634106
    w: 0.9986230567043043
---
header:
  stamp:
    sec: 1788574978
    nanosec: 283487000
  frame_id: default_cam
pose:
  position:
    x: 0.11786219250316238
    y: 0.04655423497589922
    z: -0.9863251970093168
  orientation:
    x: 0.03372260403670656
    y: -0.03902631879061174
    z: -0.009577214479634106
    w: 0.9986230567043043
---
header:
  stamp:
    sec: 1788574978
    nanosec: 315491000
  frame_id: default_cam
pose:
  position:
    x: 0.11786219250316238
    y: 0.04655423497589922
    z: -0.9863251970093168
  orientation:
    x: 0.03372260403670656
    y: -0.03902631879061174
    z: -0.009577214479634106
    w: 0.9986230567043043
---
header:
  stamp:
    sec: 1788574978
    nanosec: 347494000
  frame_id: default_cam
pose:
  position:
    x: 0.11787150856763354
    y: 0.046541052300468844
    z: -0.9865299321457781
  orientation:
    x: 0.03347831021234634
    y: -0.0389445273025027
    z: -0.00949150539425505
    w: 0.9986352877121163
---
header:
  stamp:
    sec: 1788574978
    nanosec: 383495000
  frame_id: default_cam
pose:
  position:
    x: 0.11786141479728691
    y: 0.04655288601980601
    z: -0.9862409683329243
  orientation:
    x: 0.032024564739533565
    y: -0.03827334849490219
    z: -0.0097213854116603
    w: 0.9987067000445672
---
header:
  stamp:
    sec: 1788574978
    nanosec: 415498000
  frame_id: default_cam
pose:
  position:
    x: 0.11787148755788565
    y: 0.04654107374229829
    z: -0.9865299981138536
  orientation:
    x: 0.03347903156559145
    y: -0.03894341252277468
    z: -0.00949148750638665
    w: 0.9986353071724569
---
header:
  stamp:
    sec: 1788574978
    nanosec: 447502000
  frame_id: default_cam
pose:
  position:
    x: 0.11786218779380134
    y: 0.046554273864732626
    z: -0.9863253330650001
  orientation:
    x: 0.03372364864897648
    y: -0.03902543342541315
    z: -0.009577213704346974
    w: 0.9986230560353693
---
header:
  stamp:
    sec: 1788574978
    nanosec: 483502000
  frame_id: default_cam
pose:
  position:
    x: 0.11786218779380134
    y: 0.046554273864732626
    z: -0.9863253330650001
  orientation:
    x: 0.03372364864897648
    y: -0.03902543342541315
    z: -0.009577213704346974
    w: 0.9986230560353693
---
header:
  stamp:
    sec: 1788574978
    nanosec: 515505000
  frame_id: default_cam
pose:
  position:
    x: 0.11787150845155342
    y: 0.046541052011663385
    z: -0.9865299311328417
  orientation:
    x: 0.03347830272729314
    y: -0.03894452713554237
    z: -0.009491505850582328
    w: 0.9986352879652196
---
header:
  stamp:
    sec: 1788574978
    nanosec: 547508000
  frame_id: default_cam
pose:
  position:
    x: 0.11787150845155342
    y: 0.046541052011663385
    z: -0.9865299311328417
  orientation:
    x: 0.03347830272729314
    y: -0.03894452713554237
    z: -0.009491505850582328
    w: 0.9986352879652196
---
header:
  stamp:
    sec: 1788574978
    nanosec: 583510000
  frame_id: default_cam
pose:
  position:
    x: 0.11787150845155342
    y: 0.046541052011663385
    z: -0.9865299311328417
  orientation:
    x: 0.03347830272729314
    y: -0.03894452713554237
    z: -0.009491505850582328
    w: 0.9986352879652196
---
header:
  stamp:
    sec: 1788574978
    nanosec: 615513000
  frame_id: default_cam
pose:
  position:
    x: 0.11787150845155342
    y: 0.046541052011663385
    z: -0.9865299311328417
  orientation:
    x: 0.03347830272729314
    y: -0.03894452713554237
    z: -0.009491505850582328
    w: 0.9986352879652196
---
header:
  stamp:
    sec: 1788574978
    nanosec: 647515000
  frame_id: default_cam
pose:
  position:
    x: 0.11786401481794073
    y: 0.04655137016841358
    z: -0.9863549378780612
  orientation:
    x: 0.03550769966822781
    y: -0.03899724436574502
    z: -0.009421250266950933
    w: 0.998563797781372
---
header:
  stamp:
    sec: 1788574978
    nanosec: 683518000
  frame_id: default_cam
pose:
  position:
    x: 0.11787148970470891
    y: 0.04654107761260941
    z: -0.9865300141549125
  orientation:
    x: 0.03347913638003264
    y: -0.03894342732401327
    z: -0.009491479539600849
    w: 0.9986353031570914
---
header:
  stamp:
    sec: 1788574978
    nanosec: 715518000
  frame_id: default_cam
pose:
  position:
    x: 0.1178734379688671
    y: 0.04653827403814188
    z: -0.9865605103657976
  orientation:
    x: 0.035266167870830076
    y: -0.038916219501860895
    z: -0.009335388950065807
    w: 0.9985763244622518
---
header:
  stamp:
    sec: 1788574978
    nanosec: 747522000
  frame_id: default_cam
pose:
  position:
    x: 0.11787148950702284
    y: 0.04654107734027573
    z: -0.9865300129609161
  orientation:
    x: 0.03347912915666854
    y: -0.03894342472228444
    z: -0.009491480189123038
    w: 0.9986353034945391
---
header:
  stamp:
    sec: 1788574978
    nanosec: 783524000
  frame_id: default_cam
pose:
  position:
    x: 0.11787148950702284
    y: 0.04654107734027573
    z: -0.9865300129609161
  orientation:
    x: 0.03347912915666854
    y: -0.03894342472228444
    z: -0.009491480189123038
    w: 0.9986353034945391
---
header:
  stamp:
    sec: 1788574978
    nanosec: 815526000
  frame_id: default_cam
pose:
  position:
    x: 0.11787148950702284
    y: 0.04654107734027573
    z: -0.9865300129609161
  orientation:
    x: 0.03347912915666854
    y: -0.03894342472228444
    z: -0.009491480189123038
    w: 0.9986353034945391
---
header:
  stamp:
    sec: 1788574978
    nanosec: 847529000
  frame_id: default_cam
pose:
  position:
    x: 0.11787148950702284
    y: 0.04654107734027573
    z: -0.9865300129609161
  orientation:
    x: 0.03347912915666854
    y: -0.03894342472228444
    z: -0.009491480189123038
    w: 0.9986353034945391
---
header:
  stamp:
    sec: 1788574978
    nanosec: 883530000
  frame_id: default_cam
pose:
  position:
    x: 0.11787148950702284
    y: 0.04654107734027573
    z: -0.9865300129609161
  orientation:
    x: 0.03347912915666854
    y: -0.03894342472228444
    z: -0.009491480189123038
    w: 0.9986353034945391
---
header:
  stamp:
    sec: 1788574978
    nanosec: 915534000
  frame_id: default_cam
pose:
  position:
    x: 0.11787148950702284
    y: 0.04654107734027573
    z: -0.9865300129609161
  orientation:
    x: 0.03347912915666854
    y: -0.03894342472228444
    z: -0.009491480189123038
    w: 0.9986353034945391
---
header:
  stamp:
    sec: 1788574978
    nanosec: 947539000
  frame_id: default_cam
pose:
  position:
    x: 0.1178137075566343
    y: 0.046536413398499614
    z: -0.986489994686417
  orientation:
    x: 0.03339437652676108
    y: -0.03860784067404133
    z: -0.009156775116174654
    w: 0.9986542964030889
---
header:
  stamp:
    sec: 1788574978
    nanosec: 983539000
  frame_id: default_cam
pose:
  position:
    x: 0.11787147578267945
    y: 0.046541071681712176
    z: -0.9865302407832826
  orientation:
    x: 0.03347846060869997
    y: -0.03894187335483406
    z: -0.009491624210137052
    w: 0.9986353850353697
---
header:
  stamp:
    sec: 1788574979
    nanosec: 15541000
  frame_id: default_cam
pose:
  position:
    x: 0.11781370699389278
    y: 0.046536413003864165
    z: -0.9864899918890827
  orientation:
    x: 0.03339436892603557
    y: -0.03860783046065846
    z: -0.009156776109760331
    w: 0.99865429704299
---
header:
  stamp:
    sec: 1788574979
    nanosec: 47546000
  frame_id: default_cam
pose:
  position:
    x: 0.11781370699389278
    y: 0.046536413003864165
    z: -0.9864899918890827
  orientation:
    x: 0.03339436892603557
    y: -0.03860783046065846
    z: -0.009156776109760331
    w: 0.99865429704299
---
header:
  stamp:
    sec: 1788574979
    nanosec: 83547000
  frame_id: default_cam
pose:
  position:
    x: 0.1178714757816158
    y: 0.04654107168205058
    z: -0.9865302407899784
  orientation:
    x: 0.03347846060438323
    y: -0.038941873294050085
    z: -0.009491624215202702
    w: 0.9986353850378367
---
header:
  stamp:
    sec: 1788574979
    nanosec: 115550000
  frame_id: default_cam
pose:
  position:
    x: 0.1178714757816158
    y: 0.04654107168205058
    z: -0.9865302407899784
  orientation:
    x: 0.03347846060438323
    y: -0.038941873294050085
    z: -0.009491624215202702
    w: 0.9986353850378367
---
header:
  stamp:
    sec: 1788574979
    nanosec: 147552000
  frame_id: default_cam
pose:
  position:
    x: 0.11787343796741194
    y: 0.046538274037452323
    z: -0.9865605103620555
  orientation:
    x: 0.03526616785445083
    y: -0.03891621945947326
    z: -0.009335388953868776
    w: 0.9985763244644467
---
header:
  stamp:
    sec: 1788574979
    nanosec: 183559000
  frame_id: default_cam
pose:
  position:
    x: 0.11786401089605568
    y: 0.04655141175725104
    z: -0.9863550827728926
  orientation:
    x: 0.03550881551247467
    y: -0.03899635697137084
    z: -0.009421250107834412
    w: 0.9985637927595152
---
header:
  stamp:
    sec: 1788574979
    nanosec: 215556000
  frame_id: default_cam
pose:
  position:
    x: 0.11787148970478221
    y: 0.04654107761421215
    z: -0.9865300141608817
  orientation:
    x: 0.03347913642539203
    y: -0.03894342729970406
    z: -0.009491479537925757
    w: 0.9986353031565346
---
header:
  stamp:
    sec: 1788574979
    nanosec: 247559000
  frame_id: default_cam
pose:
  position:
    x: 0.11787343796886704
    y: 0.04653827403814188
    z: -0.9865605103657974
  orientation:
    x: 0.03526616787083059
    y: -0.03891621950186017
    z: -0.009335388950065806
    w: 0.9985763244622519
---
header:
  stamp:
    sec: 1788574979
    nanosec: 283560000
  frame_id: default_cam
pose:
  position:
    x: 0.11787148950702288
    y: 0.046541077340275745
    z: -0.9865300129609164
  orientation:
    x: 0.033479129156668626
    y: -0.038943424722284556
    z: -0.009491480189123044
    w: 0.9986353034945391
---
header:
  stamp:
    sec: 1788574979
    nanosec: 315563000
  frame_id: default_cam
pose:
  position:
    x: 0.11787148950702288
    y: 0.046541077340275745
    z: -0.9865300129609164
  orientation:
    x: 0.033479129156668626
    y: -0.038943424722284556
    z: -0.009491480189123044
    w: 0.9986353034945391
---
header:
  stamp:
    sec: 1788574979
    nanosec: 347567000
  frame_id: default_cam
pose:
  position:
    x: 0.11787148950702288
    y: 0.046541077340275745
    z: -0.9865300129609164
  orientation:
    x: 0.033479129156668626
    y: -0.038943424722284556
    z: -0.009491480189123044
    w: 0.9986353034945391
---
header:
  stamp:
    sec: 1788574979
    nanosec: 383569000
  frame_id: default_cam
pose:
  position:
    x: 0.11787148950702288
    y: 0.046541077340275745
    z: -0.9865300129609164
  orientation:
    x: 0.033479129156668626
    y: -0.038943424722284556
    z: -0.009491480189123044
    w: 0.9986353034945391
---
header:
  stamp:
    sec: 1788574979
    nanosec: 415570000
  frame_id: default_cam
pose:
  position:
    x: 0.11787148950702288
    y: 0.046541077340275745
    z: -0.9865300129609164
  orientation:
    x: 0.033479129156668626
    y: -0.038943424722284556
    z: -0.009491480189123044
    w: 0.9986353034945391
---
header:
  stamp:
    sec: 1788574979
    nanosec: 447576000
  frame_id: default_cam
pose:
  position:
    x: 0.11786218778968222
    y: 0.04655427384689944
    z: -0.9863253329692286
  orientation:
    x: 0.03372364815031747
    y: -0.03902543366568313
    z: -0.009577213724879666
    w: 0.9986230560426226
---
header:
  stamp:
    sec: 1788574979
    nanosec: 483577000
  frame_id: default_cam
pose:
  position:
    x: 0.11786218778968222
    y: 0.04655427384689944
    z: -0.9863253329692286
  orientation:
    x: 0.03372364815031747
    y: -0.03902543366568313
    z: -0.009577213724879666
    w: 0.9986230560426226
---
header:
  stamp:
    sec: 1788574979
    nanosec: 515579000
  frame_id: default_cam
pose:
  position:
    x: 0.11786403445284588
    y: 0.04654487335400023
    z: -0.9861887371176932
  orientation:
    x: 0.03326796476250381
    y: -0.037212994606471365
    z: -0.009610127077369865
    w: 0.9987072048456126
---
header:
  stamp:
    sec: 1788574979
    nanosec: 547581000
  frame_id: default_cam
pose:
  position:
    x: 0.11786401318884582
    y: 0.04655136976458434
    z: -0.9863549348787963
  orientation:
    x: 0.03550769215436428
    y: -0.03899719035666852
    z: -0.009421253427883256
    w: 0.9985638001279659
---
header:
  stamp:
    sec: 1788574979
    nanosec: 583583000
  frame_id: default_cam
pose:
  position:
    x: 0.11786219209054877
    y: 0.04655423515544992
    z: -0.9863251972363982
  orientation:
    x: 0.03372261028270673
    y: -0.03902630061595736
    z: -0.009577214872085453
    w: 0.9986230571998864
---
header:
  stamp:
    sec: 1788574979
    nanosec: 615585000
  frame_id: default_cam
pose:
  position:
    x: 0.11786219209054877
    y: 0.04655423515544992
    z: -0.9863251972363982
  orientation:
    x: 0.03372261028270673
    y: -0.03902630061595736
    z: -0.009577214872085453
    w: 0.9986230571998864
---
header:
  stamp:
    sec: 1788574979
    nanosec: 647588000
  frame_id: default_cam
pose:
  position:
    x: 0.11786423343292338
    y: 0.046533557589230466
    z: -0.9860003464465179
  orientation:
    x: 0.03215846448486029
    y: -0.035037561929370915
    z: -0.009691642123102528
    w: 0.998821442745889
---
header:
  stamp:
    sec: 1788574979
    nanosec: 683590000
  frame_id: default_cam
pose:
  position:
    x: 0.11787058914453143
    y: 0.04653963026964883
    z: -0.9864447982229835
  orientation:
    x: 0.031778312107602645
    y: -0.03818923099034175
    z: -0.009635530931852489
    w: 0.9987186180599715
---
header:
  stamp:
    sec: 1788574979
    nanosec: 715593000
  frame_id: default_cam
pose:
  position:
    x: 0.11786218934490697
    y: 0.04655423036116801
    z: -0.9863251764286619
  orientation:
    x: 0.03372248284212267
    y: -0.039026283992100036
    z: -0.009577224852289689
    w: 0.9986230620573808
---
header:
  stamp:
    sec: 1788574979
    nanosec: 747593000
  frame_id: default_cam
pose:
  position:
    x: 0.11787150855734042
    y: 0.04654105231426744
    z: -0.9865299321518061
  orientation:
    x: 0.033478310626398014
    y: -0.03894452679897773
    z: -0.00949150538724194
    w: 0.9986352877179386
---
header:
  stamp:
    sec: 1788574979
    nanosec: 783597000
  frame_id: default_cam
pose:
  position:
    x: 0.11787150855734042
    y: 0.04654105231426744
    z: -0.9865299321518061
  orientation:
    x: 0.033478310626398014
    y: -0.03894452679897773
    z: -0.00949150538724194
    w: 0.9986352877179386
---
header:
  stamp:
    sec: 1788574979
    nanosec: 815601000
  frame_id: default_cam
pose:
  position:
    x: 0.11787343796938615
    y: 0.04653827403757418
    z: -0.9865605103642763
  orientation:
    x: 0.035266167853552875
    y: -0.03891621952978236
    z: -0.009335388949436696
    w: 0.9985763244617797
---
header:
  stamp:
    sec: 1788574979
    nanosec: 847602000
  frame_id: default_cam
pose:
  position:
    x: 0.11787148950702285
    y: 0.046541077340275724
    z: -0.9865300129609161
  orientation:
    x: 0.03347912915666789
    y: -0.03894342472228515
    z: -0.009491480189123184
    w: 0.9986353034945392
---
header:
  stamp:
    sec: 1788574979
    nanosec: 883605000
  frame_id: default_cam
pose:
  position:
    x: 0.11787148950702285
    y: 0.046541077340275724
    z: -0.9865300129609161
  orientation:
    x: 0.03347912915666789
    y: -0.03894342472228515
    z: -0.009491480189123184
    w: 0.9986353034945392
---
header:
  stamp:
    sec: 1788574979
    nanosec: 915606000
  frame_id: default_cam
pose:
  position:
    x: 0.11787059259711558
    y: 0.046539632802956345
    z: -0.9864448107435212
  orientation:
    x: 0.03177837561562171
    y: -0.0381893153994867
    z: -0.009635521980153978
    w: 0.9987186128979078
---
header:
  stamp:
    sec: 1788574979
    nanosec: 947611000
  frame_id: default_cam
pose:
  position:
    x: 0.1178714874364964
    y: 0.046541073518543134
    z: -0.9865299972091623
  orientation:
    x: 0.033479025466911186
    y: -0.03894341162437519
    z: -0.009491487963958701
    w: 0.9986353074075993
---
header:
  stamp:
    sec: 1788574979
    nanosec: 983615000
  frame_id: default_cam
pose:
  position:
    x: 0.11786403419596858
    y: 0.046544872975140233
    z: -0.9861887354248987
  orientation:
    x: 0.033267954823043094
    y: -0.03721299186565022
    z: -0.009610127899037648
    w: 0.9987072052709258
---
header:
  stamp:
    sec: 1788574980
    nanosec: 15617000
  frame_id: default_cam
pose:
  position:
    x: 0.11776242065856082
    y: 0.04653528363722821
    z: -0.9858432097252608
  orientation:
    x: 0.03373708796930698
    y: -0.03865714043069739
    z: -0.009761895186204433
    w: 0.9986351384722282
---
header:
  stamp:
    sec: 1788574980
    nanosec: 47617000
  frame_id: default_cam
pose:
  position:
    x: 0.11787141711010894
    y: 0.04654101477475649
    z: -0.9865295409006637
  orientation:
    x: 0.03347733274355698
    y: -0.038943236124072474
    z: -0.009491768589378204
    w: 0.9986353683310077
---
header:
  stamp:
    sec: 1788574980
    nanosec: 83619000
  frame_id: default_cam
pose:
  position:
    x: 0.11772324977017909
    y: 0.04645261708950544
    z: -0.9859514899254918
  orientation:
    x: 0.032929197466277094
    y: -0.03826123046165928
    z: -0.010230982071087844
    w: 0.9986726556803525
---
header:
  stamp:
    sec: 1788574980
    nanosec: 115621000
  frame_id: default_cam
pose:
  position:
    x: 0.11789273303648432
    y: 0.046665582758508795
    z: -0.9872805747128859
  orientation:
    x: 0.03241423182350444
    y: -0.038393241660149326
    z: -0.010463143943236797
    w: 0.9986820310734246
---
header:
  stamp:
    sec: 1788574980
    nanosec: 147625000
  frame_id: default_cam
pose:
  position:
    x: 0.11783506547932963
    y: 0.04668827544454721
    z: -0.9868269844106161
  orientation:
    x: 0.03459544728999481
    y: -0.03843540218539984
    z: -0.011219142278861638
    w: 0.9985990214957045
---
header:
  stamp:
    sec: 1788574980
    nanosec: 183627000
  frame_id: default_cam
pose:
  position:
    x: 0.11784296015320823
    y: 0.04658269438525966
    z: -0.9867973182376731
  orientation:
    x: 0.033686018341200795
    y: -0.03851016283133995
    z: -0.010616220616806915
    w: 0.9986338244756359
---
header:
  stamp:
    sec: 1788574980
    nanosec: 215630000
  frame_id: default_cam
pose:
  position:
    x: 0.11771399945055079
    y: 0.046465823517483136
    z: -0.9857470366679257
  orientation:
    x: 0.0331739035176947
    y: -0.03834439699266433
    z: -0.010316668429212354
    w: 0.9986604856993138
---
header:
  stamp:
    sec: 1788574980
    nanosec: 247632000
  frame_id: default_cam
pose:
  position:
    x: 0.11776242116460497
    y: 0.04653528366966689
    z: -0.9858432103467153
  orientation:
    x: 0.03373708757957931
    y: -0.038657158690038836
    z: -0.009761894386443006
    w: 0.9986351377863933
---
header:
  stamp:
    sec: 1788574980
    nanosec: 283634000
  frame_id: default_cam
pose:
  position:
    x: 0.11786266993728847
    y: 0.0465556138877414
    z: -0.9864056547624875
  orientation:
    x: 0.03542357923041192
    y: -0.039779520812315165
    z: -0.009428828471881052
    w: 0.9985358566181273
---
header:
  stamp:
    sec: 1788574980
    nanosec: 315636000
  frame_id: default_cam
pose:
  position:
    x: 0.11782382191486274
    y: 0.04647301367602091
    z: -0.986516882939871
  orientation:
    x: 0.034616292921268214
    y: -0.039386597483931474
    z: -0.009900095611333086
    w: 0.9985751831033626
---
header:
  stamp:
    sec: 1788574980
    nanosec: 347639000
  frame_id: default_cam
pose:
  position:
    x: 0.11785589608382281
    y: 0.04661246613368799
    z: -0.9863943290879357
  orientation:
    x: 0.034238507464701716
    y: -0.03887006328770287
    z: -0.010980112274028942
    w: 0.9985971559748452
---
header:
  stamp:
    sec: 1788574980
    nanosec: 383641000
  frame_id: default_cam
pose:
  position:
    x: 0.11789323152588942
    y: 0.04652756873377928
    z: -0.9863318273324425
  orientation:
    x: 0.0335174737482285
    y: -0.03932255693753217
    z: -0.01122726451782339
    w: 0.9986011536148345
---
header:
  stamp:
    sec: 1788574980
    nanosec: 415643000
  frame_id: default_cam
pose:
  position:
    x: 0.11788386940756249
    y: 0.046758180870590985
    z: -0.9869257451124047
  orientation:
    x: 0.03516576729108888
    y: -0.03874867795342366
    z: -0.01066244878194356
    w: 0.9985730924442453
---
header:
  stamp:
    sec: 1788574980
    nanosec: 447647000
  frame_id: default_cam
pose:
  position:
    x: 0.11783363029226752
    y: 0.04659585473507798
    z: -0.9865920257449327
  orientation:
    x: 0.03393025258522444
    y: -0.03859345630151922
    z: -0.010701749328255683
    w: 0.9986214275948222
---
header:
  stamp:
    sec: 1788574980
    nanosec: 483647000
  frame_id: default_cam
pose:
  position:
    x: 0.11771464761100223
    y: 0.04646722206066907
    z: -0.9858293670893519
  orientation:
    x: 0.03487243710780911
    y: -0.039098180674721206
    z: -0.010170834927307254
    w: 0.9985748842800775
---
header:
  stamp:
    sec: 1788574980
    nanosec: 515649000
  frame_id: default_cam
pose:
  position:
    x: 0.11783363069937255
    y: 0.04659585396498325
    z: -0.9865920234340831
  orientation:
    x: 0.03393022950527052
    y: -0.03859348318802246
    z: -0.010701749117005674
    w: 0.9986214273421996
---
header:
  stamp:
    sec: 1788574980
    nanosec: 547652000
  frame_id: default_cam
pose:
  position:
    x: 0.11785721720965851
    y: 0.04670488546122319
    z: -0.9866284660410858
  orientation:
    x: 0.034904946645714106
    y: -0.038710385747414006
    z: -0.011497261173267131
    w: 0.9985744657863328
---
header:
  stamp:
    sec: 1788574980
    nanosec: 583658000
  frame_id: default_cam
pose:
  position:
    x: 0.11790300459389191
    y: 0.04661569473478077
    z: -0.9865162992482169
  orientation:
    x: 0.03244801683646604
    y: -0.03844563239921643
    z: -0.011846730465920371
    w: 0.9986634641009315
---
header:
  stamp:
    sec: 1788574980
    nanosec: 615655000
  frame_id: default_cam
pose:
  position:
    x: 0.11787770491867107
    y: 0.04662800539624409
    z: -0.98617944656926
  orientation:
    x: 0.03262814283394783
    y: -0.03868524921756411
    z: -0.012247981121713722
    w: 0.9986435013289902
---
header:
  stamp:
    sec: 1788574980
    nanosec: 647662000
  frame_id: default_cam
pose:
  position:
    x: 0.11791082199088906
    y: 0.0466816083460283
    z: -0.9867132656585175
  orientation:
    x: 0.03291208151650157
    y: -0.038359422267271556
    z: -0.012196398740246035
    w: 0.9986473839505821
---
header:
  stamp:
    sec: 1788574980
    nanosec: 683663000
  frame_id: default_cam
pose:
  position:
    x: 0.11791171316486343
    y: 0.0466830238599654
    z: -0.9867963874317176
  orientation:
    x: 0.034611298853547634
    y: -0.03911978442009363
    z: -0.012050073545568009
    w: 0.9985622144794696
---
header:
  stamp:
    sec: 1788574980
    nanosec: 715666000
  frame_id: default_cam
pose:
  position:
    x: 0.11778344776310004
    y: 0.04663662767416196
    z: -0.9861818065074747
  orientation:
    x: 0.034430129087391154
    y: -0.03866648777332811
    z: -0.012528402939465267
    w: 0.9985802461765839
---
header:
  stamp:
    sec: 1788574980
    nanosec: 747669000
  frame_id: default_cam
pose:
  position:
    x: 0.11786597847304742
    y: 0.04661947958148143
    z: -0.9870986773118954
  orientation:
    x: 0.0339628603475752
    y: -0.04209089465615382
    z: -0.013443550353869483
    w: 0.9984458681660907
---
header:
  stamp:
    sec: 1788574980
    nanosec: 783671000
  frame_id: default_cam
pose:
  position:
    x: 0.11787443607673644
    y: 0.04664591098997063
    z: -0.9868679030433611
  orientation:
    x: 0.03220678006452122
    y: -0.0434368075782894
    z: -0.013906392067148915
    w: 0.9984400729763189
---
header:
  stamp:
    sec: 1788574980
    nanosec: 815671000
  frame_id: default_cam
pose:
  position:
    x: 0.11785491203874428
    y: 0.046633649238260966
    z: -0.9872157225422834
  orientation:
    x: 0.032410999653367294
    y: -0.04480231893489081
    z: -0.013597671815223297
    w: 0.9983773748642
---
header:
  stamp:
    sec: 1788574980
    nanosec: 847677000
  frame_id: default_cam
pose:
  position:
    x: 0.11781652655160522
    y: 0.046639265105715484
    z: -0.9871595227596078
  orientation:
    x: 0.03297757824197801
    y: -0.0453971844944264
    z: -0.013393536794547266
    w: 0.9983347074731032
---
header:
  stamp:
    sec: 1788574980
    nanosec: 883681000
  frame_id: default_cam
pose:
  position:
    x: 0.11774903874991882
    y: 0.046644800351709134
    z: -0.9869698244998222
  orientation:
    x: 0.03636149655574654
    y: -0.045240482017720296
    z: -0.012802096242578128
    w: 0.9982320605384434
---
header:
  stamp:
    sec: 1788574980
    nanosec: 915680000
  frame_id: default_cam
pose:
  position:
    x: 0.11774903874991882
    y: 0.046644800351709134
    z: -0.9869698244998222
  orientation:
    x: 0.03636149655574654
    y: -0.045240482017720296
    z: -0.012802096242578128
    w: 0.9982320605384434
---
header:
  stamp:
    sec: 1788574980
    nanosec: 947683000
  frame_id: default_cam
pose:
  position:
    x: 0.11774903874991882
    y: 0.046644800351709134
    z: -0.9869698244998222
  orientation:
    x: 0.03636149655574654
    y: -0.045240482017720296
    z: -0.012802096242578128
    w: 0.9982320605384434
---
header:
  stamp:
    sec: 1788574980
    nanosec: 983689000
  frame_id: default_cam
pose:
  position:
    x: 0.11773972115654538
    y: 0.046652964293702436
    z: -0.9871336389853049
  orientation:
    x: 0.03843716689378826
    y: -0.04821759067929088
    z: -0.012583457946369917
    w: 0.9980176875869362
---
header:
  stamp:
    sec: 1788574981
    nanosec: 15687000
  frame_id: default_cam
pose:
  position:
    x: 0.11783991065287414
    y: 0.04672751063935572
    z: -0.9875313981965884
  orientation:
    x: 0.03683569269029071
    y: -0.0454207937727807
    z: -0.013537089455421864
    w: 0.9981967894389127
---
header:
  stamp:
    sec: 1788574981
    nanosec: 47689000
  frame_id: default_cam
pose:
  position:
    x: 0.11798368525116161
    y: 0.04685998634528747
    z: -0.9877104524150276
  orientation:
    x: 0.03241512656917904
    y: -0.045181019834555185
    z: -0.01579188023111754
    w: 0.9983278777711156
---
header:
  stamp:
    sec: 1788574981
    nanosec: 83692000
  frame_id: default_cam
pose:
  position:
    x: 0.1179758625129051
    y: 0.04675701500951834
    z: -0.986963886903178
  orientation:
    x: 0.035145628507540286
    y: -0.04582852234929808
    z: -0.016068370298412724
    w: 0.9982015521987746
---
header:
  stamp:
    sec: 1788574981
    nanosec: 115694000
  frame_id: default_cam
pose:
  position:
    x: 0.11797615350607853
    y: 0.04669452569177517
    z: -0.9873639833872931
  orientation:
    x: 0.03779953682698537
    y: -0.045311628223118176
    z: -0.014346694647323358
    w: 0.9981544087545433
---
header:
  stamp:
    sec: 1788574981
    nanosec: 147698000
  frame_id: default_cam
pose:
  position:
    x: 0.11782091813039261
    y: 0.04663493603805048
    z: -0.9872222509902157
  orientation:
    x: 0.036182175111684804
    y: -0.045510282201820476
    z: -0.013081275461921543
    w: 0.9982226929149565
---
header:
  stamp:
    sec: 1788574981
    nanosec: 183699000
  frame_id: default_cam
pose:
  position:
    x: 0.11761872588558042
    y: 0.04662031275495834
    z: -0.9871850568968876
  orientation:
    x: 0.03568053594038751
    y: -0.048873309381248085
    z: -0.012449704527048404
    w: 0.9980898275417502
---
header:
  stamp:
    sec: 1788574981
    nanosec: 215703000
  frame_id: default_cam
pose:
  position:
    x: 0.11763968560114599
    y: 0.046599103729731806
    z: -0.9873698772932678
  orientation:
    x: 0.03780004911413303
    y: -0.0471663556332986
    z: -0.01213341115915375
    w: 0.9980978266266716
---
header:
  stamp:
    sec: 1788574981
    nanosec: 247706000
  frame_id: default_cam
pose:
  position:
    x: 0.11759966866847642
    y: 0.046562805227902876
    z: -0.9866448277655436
  orientation:
    x: 0.03778468067977712
    y: -0.047575514044115884
    z: -0.012242424444444754
    w: 0.9980776580071751
---
header:
  stamp:
    sec: 1788574981
    nanosec: 283707000
  frame_id: default_cam
pose:
  position:
    x: 0.11782458828853444
    y: 0.046630959636777276
    z: -0.987222935547138
  orientation:
    x: 0.03768027459036131
    y: -0.04502837026868495
    z: -0.012937316939935346
    w: 0.9981909980600591
---
header:
  stamp:
    sec: 1788574981
    nanosec: 315709000
  frame_id: default_cam
pose:
  position:
    x: 0.11775272494521719
    y: 0.04664080521062676
    z: -0.9869701851988748
  orientation:
    x: 0.037858427466378936
    y: -0.04476218355204627
    z: -0.012658582438703802
    w: 0.9981998029873921
---
header:
  stamp:
    sec: 1788574981
    nanosec: 347713000
  frame_id: default_cam
pose:
  position:
    x: 0.11775793176867955
    y: 0.04667803893989946
    z: -0.9876905794386978
  orientation:
    x: 0.03631867091290524
    y: -0.04463779960481422
    z: -0.01250003314984612
    w: 0.9982645792377957
---
header:
  stamp:
    sec: 1788574981
    nanosec: 383715000
  frame_id: default_cam
pose:
  position:
    x: 0.1176469239671468
    y: 0.046592054769136894
    z: -0.9872907212526891
  orientation:
    x: 0.037925382412796076
    y: -0.045384567841184165
    z: -0.012129245707669142
    w: 0.9981757299039459
---
header:
  stamp:
    sec: 1788574981
    nanosec: 415717000
  frame_id: default_cam
pose:
  position:
    x: 0.11760714726854282
    y: 0.046555923800618355
    z: -0.9865679208990782
  orientation:
    x: 0.03791084706050251
    y: -0.04579412740213486
    z: -0.01223817744375517
    w: 0.9981562465784038
---
header:
  stamp:
    sec: 1788574981
    nanosec: 447720000
  frame_id: default_cam
pose:
  position:
    x: 0.1177526545123083
    y: 0.04664070536760948
    z: -0.9869696554042084
  orientation:
    x: 0.03785615070827216
    y: -0.0447615799480865
    z: -0.012658888406964663
    w: 0.9981999125217371
---
header:
  stamp:
    sec: 1788574981
    nanosec: 483721000
  frame_id: default_cam
pose:
  position:
    x: 0.11777154651926583
    y: 0.04666351626961324
    z: -0.9866354127083333
  orientation:
    x: 0.03816833798720069
    y: -0.04530216172724644
    z: -0.012172608600938535
    w: 0.998169684832184
---
header:
  stamp:
    sec: 1788574981
    nanosec: 515725000
  frame_id: default_cam
pose:
  position:
    x: 0.11777154651926583
    y: 0.04666351626961324
    z: -0.9866354127083333
  orientation:
    x: 0.03816833798720069
    y: -0.04530216172724644
    z: -0.012172608600938535
    w: 0.998169684832184
---
header:
  stamp:
    sec: 1788574981
    nanosec: 547726000
  frame_id: default_cam
pose:
  position:
    x: 0.11782472676335333
    y: 0.046630985408828034
    z: -0.9872236074614777
  orientation:
    x: 0.03767939268527053
    y: -0.04503027005287473
    z: -0.012936897178242574
    w: 0.9981909510896368
---
header:
  stamp:
    sec: 1788574981
    nanosec: 583729000
  frame_id: default_cam
pose:
  position:
    x: 0.11775272547534328
    y: 0.046640805933022174
    z: -0.9869701885753344
  orientation:
    x: 0.037858445154008796
    y: -0.044762189356103606
    z: -0.012658580360018311
    w: 0.9981998020826482
---
header:
  stamp:
    sec: 1788574981
    nanosec: 615732000
  frame_id: default_cam
pose:
  position:
    x: 0.11775272547534328
    y: 0.046640805933022174
    z: -0.9869701885753344
  orientation:
    x: 0.037858445154008796
    y: -0.044762189356103606
    z: -0.012658580360018311
    w: 0.9981998020826482
---
header:
  stamp:
    sec: 1788574981
    nanosec: 647735000
  frame_id: default_cam
pose:
  position:
    x: 0.1178607865614596
    y: 0.046627591051507905
    z: -0.987325860852309
  orientation:
    x: 0.03762003969884021
    y: -0.04517942018423855
    z: -0.013094403510421784
    w: 0.9981843963925603
---
header:
  stamp:
    sec: 1788574981
    nanosec: 683736000
  frame_id: default_cam
pose:
  position:
    x: 0.11791013253886355
    y: 0.046624681083452024
    z: -0.9866704438604608
  orientation:
    x: 0.03634070790666543
    y: -0.046707740001894094
    z: -0.0132340996686723
    w: 0.9981596057638866
---
header:
  stamp:
    sec: 1788574981
    nanosec: 715739000
  frame_id: default_cam
pose:
  position:
    x: 0.11792278645236565
    y: 0.04663703107581013
    z: -0.9871663713465736
  orientation:
    x: 0.03735355218672277
    y: -0.04500219597238166
    z: -0.012752970636452244
    w: 0.9982068303896958
---
header:
  stamp:
    sec: 1788574981
    nanosec: 747750000
  frame_id: default_cam
pose:
  position:
    x: 0.11790149429173925
    y: 0.04661706362742529
    z: -0.9875469283144335
  orientation:
    x: 0.03742737642867766
    y: -0.04527588077803095
    z: -0.013198651884200805
    w: 0.9981858953631229
---
header:
  stamp:
    sec: 1788574981
    nanosec: 783744000
  frame_id: default_cam
pose:
  position:
    x: 0.117824640379281
    y: 0.046631045733543076
    z: -0.9872233547415143
  orientation:
    x: 0.03768219988879554
    y: -0.04502875479298292
    z: -0.012937026628530038
    w: 0.9981909117976114
---
header:
  stamp:
    sec: 1788574981
    nanosec: 815747000
  frame_id: default_cam
pose:
  position:
    x: 0.11776356642660218
    y: 0.04664759566889462
    z: -0.9862410697803319
  orientation:
    x: 0.03816704484113716
    y: -0.045682357493192105
    z: -0.011993158021943298
    w: 0.998154578741499
---
header:
  stamp:
    sec: 1788574981
    nanosec: 847751000
  frame_id: default_cam
pose:
  position:
    x: 0.11787600078709905
    y: 0.04666856884906884
    z: -0.9870518047708335
  orientation:
    x: 0.03768430381559114
    y: -0.04489659140462387
    z: -0.011960952355271713
    w: 0.9982089585577438
---
header:
  stamp:
    sec: 1788574981
    nanosec: 883751000
  frame_id: default_cam
pose:
  position:
    x: 0.1176519364277618
    y: 0.04658826928416755
    z: -0.9859320284856342
  orientation:
    x: 0.03779608936242578
    y: -0.0449390826349422
    z: -0.012104880230187558
    w: 0.998201085130371
---
header:
  stamp:
    sec: 1788574981
    nanosec: 915754000
  frame_id: default_cam
pose:
  position:
    x: 0.11763117873871641
    y: 0.04657290762198288
    z: -0.9861412462986235
  orientation:
    x: 0.03751084269664473
    y: -0.04467119071938337
    z: -0.011828439387661588
    w: 0.9982271832711993
---
header:
  stamp:
    sec: 1788574981
    nanosec: 947757000
  frame_id: default_cam
pose:
  position:
    x: 0.11770520804028346
    y: 0.046555834965503674
    z: -0.9865200800968126
  orientation:
    x: 0.03730945230754967
    y: -0.044667472675348596
    z: -0.012868107862949764
    w: 0.9982220361489397
---
header:
  stamp:
    sec: 1788574981
    nanosec: 983762000
  frame_id: default_cam
pose:
  position:
    x: 0.1178469454245047
    y: 0.04663904689007735
    z: -0.9874839781014894
  orientation:
    x: 0.03818572666672958
    y: -0.048628980908703205
    z: -0.013021458552372894
    w: 0.9980017605755431
---
header:
  stamp:
    sec: 1788574982
    nanosec: 15762000
  frame_id: default_cam
pose:
  position:
    x: 0.11786442656054208
    y: 0.04675928348595516
    z: -0.9875212923195645
  orientation:
    x: 0.03500189179654706
    y: -0.05045967156338016
    z: -0.01416037956807809
    w: 0.9980121105311631
---
header:
  stamp:
    sec: 1788574982
    nanosec: 47764000
  frame_id: default_cam
pose:
  position:
    x: 0.11778335296996857
    y: 0.04666097091349527
    z: -0.9873301122086391
  orientation:
    x: 0.030634585913939447
    y: -0.05101159866211339
    z: -0.013656887658059077
    w: 0.9981346744639784
---
header:
  stamp:
    sec: 1788574982
    nanosec: 83770000
  frame_id: default_cam
pose:
  position:
    x: 0.11757644995437645
    y: 0.04662820946824928
    z: -0.9875243955042527
  orientation:
    x: 0.03260544039222373
    y: -0.05581055320945402
    z: -0.012679870614723872
    w: 0.9978282859733321
---
header:
  stamp:
    sec: 1788574982
    nanosec: 115770000
  frame_id: default_cam
pose:
  position:
    x: 0.11700296825849242
    y: 0.046471328594295876
    z: -0.9858404484173864
  orientation:
    x: 0.03649528743297707
    y: -0.058454235409090255
    z: -0.012602419621857085
    w: 0.9975431696811912
---
header:
  stamp:
    sec: 1788574982
    nanosec: 147771000
  frame_id: default_cam
pose:
  position:
    x: 0.11687663369132713
    y: 0.046549142715166886
    z: -0.9869228749957206
  orientation:
    x: 0.037269314950394254
    y: -0.061852044633758374
    z: -0.01228393377089682
    w: 0.9973136054967184
---
header:
  stamp:
    sec: 1788574982
    nanosec: 183779000
  frame_id: default_cam
pose:
  position:
    x: 0.11668687292749022
    y: 0.04646214180240682
    z: -0.9861651072539173
  orientation:
    x: 0.03843146669000353
    y: -0.06454663942213393
    z: -0.01262792300743642
    w: 0.9970944234463868
---
header:
  stamp:
    sec: 1788574982
    nanosec: 215775000
  frame_id: default_cam
pose:
  position:
    x: 0.11692211471769641
    y: 0.04644400032218772
    z: -0.9862520926190272
  orientation:
    x: 0.03823258600682214
    y: -0.06653768066764652
    z: -0.012459424886136248
    w: 0.9969733041311126
---
header:
  stamp:
    sec: 1788574982
    nanosec: 247780000
  frame_id: default_cam
pose:
  position:
    x: 0.11742897536806801
    y: 0.046643927159563316
    z: -0.9886144070382964
  orientation:
    x: 0.0384114345226192
    y: -0.06694507221161365
    z: -0.012201125320276913
    w: 0.996942351164507
---
header:
  stamp:
    sec: 1788574982
    nanosec: 283780000
  frame_id: default_cam
pose:
  position:
    x: 0.11671833375775272
    y: 0.046459057632900605
    z: -0.9861471785674314
  orientation:
    x: 0.038327810865354625
    y: -0.0665685935634689
    z: -0.012946709411553863
    w: 0.9969613753705125
---
header:
  stamp:
    sec: 1788574982
    nanosec: 315782000
  frame_id: default_cam
pose:
  position:
    x: 0.11633945425371416
    y: 0.04642470014258129
    z: -0.9855968322561145
  orientation:
    x: 0.03607752936284418
    y: -0.06563519091940173
    z: -0.012635790962207027
    w: 0.9971112126412008
---
header:
  stamp:
    sec: 1788574982
    nanosec: 347785000
  frame_id: default_cam
pose:
  position:
    x: 0.11636265523396402
    y: 0.04642359731152222
    z: -0.9856584365328235
  orientation:
    x: 0.03824943979896498
    y: -0.0641111877193496
    z: -0.012368009536644213
    w: 0.9971327736587445
---
header:
  stamp:
    sec: 1788574982
    nanosec: 383788000
  frame_id: default_cam
pose:
  position:
    x: 0.11690126408038529
    y: 0.04652216284710623
    z: -0.9872832412126467
  orientation:
    x: 0.038481993439292955
    y: -0.06722516381997955
    z: -0.012276238899744763
    w: 0.9969198601135356
---
header:
  stamp:
    sec: 1788574982
    nanosec: 415791000
  frame_id: default_cam
pose:
  position:
    x: 0.1168925042293207
    y: 0.04645376811448854
    z: -0.9859782706871056
  orientation:
    x: 0.03837417001445986
    y: -0.06837968542136946
    z: -0.0125500484432341
    w: 0.9968420827701088
---
header:
  stamp:
    sec: 1788574982
    nanosec: 447793000
  frame_id: default_cam
pose:
  position:
    x: 0.11717208184668647
    y: 0.046573992433227046
    z: -0.987350144065156
  orientation:
    x: 0.03826161757523036
    y: -0.06590279866585895
    z: -0.012568319457028911
    w: 0.9970129924401989
---
header:
  stamp:
    sec: 1788574982
    nanosec: 483795000
  frame_id: default_cam
pose:
  position:
    x: 0.11698050560559455
    y: 0.04653717153116066
    z: -0.987111206547456
  orientation:
    x: 0.03803177366304661
    y: -0.0642863491940338
    z: -0.012803807665709831
    w: 0.9971243212401376
---
header:
  stamp:
    sec: 1788574982
    nanosec: 515799000
  frame_id: default_cam
pose:
  position:
    x: 0.116921440262382
    y: 0.04652399372534882
    z: -0.9873176336981503
  orientation:
    x: 0.03855120296654396
    y: -0.0654981249103462
    z: -0.012281590912423479
    w: 0.9970320771709007
---
header:
  stamp:
    sec: 1788574982
    nanosec: 547802000
  frame_id: default_cam
pose:
  position:
    x: 0.11690126556811872
    y: 0.046522163998774714
    z: -0.987283244870402
  orientation:
    x: 0.03848202650859185
    y: -0.06722520727517457
    z: -0.012276232668547698
    w: 0.9969198559834533
---
header:
  stamp:
    sec: 1788574982
    nanosec: 583803000
  frame_id: default_cam
pose:
  position:
    x: 0.1166671833145566
    y: 0.04646061358819064
    z: -0.9861355192516799
  orientation:
    x: 0.038361989561347995
    y: -0.06626839797967833
    z: -0.01262308047116636
    w: 0.9969842100181528
---
header:
  stamp:
    sec: 1788574982
    nanosec: 615805000
  frame_id: default_cam
pose:
  position:
    x: 0.1166671833145566
    y: 0.04646061358819064
    z: -0.9861355192516799
  orientation:
    x: 0.038361989561347995
    y: -0.06626839797967833
    z: -0.01262308047116636
    w: 0.9969842100181528
---
header:
  stamp:
    sec: 1788574982
    nanosec: 647808000
  frame_id: default_cam
pose:
  position:
    x: 0.11659082853475179
    y: 0.04648278409816355
    z: -0.9857351015936041
  orientation:
    x: 0.03876681251169624
    y: -0.06609945595345917
    z: -0.012387501215141929
    w: 0.9969827210057277
---
header:
  stamp:
    sec: 1788574982
    nanosec: 683809000
  frame_id: default_cam
pose:
  position:
    x: 0.1163547279496368
    y: 0.04642717741405254
    z: -0.9856022829730007
  orientation:
    x: 0.035070272535975514
    y: -0.0640220272098423
    z: -0.012769900437623391
    w: 0.9972503124386615
---
header:
  stamp:
    sec: 1788574982
    nanosec: 715812000
  frame_id: default_cam
pose:
  position:
    x: 0.11641801199960483
    y: 0.04660113779310408
    z: -0.9868177326531915
  orientation:
    x: 0.037158997164502224
    y: -0.06499541163562012
    z: -0.011930092106443715
    w: 0.9971220979891964
---
header:
  stamp:
    sec: 1788574982
    nanosec: 747815000
  frame_id: default_cam
pose:
  position:
    x: 0.1163153752878162
    y: 0.04662834328014727
    z: -0.9863512724298898
  orientation:
    x: 0.035930336961768596
    y: -0.06383733833981133
    z: -0.011746305506657659
    w: 0.9972441172684081
---
header:
  stamp:
    sec: 1788574982
    nanosec: 783817000
  frame_id: default_cam
pose:
  position:
    x: 0.11631100338579045
    y: 0.04662580324054522
    z: -0.9863698724750128
  orientation:
    x: 0.037614582799650825
    y: -0.06467036076260055
    z: -0.011528672220535547
    w: 0.9971308727125415
---
header:
  stamp:
    sec: 1788574982
    nanosec: 815820000
  frame_id: default_cam
pose:
  position:
    x: 0.11632077385818668
    y: 0.046351211114740644
    z: -0.9845249147486459
  orientation:
    x: 0.03768057897550949
    y: -0.06056288189858883
    z: -0.012132362455952514
    w: 0.9973791240473431
---
header:
  stamp:
    sec: 1788574982
    nanosec: 847821000
  frame_id: default_cam
pose:
  position:
    x: 0.11646172512555612
    y: 0.04634130089229483
    z: -0.9847215731244932
  orientation:
    x: 0.03586571350037232
    y: -0.059341849715465134
    z: -0.01300381208541122
    w: 0.99750844424431
---
header:
  stamp:
    sec: 1788574982
    nanosec: 883825000
  frame_id: default_cam
pose:
  position:
    x: 0.11722898736690156
    y: 0.046574788993217216
    z: -0.9874099088026085
  orientation:
    x: 0.03903954563408891
    y: -0.060573989204231224
    z: -0.012514430069351278
    w: 0.9973214600862698
---
header:
  stamp:
    sec: 1788574982
    nanosec: 915826000
  frame_id: default_cam
pose:
  position:
    x: 0.11744475331188158
    y: 0.04645803193049763
    z: -0.9867302742683012
  orientation:
    x: 0.038994436521024516
    y: -0.060675796886976614
    z: -0.01254022518103429
    w: 0.9973167121556457
---
header:
  stamp:
    sec: 1788574982
    nanosec: 947830000
  frame_id: default_cam
pose:
  position:
    x: 0.11752061779439384
    y: 0.046447732292445656
    z: -0.986112086166112
  orientation:
    x: 0.03851596782056157
    y: -0.05937900716696286
    z: -0.013372440031788238
    w: 0.9974025423961518
---
header:
  stamp:
    sec: 1788574982
    nanosec: 983832000
  frame_id: default_cam
pose:
  position:
    x: 0.1176218463382071
    y: 0.04652894097059138
    z: -0.9866398866306144
  orientation:
    x: 0.03825303133381959
    y: -0.05790047797562333
    z: -0.014195849074328625
    w: 0.9974882044981921
---
header:
  stamp:
    sec: 1788574983
    nanosec: 15835000
  frame_id: default_cam
pose:
  position:
    x: 0.11766194902133768
    y: 0.04646021187467301
    z: -0.9864036456787847
  orientation:
    x: 0.037705048374317304
    y: -0.058448471901617796
    z: -0.014511085783973867
    w: 0.9974725729807443
---
header:
  stamp:
    sec: 1788574983
    nanosec: 47838000
  frame_id: default_cam
pose:
  position:
    x: 0.11791183799334036
    y: 0.046674448953827795
    z: -0.9875331047102621
  orientation:
    x: 0.03745443277119593
    y: -0.057506116555225084
    z: -0.015417884480740975
    w: 0.9975231831204042
---
header:
  stamp:
    sec: 1788574983
    nanosec: 83839000
  frame_id: default_cam
pose:
  position:
    x: 0.11790400258437395
    y: 0.04664736917624351
    z: -0.9864164823536803
  orientation:
    x: 0.03811268982919449
    y: -0.05507901967686407
    z: -0.015107085689228935
    w: 0.9976399653318815
---
header:
  stamp:
    sec: 1788574983
    nanosec: 115841000
  frame_id: default_cam
pose:
  position:
    x: 0.1179303652521999
    y: 0.04649683290616921
    z: -0.9859937500748448
  orientation:
    x: 0.03677640621744793
    y: -0.05354199932462388
    z: -0.015370833315889083
    w: 0.997769756876418
---
header:
  stamp:
    sec: 1788574983
    nanosec: 147846000
  frame_id: default_cam
pose:
  position:
    x: 0.11803561916369336
    y: 0.04652518832199903
    z: -0.9856041384124374
  orientation:
    x: 0.037308514220739566
    y: -0.04869770215134704
    z: -0.015620087801893912
    w: 0.9979942992967848
---
header:
  stamp:
    sec: 1788574983
    nanosec: 183854000
  frame_id: default_cam
pose:
  position:
    x: 0.11836311506668726
    y: 0.04649302735792308
    z: -0.9845184326497852
  orientation:
    x: 0.03560853746802812
    y: -0.04561551419904976
    z: -0.015273004469032282
    w: 0.9982073894027399
---
header:
  stamp:
    sec: 1788574983
    nanosec: 215852000
  frame_id: default_cam
pose:
  position:
    x: 0.11908657080851794
    y: 0.04662592391334576
    z: -0.9864252334681911
  orientation:
    x: 0.0311198070209384
    y: -0.04203591750659123
    z: -0.016236876360381944
    w: 0.9984993255362851
---
header:
  stamp:
    sec: 1788574983
    nanosec: 247853000
  frame_id: default_cam
pose:
  position:
    x: 0.11943075094732401
    y: 0.04672718142418657
    z: -0.986597038014743
  orientation:
    x: 0.031833921526015475
    y: -0.033783312895873406
    z: -0.01648671589278822
    w: 0.9987860018087585
---
header:
  stamp:
    sec: 1788574983
    nanosec: 283855000
  frame_id: default_cam
pose:
  position:
    x: 0.11952973075393748
    y: 0.046715314223969226
    z: -0.9866426644882579
  orientation:
    x: 0.030073158943784716
    y: -0.032469439553018314
    z: -0.017077185304720844
    w: 0.9988742214855297
---
header:
  stamp:
    sec: 1788574983
    nanosec: 315857000
  frame_id: default_cam
pose:
  position:
    x: 0.11954361087816297
    y: 0.046699412668828884
    z: -0.9858889707144849
  orientation:
    x: 0.03167964692348636
    y: -0.02818198113928096
    z: -0.016465880588990196
    w: 0.9989649897200089
---
header:
  stamp:
    sec: 1788574983
    nanosec: 347859000
  frame_id: default_cam
pose:
  position:
    x: 0.11953203359104934
    y: 0.04666885165539265
    z: -0.9855165032695639
  orientation:
    x: 0.0319863870189274
    y: -0.02477171416015641
    z: -0.016420399909985964
    w: 0.9990463471180099
---
header:
  stamp:
    sec: 1788574983
    nanosec: 383862000
  frame_id: default_cam
pose:
  position:
    x: 0.119633406823417
    y: 0.046628107377537385
    z: -0.985739906512072
  orientation:
    x: 0.031377483616544785
    y: -0.023643593003192912
    z: -0.01595105209164938
    w: 0.9991005945193718
---
header:
  stamp:
    sec: 1788574983
    nanosec: 415864000
  frame_id: default_cam
pose:
  position:
    x: 0.11988079544407876
    y: 0.046861339195501193
    z: -0.9873469874685454
  orientation:
    x: 0.033063657667659806
    y: -0.022239094335510384
    z: -0.01476766763397328
    w: 0.999096658595866
---
header:
  stamp:
    sec: 1788574983
    nanosec: 447868000
  frame_id: default_cam
pose:
  position:
    x: 0.11990849207264583
    y: 0.04676029645641115
    z: -0.9861313718360526
  orientation:
    x: 0.030742538590025625
    y: -0.014839509879633032
    z: -0.014951444449169194
    w: 0.9993053285039846
---
header:
  stamp:
    sec: 1788574983
    nanosec: 483869000
  frame_id: default_cam
pose:
  position:
    x: 0.12020020594601853
    y: 0.04674926825929052
    z: -0.986358756197497
  orientation:
    x: 0.030518755821283057
    y: -0.0068830165018875355
    z: -0.014825356131941032
    w: 0.9994005395448398
---
header:
  stamp:
    sec: 1788574983
    nanosec: 515871000
  frame_id: default_cam
pose:
  position:
    x: 0.12054343750688667
    y: 0.04676365918076502
    z: -0.9866055042823898
  orientation:
    x: 0.030307374606806787
    y: -0.003996981767275429
    z: -0.014849775509943123
    w: 0.9994223188164746
---
header:
  stamp:
    sec: 1788574983
    nanosec: 547874000
  frame_id: default_cam
pose:
  position:
    x: 0.12057299965718975
    y: 0.04662641740476044
    z: -0.9865539855460009
  orientation:
    x: 0.031311897621048045
    y: -0.005231977145712411
    z: -0.013820236628897122
    w: 0.9994004165208443
---
header:
  stamp:
    sec: 1788574983
    nanosec: 583876000
  frame_id: default_cam
pose:
  position:
    x: 0.12055621766804267
    y: 0.04646973031214736
    z: -0.9855098017928666
  orientation:
    x: 0.03543680428423378
    y: -0.006603082312223988
    z: -0.01466257129987057
    w: 0.9992425337269101
---
header:
  stamp:
    sec: 1788574983
    nanosec: 615879000
  frame_id: default_cam
pose:
  position:
    x: 0.120822547833859
    y: 0.04649253154744333
    z: -0.9859772373263896
  orientation:
    x: 0.037444604359032185
    y: -0.00884068184302882
    z: -0.0143266909259057
    w: 0.9991568895203894
---
header:
  stamp:
    sec: 1788574983
    nanosec: 647882000
  frame_id: default_cam
pose:
  position:
    x: 0.12079098637075196
    y: 0.04649117620340695
    z: -0.984993671410063
  orientation:
    x: 0.03704018904635432
    y: -0.007321988368896556
    z: -0.014708127687600242
    w: 0.9991787046678193
---
header:
  stamp:
    sec: 1788574983
    nanosec: 683884000
  frame_id: default_cam
pose:
  position:
    x: 0.12087389443227119
    y: 0.04655528006993028
    z: -0.9850055890460595
  orientation:
    x: 0.038077320560093234
    y: -0.004338104625420047
    z: -0.01576637613223056
    w: 0.9991409909972064
---
header:
  stamp:
    sec: 1788574983
    nanosec: 715886000
  frame_id: default_cam
pose:
  position:
    x: 0.1211212246415001
    y: 0.046702541669376124
    z: -0.9856210199748385
  orientation:
    x: 0.03747377595123273
    y: -0.004909086881341438
    z: -0.016765163930693366
    w: 0.9991449075386039
---
header:
  stamp:
    sec: 1788574983
    nanosec: 747888000
  frame_id: default_cam
pose:
  position:
    x: 0.12115994317158016
    y: 0.04658513747333403
    z: -0.9846863963580385
  orientation:
    x: 0.03506519556379595
    y: -0.006328636247109951
    z: -0.017311712717933456
    w: 0.9992150344275732
---
header:
  stamp:
    sec: 1788574983
    nanosec: 783895000
  frame_id: default_cam
pose:
  position:
    x: 0.12101364272274684
    y: 0.04649100012949121
    z: -0.9834449490003742
  orientation:
    x: 0.03646642769817918
    y: -0.006474123434855465
    z: -0.017416722531866477
    w: 0.9991621205554841
---
header:
  stamp:
    sec: 1788574983
    nanosec: 815897000
  frame_id: default_cam
pose:
  position:
    x: 0.12120233615035203
    y: 0.04666877606277952
    z: -0.9854328037933175
  orientation:
    x: 0.041252301582002125
    y: -0.0050390317122942
    z: -0.0168937580953787
    w: 0.9989932215540829
---
header:
  stamp:
    sec: 1788574983
    nanosec: 847897000
  frame_id: default_cam
pose:
  position:
    x: 0.12103660667337754
    y: 0.04666679604196194
    z: -0.9851161000649281
  orientation:
    x: 0.04033554043518312
    y: -0.004930250147924372
    z: -0.01614509307119306
    w: 0.999043579019956
---
header:
  stamp:
    sec: 1788574983
    nanosec: 883898000
  frame_id: default_cam
pose:
  position:
    x: 0.12094748652248523
    y: 0.046488576014774546
    z: -0.9850826613426447
  orientation:
    x: 0.0396682452387988
    y: -0.003166397999671391
    z: -0.015157471775365396
    w: 0.9990929162459121
---
header:
  stamp:
    sec: 1788574983
    nanosec: 915901000
  frame_id: default_cam
pose:
  position:
    x: 0.12099235212588956
    y: 0.04653813774848363
    z: -0.985660185871151
  orientation:
    x: 0.037946520804695835
    y: -0.006437890167013523
    z: -0.015212417053788412
    w: 0.999143231722258
---
header:
  stamp:
    sec: 1788574983
    nanosec: 947904000
  frame_id: default_cam
pose:
  position:
    x: 0.12109930711748917
    y: 0.046767605485156176
    z: -0.9860489435830598
  orientation:
    x: 0.03946383823342601
    y: -0.005235293160890213
    z: -0.01610981204666337
    w: 0.9990774099804413
---
header:
  stamp:
    sec: 1788574983
    nanosec: 983906000
  frame_id: default_cam
pose:
  position:
    x: 0.12108184450314266
    y: 0.046749258199343294
    z: -0.9860176300019062
  orientation:
    x: 0.03581210538313876
    y: -0.004169616788356001
    z: -0.016484448061697483
    w: 0.999213876192663
---
header:
  stamp:
    sec: 1788574984
    nanosec: 15908000
  frame_id: default_cam
pose:
  position:
    x: 0.12108184450314266
    y: 0.046749258199343294
    z: -0.9860176300019062
  orientation:
    x: 0.03581210538313876
    y: -0.004169616788356001
    z: -0.016484448061697483
    w: 0.999213876192663
---
header:
  stamp:
    sec: 1788574984
    nanosec: 47912000
  frame_id: default_cam
pose:
  position:
    x: 0.12092188574955562
    y: 0.04661094964880214
    z: -0.9857377654946669
  orientation:
    x: 0.038461276876669115
    y: -0.00845601151976737
    z: -0.015750923934316152
    w: 0.9991001623688234
---
header:
  stamp:
    sec: 1788574984
    nanosec: 83913000
  frame_id: default_cam
pose:
  position:
    x: 0.12079532038783848
    y: 0.04643136961292114
    z: -0.9852150621339896
  orientation:
    x: 0.03846376472792183
    y: -0.010681087422930726
    z: -0.014101440856998106
    w: 0.9991033993237013
---
header:
  stamp:
    sec: 1788574984
    nanosec: 115915000
  frame_id: default_cam
pose:
  position:
    x: 0.12087311579859214
    y: 0.04652262246211872
    z: -0.9858239325574887
  orientation:
    x: 0.038955693459028565
    y: -0.010794225940805141
    z: -0.014736517879412617
    w: 0.9990739580602903
---
header:
  stamp:
    sec: 1788574984
    nanosec: 147917000
  frame_id: default_cam
pose:
  position:
    x: 0.12083765164451298
    y: 0.046381620095362217
    z: -0.9854045935048702
  orientation:
    x: 0.03930931922158382
    y: -0.008935410266839023
    z: -0.014070940533009045
    w: 0.9990880564285689
---
header:
  stamp:
    sec: 1788574984
    nanosec: 183919000
  frame_id: default_cam
pose:
  position:
    x: 0.1209767914864359
    y: 0.04639112286939821
    z: -0.9857335136355974
  orientation:
    x: 0.039516922681617
    y: -0.009570547105322678
    z: -0.014691149947707805
    w: 0.9990650567220805
---
header:
  stamp:
    sec: 1788574984
    nanosec: 215923000
  frame_id: default_cam
pose:
  position:
    x: 0.12116281363964003
    y: 0.04642057480647286
    z: -0.9847531776343921
  orientation:
    x: 0.03909150746154019
    y: -0.005630140560602165
    z: -0.01679743895492948
    w: 0.9990785762922793
---
header:
  stamp:
    sec: 1788574984
    nanosec: 247926000
  frame_id: default_cam
pose:
  position:
    x: 0.12138900099847054
    y: 0.04638992720613868
    z: -0.9840226976470783
  orientation:
    x: 0.039461614807588724
    y: -0.006293557527921631
    z: -0.017823641227267945
    w: 0.9990422863441877
---
header:
  stamp:
    sec: 1788574984
    nanosec: 283927000
  frame_id: default_cam
pose:
  position:
    x: 0.12206651146232197
    y: 0.046637829571248526
    z: -0.9854282544857208
  orientation:
    x: 0.03886021358009241
    y: -0.006305878219572542
    z: -0.01882229693140574
    w: 0.9990474667595206
---
header:
  stamp:
    sec: 1788574984
    nanosec: 315930000
  frame_id: default_cam
pose:
  position:
    x: 0.12194540018149636
    y: 0.046565341931174516
    z: -0.9843990633106237
  orientation:
    x: 0.03814447038198042
    y: -0.005419687058100815
    z: -0.019533626373027243
    w: 0.9990665962848471
---
header:
  stamp:
    sec: 1788574984
    nanosec: 415939000
  frame_id: default_cam
pose:
  position:
    x: 0.12247669118657584
    y: 0.04647918972720167
    z: -0.9837676963922647
  orientation:
    x: 0.03948946747885283
    y: -0.001995483400774153
    z: -0.01999863738529851
    w: 0.9990178449392009
---
header:
  stamp:
    sec: 1788574984
    nanosec: 447940000
  frame_id: default_cam
pose:
  position:
    x: 0.12260779518567985
    y: 0.046451569446925994
    z: -0.983455116166835
  orientation:
    x: 0.04075188603973317
    y: -0.0016443709364247032
    z: -0.020233436057605143
    w: 0.9989630563207684
---
header:
  stamp:
    sec: 1788574984
    nanosec: 483942000
  frame_id: default_cam
pose:
  position:
    x: 0.12241888704694294
    y: 0.046245063555046886
    z: -0.9818036686624527
  orientation:
    x: 0.04218198067493821
    y: -0.0017484906012364145
    z: -0.0195277248607749
    w: 0.9989175597859508
---
header:
  stamp:
    sec: 1788574984
    nanosec: 515943000
  frame_id: default_cam
pose:
  position:
    x: 0.12241610862302463
    y: 0.046333610302856994
    z: -0.9829521951026939
  orientation:
    x: 0.04810144694868071
    y: -0.002515905878173
    z: -0.019383124191219327
    w: 0.9986511981245719
---
header:
  stamp:
    sec: 1788574984
    nanosec: 547947000
  frame_id: default_cam
pose:
  position:
    x: 0.12216027297001489
    y: 0.04650157409928517
    z: -0.9831310699321095
  orientation:
    x: 0.051441597931826136
    y: -0.004944081176337935
    z: -0.019332712887084543
    w: 0.9984766217974098
---
header:
  stamp:
    sec: 1788574984
    nanosec: 615954000
  frame_id: default_cam
pose:
  position:
    x: 0.12252798853206352
    y: 0.046636001802273355
    z: -0.9824804452574242
  orientation:
    x: 0.04584501543287919
    y: -0.0025315619635436363
    z: -0.021199797000131585
    w: 0.998720378464932
---
header:
  stamp:
    sec: 1788574984
    nanosec: 647953000
  frame_id: default_cam
pose:
  position:
    x: 0.12247963274287783
    y: 0.046550123208031896
    z: -0.9833449293957183
  orientation:
    x: 0.04317181648010935
    y: -0.002499464737355149
    z: -0.020245640326893865
    w: 0.9988593799857859
---
header:
  stamp:
    sec: 1788574984
    nanosec: 747964000
  frame_id: default_cam
pose:
  position:
    x: 0.1224393735603845
    y: 0.04663794806506753
    z: -0.9838415382906728
  orientation:
    x: 0.04074232527498071
    y: -0.0017033371926862288
    z: -0.021981701321505464
    w: 0.9989264068892202
---
header:
  stamp:
    sec: 1788574984
    nanosec: 783967000
  frame_id: default_cam
pose:
  position:
    x: 0.12268618883584759
    y: 0.046899286729643774
    z: -0.9837278263543058
  orientation:
    x: 0.04365491780642543
    y: -0.003047890974816721
    z: -0.023175775182482112
    w: 0.9987731684204432
---
header:
  stamp:
    sec: 1788574984
    nanosec: 815967000
  frame_id: default_cam
pose:
  position:
    x: 0.12309250711287639
    y: 0.0468314112413127
    z: -0.9848107080060028
  orientation:
    x: 0.04067028230941292
    y: -0.0022067742487273403
    z: -0.0244080865800069
    w: 0.9988720156225175
---
header:
  stamp:
    sec: 1788574984
    nanosec: 847970000
  frame_id: default_cam
pose:
  position:
    x: 0.12337561525272969
    y: 0.04673885568638799
    z: -0.9836556558211348
  orientation:
    x: 0.04192566269184075
    y: -0.0017177214678946089
    z: -0.02381962336190896
    w: 0.9988352786038875
---
header:
  stamp:
    sec: 1788574984
    nanosec: 883970000
  frame_id: default_cam
pose:
  position:
    x: 0.12347293654742851
    y: 0.04678418558954312
    z: -0.9841399455994634
  orientation:
    x: 0.042761415501496626
    y: -0.0013180099046919676
    z: -0.0238416573425185
    w: 0.9987999297003186
---
header:
  stamp:
    sec: 1788574984
    nanosec: 915974000
  frame_id: default_cam
pose:
  position:
    x: 0.12320760380763235
    y: 0.04671473282418615
    z: -0.9836891245904651
  orientation:
    x: 0.04262047859726716
    y: -0.002587886475414566
    z: -0.023966739055627805
    w: 0.998800477105798
---
header:
  stamp:
    sec: 1788574984
    nanosec: 947977000
  frame_id: default_cam
pose:
  position:
    x: 0.12272133010087366
    y: 0.04649038152376797
    z: -0.9834332307813362
  orientation:
    x: 0.04137389244464353
    y: -0.00237483687508595
    z: -0.02267456002240816
    w: 0.9988835895646629
---
header:
  stamp:
    sec: 1788574984
    nanosec: 983980000
  frame_id: default_cam
pose:
  position:
    x: 0.12286508272296683
    y: 0.04668605038722783
    z: -0.9843519729331887
  orientation:
    x: 0.041700340088335064
    y: -0.0036960347046339744
    z: -0.021747569609469008
    w: 0.9988866122739161
---
header:
  stamp:
    sec: 1788574985
    nanosec: 47986000
  frame_id: default_cam
pose:
  position:
    x: 0.12185530628626777
    y: 0.04664696910319764
    z: -0.9861643978432937
  orientation:
    x: 0.04156099588190814
    y: -0.004225166311305058
    z: -0.020030776503354324
    w: 0.9989262232936016
---
header:
  stamp:
    sec: 1788574985
    nanosec: 83985000
  frame_id: default_cam
pose:
  position:
    x: 0.12163326174069126
    y: 0.04653340679302005
    z: -0.9849112996096702
  orientation:
    x: 0.041134411416073116
    y: -0.003646286507752571
    z: -0.019983916660319914
    w: 0.9989470996339446
---
header:
  stamp:
    sec: 1788574985
    nanosec: 183996000
  frame_id: default_cam
pose:
  position:
    x: 0.12324740615429444
    y: 0.046971757592241224
    z: -0.985662163224609
  orientation:
    x: 0.03993851168891575
    y: 0.0017475315461640613
    z: -0.022433966214074088
    w: 0.9989487367114868
---
header:
  stamp:
    sec: 1788574985
    nanosec: 215996000
  frame_id: default_cam
pose:
  position:
    x: 0.12356722042643924
    y: 0.04707112094114023
    z: -0.9857686308664609
  orientation:
    x: 0.03783831392215383
    y: 0.0036505777018455317
    z: -0.023222913195443864
    w: 0.999007323088619
---
header:
  stamp:
    sec: 1788574985
    nanosec: 248000000
  frame_id: default_cam
pose:
  position:
    x: 0.12356924716760184
    y: 0.04707410540525621
    z: -0.9858672303058188
  orientation:
    x: 0.03932446758951795
    y: 0.0032332955449715416
    z: -0.023192115808282326
    w: 0.9989520798381948
---
header:
  stamp:
    sec: 1788574985
    nanosec: 284001000
  frame_id: default_cam
pose:
  position:
    x: 0.12339296468177254
    y: 0.04700014747620566
    z: -0.9854689477881574
  orientation:
    x: 0.03884283403700761
    y: 0.00045769672260774686
    z: -0.022965662536758243
    w: 0.9989812826584547
---
header:
  stamp:
    sec: 1788574985
    nanosec: 316003000
  frame_id: default_cam
pose:
  position:
    x: 0.12300452408093379
    y: 0.04687563018629237
    z: -0.9846651895492479
  orientation:
    x: 0.0378583081615412
    y: -0.0010118419584427417
    z: -0.02238842704523073
    w: 0.9990317727747388
---
header:
  stamp:
    sec: 1788574985
    nanosec: 348006000
  frame_id: default_cam
pose:
  position:
    x: 0.1227028774608808
    y: 0.04693689322539134
    z: -0.9837152736112232
  orientation:
    x: 0.0372090443057374
    y: 0.0001844241428944071
    z: -0.023312533288442763
    w: 0.9990355242939384
---
header:
  stamp:
    sec: 1788574985
    nanosec: 416014000
  frame_id: default_cam
pose:
  position:
    x: 0.1227243072524066
    y: 0.04689977511351066
    z: -0.9834841359360453
  orientation:
    x: 0.032651885271295124
    y: 0.001100625840440789
    z: -0.024345101561713437
    w: 0.9991696347672598
---
header:
  stamp:
    sec: 1788574985
    nanosec: 448012000
  frame_id: default_cam
pose:
  position:
    x: 0.12352896347936268
    y: 0.047137044391728264
    z: -0.9866988846582156
  orientation:
    x: 0.03372569111496335
    y: -0.00012055260139156737
    z: -0.02547943388002938
    w: 0.9991062814711165
---
header:
  stamp:
    sec: 1788574985
    nanosec: 484015000
  frame_id: default_cam
pose:
  position:
    x: 0.12367817641900004
    y: 0.047188213940553406
    z: -0.9872601951208919
  orientation:
    x: 0.03445226693628929
    y: 0.0017678016610555157
    z: -0.025469439393367384
    w: 0.9990801888923759
---
header:
  stamp:
    sec: 1788574985
    nanosec: 516019000
  frame_id: default_cam
pose:
  position:
    x: 0.12366994741071254
    y: 0.04722699973262204
    z: -0.9873332805495014
  orientation:
    x: 0.03488305701309091
    y: 0.0019892273087298968
    z: -0.02487347031081549
    w: 0.9990798395437838
---
header:
  stamp:
    sec: 1788574985
    nanosec: 548020000
  frame_id: default_cam
pose:
  position:
    x: 0.12318539400506337
    y: 0.04697000294461263
    z: -0.9847056321291474
  orientation:
    x: 0.03398248410744559
    y: 0.0014032504900520465
    z: -0.023665206957479628
    w: 0.9991412210701793
---
header:
  stamp:
    sec: 1788574985
    nanosec: 584026000
  frame_id: default_cam
pose:
  position:
    x: 0.12247809812711107
    y: 0.046747929978765576
    z: -0.9825724458552052
  orientation:
    x: 0.03395100747741376
    y: -0.0004226879487071754
    z: -0.02196288535811736
    w: 0.9991820565306969
---
header:
  stamp:
    sec: 1788574985
    nanosec: 648028000
  frame_id: default_cam
pose:
  position:
    x: 0.1216872762594166
    y: 0.04662116414388261
    z: -0.9835676499138671
  orientation:
    x: 0.03591414984567315
    y: 0.000504729809051942
    z: -0.020499273376912458
    w: 0.9991444834855973
---
header:
  stamp:
    sec: 1788574985
    nanosec: 684030000
  frame_id: default_cam
pose:
  position:
    x: 0.12203139183924018
    y: 0.046750101322868165
    z: -0.9868188872109379
  orientation:
    x: 0.03415916999153818
    y: -0.00285711672529214
    z: -0.02043904286500499
    w: 0.9992032993922056
---
header:
  stamp:
    sec: 1788574985
    nanosec: 716033000
  frame_id: default_cam
pose:
  position:
    x: 0.12182178059265851
    y: 0.046654036931670924
    z: -0.9859080185168123
  orientation:
    x: 0.031572773076964905
    y: -0.0034489802363809005
    z: -0.02008575124700274
    w: 0.9992936641110075
---
header:
  stamp:
    sec: 1788574985
    nanosec: 748034000
  frame_id: default_cam
pose:
  position:
    x: 0.12121792657671694
    y: 0.046474792203103674
    z: -0.9835932915436463
  orientation:
    x: 0.03345697489995056
    y: -0.002895822492933801
    z: -0.01957016550967017
    w: 0.9992443413222603
---
header:
  stamp:
    sec: 1788574985
    nanosec: 784038000
  frame_id: default_cam
pose:
  position:
    x: 0.12122584910641292
    y: 0.046495246442486315
    z: -0.984022934205455
  orientation:
    x: 0.03155095429031037
    y: -0.0029093545971696955
    z: -0.01986943455750168
    w: 0.9993003945308757
---
header:
  stamp:
    sec: 1788574985
    nanosec: 816041000
  frame_id: default_cam
pose:
  position:
    x: 0.12103860251667295
    y: 0.04653497900267854
    z: -0.9833708616546761
  orientation:
    x: 0.031958803784199304
    y: -0.002168445692887333
    z: -0.02009394784085087
    w: 0.9992848272460306
---
header:
  stamp:
    sec: 1788574985
    nanosec: 848043000
  frame_id: default_cam
pose:
  position:
    x: 0.12112636224487891
    y: 0.04653435930752369
    z: -0.9836700649860365
  orientation:
    x: 0.03195602831747822
    y: -0.0025374614659919173
    z: -0.020409855402071495
    w: 0.9992776447744378
---
header:
  stamp:
    sec: 1788574985
    nanosec: 884045000
  frame_id: default_cam
pose:
  position:
    x: 0.12121941658221365
    y: 0.04649408222551848
    z: -0.9830864049726563
  orientation:
    x: 0.03114910485441869
    y: -0.0015633042129497544
    z: -0.020465169092315206
    w: 0.9993039908860212
---
header:
  stamp:
    sec: 1788574985
    nanosec: 916047000
  frame_id: default_cam
pose:
  position:
    x: 0.12187303341880373
    y: 0.04680287196529556
    z: -0.9861754949219066
  orientation:
    x: 0.031380910225651565
    y: -0.002606278216518454
    z: -0.021293144446817416
    w: 0.9992772627188286
---
header:
  stamp:
    sec: 1788574985
    nanosec: 948051000
  frame_id: default_cam
pose:
  position:
    x: 0.12183007069037263
    y: 0.04675594800815846
    z: -0.9855283203844284
  orientation:
    x: 0.030512670905615616
    y: 0.0006456938985569848
    z: -0.02127723685491954
    w: 0.999307679939174
---
header:
  stamp:
    sec: 1788574985
    nanosec: 984053000
  frame_id: default_cam
pose:
  position:
    x: 0.12208473680599352
    y: 0.046827660527291044
    z: -0.9868362850082443
  orientation:
    x: 0.030602465802835776
    y: -5.889527193397067e-05
    z: -0.020975711113796126
    w: 0.9993115155753004
---
header:
  stamp:
    sec: 1788574986
    nanosec: 16056000
  frame_id: default_cam
pose:
  position:
    x: 0.12239098795874329
    y: 0.04688523327999272
    z: -0.9872264126997661
  orientation:
    x: 0.031519523687696935
    y: 0.00020300171405776435
    z: -0.020927494158604735
    w: 0.9992840028765828
---
header:
  stamp:
    sec: 1788574986
    nanosec: 48057000
  frame_id: default_cam
pose:
  position:
    x: 0.12231622471383861
    y: 0.04687626059737803
    z: -0.9861954398572594
  orientation:
    x: 0.03140987696608441
    y: 0.002826914951863824
    z: -0.021078594612185295
    w: 0.9992803015320604
---
header:
  stamp:
    sec: 1788574986
    nanosec: 84061000
  frame_id: default_cam
pose:
  position:
    x: 0.12240153538450411
    y: 0.04684968119031665
    z: -0.9853673738241711
  orientation:
    x: 0.030767942932985393
    y: 0.002579426405748655
    z: -0.021457865887093634
    w: 0.9992928701029851
---
header:
  stamp:
    sec: 1788574986
    nanosec: 116063000
  frame_id: default_cam
pose:
  position:
    x: 0.12249328611117061
    y: 0.04690347826885576
    z: -0.985572674136692
  orientation:
    x: 0.03258454831133076
    y: 0.0040243061283911225
    z: -0.021695461287997524
    w: 0.9992253795470932
---
header:
  stamp:
    sec: 1788574986
    nanosec: 148065000
  frame_id: default_cam
pose:
  position:
    x: 0.12237913503935423
    y: 0.04684498367471754
    z: -0.9838615444311386
  orientation:
    x: 0.03203191432916185
    y: 0.004824431299146637
    z: -0.02159408711381304
    w: 0.9992419010073437
---
header:
  stamp:
    sec: 1788574986
    nanosec: 184072000
  frame_id: default_cam
pose:
  position:
    x: 0.1224652568651265
    y: 0.04698732488640793
    z: -0.984486730321776
  orientation:
    x: 0.03315537619963861
    y: 0.006670470813691634
    z: -0.020926046422215287
    w: 0.9992088502557007
---
header:
  stamp:
    sec: 1788574986
    nanosec: 216078000
  frame_id: default_cam
pose:
  position:
    x: 0.12269801363570419
    y: 0.04725587283482327
    z: -0.9858222118185465
  orientation:
    x: 0.034201452940183334
    y: 0.006770873582703479
    z: -0.020325408332424282
    w: 0.9991853149760697
---
header:
  stamp:
    sec: 1788574986
    nanosec: 248072000
  frame_id: default_cam
pose:
  position:
    x: 0.12272802578251511
    y: 0.04725898498204136
    z: -0.9853226521888153
  orientation:
    x: 0.03377077308387659
    y: 0.006641832475706534
    z: -0.021828240689184524
    w: 0.9991691292544506
---
header:
  stamp:
    sec: 1788574986
    nanosec: 284075000
  frame_id: default_cam
pose:
  position:
    x: 0.12317958847646976
    y: 0.04749251097936
    z: -0.9875354228604667
  orientation:
    x: 0.035223147347335906
    y: 0.007342816884625508
    z: -0.021579699552033864
    w: 0.9991194770888968
---
header:
  stamp:
    sec: 1788574986
    nanosec: 316077000
  frame_id: default_cam
pose:
  position:
    x: 0.12314221932081927
    y: 0.04739345126483839
    z: -0.9855387224505932
  orientation:
    x: 0.03421989058466638
    y: 0.006793879776513148
    z: -0.02078488143837398
    w: 0.999175075244348
---
header:
  stamp:
    sec: 1788574986
    nanosec: 348080000
  frame_id: default_cam
pose:
  position:
    x: 0.12407159432382445
    y: 0.047915173374785576
    z: -0.988903244427741
  orientation:
    x: 0.03196465694050833
    y: 0.005497940462681925
    z: -0.020544184716609966
    w: 0.9992627131198653
---
header:
  stamp:
    sec: 1788574986
    nanosec: 384082000
  frame_id: default_cam
pose:
  position:
    x: 0.12408081209646234
    y: 0.04788381542005885
    z: -0.9872198488514113
  orientation:
    x: 0.027876815790242038
    y: 0.010850784182063844
    z: -0.02021000613392522
    w: 0.999348137175478
---
header:
  stamp:
    sec: 1788574986
    nanosec: 416083000
  frame_id: default_cam
pose:
  position:
    x: 0.12397250736276531
    y: 0.04793865267745402
    z: -0.9857564291853484
  orientation:
    x: 0.027658450336779754
    y: 0.01461466299983196
    z: -0.01940218894032119
    w: 0.9993222587407394
---
header:
  stamp:
    sec: 1788574986
    nanosec: 448088000
  frame_id: default_cam
pose:
  position:
    x: 0.12389365755811098
    y: 0.04802280725204422
    z: -0.9858367659012303
  orientation:
    x: 0.028347871810627725
    y: 0.015340381042181281
    z: -0.019814146693605747
    w: 0.9992839788889308
---
header:
  stamp:
    sec: 1788574986
    nanosec: 484090000
  frame_id: default_cam
pose:
  position:
    x: 0.12407922818482538
    y: 0.04819264012656577
    z: -0.9865179914930575
  orientation:
    x: 0.029711012098832618
    y: 0.01455583297810245
    z: -0.019793289966095102
    w: 0.9992565282041918
---
header:
  stamp:
    sec: 1788574986
    nanosec: 516092000
  frame_id: default_cam
pose:
  position:
    x: 0.12397572314362953
    y: 0.04812105743807343
    z: -0.9858898670509048
  orientation:
    x: 0.029421059284312746
    y: 0.014764182249429013
    z: -0.01963893511779825
    w: 0.9992650961684459
---
header:
  stamp:
    sec: 1788574986
    nanosec: 548095000
  frame_id: default_cam
pose:
  position:
    x: 0.12397572314362953
    y: 0.04812105743807343
    z: -0.9858898670509048
  orientation:
    x: 0.029421059284312746
    y: 0.014764182249429013
    z: -0.01963893511779825
    w: 0.9992650961684459
---
header:
  stamp:
    sec: 1788574986
    nanosec: 584096000
  frame_id: default_cam
pose:
  position:
    x: 0.12418287277445023
    y: 0.048345157457958504
    z: -0.9869970181411519
  orientation:
    x: 0.03087116181106161
    y: 0.014263110639121215
    z: -0.020396586404515037
    w: 0.9992134478210222
---
header:
  stamp:
    sec: 1788574986
    nanosec: 616100000
  frame_id: default_cam
pose:
  position:
    x: 0.12394006215287409
    y: 0.048059728318989636
    z: -0.9853752264432792
  orientation:
    x: 0.02903508563388154
    y: 0.014424346377625843
    z: -0.019725360038537327
    w: 0.999279646648105
---
header:
  stamp:
    sec: 1788574986
    nanosec: 648102000
  frame_id: default_cam
pose:
  position:
    x: 0.12406526130025558
    y: 0.04800663391848321
    z: -0.9859327975622155
  orientation:
    x: 0.029424608948561713
    y: 0.015218924487294906
    z: -0.019840265388634933
    w: 0.9992541921828413
---
header:
  stamp:
    sec: 1788574986
    nanosec: 684104000
  frame_id: default_cam
pose:
  position:
    x: 0.12404592617045151
    y: 0.04789409067958409
    z: -0.9848797521017789
  orientation:
    x: 0.028965931490932646
    y: 0.014049104364298721
    z: -0.019626899117286475
    w: 0.9992889383508973
---
header:
  stamp:
    sec: 1788574986
    nanosec: 716106000
  frame_id: default_cam
pose:
  position:
    x: 0.12419578077430835
    y: 0.048117805796327524
    z: -0.9850931906539423
  orientation:
    x: 0.029481464046264647
    y: 0.011703186571195286
    z: -0.01951734835230358
    w: 0.9993062352527695
---
header:
  stamp:
    sec: 1788574986
    nanosec: 748111000
  frame_id: default_cam
pose:
  position:
    x: 0.12435409039506491
    y: 0.04833158002746262
    z: -0.9859345357863742
  orientation:
    x: 0.03120161228971101
    y: 0.011172636039642234
    z: -0.019615084948188345
    w: 0.9992581648587734
---
header:
  stamp:
    sec: 1788574986
    nanosec: 784111000
  frame_id: default_cam
pose:
  position:
    x: 0.12447682592084544
    y: 0.04842622430084409
    z: -0.9860127285697069
  orientation:
    x: 0.03141430952573649
    y: 0.01408235305707326
    z: -0.019421201714431728
    w: 0.9992185173491155
---
header:
  stamp:
    sec: 1788574986
    nanosec: 816115000
  frame_id: default_cam
pose:
  position:
    x: 0.1244653135534515
    y: 0.04844594453402056
    z: -0.9853498869784149
  orientation:
    x: 0.030920163178985695
    y: 0.013716301193767868
    z: -0.01979456373561305
    w: 0.999231695772839
---
header:
  stamp:
    sec: 1788574986
    nanosec: 848117000
  frame_id: default_cam
pose:
  position:
    x: 0.12457193551295327
    y: 0.04868845543447752
    z: -0.9862770675850158
  orientation:
    x: 0.031214340933666724
    y: 0.015204806956984578
    z: -0.019830824031239938
    w: 0.9992002888228765
---
header:
  stamp:
    sec: 1788574986
    nanosec: 884119000
  frame_id: default_cam
pose:
  position:
    x: 0.12456700520723978
    y: 0.048914273875296774
    z: -0.9857980150433738
  orientation:
    x: 0.02988325811658519
    y: 0.015537229900475439
    z: -0.020723758876350154
    w: 0.9992177496368808
---
header:
  stamp:
    sec: 1788574986
    nanosec: 916121000
  frame_id: default_cam
pose:
  position:
    x: 0.12454184761487294
    y: 0.048986426701847635
    z: -0.9860330130580035
  orientation:
    x: 0.025371702275522746
    y: 0.016021351594021016
    z: -0.02026323797289857
    w: 0.9993442821188285
---
header:
  stamp:
    sec: 1788574986
    nanosec: 948123000
  frame_id: default_cam
pose:
  position:
    x: 0.12441926215959401
    y: 0.04897223750813258
    z: -0.9850741498650911
  orientation:
    x: 0.02556568544130642
    y: 0.01790108670723595
    z: -0.02012712963320547
    w: 0.9993101848151775
---
header:
  stamp:
    sec: 1788574986
    nanosec: 984129000
  frame_id: default_cam
pose:
  position:
    x: 0.12450634744639187
    y: 0.049151499112878444
    z: -0.9854297038727798
  orientation:
    x: 0.02685352295459095
    y: 0.017250760055212495
    z: -0.020290931548314683
    w: 0.9992845328930826
---
header:
  stamp:
    sec: 1788574987
    nanosec: 16129000
  frame_id: default_cam
pose:
  position:
    x: 0.1250571996337484
    y: 0.04946444181042406
    z: -0.9863810948023564
  orientation:
    x: 0.028089274030693688
    y: 0.014945243362492543
    z: -0.019873372306729586
    w: 0.9992960929866695
---
header:
  stamp:
    sec: 1788574987
    nanosec: 48132000
  frame_id: default_cam
pose:
  position:
    x: 0.12560019184180307
    y: 0.049830701418943274
    z: -0.9895911735302405
  orientation:
    x: 0.02877662495333634
    y: 0.016079340494939993
    z: -0.01910028191556742
    w: 0.9992740064148015
---
header:
  stamp:
    sec: 1788574987
    nanosec: 84134000
  frame_id: default_cam
pose:
  position:
    x: 0.12558634761716328
    y: 0.04980786870408255
    z: -0.9884898493763333
  orientation:
    x: 0.02903993648264813
    y: 0.014794926177574023
    z: -0.01876546510742171
    w: 0.9992925745585154
---
header:
  stamp:
    sec: 1788574987
    nanosec: 116137000
  frame_id: default_cam
pose:
  position:
    x: 0.12569778233639056
    y: 0.049987620798640955
    z: -0.990085318923535
  orientation:
    x: 0.02982164273122817
    y: 0.014983780726287527
    z: -0.018595529676684628
    w: 0.9992699145956517
---
header:
  stamp:
    sec: 1788574987
    nanosec: 148145000
  frame_id: default_cam
pose:
  position:
    x: 0.12522619722778774
    y: 0.04998743227827863
    z: -0.9880723176695168
  orientation:
    x: 0.03077975594331805
    y: 0.016724904628492163
    z: -0.018642123363109567
    w: 0.9992123675304225
---
header:
  stamp:
    sec: 1788574987
    nanosec: 184143000
  frame_id: default_cam
pose:
  position:
    x: 0.12519157181805568
    y: 0.050039525839694614
    z: -0.9888572822458896
  orientation:
    x: 0.030784646621115654
    y: 0.01798826572737064
    z: -0.01845709251388765
    w: 0.9991937067278138
---
header:
  stamp:
    sec: 1788574987
    nanosec: 216143000
  frame_id: default_cam
pose:
  position:
    x: 0.12491462779282585
    y: 0.04998843088237
    z: -0.9874699873713133
  orientation:
    x: 0.030900823466524938
    y: 0.018719586451111204
    z: -0.018669262866998066
    w: 0.9991727452328717
---
header:
  stamp:
    sec: 1788574987
    nanosec: 248147000
  frame_id: default_cam
pose:
  position:
    x: 0.12492129838632318
    y: 0.05013767351888703
    z: -0.9883815497785166
  orientation:
    x: 0.030241696415979607
    y: 0.014389409879325354
    z: -0.019087692865359614
    w: 0.9992567461179765
---
header:
  stamp:
    sec: 1788574987
    nanosec: 284147000
  frame_id: default_cam
pose:
  position:
    x: 0.12482741749727623
    y: 0.05013359628349841
    z: -0.9880474194658352
  orientation:
    x: 0.030188730608487882
    y: 0.014783957829544623
    z: -0.018770676057883382
    w: 0.9992585935860009
---
header:
  stamp:
    sec: 1788574987
    nanosec: 316151000
  frame_id: default_cam
pose:
  position:
    x: 0.1248152311444673
    y: 0.05012126636375124
    z: -0.9881233984629478
  orientation:
    x: 0.02993481318366768
    y: 0.014908650859756201
    z: -0.018619602154920794
    w: 0.9992672062590633
---
header:
  stamp:
    sec: 1788574987
    nanosec: 348153000
  frame_id: default_cam
pose:
  position:
    x: 0.12489595377672437
    y: 0.05014066597875074
    z: -0.9891029361147957
  orientation:
    x: 0.029896098931267108
    y: 0.015609181087639033
    z: -0.018298107207398717
    w: 0.999263606866122
---
header:
  stamp:
    sec: 1788574987
    nanosec: 384158000
  frame_id: default_cam
pose:
  position:
    x: 0.1250714685916955
    y: 0.05056806372354628
    z: -0.9916857728048566
  orientation:
    x: 0.03255189088168159
    y: 0.017069084825966672
    z: -0.01875995683680222
    w: 0.9991481795823443
---
header:
  stamp:
    sec: 1788574987
    nanosec: 416157000
  frame_id: default_cam
pose:
  position:
    x: 0.12499785189755902
    y: 0.05060470266549336
    z: -0.9910196666837102
  orientation:
    x: 0.031510777303659115
    y: 0.017173695262557694
    z: -0.018828047465094224
    w: 0.9991784824211339
---
header:
  stamp:
    sec: 1788574987
    nanosec: 448161000
  frame_id: default_cam
pose:
  position:
    x: 0.12500753200538126
    y: 0.05061585756185676
    z: -0.9907907604303159
  orientation:
    x: 0.025087097429412085
    y: 0.017675790462109056
    z: -0.018815211202852542
    w: 0.9993518858747898
---
header:
  stamp:
    sec: 1788574987
    nanosec: 484162000
  frame_id: default_cam
pose:
  position:
    x: 0.1253460251478464
    y: 0.05098323855584911
    z: -0.9927671387359408
  orientation:
    x: 0.029040395070302438
    y: 0.018072846501126668
    z: -0.017928131369844207
    w: 0.9992540266514282
---
header:
  stamp:
    sec: 1788574987
    nanosec: 516163000
  frame_id: default_cam
pose:
  position:
    x: 0.12568292070648826
    y: 0.05107776931452884
    z: -0.9941817409633397
  orientation:
    x: 0.031069207496136158
    y: 0.020289886451564296
    z: -0.017680460313295124
    w: 0.999154855953998
---
header:
  stamp:
    sec: 1788574987
    nanosec: 548168000
  frame_id: default_cam
pose:
  position:
    x: 0.125837760498974
    y: 0.05110364898533398
    z: -0.9954411328544238
  orientation:
    x: 0.03697267656716412
    y: 0.02019862361317647
    z: -0.017770735029047722
    w: 0.9989540719012664
---
header:
  stamp:
    sec: 1788574987
    nanosec: 584170000
  frame_id: default_cam
pose:
  position:
    x: 0.1261961424944773
    y: 0.05101992531945389
    z: -0.9964103161854522
  orientation:
    x: 0.0374551394129176
    y: 0.02343601478172123
    z: -0.017758101970356023
    w: 0.9988656143631737
---
header:
  stamp:
    sec: 1788574987
    nanosec: 616173000
  frame_id: default_cam
pose:
  position:
    x: 0.12662816645000588
    y: 0.05082044061920011
    z: -0.9994343557041458
  orientation:
    x: 0.03915558967539162
    y: 0.022028827544165703
    z: -0.018441938405098033
    w: 0.998820036574189
---
header:
  stamp:
    sec: 1788574987
    nanosec: 648176000
  frame_id: default_cam
pose:
  position:
    x: 0.12697977922351525
    y: 0.05059569902470994
    z: -1.0029840715157796
  orientation:
    x: 0.045670038728098064
    y: 0.023882171305711835
    z: -0.017925621381774656
    w: 0.9985101709819364
---
header:
  stamp:
    sec: 1788574987
    nanosec: 684177000
  frame_id: default_cam
pose:
  position:
    x: 0.127744489754586
    y: 0.05046198798248836
    z: -1.0065950526433014
  orientation:
    x: 0.04416522572153402
    y: 0.020171409232294945
    z: -0.017371602715934926
    w: 0.9986695021405375
---
header:
  stamp:
    sec: 1788574987
    nanosec: 716181000
  frame_id: default_cam
pose:
  position:
    x: 0.12751824683833235
    y: 0.05054219574716592
    z: -1.0067434189385134
  orientation:
    x: 0.04520582678082146
    y: 0.02140786664407774
    z: -0.0170997128527961
    w: 0.9986018907909016
---
header:
  stamp:
    sec: 1788574987
    nanosec: 748183000
  frame_id: default_cam
pose:
  position:
    x: 0.12743420353212007
    y: 0.050614215886683786
    z: -1.0062169375703578
  orientation:
    x: 0.04270159616144329
    y: 0.021279883259516366
    z: -0.017177161260014426
    w: 0.998713515170779
---
header:
  stamp:
    sec: 1788574987
    nanosec: 784185000
  frame_id: default_cam
pose:
  position:
    x: 0.12739845351090018
    y: 0.05117435847368069
    z: -1.007963557127655
  orientation:
    x: 0.04526967293884999
    y: 0.02184025953386889
    z: -0.01769614150808447
    w: 0.9985792439016689
---
header:
  stamp:
    sec: 1788574987
    nanosec: 916196000
  frame_id: default_cam
pose:
  position:
    x: 0.12823260004993128
    y: 0.05183174560253834
    z: -1.0093621323094761
  orientation:
    x: 0.04224760715421399
    y: 0.01928139354751363
    z: -0.016679784455588695
    w: 0.9987818342076132
---
header:
  stamp:
    sec: 1788574987
    nanosec: 948198000
  frame_id: default_cam
pose:
  position:
    x: 0.1286646248318592
    y: 0.0518351023074311
    z: -1.0098076672336211
  orientation:
    x: 0.04379917325447471
    y: 0.021451811689339163
    z: -0.01529825743265345
    w: 0.9986928534424355
---
header:
  stamp:
    sec: 1788574987
    nanosec: 984200000
  frame_id: default_cam
pose:
  position:
    x: 0.1289294184351312
    y: 0.05202557236571848
    z: -1.0115025719223771
  orientation:
    x: 0.04469674460384882
    y: 0.021189425689615626
    z: -0.015236344996838704
    w: 0.9986596332344168
---
header:
  stamp:
    sec: 1788574988
    nanosec: 16202000
  frame_id: default_cam
pose:
  position:
    x: 0.12919280849780676
    y: 0.05230254904639474
    z: -1.0137768024214655
  orientation:
    x: 0.0466714355834961
    y: 0.01942289938558909
    z: -0.01496312257862377
    w: 0.9986093495670517
---
header:
  stamp:
    sec: 1788574988
    nanosec: 48203000
  frame_id: default_cam
pose:
  position:
    x: 0.12904394382370857
    y: 0.052368942038646
    z: -1.0142139770748346
  orientation:
    x: 0.04793519876478703
    y: 0.018071315666561248
    z: -0.015475387540632358
    w: 0.9985670516544831
---
header:
  stamp:
    sec: 1788574988
    nanosec: 84206000
  frame_id: default_cam
pose:
  position:
    x: 0.12911812050503116
    y: 0.05236051766724304
    z: -1.0151252432867097
  orientation:
    x: 0.04960714974690554
    y: 0.01678439172893461
    z: -0.015284817092002299
    w: 0.9985107857478265
---
header:
  stamp:
    sec: 1788574988
    nanosec: 116210000
  frame_id: default_cam
pose:
  position:
    x: 0.12871721880677583
    y: 0.052187449318088545
    z: -1.0141869433757373
  orientation:
    x: 0.04908258023433626
    y: 0.01809019067271081
    z: -0.015542178240896383
    w: 0.9985099328572016
---
header:
  stamp:
    sec: 1788574988
    nanosec: 148212000
  frame_id: default_cam
pose:
  position:
    x: 0.1286068914046783
    y: 0.05210193196036984
    z: -1.0145201218488642
  orientation:
    x: 0.04790919193551731
    y: 0.019408638469216373
    z: -0.01590458036186619
    w: 0.9985364582249213
---
header:
  stamp:
    sec: 1788574988
    nanosec: 184216000
  frame_id: default_cam
pose:
  position:
    x: 0.12841502896433918
    y: 0.05202490314481894
    z: -1.0156423340591227
  orientation:
    x: 0.05048738013755308
    y: 0.018308637180350435
    z: -0.015485984050548296
    w: 0.9984367794454643
---
header:
  stamp:
    sec: 1788574988
    nanosec: 216217000
  frame_id: default_cam
pose:
  position:
    x: 0.1284615573596049
    y: 0.05208884948203723
    z: -1.0162358327951706
  orientation:
    x: 0.04911797727152518
    y: 0.017511120068605765
    z: -0.015586301033193212
    w: 0.9985178276840126
---
header:
  stamp:
    sec: 1788574988
    nanosec: 248219000
  frame_id: default_cam
pose:
  position:
    x: 0.12859184713774852
    y: 0.05186165810258241
    z: -1.0159374253249036
  orientation:
    x: 0.049226464945031564
    y: 0.01719208474045063
    z: -0.015233360128576021
    w: 0.9985234759936723
---
header:
  stamp:
    sec: 1788574988
    nanosec: 284222000
  frame_id: default_cam
pose:
  position:
    x: 0.12853579228101364
    y: 0.05171170543583406
    z: -1.0151842937474949
  orientation:
    x: 0.048218141625040116
    y: 0.018651210664020257
    z: -0.015777511997598744
    w: 0.998538037970592
---
header:
  stamp:
    sec: 1788574988
    nanosec: 316224000
  frame_id: default_cam
pose:
  position:
    x: 0.1287919466276866
    y: 0.05167104596148452
    z: -1.01692612847573
  orientation:
    x: 0.04783626933130192
    y: 0.01598893502667983
    z: -0.015552998808397294
    w: 0.998606103286597
---
header:
  stamp:
    sec: 1788574988
    nanosec: 348226000
  frame_id: default_cam
pose:
  position:
    x: 0.12865482211445814
    y: 0.05161405007664445
    z: -1.0166146400769513
  orientation:
    x: 0.047191848860386694
    y: 0.016531419708084506
    z: -0.015346192190948451
    w: 0.9986311310733368
---
header:
  stamp:
    sec: 1788574988
    nanosec: 384229000
  frame_id: default_cam
pose:
  position:
    x: 0.12853459090427807
    y: 0.05163588670905029
    z: -1.0161277287478763
  orientation:
    x: 0.047530462018160684
    y: 0.016879480090263438
    z: -0.01586057013565801
    w: 0.9986012120196903
---
header:
  stamp:
    sec: 1788574988
    nanosec: 416232000
  frame_id: default_cam
pose:
  position:
    x: 0.12849827257954705
    y: 0.05165312685231142
    z: -1.0155278348281696
  orientation:
    x: 0.04736193071511585
    y: 0.017446358293238227
    z: -0.016105989840241183
    w: 0.9985955483540404
---
header:
  stamp:
    sec: 1788574988
    nanosec: 448233000
  frame_id: default_cam
pose:
  position:
    x: 0.1286689183934708
    y: 0.05188013706553735
    z: -1.0172835902652568
  orientation:
    x: 0.047296762445850536
    y: 0.015607610090096218
    z: -0.01560157436856901
    w: 0.9986370760424621
---
header:
  stamp:
    sec: 1788574988
    nanosec: 484235000
  frame_id: default_cam
pose:
  position:
    x: 0.12870417237948922
    y: 0.052037008096015205
    z: -1.0183211840726611
  orientation:
    x: 0.04811627656944283
    y: 0.016420011682581403
    z: -0.014669965667279319
    w: 0.9985990182514489
---
header:
  stamp:
    sec: 1788574988
    nanosec: 516239000
  frame_id: default_cam
pose:
  position:
    x: 0.12862689253802637
    y: 0.05199327303427076
    z: -1.0181843741526395
  orientation:
    x: 0.04674495610376618
    y: 0.017521537282640557
    z: -0.014195628634228429
    w: 0.9986522863027897
---
header:
  stamp:
    sec: 1788574988
    nanosec: 548240000
  frame_id: default_cam
pose:
  position:
    x: 0.1286914519416571
    y: 0.052125940381017574
    z: -1.0195519424738078
  orientation:
    x: 0.04749787226016138
    y: 0.018777222628062345
    z: -0.014293737326153215
    w: 0.9985925380826678
---
header:
  stamp:
    sec: 1788574988
    nanosec: 584246000
  frame_id: default_cam
pose:
  position:
    x: 0.12864238943878267
    y: 0.05237399997911352
    z: -1.0203830687118982
  orientation:
    x: 0.048537891807762516
    y: 0.015535983072770538
    z: -0.014280378107566532
    w: 0.9985984063125304
---
header:
  stamp:
    sec: 1788574988
    nanosec: 616245000
  frame_id: default_cam
pose:
  position:
    x: 0.12869497939037633
    y: 0.05254730588653876
    z: -1.020856540109102
  orientation:
    x: 0.04690682725502982
    y: 0.014671798073352265
    z: -0.014551073276096317
    w: 0.9986855131444909
---
header:
  stamp:
    sec: 1788574988
    nanosec: 648249000
  frame_id: default_cam
pose:
  position:
    x: 0.12875877103753533
    y: 0.05260642583356606
    z: -1.0216813920264716
  orientation:
    x: 0.04680175850340571
    y: 0.014715697357502857
    z: -0.014917781454482816
    w: 0.9986843863046762
---
header:
  stamp:
    sec: 1788574988
    nanosec: 684250000
  frame_id: default_cam
pose:
  position:
    x: 0.12867068141318397
    y: 0.05264012697906124
    z: -1.0221070286606702
  orientation:
    x: 0.04516522699885366
    y: 0.016433173733655493
    z: -0.015250943976641965
    w: 0.9987279217980255
---
header:
  stamp:
    sec: 1788574988
    nanosec: 716253000
  frame_id: default_cam
pose:
  position:
    x: 0.12872152928513744
    y: 0.052737523501452055
    z: -1.023029639213862
  orientation:
    x: 0.04573664209194987
    y: 0.017193356648695257
    z: -0.015244263734761405
    w: 0.9986892211696733
---
header:
  stamp:
    sec: 1788574988
    nanosec: 748257000
  frame_id: default_cam
pose:
  position:
    x: 0.12874846775932997
    y: 0.05279864119199062
    z: -1.0237572578986986
  orientation:
    x: 0.049498591964133636
    y: 0.016953835838015848
    z: -0.015261397918241664
    w: 0.9985136686983944
---
header:
  stamp:
    sec: 1788574988
    nanosec: 784258000
  frame_id: default_cam
pose:
  position:
    x: 0.12890669919173847
    y: 0.052732275118411116
    z: -1.023796152544691
  orientation:
    x: 0.04865154456810646
    y: 0.015479263992776389
    z: -0.015362241213067082
    w: 0.9985776991012222
---
header:
  stamp:
    sec: 1788574988
    nanosec: 816261000
  frame_id: default_cam
pose:
  position:
    x: 0.12892523831056923
    y: 0.05274962468228695
    z: -1.0236720768456222
  orientation:
    x: 0.048851092443953664
    y: 0.015111975584965439
    z: -0.015096012971782652
    w: 0.9985776431271167
---
header:
  stamp:
    sec: 1788574988
    nanosec: 848265000
  frame_id: default_cam
pose:
  position:
    x: 0.12922580580655924
    y: 0.05292977434657726
    z: -1.0257718868424868
  orientation:
    x: 0.051297930249584595
    y: 0.015365231952653371
    z: -0.015077911492496467
    w: 0.998451345126128
---
header:
  stamp:
    sec: 1788574988
    nanosec: 884267000
  frame_id: default_cam
pose:
  position:
    x: 0.12922580580655924
    y: 0.05292977434657726
    z: -1.0257718868424868
  orientation:
    x: 0.051297930249584595
    y: 0.015365231952653371
    z: -0.015077911492496467
    w: 0.998451345126128
---
header:
  stamp:
    sec: 1788574988
    nanosec: 916267000
  frame_id: default_cam
pose:
  position:
    x: 0.1291727443553966
    y: 0.053018054310038955
    z: -1.0257510437664703
  orientation:
    x: 0.050414757831336664
    y: 0.015439042071841061
    z: -0.014765223186802236
    w: 0.9984998629729278
---
header:
  stamp:
    sec: 1788574988
    nanosec: 948272000
  frame_id: default_cam
pose:
  position:
    x: 0.12925916481966465
    y: 0.05318329165242256
    z: -1.0272732874495858
  orientation:
    x: 0.05139876225662437
    y: 0.016676080591632655
    z: -0.01472973594543205
    w: 0.9984303232842872
---
header:
  stamp:
    sec: 1788574988
    nanosec: 984273000
  frame_id: default_cam
pose:
  position:
    x: 0.12923715553041704
    y: 0.053173532455179966
    z: -1.0280164517139065
  orientation:
    x: 0.05151464633525056
    y: 0.016971538953283197
    z: -0.015430069070254395
    w: 0.9984087945561169
---
header:
  stamp:
    sec: 1788574989
    nanosec: 16276000
  frame_id: default_cam
pose:
  position:
    x: 0.12916808227759266
    y: 0.0531748613183343
    z: -1.0290012314469308
  orientation:
    x: 0.051673743739612456
    y: 0.014753874700668447
    z: -0.015933047365470365
    w: 0.9984279069571822
---
header:
  stamp:
    sec: 1788574989
    nanosec: 48277000
  frame_id: default_cam
pose:
  position:
    x: 0.12926056226358376
    y: 0.053157021449787505
    z: -1.0295926099408805
  orientation:
    x: 0.05466124226353645
    y: 0.014472110184737062
    z: -0.01609446653012899
    w: 0.9982703415248388
---
header:
  stamp:
    sec: 1788574989
    nanosec: 84281000
  frame_id: default_cam
pose:
  position:
    x: 0.12920003752647144
    y: 0.053065486803384236
    z: -1.0300046614275338
  orientation:
    x: 0.05236486294648943
    y: 0.014821113907689958
    z: -0.015484900857420575
    w: 0.9983979535017921
---
header:
  stamp:
    sec: 1788574989
    nanosec: 116281000
  frame_id: default_cam
pose:
  position:
    x: 0.12902513321967504
    y: 0.053125265426039285
    z: -1.029496507808387
  orientation:
    x: 0.05030696005603476
    y: 0.015558330236502844
    z: -0.015986897990808036
    w: 0.998484635446537
---
header:
  stamp:
    sec: 1788574989
    nanosec: 148287000
  frame_id: default_cam
pose:
  position:
    x: 0.12930445520212508
    y: 0.053172163827156574
    z: -1.0314079047116553
  orientation:
    x: 0.04971651734175942
    y: 0.01500772240486945
    z: -0.01604492361410016
    w: 0.998521705621787
---
header:
  stamp:
    sec: 1788574989
    nanosec: 184291000
  frame_id: default_cam
pose:
  position:
    x: 0.12954369935473778
    y: 0.05327717894770144
    z: -1.0331468868002271
  orientation:
    x: 0.050249157194140276
    y: 0.015300915346644893
    z: -0.01635891711335895
    w: 0.9984854981529334
---
header:
  stamp:
    sec: 1788574989
    nanosec: 216290000
  frame_id: default_cam
pose:
  position:
    x: 0.12950177996934573
    y: 0.05324100983347431
    z: -1.03305309059052
  orientation:
    x: 0.0506627291069414
    y: 0.016495273538475987
    z: -0.016639468622269397
    w: 0.9984409456318867
---
header:
  stamp:
    sec: 1788574989
    nanosec: 248293000
  frame_id: default_cam
pose:
  position:
    x: 0.12956700163961185
    y: 0.05317357845148194
    z: -1.0343299710109257
  orientation:
    x: 0.05115373740817346
    y: 0.01618678399543361
    z: -0.016951644067954814
    w: 0.9984157074768276
---
header:
  stamp:
    sec: 1788574989
    nanosec: 284295000
  frame_id: default_cam
pose:
  position:
    x: 0.12957361242552723
    y: 0.05323815865555714
    z: -1.0350957832609873
  orientation:
    x: 0.05009060187206708
    y: 0.01586456785156542
    z: -0.01626352611821006
    w: 0.9984862266497118
---
header:
  stamp:
    sec: 1788574989
    nanosec: 316297000
  frame_id: default_cam
pose:
  position:
    x: 0.12953136197720555
    y: 0.05335147974415687
    z: -1.0363618814667341
  orientation:
    x: 0.05086861850002578
    y: 0.018077017008435916
    z: -0.016341657084858532
    w: 0.9984080104605012
---
header:
  stamp:
    sec: 1788574989
    nanosec: 348300000
  frame_id: default_cam
pose:
  position:
    x: 0.12965112308815452
    y: 0.053618499900246586
    z: -1.0383996150321386
  orientation:
    x: 0.05247881202803065
    y: 0.019531591836627497
    z: -0.016698544853403278
    w: 0.9982913651876555
---
header:
  stamp:
    sec: 1788574989
    nanosec: 384306000
  frame_id: default_cam
pose:
  position:
    x: 0.1297706643691762
    y: 0.053631607092642974
    z: -1.038971474434737
  orientation:
    x: 0.05235597327918817
    y: 0.019222343674228343
    z: -0.016406345632124366
    w: 0.9983086623828614
---
header:
  stamp:
    sec: 1788574989
    nanosec: 416307000
  frame_id: default_cam
pose:
  position:
    x: 0.12969690924832517
    y: 0.053508717035581084
    z: -1.0381323387588601
  orientation:
    x: 0.05151711766608754
    y: 0.018820497124824222
    z: -0.01670043280003856
    w: 0.9983550826332505
---
header:
  stamp:
    sec: 1788574989
    nanosec: 448310000
  frame_id: default_cam
pose:
  position:
    x: 0.12960469865719623
    y: 0.05340251245854722
    z: -1.0372024227567482
  orientation:
    x: 0.05313544478024139
    y: 0.020197004421438573
    z: -0.016872720511190858
    w: 0.998240460421715
---
header:
  stamp:
    sec: 1788574989
    nanosec: 480311000
  frame_id: default_cam
pose:
  position:
    x: 0.12958574986421395
    y: 0.05331064453023424
    z: -1.0370011300447426
  orientation:
    x: 0.05332999661994869
    y: 0.019541697419525376
    z: -0.01628816637448331
    w: 0.9982528382923022
---
header:
  stamp:
    sec: 1788574989
    nanosec: 516312000
  frame_id: default_cam
pose:
  position:
    x: 0.12964505586048092
    y: 0.05317471423278124
    z: -1.03834071070066
  orientation:
    x: 0.05169916330271032
    y: 0.02078056910132747
    z: -0.017935882303804336
    w: 0.9982853643060229
---
header:
  stamp:
    sec: 1788574989
    nanosec: 548315000
  frame_id: default_cam
pose:
  position:
    x: 0.12963262066731418
    y: 0.05316194400128974
    z: -1.0381585151518964
  orientation:
    x: 0.050884882784207115
    y: 0.021435897865604677
    z: -0.0179399234443508
    w: 0.9983132725420131
---
header:
  stamp:
    sec: 1788574989
    nanosec: 648324000
  frame_id: default_cam
pose:
  position:
    x: 0.1294955963087767
    y: 0.05267120970291136
    z: -1.0384249200043503
  orientation:
    x: 0.04698676065135903
    y: 0.02183780469539767
    z: -0.016706265230477583
    w: 0.9985170280529153
---
header:
  stamp:
    sec: 1788574989
    nanosec: 680326000
  frame_id: default_cam
pose:
  position:
    x: 0.1294486829525124
    y: 0.05260667168652067
    z: -1.039054998133289
  orientation:
    x: 0.046171090272594355
    y: 0.02112719141524566
    z: -0.017708423949040278
    w: 0.9985530951968375
---
header:
  stamp:
    sec: 1788574989
    nanosec: 716329000
  frame_id: default_cam
pose:
  position:
    x: 0.12947114153433234
    y: 0.052669742376037686
    z: -1.039927629169806
  orientation:
    x: 0.046460520282778556
    y: 0.022113110894595146
    z: -0.01795556711894357
    w: 0.9985139097634314
---
header:
  stamp:
    sec: 1788574989
    nanosec: 748327000
  frame_id: default_cam
pose:
  position:
    x: 0.12947114153433234
    y: 0.052669742376037686
    z: -1.039927629169806
  orientation:
    x: 0.046460520282778556
    y: 0.022113110894595146
    z: -0.01795556711894357
    w: 0.9985139097634314
---
header:
  stamp:
    sec: 1788574989
    nanosec: 780331000
  frame_id: default_cam
pose:
  position:
    x: 0.1294275869788238
    y: 0.052489742974076735
    z: -1.0390778371828822
  orientation:
    x: 0.04584893087972188
    y: 0.020733734437944833
    z: -0.018499046248259387
    w: 0.9985618524064236
---
header:
  stamp:
    sec: 1788574989
    nanosec: 816335000
  frame_id: default_cam
pose:
  position:
    x: 0.12987859338540203
    y: 0.05265841115951038
    z: -1.0415569979319828
  orientation:
    x: 0.0455734238027793
    y: 0.020128460568387258
    z: -0.019327898570164644
    w: 0.998571149420461
---
header:
  stamp:
    sec: 1788574989
    nanosec: 848338000
  frame_id: default_cam
pose:
  position:
    x: 0.1299922589461752
    y: 0.05274427438922388
    z: -1.0423578279395411
  orientation:
    x: 0.04664069178366347
    y: 0.01936376904090322
    z: -0.019495803071660833
    w: 0.9985337270122943
---
header:
  stamp:
    sec: 1788574989
    nanosec: 880340000
  frame_id: default_cam
pose:
  position:
    x: 0.129904267031004
    y: 0.0528342441843795
    z: -1.0423849410750532
  orientation:
    x: 0.04666376107568781
    y: 0.02072981572190399
    z: -0.02014405659479552
    w: 0.9984923560680435
---
header:
  stamp:
    sec: 1788574989
    nanosec: 916343000
  frame_id: default_cam
pose:
  position:
    x: 0.12993079937686913
    y: 0.052915009590347444
    z: -1.0427114240445938
  orientation:
    x: 0.04731825868778995
    y: 0.023001181662528687
    z: -0.01987627649978216
    w: 0.9984171781722242
---
header:
  stamp:
    sec: 1788574989
    nanosec: 948345000
  frame_id: default_cam
pose:
  position:
    x: 0.13064790514702665
    y: 0.05303743192984909
    z: -1.0458338028699903
  orientation:
    x: 0.04722525891473094
    y: 0.020455015044108064
    z: -0.02063405137518937
    w: 0.9984616182927755
---
header:
  stamp:
    sec: 1788574989
    nanosec: 980347000
  frame_id: default_cam
pose:
  position:
    x: 0.13075058741575707
    y: 0.053069501598241184
    z: -1.046916078751179
  orientation:
    x: 0.046457667255651404
    y: 0.02058978288527904
    z: -0.01948863347188668
    w: 0.9985178712267991
---
header:
  stamp:
    sec: 1788574990
    nanosec: 16349000
  frame_id: default_cam
pose:
  position:
    x: 0.1309335020909088
    y: 0.05312962220857352
    z: -1.0478002518547014
  orientation:
    x: 0.0472051580848146
    y: 0.018308538466385475
    z: -0.020538198530883102
    w: 0.9985062107320708
---
header:
  stamp:
    sec: 1788574990
    nanosec: 48353000
  frame_id: default_cam
pose:
  position:
    x: 0.13084978803040032
    y: 0.05307089657308521
    z: -1.0479948944721853
  orientation:
    x: 0.046313291405527035
    y: 0.019144926193047238
    z: -0.020509737066142623
    w: 0.9985328745342975
---
header:
  stamp:
    sec: 1788574990
    nanosec: 80352000
  frame_id: default_cam
pose:
  position:
    x: 0.1312075349084063
    y: 0.053218670341770476
    z: -1.0487058851595399
  orientation:
    x: 0.04742506807464358
    y: 0.016816004136023244
    z: -0.020185603302518045
    w: 0.998529231591307
---
header:
  stamp:
    sec: 1788574990
    nanosec: 116358000
  frame_id: default_cam
pose:
  position:
    x: 0.13133906671164142
    y: 0.053362932785865715
    z: -1.0496344311465755
  orientation:
    x: 0.04813302140943049
    y: 0.01658973803790927
    z: -0.020708601082397745
    w: 0.9984884309209812
---
header:
  stamp:
    sec: 1788574990
    nanosec: 148359000
  frame_id: default_cam
pose:
  position:
    x: 0.13127567410414628
    y: 0.05332842560414553
    z: -1.0506136929095538
  orientation:
    x: 0.047491795192225184
    y: 0.018629078894714917
    z: -0.021912275432942375
    w: 0.9984574798128887
---
header:
  stamp:
    sec: 1788574990
    nanosec: 180363000
  frame_id: default_cam
pose:
  position:
    x: 0.13127567410414628
    y: 0.05332842560414553
    z: -1.0506136929095538
  orientation:
    x: 0.047491795192225184
    y: 0.018629078894714917
    z: -0.021912275432942375
    w: 0.9984574798128887
---
header:
  stamp:
    sec: 1788574990
    nanosec: 216364000
  frame_id: default_cam
pose:
  position:
    x: 0.131359577391621
    y: 0.05342640491410538
    z: -1.0516116022989819
  orientation:
    x: 0.04585242678293442
    y: 0.017355188137643567
    z: -0.0218848695883616
    w: 0.9985576622739034
---
header:
  stamp:
    sec: 1788574990
    nanosec: 248367000
  frame_id: default_cam
pose:
  position:
    x: 0.13145435253723034
    y: 0.05356412570583661
    z: -1.0523292194253702
  orientation:
    x: 0.046857951514572095
    y: 0.017357800567288247
    z: -0.0213260069693861
    w: 0.998523029562196
---
header:
  stamp:
    sec: 1788574990
    nanosec: 280367000
  frame_id: default_cam
pose:
  position:
    x: 0.1316210375126303
    y: 0.05377145835296231
    z: -1.0529958767231657
  orientation:
    x: 0.04381594883820288
    y: 0.017032190572952414
    z: -0.020219488054786114
    w: 0.9986897613445814
---
header:
  stamp:
    sec: 1788574990
    nanosec: 316372000
  frame_id: default_cam
pose:
  position:
    x: 0.13178748907517232
    y: 0.05394801302816488
    z: -1.0536207800376725
  orientation:
    x: 0.04267348907414701
    y: 0.01889249897775508
    z: -0.020115412396987862
    w: 0.9987078737031732
---
header:
  stamp:
    sec: 1788574990
    nanosec: 348371000
  frame_id: default_cam
pose:
  position:
    x: 0.13191483564001286
    y: 0.05415237973911876
    z: -1.0539643736969577
  orientation:
    x: 0.04094749142372648
    y: 0.01835718672234833
    z: -0.019687101241899655
    w: 0.9987986457171615
---
header:
  stamp:
    sec: 1788574990
    nanosec: 380377000
  frame_id: default_cam
pose:
  position:
    x: 0.13192300489827338
    y: 0.05424344566776527
    z: -1.054212750491361
  orientation:
    x: 0.041506432021721426
    y: 0.018428728201868666
    z: -0.02025308317889152
    w: 0.9987629401912331
---
header:
  stamp:
    sec: 1788574990
    nanosec: 416376000
  frame_id: default_cam
pose:
  position:
    x: 0.13198191806497914
    y: 0.0541178520193617
    z: -1.053959062990077
  orientation:
    x: 0.042185306904713754
    y: 0.020437411400735565
    z: -0.01941509266257201
    w: 0.9987120537339559
---
header:
  stamp:
    sec: 1788574990
    nanosec: 448381000
  frame_id: default_cam
pose:
  position:
    x: 0.13211604532452365
    y: 0.05425939228500781
    z: -1.0573083690593317
  orientation:
    x: 0.04931218983838096
    y: 0.022563817695853073
    z: -0.02022554870514942
    w: 0.9983236495465323
---
header:
  stamp:
    sec: 1788574990
    nanosec: 480385000
  frame_id: default_cam
pose:
  position:
    x: 0.13222458123835182
    y: 0.05419710339497557
    z: -1.0581504071139727
  orientation:
    x: 0.05181059332959894
    y: 0.02449366387335235
    z: -0.020285144668567238
    w: 0.9981504073809064
---
header:
  stamp:
    sec: 1788574990
    nanosec: 516386000
  frame_id: default_cam
pose:
  position:
    x: 0.1324677714332116
    y: 0.05423509326737788
    z: -1.0604544078416667
  orientation:
    x: 0.051826632145574154
    y: 0.02402578704202335
    z: -0.020006424010758465
    w: 0.9981665716481195
---
header:
  stamp:
    sec: 1788574990
    nanosec: 548389000
  frame_id: default_cam
pose:
  position:
    x: 0.13290250473418538
    y: 0.05451247114076146
    z: -1.0631984645213939
  orientation:
    x: 0.053054518944687844
    y: 0.021289467802123
    z: -0.01956055224866808
    w: 0.9981730117449465
---
header:
  stamp:
    sec: 1788574990
    nanosec: 580392000
  frame_id: default_cam
pose:
  position:
    x: 0.13351495016315884
    y: 0.05475970824285577
    z: -1.0669517156971877
  orientation:
    x: 0.05344754758582086
    y: 0.020447489160382512
    z: -0.019528879304060227
    w: 0.9981702673979148
---
header:
  stamp:
    sec: 1788574990
    nanosec: 616393000
  frame_id: default_cam
pose:
  position:
    x: 0.13370627491144224
    y: 0.05463012779569532
    z: -1.0666641234485568
  orientation:
    x: 0.05152811728108282
    y: 0.021177064004013608
    z: -0.019543436679726512
    w: 0.9982556982919669
---
header:
  stamp:
    sec: 1788574990
    nanosec: 648396000
  frame_id: default_cam
pose:
  position:
    x: 0.13380142342309265
    y: 0.05442689181621874
    z: -1.067524709209171
  orientation:
    x: 0.049477177661713286
    y: 0.02136444004832395
    z: -0.021089445053562608
    w: 0.9983239979582709
---
header:
  stamp:
    sec: 1788574990
    nanosec: 680400000
  frame_id: default_cam
pose:
  position:
    x: 0.1339062196532848
    y: 0.05448195924784783
    z: -1.069329319912541
  orientation:
    x: 0.04990298576446865
    y: 0.02183630278221102
    z: -0.021167190520435624
    w: 0.9982909485405878
---
header:
  stamp:
    sec: 1788574990
    nanosec: 716402000
  frame_id: default_cam
pose:
  position:
    x: 0.13395424238203352
    y: 0.05457749486202922
    z: -1.0722731025157461
  orientation:
    x: 0.049629809863431386
    y: 0.023142881814091354
    z: -0.02234925064013565
    w: 0.9982493676382085
---
header:
  stamp:
    sec: 1788574990
    nanosec: 748404000
  frame_id: default_cam
pose:
  position:
    x: 0.13373994821063254
    y: 0.054641598475619994
    z: -1.0720469547225653
  orientation:
    x: 0.05051725728523792
    y: 0.024838070858055374
    z: -0.022651346637293193
    w: 0.9981572989503932
---
header:
  stamp:
    sec: 1788574990
    nanosec: 780406000
  frame_id: default_cam
pose:
  position:
    x: 0.1337371375906165
    y: 0.05462685285826476
    z: -1.0722087777953673
  orientation:
    x: 0.05018566605567215
    y: 0.02493119796894611
    z: -0.022478493190564136
    w: 0.9981756116206524
---
header:
  stamp:
    sec: 1788574990
    nanosec: 816408000
  frame_id: default_cam
pose:
  position:
    x: 0.13336512946422238
    y: 0.05469822923157497
    z: -1.0711229446539017
  orientation:
    x: 0.05120511996534287
    y: 0.02475526308945183
    z: -0.02202366465029763
    w: 0.9981383525514277
---
header:
  stamp:
    sec: 1788574990
    nanosec: 848411000
  frame_id: default_cam
pose:
  position:
    x: 0.1336670597390327
    y: 0.054901726685799304
    z: -1.0738052209152211
  orientation:
    x: 0.051339315156533706
    y: 0.024997744642809617
    z: -0.02046816001787824
    w: 0.9981585254394783
---
header:
  stamp:
    sec: 1788574990
    nanosec: 880413000
  frame_id: default_cam
pose:
  position:
    x: 0.13321740390357595
    y: 0.05493190186561428
    z: -1.0713872319638784
  orientation:
    x: 0.052750337231733974
    y: 0.02605876029000086
    z: -0.020518647388979093
    w: 0.9980567759618755
---
header:
  stamp:
    sec: 1788574990
    nanosec: 916416000
  frame_id: default_cam
pose:
  position:
    x: 0.13326345652374094
    y: 0.05501280895760113
    z: -1.0720322725447948
  orientation:
    x: 0.05327671533799547
    y: 0.026475178433402302
    z: -0.020412828443964602
    w: 0.9980200263344574
---
header:
  stamp:
    sec: 1788574990
    nanosec: 948418000
  frame_id: default_cam
pose:
  position:
    x: 0.1335677623801692
    y: 0.055350016047010106
    z: -1.0746349279597192
  orientation:
    x: 0.05278255474817332
    y: 0.024883717215940186
    z: -0.021030046570420076
    w: 0.9980744158994455
---
header:
  stamp:
    sec: 1788574990
    nanosec: 980421000
  frame_id: default_cam
pose:
  position:
    x: 0.1339963088015057
    y: 0.05562259540713148
    z: -1.0780604870699968
  orientation:
    x: 0.05338411329434356
    y: 0.024405640345443638
    z: -0.020865569127656438
    w: 0.9980576782892282
---
header:
  stamp:
    sec: 1788574991
    nanosec: 16425000
  frame_id: default_cam
pose:
  position:
    x: 0.13390972667550627
    y: 0.055588957438620114
    z: -1.0778624215020207
  orientation:
    x: 0.05158228464130686
    y: 0.02914418736333687
    z: -0.021301093308101877
    w: 0.9980161059211387
---
header:
  stamp:
    sec: 1788574991
    nanosec: 48427000
  frame_id: default_cam
pose:
  position:
    x: 0.13436887286858687
    y: 0.055586767857877084
    z: -1.0796406335788582
  orientation:
    x: 0.05260740420307744
    y: 0.026085587346730704
    z: -0.020189055692076283
    w: 0.9980703408007136
---
header:
  stamp:
    sec: 1788574991
    nanosec: 80430000
  frame_id: default_cam
pose:
  position:
    x: 0.13442781012100616
    y: 0.055587758366512065
    z: -1.0810115269263638
  orientation:
    x: 0.05278140599660238
    y: 0.02794405570843587
    z: -0.02047579571920944
    w: 0.9980050073628143
---
header:
  stamp:
    sec: 1788574991
    nanosec: 116431000
  frame_id: default_cam
pose:
  position:
    x: 0.13462094309733105
    y: 0.05557157484840513
    z: -1.0818962446060225
  orientation:
    x: 0.05241213230210898
    y: 0.027411209222637102
    z: -0.020109160040543934
    w: 0.9980467001493281
---
header:
  stamp:
    sec: 1788574991
    nanosec: 148434000
  frame_id: default_cam
pose:
  position:
    x: 0.13469143554578317
    y: 0.055511169332188366
    z: -1.0817343760279943
  orientation:
    x: 0.05262863754357515
    y: 0.02685885046463562
    z: -0.02077950368102297
    w: 0.998036592960797
---
header:
  stamp:
    sec: 1788574991
    nanosec: 180435000
  frame_id: default_cam
pose:
  position:
    x: 0.13453979602113653
    y: 0.05546709847623955
    z: -1.0810264819045623
  orientation:
    x: 0.05383650529731716
    y: 0.02831690338312057
    z: -0.02042739224387846
    w: 0.997939129068641
---
header:
  stamp:
    sec: 1788574991
    nanosec: 216436000
  frame_id: default_cam
pose:
  position:
    x: 0.1343843803060336
    y: 0.05547143234073521
    z: -1.0816331131059835
  orientation:
    x: 0.05308342371442497
    y: 0.030258887334408555
    z: -0.02000396482843202
    w: 0.9979310553616323
---
header:
  stamp:
    sec: 1788574991
    nanosec: 248442000
  frame_id: default_cam
pose:
  position:
    x: 0.134216527340122
    y: 0.05524888176478322
    z: -1.0808519600777362
  orientation:
    x: 0.05130403702806685
    y: 0.0309787290800262
    z: -0.021219470318366723
    w: 0.99797692769353
---
header:
  stamp:
    sec: 1788574991
    nanosec: 280441000
  frame_id: default_cam
pose:
  position:
    x: 0.1345980692355174
    y: 0.05532356642261945
    z: -1.0840056011619852
  orientation:
    x: 0.0509770667678495
    y: 0.03150279434351246
    z: -0.021711375274516158
    w: 0.9979666972379317
---
header:
  stamp:
    sec: 1788574991
    nanosec: 316445000
  frame_id: default_cam
pose:
  position:
    x: 0.13443979418255422
    y: 0.05530983387814927
    z: -1.0831289206735744
  orientation:
    x: 0.051266673838449156
    y: 0.03184163621671132
    z: -0.02207204344388229
    w: 0.9979331957875718
---
header:
  stamp:
    sec: 1788574991
    nanosec: 348447000
  frame_id: default_cam
pose:
  position:
    x: 0.13438796065722303
    y: 0.055301631088060806
    z: -1.0840772954539584
  orientation:
    x: 0.04892601366194511
    y: 0.030003503209714618
    z: -0.02198563749649477
    w: 0.9981095464557829
---
header:
  stamp:
    sec: 1788574991
    nanosec: 380451000
  frame_id: default_cam
pose:
  position:
    x: 0.13452729854544468
    y: 0.05547743586836227
    z: -1.0854928928787844
  orientation:
    x: 0.048877423717232714
    y: 0.02882779792320968
    z: -0.021616811212836408
    w: 0.9981546318034362
---
header:
  stamp:
    sec: 1788574991
    nanosec: 416455000
  frame_id: default_cam
pose:
  position:
    x: 0.13453922237182903
    y: 0.05546062846217778
    z: -1.085749792183361
  orientation:
    x: 0.04848632221813965
    y: 0.02888359797926139
    z: -0.02145175092818476
    w: 0.9981756542350881
---
header:
  stamp:
    sec: 1788574991
    nanosec: 448456000
  frame_id: default_cam
pose:
  position:
    x: 0.13462693529711786
    y: 0.05558265301285127
    z: -1.0873409359448851
  orientation:
    x: 0.04829392166315536
    y: 0.028171959442049112
    z: -0.02169250647117859
    w: 0.9982001167073596
---
header:
  stamp:
    sec: 1788574991
    nanosec: 480458000
  frame_id: default_cam
pose:
  position:
    x: 0.13475342171221788
    y: 0.05567065901203957
    z: -1.0891874537484199
  orientation:
    x: 0.048259406494780194
    y: 0.02912179336567742
    z: -0.02154020581740848
    w: 0.9981778250238191
---
header:
  stamp:
    sec: 1788574991
    nanosec: 516459000
  frame_id: default_cam
pose:
  position:
    x: 0.13484933654779474
    y: 0.05580647616278844
    z: -1.0897453057719977
  orientation:
    x: 0.04967164050688598
    y: 0.030702981137480018
    z: -0.022293359346696386
    w: 0.9980446188461042
---
header:
  stamp:
    sec: 1788574991
    nanosec: 548463000
  frame_id: default_cam
pose:
  position:
    x: 0.13484933654779474
    y: 0.05580647616278844
    z: -1.0897453057719977
  orientation:
    x: 0.04967164050688598
    y: 0.030702981137480018
    z: -0.022293359346696386
    w: 0.9980446188461042
---
header:
  stamp:
    sec: 1788574991
    nanosec: 580465000
  frame_id: default_cam
pose:
  position:
    x: 0.13515260463488663
    y: 0.055623110901046144
    z: -1.0905213585451707
  orientation:
    x: 0.049161965061246614
    y: 0.03058311378088724
    z: -0.0217498253640647
    w: 0.9980855271164965
---
header:
  stamp:
    sec: 1788574991
    nanosec: 616467000
  frame_id: default_cam
pose:
  position:
    x: 0.1351786663454908
    y: 0.055568231142285034
    z: -1.0902013056866848
  orientation:
    x: 0.048862518727094184
    y: 0.02992914094690205
    z: -0.02192309017556102
    w: 0.9981162652231348
---
header:
  stamp:
    sec: 1788574991
    nanosec: 648471000
  frame_id: default_cam
pose:
  position:
    x: 0.1351299656590743
    y: 0.05573917755708408
    z: -1.0907970975827999
  orientation:
    x: 0.04890653116503511
    y: 0.029213169601575915
    z: -0.022765315387881874
    w: 0.9981164673255939
---
header:
  stamp:
    sec: 1788574991
    nanosec: 680471000
  frame_id: default_cam
pose:
  position:
    x: 0.13524617641389158
    y: 0.05586297062367434
    z: -1.0921828218625345
  orientation:
    x: 0.047023753231538755
    y: 0.02741389651369633
    z: -0.022754339625762954
    w: 0.9982582255800105
---
header:
  stamp:
    sec: 1788574991
    nanosec: 716476000
  frame_id: default_cam
pose:
  position:
    x: 0.1351522818963559
    y: 0.055865977321113876
    z: -1.0930355014612
  orientation:
    x: 0.04485840845454763
    y: 0.030078509444848897
    z: -0.023553935732436766
    w: 0.9982626000066382
---
header:
  stamp:
    sec: 1788574991
    nanosec: 748479000
  frame_id: default_cam
pose:
  position:
    x: 0.13521962283041128
    y: 0.0560356363582183
    z: -1.0951808791939306
  orientation:
    x: 0.04571303846178517
    y: 0.03236682620735899
    z: -0.02404200699397665
    w: 0.998140615632665
---
header:
  stamp:
    sec: 1788574991
    nanosec: 780479000
  frame_id: default_cam
pose:
  position:
    x: 0.1353695235976718
    y: 0.05617962660882996
    z: -1.096217364976793
  orientation:
    x: 0.046336418042803876
    y: 0.03212063798947691
    z: -0.024529425031938824
    w: 0.9981079642432045
---
header:
  stamp:
    sec: 1788574991
    nanosec: 816482000
  frame_id: default_cam
pose:
  position:
    x: 0.1353695235976718
    y: 0.05617962660882996
    z: -1.096217364976793
  orientation:
    x: 0.046336418042803876
    y: 0.03212063798947691
    z: -0.024529425031938824
    w: 0.9981079642432045
---
header:
  stamp:
    sec: 1788574991
    nanosec: 848486000
  frame_id: default_cam
pose:
  position:
    x: 0.1354556802167542
    y: 0.05631557717149078
    z: -1.0971465363884139
  orientation:
    x: 0.04726564525202549
    y: 0.03249092605611957
    z: -0.02419756586849475
    w: 0.9980605073385909
---
header:
  stamp:
    sec: 1788574991
    nanosec: 880487000
  frame_id: default_cam
pose:
  position:
    x: 0.13570166856622531
    y: 0.05659151543791944
    z: -1.0991550646810895
  orientation:
    x: 0.047846928310392264
    y: 0.02963491342954707
    z: -0.024375808118026955
    w: 0.9981173595003128
---
header:
  stamp:
    sec: 1788574991
    nanosec: 916491000
  frame_id: default_cam
pose:
  position:
    x: 0.13576176971728904
    y: 0.05671083038209403
    z: -1.1014810352168158
  orientation:
    x: 0.048717961234240326
    y: 0.029643449362502725
    z: -0.02528610489997143
    w: 0.9980523228078072
---
header:
  stamp:
    sec: 1788574991
    nanosec: 948492000
  frame_id: default_cam
pose:
  position:
    x: 0.13572318941949127
    y: 0.056572333588809365
    z: -1.1033018525767577
  orientation:
    x: 0.04747914043907458
    y: 0.030988003344220364
    z: -0.025274465733276928
    w: 0.99807147852937
---
header:
  stamp:
    sec: 1788574992
    nanosec: 16500000
  frame_id: default_cam
pose:
  position:
    x: 0.13550626835838567
    y: 0.05677475662540043
    z: -1.1052339138262897
  orientation:
    x: 0.048963748844852245
    y: 0.034249750358498164
    z: -0.023293444297234074
    w: 0.9979413416389815
---
header:
  stamp:
    sec: 1788574992
    nanosec: 48498000
  frame_id: default_cam
pose:
  position:
    x: 0.13548718748754032
    y: 0.05677928801364732
    z: -1.1060504912526632
  orientation:
    x: 0.049964341199122866
    y: 0.03463405416612896
    z: -0.023950965768555252
    w: 0.9978629155045842
---
header:
  stamp:
    sec: 1788574992
    nanosec: 80502000
  frame_id: default_cam
pose:
  position:
    x: 0.13548932468588462
    y: 0.056815058706653834
    z: -1.1059295126074136
  orientation:
    x: 0.0487442637309037
    y: 0.035051111888006345
    z: -0.0227936642989343
    w: 0.9979358021318676
---
header:
  stamp:
    sec: 1788574992
    nanosec: 116503000
  frame_id: default_cam
pose:
  position:
    x: 0.13581478069259156
    y: 0.05714275323572284
    z: -1.1081543440583073
  orientation:
    x: 0.048364487106408956
    y: 0.03355146105013538
    z: -0.02261842876794182
    w: 0.9980098108377516
---
header:
  stamp:
    sec: 1788574992
    nanosec: 148507000
  frame_id: default_cam
pose:
  position:
    x: 0.13580084924427493
    y: 0.0568348180394499
    z: -1.1067174227549759
  orientation:
    x: 0.04851232398371117
    y: 0.03473175307764599
    z: -0.023070978963337457
    w: 0.9979518974777923
---
header:
  stamp:
    sec: 1788574992
    nanosec: 180508000
  frame_id: default_cam
pose:
  position:
    x: 0.13591453063024356
    y: 0.05691000726169944
    z: -1.1071540944052065
  orientation:
    x: 0.04869746771428909
    y: 0.034026471219015995
    z: -0.02360742318512521
    w: 0.9979546309653339
---
header:
  stamp:
    sec: 1788574992
    nanosec: 216514000
  frame_id: default_cam
pose:
  position:
    x: 0.13617244776288479
    y: 0.05702287814747254
    z: -1.109031896597586
  orientation:
    x: 0.04828685276985425
    y: 0.033023043281799204
    z: -0.025035444674589343
    w: 0.9979734891127802
---
header:
  stamp:
    sec: 1788574992
    nanosec: 248515000
  frame_id: default_cam
pose:
  position:
    x: 0.13595211122340645
    y: 0.05695285870279006
    z: -1.108387145521018
  orientation:
    x: 0.04720709529380906
    y: 0.0332833467197931
    z: -0.024185860307031355
    w: 0.9980374507733966
---
header:
  stamp:
    sec: 1788574992
    nanosec: 280517000
  frame_id: default_cam
pose:
  position:
    x: 0.13574967368974894
    y: 0.05677442629934733
    z: -1.1074451602029185
  orientation:
    x: 0.04588213815408183
    y: 0.03388298406745985
    z: -0.023232072378149074
    w: 0.9981017200677046
---
header:
  stamp:
    sec: 1788574992
    nanosec: 316517000
  frame_id: default_cam
pose:
  position:
    x: 0.13558717073405166
    y: 0.05660153546393428
    z: -1.1061619759367
  orientation:
    x: 0.04469764978875971
    y: 0.03387069454139905
    z: -0.022236045687967134
    w: 0.9981785684068794
---
header:
  stamp:
    sec: 1788574992
    nanosec: 348521000
  frame_id: default_cam
pose:
  position:
    x: 0.13562852742918122
    y: 0.05675873778831147
    z: -1.1069978735434145
  orientation:
    x: 0.045634888755192046
    y: 0.03436765908446254
    z: -0.02282570031830121
    w: 0.998105860288544
---
header:
  stamp:
    sec: 1788574992
    nanosec: 380523000
  frame_id: default_cam
pose:
  position:
    x: 0.13562852742918122
    y: 0.05675873778831147
    z: -1.1069978735434145
  orientation:
    x: 0.045634888755192046
    y: 0.03436765908446254
    z: -0.02282570031830121
    w: 0.998105860288544
---
header:
  stamp:
    sec: 1788574992
    nanosec: 416525000
  frame_id: default_cam
pose:
  position:
    x: 0.13603085824889055
    y: 0.05718787644995207
    z: -1.109192725030765
  orientation:
    x: 0.04627510189166633
    y: 0.03293424065327174
    z: -0.024052291247470145
    w: 0.9980959062250757
---
header:
  stamp:
    sec: 1788574992
    nanosec: 448530000
  frame_id: default_cam
pose:
  position:
    x: 0.13598695627547158
    y: 0.057288395434806405
    z: -1.109114175410561
  orientation:
    x: 0.046163745231427786
    y: 0.034053140563891894
    z: -0.023031720456963733
    w: 0.9980875873873675
---
header:
  stamp:
    sec: 1788574992
    nanosec: 480532000
  frame_id: default_cam
pose:
  position:
    x: 0.13589900739661065
    y: 0.05739436826138301
    z: -1.10910482841819
  orientation:
    x: 0.04357013232740535
    y: 0.034722889723631585
    z: -0.02339420801718877
    w: 0.998172668193966
---
header:
  stamp:
    sec: 1788574992
    nanosec: 516532000
  frame_id: default_cam
pose:
  position:
    x: 0.13597947737888552
    y: 0.0575805573758547
    z: -1.1099120531731888
  orientation:
    x: 0.0444622869522144
    y: 0.034765383823102076
    z: -0.02396623743747389
    w: 0.9981182758519663
---
header:
  stamp:
    sec: 1788574992
    nanosec: 548535000
  frame_id: default_cam
pose:
  position:
    x: 0.13602376534128788
    y: 0.05761379236940851
    z: -1.1102812741200463
  orientation:
    x: 0.04297775405918743
    y: 0.03372674300352012
    z: -0.02392451083744819
    w: 0.9982199343048561
---
header:
  stamp:
    sec: 1788574992
    nanosec: 580540000
  frame_id: default_cam
pose:
  position:
    x: 0.13597145793357363
    y: 0.057744777325318304
    z: -1.111169291953473
  orientation:
    x: 0.04310786385522758
    y: 0.034467800191909065
    z: -0.02432054864099651
    w: 0.9981794396487892
---
header:
  stamp:
    sec: 1788574992
    nanosec: 648543000
  frame_id: default_cam
pose:
  position:
    x: 0.13602209863923942
    y: 0.05801465651878762
    z: -1.108957113674636
  orientation:
    x: 0.04533643501585268
    y: 0.03501185637351223
    z: -0.024394806475337608
    w: 0.9980599536051753
---
header:
  stamp:
    sec: 1788574992
    nanosec: 716552000
  frame_id: default_cam
pose:
  position:
    x: 0.13789953240455646
    y: 0.05822045263835938
    z: -1.118042905915457
  orientation:
    x: 0.04924065566050167
    y: 0.03232841076254783
    z: -0.024469359545249505
    w: 0.9979636677410341
---
header:
  stamp:
    sec: 1788574992
    nanosec: 748552000
  frame_id: default_cam
pose:
  position:
    x: 0.13785012791315318
    y: 0.05826043226456611
    z: -1.1179228170066133
  orientation:
    x: 0.05493175566293417
    y: 0.03538273131946194
    z: -0.024344192862298043
    w: 0.9975660002315866
---
header:
  stamp:
    sec: 1788574992
    nanosec: 780554000
  frame_id: default_cam
pose:
  position:
    x: 0.13792125733387245
    y: 0.0581002808210431
    z: -1.1174293903544203
  orientation:
    x: 0.05427320012971083
    y: 0.03658683279438562
    z: -0.024558380907252746
    w: 0.9975533616508795
---
header:
  stamp:
    sec: 1788574992
    nanosec: 816555000
  frame_id: default_cam
pose:
  position:
    x: 0.13812980576781003
    y: 0.05858292002619404
    z: -1.1204831883273
  orientation:
    x: 0.0571447141662886
    y: 0.03601003356729332
    z: -0.023779127963915625
    w: 0.9974328609979778
---
header:
  stamp:
    sec: 1788574992
    nanosec: 848559000
  frame_id: default_cam
pose:
  position:
    x: 0.13817208033257877
    y: 0.05891385701210287
    z: -1.1233762430112932
  orientation:
    x: 0.05502568960773351
    y: 0.032117618088945116
    z: -0.023164438491853793
    w: 0.9976993740004266
---
header:
  stamp:
    sec: 1788574992
    nanosec: 880562000
  frame_id: default_cam
pose:
  position:
    x: 0.13670718610193636
    y: 0.05881905250840893
    z: -1.1195425200112648
  orientation:
    x: 0.05310495476514483
    y: 0.03710611043230901
    z: -0.022829302685695878
    w: 0.9976381224105573
---
header:
  stamp:
    sec: 1788574992
    nanosec: 916562000
  frame_id: default_cam
pose:
  position:
    x: 0.13667401384177136
    y: 0.05884544817361565
    z: -1.1223704852645526
  orientation:
    x: 0.051204877868750005
    y: 0.031632070555597816
    z: -0.023242163181147784
    w: 0.9979164666671619
---
header:
  stamp:
    sec: 1788574992
    nanosec: 948565000
  frame_id: default_cam
pose:
  position:
    x: 0.13610081530512944
    y: 0.05868446948856948
    z: -1.1239149658262544
  orientation:
    x: 0.05326913857536781
    y: 0.03587154887889695
    z: -0.02556797346843493
    w: 0.9976080941878852
---
header:
  stamp:
    sec: 1788574992
    nanosec: 980567000
  frame_id: default_cam
pose:
  position:
    x: 0.1352510749546914
    y: 0.05815681380532498
    z: -1.1218532540715844
  orientation:
    x: 0.052228606052228836
    y: 0.03411924942329977
    z: -0.024982837393371215
    w: 0.9977393985226845
---
header:
  stamp:
    sec: 1788574993
    nanosec: 16570000
  frame_id: default_cam
pose:
  position:
    x: 0.1355237512016696
    y: 0.05810491223116438
    z: -1.1242493018362967
  orientation:
    x: 0.050955332395005035
    y: 0.029261600758461005
    z: -0.024203250772626146
    w: 0.9979787149401556
---
header:
  stamp:
    sec: 1788574993
    nanosec: 48573000
  frame_id: default_cam
pose:
  position:
    x: 0.13532573435389167
    y: 0.058216528154149974
    z: -1.1226107725444097
  orientation:
    x: 0.05187703719889423
    y: 0.03193272652446138
    z: -0.024943209018573217
    w: 0.9978311030991338
---
header:
  stamp:
    sec: 1788574993
    nanosec: 80575000
  frame_id: default_cam
pose:
  position:
    x: 0.13551653270869468
    y: 0.05840735153682086
    z: -1.1242368768984186
  orientation:
    x: 0.05282612174148921
    y: 0.03209937034071921
    z: -0.025068492216460334
    w: 0.9977728208282063
---
header:
  stamp:
    sec: 1788574993
    nanosec: 116579000
  frame_id: default_cam
pose:
  position:
    x: 0.13584427020703493
    y: 0.05853563338965116
    z: -1.1254283828843203
  orientation:
    x: 0.053770410244181575
    y: 0.03285335453716802
    z: -0.024768844368475415
    w: 0.9977053194337884
---
header:
  stamp:
    sec: 1788574993
    nanosec: 148579000
  frame_id: default_cam
pose:
  position:
    x: 0.1364338576586206
    y: 0.058703423974419675
    z: -1.1279779925245672
  orientation:
    x: 0.05391214587233901
    y: 0.03573579782686088
    z: -0.02472721621661189
    w: 0.9975996181130455
---
header:
  stamp:
    sec: 1788574993
    nanosec: 180583000
  frame_id: default_cam
pose:
  position:
    x: 0.13682752485310407
    y: 0.058616391675381574
    z: -1.1316096865109508
  orientation:
    x: 0.05132515475844231
    y: 0.03561513247747301
    z: -0.024752485124284716
    w: 0.9977397482849955
---
header:
  stamp:
    sec: 1788574993
    nanosec: 216584000
  frame_id: default_cam
pose:
  position:
    x: 0.13675945069292236
    y: 0.058664507390648574
    z: -1.133583500983524
  orientation:
    x: 0.05165416616277806
    y: 0.034084265890470596
    z: -0.02445616896595208
    w: 0.9977835465351413
---
header:
  stamp:
    sec: 1788574993
    nanosec: 248588000
  frame_id: default_cam
pose:
  position:
    x: 0.13633189288399092
    y: 0.05859632031679684
    z: -1.1336520165539163
  orientation:
    x: 0.05394365284388486
    y: 0.033316426800621635
    z: -0.024163070200938046
    w: 0.9976954665936705
---
header:
  stamp:
    sec: 1788574993
    nanosec: 280590000
  frame_id: default_cam
pose:
  position:
    x: 0.1362513568903793
    y: 0.05864931148857027
    z: -1.134816440122731
  orientation:
    x: 0.052043252142712146
    y: 0.03405748076808559
    z: -0.025164438968392416
    w: 0.9977466306240015
---
header:
  stamp:
    sec: 1788574993
    nanosec: 316594000
  frame_id: default_cam
pose:
  position:
    x: 0.13638101337359088
    y: 0.05866014628069191
    z: -1.1358391212961143
  orientation:
    x: 0.05402373883798603
    y: 0.034308022455048146
    z: -0.024372261725089155
    w: 0.9976524385253578
---
header:
  stamp:
    sec: 1788574993
    nanosec: 348593000
  frame_id: default_cam
pose:
  position:
    x: 0.1364352735488297
    y: 0.058595214518040825
    z: -1.135776500986702
  orientation:
    x: 0.05435359725477332
    y: 0.03270140667463227
    z: -0.024631935487509447
    w: 0.9976820997798375
---
header:
  stamp:
    sec: 1788574993
    nanosec: 380599000
  frame_id: default_cam
pose:
  position:
    x: 0.13680881571268289
    y: 0.05860281155582995
    z: -1.137918791889898
  orientation:
    x: 0.052630063878739294
    y: 0.03319936710785989
    z: -0.02425947594236112
    w: 0.9977671853828224
---
header:
  stamp:
    sec: 1788574993
    nanosec: 416599000
  frame_id: default_cam
pose:
  position:
    x: 0.1368771363995997
    y: 0.05866209549915194
    z: -1.137871874638568
  orientation:
    x: 0.05109495218905411
    y: 0.03249700067118565
    z: -0.023666992348878278
    w: 0.9978843240984064
---
header:
  stamp:
    sec: 1788574993
    nanosec: 448603000
  frame_id: default_cam
pose:
  position:
    x: 0.13685000019654542
    y: 0.05863784763156627
    z: -1.1375327050974025
  orientation:
    x: 0.05026911243299658
    y: 0.03350225949136179
    z: -0.023656465748653217
    w: 0.9978932741393014
---
header:
  stamp:
    sec: 1788574993
    nanosec: 480604000
  frame_id: default_cam
pose:
  position:
    x: 0.13678164088905942
    y: 0.058442509462525605
    z: -1.1363085839546325
  orientation:
    x: 0.048857604906663715
    y: 0.03791737097117965
    z: -0.02406071619760693
    w: 0.9977957152430935
---
header:
  stamp:
    sec: 1788574993
    nanosec: 516609000
  frame_id: default_cam
pose:
  position:
    x: 0.1373041200969958
    y: 0.058467801803477104
    z: -1.1396576650894688
  orientation:
    x: 0.05039956596918858
    y: 0.03443108133362771
    z: -0.022989197688960843
    w: 0.9978706735734508
---
header:
  stamp:
    sec: 1788574993
    nanosec: 548611000
  frame_id: default_cam
pose:
  position:
    x: 0.13724083739691187
    y: 0.058415282061791377
    z: -1.138942540668296
  orientation:
    x: 0.04949837720338859
    y: 0.036465751338913506
    z: -0.022984348116009485
    w: 0.9978436146887957
---
header:
  stamp:
    sec: 1788574993
    nanosec: 580611000
  frame_id: default_cam
pose:
  position:
    x: 0.13739599347139636
    y: 0.058533743113627544
    z: -1.140451522615153
  orientation:
    x: 0.048056028062619126
    y: 0.03222675753231161
    z: -0.022899158757485456
    w: 0.9980619634040753
---
header:
  stamp:
    sec: 1788574993
    nanosec: 616614000
  frame_id: default_cam
pose:
  position:
    x: 0.13710146109745838
    y: 0.05865827757163425
    z: -1.1389549824817546
  orientation:
    x: 0.04960041604131256
    y: 0.032996115558828774
    z: -0.024110966950533417
    w: 0.9979327213591442
---
header:
  stamp:
    sec: 1788574993
    nanosec: 648618000
  frame_id: default_cam
pose:
  position:
    x: 0.13739377623780064
    y: 0.059122410637210895
    z: -1.141289690076687
  orientation:
    x: 0.05228987706857899
    y: 0.03255229697179498
    z: -0.025118312037608267
    w: 0.9977851407584672
---
header:
  stamp:
    sec: 1788574993
    nanosec: 680619000
  frame_id: default_cam
pose:
  position:
    x: 0.13744302241254017
    y: 0.05921076452591399
    z: -1.1420473592798357
  orientation:
    x: 0.052841382436709904
    y: 0.033057105427754065
    z: -0.025044949350388947
    w: 0.9977413325080565
---
header:
  stamp:
    sec: 1788574993
    nanosec: 716624000
  frame_id: default_cam
pose:
  position:
    x: 0.13776721025215813
    y: 0.05916054733383436
    z: -1.1418824991448904
  orientation:
    x: 0.052305658075979984
    y: 0.03530317472612029
    z: -0.024331565570613136
    w: 0.9977102680159098
---
header:
  stamp:
    sec: 1788574993
    nanosec: 748623000
  frame_id: default_cam
pose:
  position:
    x: 0.13762852559085365
    y: 0.059042291720812844
    z: -1.1399390609390716
  orientation:
    x: 0.05196166611295416
    y: 0.03929124940839597
    z: -0.02403871045947175
    w: 0.9975862485891326
---
header:
  stamp:
    sec: 1788574993
    nanosec: 780628000
  frame_id: default_cam
pose:
  position:
    x: 0.13866160109053327
    y: 0.059513655805481624
    z: -1.145469978513827
  orientation:
    x: 0.05463460557278568
    y: 0.03773903566760944
    z: -0.0251569508459961
    w: 0.9974757906259767
---
header:
  stamp:
    sec: 1788574993
    nanosec: 848633000
  frame_id: default_cam
pose:
  position:
    x: 0.1393659230771743
    y: 0.05958542773580915
    z: -1.1463130120648113
  orientation:
    x: 0.05432002339431154
    y: 0.03909561645267794
    z: -0.025668536804710186
    w: 0.9974276886325805
---
header:
  stamp:
    sec: 1788574993
    nanosec: 880636000
  frame_id: default_cam
pose:
  position:
    x: 0.13945390120703274
    y: 0.05946884457578392
    z: -1.145365009260011
  orientation:
    x: 0.05420761625675904
    y: 0.03962739421604373
    z: -0.024645599870766775
    w: 0.9974386188505117
---
header:
  stamp:
    sec: 1788574993
    nanosec: 916638000
  frame_id: default_cam
pose:
  position:
    x: 0.1396786229584374
    y: 0.05946906871320002
    z: -1.1481288252283348
  orientation:
    x: 0.0529510872112643
    y: 0.04051219765699393
    z: -0.024901147062434154
    w: 0.9974642234582255
---
header:
  stamp:
    sec: 1788574993
    nanosec: 948641000
  frame_id: default_cam
pose:
  position:
    x: 0.1394271337526884
    y: 0.05921693003779138
    z: -1.148193911830944
  orientation:
    x: 0.050318379738145305
    y: 0.04047452321985072
    z: -0.02379828933375265
    w: 0.9976289465805614
---
header:
  stamp:
    sec: 1788574993
    nanosec: 980641000
  frame_id: default_cam
pose:
  position:
    x: 0.13933691062840284
    y: 0.05923219192707377
    z: -1.1487329655811305
  orientation:
    x: 0.050183742085925555
    y: 0.038911043056556904
    z: -0.022937959877614475
    w: 0.997718082804535
---
header:
  stamp:
    sec: 1788574994
    nanosec: 16642000
  frame_id: default_cam
pose:
  position:
    x: 0.13933691062840284
    y: 0.05923219192707377
    z: -1.1487329655811305
  orientation:
    x: 0.050183742085925555
    y: 0.038911043056556904
    z: -0.022937959877614475
    w: 0.997718082804535
---
header:
  stamp:
    sec: 1788574994
    nanosec: 48647000
  frame_id: default_cam
pose:
  position:
    x: 0.1393675655818945
    y: 0.059314265436632714
    z: -1.1497774444280964
  orientation:
    x: 0.05059238270444768
    y: 0.04003109591503461
    z: -0.02318586327811536
    w: 0.9976474015984689
---
header:
  stamp:
    sec: 1788574994
    nanosec: 80648000
  frame_id: default_cam
pose:
  position:
    x: 0.13946023556102555
    y: 0.05934922630591781
    z: -1.1512675033529574
  orientation:
    x: 0.0502319127077148
    y: 0.03865902829685931
    z: -0.023399504065828164
    w: 0.997714737631123
---
header:
  stamp:
    sec: 1788574994
    nanosec: 116652000
  frame_id: default_cam
pose:
  position:
    x: 0.13933765273685375
    y: 0.05937819029978185
    z: -1.151349959822996
  orientation:
    x: 0.05088530816919641
    y: 0.03819564249998456
    z: -0.023719116609241486
    w: 0.9976919273071305
---
header:
  stamp:
    sec: 1788574994
    nanosec: 148654000
  frame_id: default_cam
pose:
  position:
    x: 0.13938649809355946
    y: 0.0594955845046664
    z: -1.1518621506538131
  orientation:
    x: 0.051514693023508557
    y: 0.038164613664999944
    z: -0.024347015924767307
    w: 0.9976456893517127
---
header:
  stamp:
    sec: 1788574994
    nanosec: 180656000
  frame_id: default_cam
pose:
  position:
    x: 0.13942633902818083
    y: 0.05961275553564748
    z: -1.1527088237645615
  orientation:
    x: 0.051476091579158126
    y: 0.03773502899111974
    z: -0.024358373269010414
    w: 0.997663745574861
---
header:
  stamp:
    sec: 1788574994
    nanosec: 216660000
  frame_id: default_cam
pose:
  position:
    x: 0.1395419884539881
    y: 0.059495639928355694
    z: -1.1537850686828963
  orientation:
    x: 0.05120413410701744
    y: 0.03971201001914588
    z: -0.023399648768795703
    w: 0.9976239518716894
---
header:
  stamp:
    sec: 1788574994
    nanosec: 248661000
  frame_id: default_cam
pose:
  position:
    x: 0.139689841248425
    y: 0.05959555129122218
    z: -1.1559631974092277
  orientation:
    x: 0.051145043238043
    y: 0.040790712107635706
    z: -0.02329250108214602
    w: 0.997585967098209
---
header:
  stamp:
    sec: 1788574994
    nanosec: 280654000
  frame_id: default_cam
pose:
  position:
    x: 0.1398287787232153
    y: 0.05957797085906736
    z: -1.1569712690022516
  orientation:
    x: 0.05054307410365543
    y: 0.04047164397762152
    z: -0.023285742242197257
    w: 0.9976298000271098
---
header:
  stamp:
    sec: 1788574994
    nanosec: 316666000
  frame_id: default_cam
pose:
  position:
    x: 0.14015660650277664
    y: 0.05955667579079065
    z: -1.1594276008364812
  orientation:
    x: 0.049661248647030705
    y: 0.04114615805718639
    z: -0.022237364743387885
    w: 0.9976704133476247
---
header:
  stamp:
    sec: 1788574994
    nanosec: 348670000
  frame_id: default_cam
pose:
  position:
    x: 0.14022315819181097
    y: 0.05969241114538521
    z: -1.1607910057583801
  orientation:
    x: 0.050461241741646144
    y: 0.04231354083254272
    z: -0.022310329801452852
    w: 0.9975798096033491
---
header:
  stamp:
    sec: 1788574994
    nanosec: 380672000
  frame_id: default_cam
pose:
  position:
    x: 0.14022315819181097
    y: 0.05969241114538521
    z: -1.1607910057583801
  orientation:
    x: 0.050461241741646144
    y: 0.04231354083254272
    z: -0.022310329801452852
    w: 0.9975798096033491
---
header:
  stamp:
    sec: 1788574994
    nanosec: 416673000
  frame_id: default_cam
pose:
  position:
    x: 0.14023078454922008
    y: 0.0596733211955862
    z: -1.1610679317115495
  orientation:
    x: 0.049992203286374395
    y: 0.04239465332363224
    z: -0.022090757622614896
    w: 0.9976048673737522
---
header:
  stamp:
    sec: 1788574994
    nanosec: 448675000
  frame_id: default_cam
pose:
  position:
    x: 0.1402755257981488
    y: 0.059705396460622756
    z: -1.1614696314422162
  orientation:
    x: 0.049297584551295744
    y: 0.04138537235743707
    z: -0.022050660856287395
    w: 0.9976826987915773
---
header:
  stamp:
    sec: 1788574994
    nanosec: 480670000
  frame_id: default_cam
pose:
  position:
    x: 0.1402755257981488
    y: 0.059705396460622756
    z: -1.1614696314422162
  orientation:
    x: 0.049297584551295744
    y: 0.04138537235743707
    z: -0.022050660856287395
    w: 0.9976826987915773
---
header:
  stamp:
    sec: 1788574994
    nanosec: 516679000
  frame_id: default_cam
pose:
  position:
    x: 0.13995821073146705
    y: 0.05976217200713387
    z: -1.1603504158411337
  orientation:
    x: 0.049866210125968057
    y: 0.0422366043340426
    z: -0.02338784574901274
    w: 0.997588311385625
---
header:
  stamp:
    sec: 1788574994
    nanosec: 548684000
  frame_id: default_cam
pose:
  position:
    x: 0.1403350524863822
    y: 0.06005405826176163
    z: -1.1640262980715703
  orientation:
    x: 0.05075806118881313
    y: 0.04338818730028803
    z: -0.024267302217067594
    w: 0.9974728981131534
---
header:
  stamp:
    sec: 1788574994
    nanosec: 580685000
  frame_id: default_cam
pose:
  position:
    x: 0.1401588642296458
    y: 0.06000662358383914
    z: -1.1630563028883127
  orientation:
    x: 0.05078993513451358
    y: 0.043740581167714766
    z: -0.02451526007147412
    w: 0.9974498213302614
---
header:
  stamp:
    sec: 1788574994
    nanosec: 616688000
  frame_id: default_cam
pose:
  position:
    x: 0.1403349194057378
    y: 0.06005397222510454
    z: -1.1640255785281812
  orientation:
    x: 0.05075635883604858
    y: 0.04338850525667389
    z: -0.024267507295821732
    w: 0.9974729659188489
---
header:
  stamp:
    sec: 1788574994
    nanosec: 648692000
  frame_id: default_cam
pose:
  position:
    x: 0.14076324817978844
    y: 0.0604211968536883
    z: -1.1672547366069659
  orientation:
    x: 0.052331005167405124
    y: 0.043198535594337874
    z: -0.024816187050379565
    w: 0.9973863390286405
---
header:
  stamp:
    sec: 1788574994
    nanosec: 680683000
  frame_id: default_cam
pose:
  position:
    x: 0.14074892554469107
    y: 0.06040045632515506
    z: -1.1669009625204216
  orientation:
    x: 0.049387603629084
    y: 0.0442014862830217
    z: -0.02469778801252404
    w: 0.9974954197816833
---
header:
  stamp:
    sec: 1788574994
    nanosec: 716697000
  frame_id: default_cam
pose:
  position:
    x: 0.1407300597696565
    y: 0.06039263826152188
    z: -1.1668594957379055
  orientation:
    x: 0.05146448649239091
    y: 0.04422315573789274
    z: -0.02479130971501692
    w: 0.9973871415299431
---
header:
  stamp:
    sec: 1788574994
    nanosec: 748699000
  frame_id: default_cam
pose:
  position:
    x: 0.14086170402949585
    y: 0.06031169675528045
    z: -1.1691288859510656
  orientation:
    x: 0.051435258872463224
    y: 0.04560700340153622
    z: -0.023280264256813715
    w: 0.9973627447832548
---
header:
  stamp:
    sec: 1788574994
    nanosec: 780702000
  frame_id: default_cam
pose:
  position:
    x: 0.14106568078547324
    y: 0.06042569620984321
    z: -1.171518929747926
  orientation:
    x: 0.05159561730048244
    y: 0.04647958755324248
    z: -0.023385785893735918
    w: 0.9973117091633864
---
header:
  stamp:
    sec: 1788574994
    nanosec: 816702000
  frame_id: default_cam
pose:
  position:
    x: 0.14102021760935887
    y: 0.06075261321093518
    z: -1.172600831609596
  orientation:
    x: 0.05372753081540233
    y: 0.04823451515169109
    z: -0.02527784576490084
    w: 0.9970696136649874
---
header:
  stamp:
    sec: 1788574994
    nanosec: 848706000
  frame_id: default_cam
pose:
  position:
    x: 0.14107071332983728
    y: 0.060843647341147715
    z: -1.1733417510001523
  orientation:
    x: 0.05432173169599783
    y: 0.04870943884332673
    z: -0.025184438931494538
    w: 0.9970166919710132
---
header:
  stamp:
    sec: 1788574994
    nanosec: 880697000
  frame_id: default_cam
pose:
  position:
    x: 0.14094212852126758
    y: 0.060892927059422806
    z: -1.1728266969127998
  orientation:
    x: 0.054848334863470086
    y: 0.04900007796758213
    z: -0.02593775720112704
    w: 0.9969543045061047
---
header:
  stamp:
    sec: 1788574994
    nanosec: 916709000
  frame_id: default_cam
pose:
  position:
    x: 0.1411926575851891
    y: 0.06107712267958232
    z: -1.1758995552698923
  orientation:
    x: 0.05429332656290395
    y: 0.0422746296114369
    z: -0.02537410896729525
    w: 0.9973069963537133
---
header:
  stamp:
    sec: 1788574994
    nanosec: 948712000
  frame_id: default_cam
pose:
  position:
    x: 0.14105415355593753
    y: 0.061023901128821445
    z: -1.1762262892782187
  orientation:
    x: 0.0518996235056713
    y: 0.042432561946341825
    z: -0.024096658805743666
    w: 0.9974594015803545
---
header:
  stamp:
    sec: 1788574994
    nanosec: 980717000
  frame_id: default_cam
pose:
  position:
    x: 0.1410391564619586
    y: 0.061146168186834056
    z: -1.177093769090443
  orientation:
    x: 0.05108896664264315
    y: 0.04049211293515373
    z: -0.024141757091354212
    w: 0.9975808146922112
---
header:
  stamp:
    sec: 1788574995
    nanosec: 16721000
  frame_id: default_cam
pose:
  position:
    x: 0.1404624271130041
    y: 0.06112712937051084
    z: -1.1753441625622854
  orientation:
    x: 0.05082276683561443
    y: 0.042202254433775246
    z: -0.026015702909111878
    w: 0.9974764154074143
---
header:
  stamp:
    sec: 1788574995
    nanosec: 48722000
  frame_id: default_cam
pose:
  position:
    x: 0.14057207110542744
    y: 0.06126332540636059
    z: -1.178359530983175
  orientation:
    x: 0.05083527873496254
    y: 0.044958712497272534
    z: -0.025001696102951856
    w: 0.9973812730337892
---
header:
  stamp:
    sec: 1788574995
    nanosec: 80714000
  frame_id: default_cam
pose:
  position:
    x: 0.14070823465728877
    y: 0.06126350304278692
    z: -1.1812865264831822
  orientation:
    x: 0.05262971911566211
    y: 0.04789248586860465
    z: -0.02505274790857298
    w: 0.9971503308355072
---
header:
  stamp:
    sec: 1788574995
    nanosec: 116726000
  frame_id: default_cam
pose:
  position:
    x: 0.14080942211612305
    y: 0.06124548517557385
    z: -1.1822067175381303
  orientation:
    x: 0.049677588703861575
    y: 0.047711793484225884
    z: -0.024666970554036015
    w: 0.9973200401610182
---
header:
  stamp:
    sec: 1788574995
    nanosec: 148728000
  frame_id: default_cam
pose:
  position:
    x: 0.14055048000758386
    y: 0.061334787385145896
    z: -1.1807506838895465
  orientation:
    x: 0.04906077760913736
    y: 0.04726633677879921
    z: -0.025369434073970486
    w: 0.997354162433118
---
header:
  stamp:
    sec: 1788574995
    nanosec: 180731000
  frame_id: default_cam
pose:
  position:
    x: 0.1405704164859901
    y: 0.061580308675174944
    z: -1.1818839838607391
  orientation:
    x: 0.0483304720629982
    y: 0.04315669887422744
    z: -0.025787547333270572
    w: 0.9975653698956181
---
header:
  stamp:
    sec: 1788574995
    nanosec: 216736000
  frame_id: default_cam
pose:
  position:
    x: 0.1403993460584528
    y: 0.06170034478721572
    z: -1.1813240103876599
  orientation:
    x: 0.04914579169205013
    y: 0.04366739732733404
    z: -0.025990081424353068
    w: 0.9974980527485624
---
header:
  stamp:
    sec: 1788574995
    nanosec: 248737000
  frame_id: default_cam
pose:
  position:
    x: 0.14071521372531523
    y: 0.06185307886491876
    z: -1.1830094631230432
  orientation:
    x: 0.04764750601130569
    y: 0.04425587952335146
    z: -0.026010968529662712
    w: 0.9975442655915907
---
header:
  stamp:
    sec: 1788574995
    nanosec: 280726000
  frame_id: default_cam
pose:
  position:
    x: 0.14101837099235012
    y: 0.062233839170923906
    z: -1.1847839301279637
  orientation:
    x: 0.04643089872842871
    y: 0.04373499789634569
    z: -0.0242328299765238
    w: 0.9976693798817351
---
header:
  stamp:
    sec: 1788574995
    nanosec: 316739000
  frame_id: default_cam
pose:
  position:
    x: 0.1409283141685902
    y: 0.06240002184130471
    z: -1.184076582425164
  orientation:
    x: 0.04762949753941587
    y: 0.04616063793499505
    z: -0.02378844885441263
    w: 0.997514278680099
---
header:
  stamp:
    sec: 1788574995
    nanosec: 348744000
  frame_id: default_cam
pose:
  position:
    x: 0.14110107021376217
    y: 0.06274740360846483
    z: -1.186575780603599
  orientation:
    x: 0.04988232812305031
    y: 0.04205343336627981
    z: -0.023469584836396076
    w: 0.9975933242913865
---
header:
  stamp:
    sec: 1788574995
    nanosec: 380744000
  frame_id: default_cam
pose:
  position:
    x: 0.14045933031006747
    y: 0.0627010188743858
    z: -1.1860991853098537
  orientation:
    x: 0.049474049528471536
    y: 0.0472106395670023
    z: -0.023780504911437333
    w: 0.997375536857149
---
header:
  stamp:
    sec: 1788574995
    nanosec: 416747000
  frame_id: default_cam
pose:
  position:
    x: 0.14020353261178928
    y: 0.06262919430558672
    z: -1.187869165096255
  orientation:
    x: 0.0535479253290547
    y: 0.0517006481159615
    z: -0.024250131092472576
    w: 0.9969310877986208
---
header:
  stamp:
    sec: 1788574995
    nanosec: 480744000
  frame_id: default_cam
pose:
  position:
    x: 0.1404735987640881
    y: 0.06298271695434028
    z: -1.1907838522576102
  orientation:
    x: 0.05846965298317331
    y: 0.05193794664208212
    z: -0.024359090132003814
    w: 0.9966395457268252
---
header:
  stamp:
    sec: 1788574995
    nanosec: 516755000
  frame_id: default_cam
pose:
  position:
    x: 0.14084493959355857
    y: 0.06320118800656378
    z: -1.19297432845346
  orientation:
    x: 0.05598047077715745
    y: 0.05128808821337341
    z: -0.024025673093225237
    w: 0.9968242001132409
---
header:
  stamp:
    sec: 1788574995
    nanosec: 548758000
  frame_id: default_cam
pose:
  position:
    x: 0.1408836905907532
    y: 0.06352237911333196
    z: -1.1934355352670065
  orientation:
    x: 0.055296625290208117
    y: 0.04894552309587797
    z: -0.023372211473119086
    w: 0.9969956663552961
---
header:
  stamp:
    sec: 1788574995
    nanosec: 580761000
  frame_id: default_cam
pose:
  position:
    x: 0.14097162697621085
    y: 0.06379341400872196
    z: -1.1945755513739713
  orientation:
    x: 0.05449101887366904
    y: 0.0467331855113839
    z: -0.023391628559046036
    w: 0.9971457114922692
---
header:
  stamp:
    sec: 1788574995
    nanosec: 616761000
  frame_id: default_cam
pose:
  position:
    x: 0.14128915673403872
    y: 0.06422608332436046
    z: -1.197234135467909
  orientation:
    x: 0.0566662605060084
    y: 0.04572456304870279
    z: -0.02198055284869562
    w: 0.9971033319324212
---
header:
  stamp:
    sec: 1788574995
    nanosec: 648765000
  frame_id: default_cam
pose:
  position:
    x: 0.14103501289962034
    y: 0.06416942505963157
    z: -1.1965811804610533
  orientation:
    x: 0.05576535883682513
    y: 0.04583383608906667
    z: -0.021879655065200305
    w: 0.9971513249840209
---
header:
  stamp:
    sec: 1788574995
    nanosec: 680757000
  frame_id: default_cam
pose:
  position:
    x: 0.13990741554043104
    y: 0.06418911402409454
    z: -1.194993033160527
  orientation:
    x: 0.05793706445713183
    y: 0.051761705211663206
    z: -0.024584167326228982
    w: 0.9966742904041154
---
header:
  stamp:
    sec: 1788574995
    nanosec: 716770000
  frame_id: default_cam
pose:
  position:
    x: 0.13936281568764317
    y: 0.06408166775107611
    z: -1.1967665156080733
  orientation:
    x: 0.05481407912702454
    y: 0.04668046595363545
    z: -0.024544860926235524
    w: 0.997102753295727
---
header:
  stamp:
    sec: 1788574995
    nanosec: 748773000
  frame_id: default_cam
pose:
  position:
    x: 0.13876228568242296
    y: 0.0640566225664433
    z: -1.19981287538696
  orientation:
    x: 0.05663433856012511
    y: 0.0473841483715367
    z: -0.025695601407992263
    w: 0.996938829741947
---
header:
  stamp:
    sec: 1788574995
    nanosec: 780774000
  frame_id: default_cam
pose:
  position:
    x: 0.1387159842213556
    y: 0.06350553753567537
    z: -1.203607092118346
  orientation:
    x: 0.055912047028039695
    y: 0.043040191485595146
    z: -0.022976514554445347
    w: 0.9972429316334847
---
header:
  stamp:
    sec: 1788574995
    nanosec: 816781000
  frame_id: default_cam
pose:
  position:
    x: 0.1379640382957324
    y: 0.06289438374064996
    z: -1.2037381628878525
  orientation:
    x: 0.057952544327931385
    y: 0.048320627296586954
    z: -0.026629787819712807
    w: 0.9967935964803649
---
header:
  stamp:
    sec: 1788574995
    nanosec: 848781000
  frame_id: default_cam
pose:
  position:
    x: 0.1371841520694304
    y: 0.06255594957154703
    z: -1.200533004087428
  orientation:
    x: 0.05661533494427446
    y: 0.05173702135682447
    z: -0.027641289733253326
    w: 0.9966714321039575
---
header:
  stamp:
    sec: 1788574995
    nanosec: 880771000
  frame_id: default_cam
pose:
  position:
    x: 0.13747781743038592
    y: 0.06283995073133584
    z: -1.2038039806494145
  orientation:
    x: 0.055642532978523666
    y: 0.0465518665586517
    z: -0.027393137664953472
    w: 0.9969886901326956
---
header:
  stamp:
    sec: 1788574995
    nanosec: 916782000
  frame_id: default_cam
pose:
  position:
    x: 0.13760605572860501
    y: 0.06292724528202794
    z: -1.2048576654203376
  orientation:
    x: 0.051733537525591955
    y: 0.04416041106300199
    z: -0.027165280106838142
    w: 0.9973141665225416
---
header:
  stamp:
    sec: 1788574996
    nanosec: 16793000
  frame_id: default_cam
pose:
  position:
    x: 0.1378093871217055
    y: 0.06321094137652017
    z: -1.2070432984588084
  orientation:
    x: 0.05337387235077702
    y: 0.04455985974663373
    z: -0.026037560258220536
    w: 0.9972400383585903
---
header:
  stamp:
    sec: 1788574996
    nanosec: 48796000
  frame_id: default_cam
pose:
  position:
    x: 0.13814005024848608
    y: 0.06326546591523127
    z: -1.2096324026856973
  orientation:
    x: 0.058328997020038
    y: 0.0414077815752078
    z: -0.02646974506702741
    w: 0.9970869953658722
---
header:
  stamp:
    sec: 1788574996
    nanosec: 80787000
  frame_id: default_cam
pose:
  position:
    x: 0.137610586564654
    y: 0.06297074370370288
    z: -1.2070281851163989
  orientation:
    x: 0.056639443389602424
    y: 0.04274186332195699
    z: -0.025981258878537788
    w: 0.9971409533056846
---
header:
  stamp:
    sec: 1788574996
    nanosec: 116799000
  frame_id: default_cam
pose:
  position:
    x: 0.1374073923197922
    y: 0.06298883326875604
    z: -1.2079210484037237
  orientation:
    x: 0.05563646423670417
    y: 0.04536253562253269
    z: -0.02535135639406712
    w: 0.9970978552469729
---
header:
  stamp:
    sec: 1788574996
    nanosec: 148801000
  frame_id: default_cam
pose:
  position:
    x: 0.13700111497314005
    y: 0.0628977651968496
    z: -1.2070140506954485
  orientation:
    x: 0.05566609005955629
    y: 0.04830829428700164
    z: -0.026007624904079433
    w: 0.996940920299398
---
header:
  stamp:
    sec: 1788574996
    nanosec: 180805000
  frame_id: default_cam
pose:
  position:
    x: 0.13700111497314005
    y: 0.0628977651968496
    z: -1.2070140506954485
  orientation:
    x: 0.05566609005955629
    y: 0.04830829428700164
    z: -0.026007624904079433
    w: 0.996940920299398
---
header:
  stamp:
    sec: 1788574996
    nanosec: 216807000
  frame_id: default_cam
pose:
  position:
    x: 0.1370596010615861
    y: 0.06301619642513771
    z: -1.20881453335477
  orientation:
    x: 0.05533690492019436
    y: 0.04880573919077835
    z: -0.02647346076328842
    w: 0.9969227566121207
---
header:
  stamp:
    sec: 1788574996
    nanosec: 248812000
  frame_id: default_cam
pose:
  position:
    x: 0.1370596010615861
    y: 0.06301619642513771
    z: -1.20881453335477
  orientation:
    x: 0.05533690492019436
    y: 0.04880573919077835
    z: -0.02647346076328842
    w: 0.9969227566121207
---
header:
  stamp:
    sec: 1788574996
    nanosec: 280800000
  frame_id: default_cam
pose:
  position:
    x: 0.1370596010615861
    y: 0.06301619642513771
    z: -1.20881453335477
  orientation:
    x: 0.05533690492019436
    y: 0.04880573919077835
    z: -0.02647346076328842
    w: 0.9969227566121207
---
header:
  stamp:
    sec: 1788574996
    nanosec: 316815000
  frame_id: default_cam
pose:
  position:
    x: 0.1373889820055616
    y: 0.06326058824408111
    z: -1.210741194210066
  orientation:
    x: 0.05639054327893027
    y: 0.04776266535896927
    z: -0.026492425411439816
    w: 0.9969137303810864
---
header:
  stamp:
    sec: 1788574996
    nanosec: 348816000
  frame_id: default_cam
pose:
  position:
    x: 0.1370452362989995
    y: 0.06305548380006722
    z: -1.2097704313739142
  orientation:
    x: 0.055381428674818364
    y: 0.05023435251114132
    z: -0.027022952811549147
    w: 0.9968345736415181
---
header:
  stamp:
    sec: 1788574996
    nanosec: 380818000
  frame_id: default_cam
pose:
  position:
    x: 0.13694318296410432
    y: 0.06306238594510637
    z: -1.2092645510922555
  orientation:
    x: 0.05561966252897758
    y: 0.05045476165520881
    z: -0.027412838831401404
    w: 0.9967995317182299
---
header:
  stamp:
    sec: 1788574996
    nanosec: 416821000
  frame_id: default_cam
pose:
  position:
    x: 0.13678159418893687
    y: 0.06303494768040792
    z: -1.2083697456177265
  orientation:
    x: 0.055765982258277697
    y: 0.05078429595337553
    z: -0.02777184274218987
    w: 0.9967646839941674
---
header:
  stamp:
    sec: 1788574996
    nanosec: 448826000
  frame_id: default_cam
pose:
  position:
    x: 0.1369201927014307
    y: 0.06329567672430213
    z: -1.2104439727185223
  orientation:
    x: 0.0574707291978487
    y: 0.051970447263485216
    z: -0.027457839442982496
    w: 0.9966153997153687
---
header:
  stamp:
    sec: 1788574996
    nanosec: 480814000
  frame_id: default_cam
pose:
  position:
    x: 0.13704474356020338
    y: 0.06325679148898676
    z: -1.2117968264822174
  orientation:
    x: 0.05623629550494954
    y: 0.0518184589290037
    z: -0.027064463140903706
    w: 0.9967044904167924
---
header:
  stamp:
    sec: 1788574996
    nanosec: 516829000
  frame_id: default_cam
pose:
  position:
    x: 0.13689927870110197
    y: 0.06336978577615576
    z: -1.2115776534216172
  orientation:
    x: 0.056841222483327285
    y: 0.05323700846257942
    z: -0.027280799764478645
    w: 0.996589511444289
---
header:
  stamp:
    sec: 1788574996
    nanosec: 548832000
  frame_id: default_cam
pose:
  position:
    x: 0.1366173517845259
    y: 0.06328861328939855
    z: -1.211325914672384
  orientation:
    x: 0.0529922877164245
    y: 0.052383441064938835
    z: -0.027029102247470658
    w: 0.9968536603616759
---
header:
  stamp:
    sec: 1788574996
    nanosec: 580835000
  frame_id: default_cam
pose:
  position:
    x: 0.1370261255043218
    y: 0.06351140923143403
    z: -1.213166764112089
  orientation:
    x: 0.05357834370630494
    y: 0.052566592390412434
    z: -0.027149948272990946
    w: 0.9968094074390165
---
header:
  stamp:
    sec: 1788574996
    nanosec: 616837000
  frame_id: default_cam
pose:
  position:
    x: 0.13756829579246865
    y: 0.06362500761118987
    z: -1.217129538835892
  orientation:
    x: 0.05403044640894214
    y: 0.052819328818828795
    z: -0.02698534732409388
    w: 0.9967761134747245
---
header:
  stamp:
    sec: 1788574996
    nanosec: 648839000
  frame_id: default_cam
pose:
  position:
    x: 0.1378147749363982
    y: 0.06364100197149687
    z: -1.2191150189242428
  orientation:
    x: 0.056534299781481785
    y: 0.051194085287977066
    z: -0.02730283878181344
    w: 0.9967133959038572
---
header:
  stamp:
    sec: 1788574996
    nanosec: 680829000
  frame_id: default_cam
pose:
  position:
    x: 0.13821018957831815
    y: 0.06361665014018139
    z: -1.2213482360890362
  orientation:
    x: 0.05455848567152653
    y: 0.051350589949822875
    z: -0.026424658465538865
    w: 0.9968391173996005
---
header:
  stamp:
    sec: 1788574996
    nanosec: 716844000
  frame_id: default_cam
pose:
  position:
    x: 0.13824843543191215
    y: 0.06332604519554096
    z: -1.2199754244799343
  orientation:
    x: 0.05411042156611273
    y: 0.046751497624402734
    z: -0.026954570636103823
    w: 0.9970756294633002
---
header:
  stamp:
    sec: 1788574996
    nanosec: 748848000
  frame_id: default_cam
pose:
  position:
    x: 0.1391995487750617
    y: 0.0637201821424317
    z: -1.2245536481363537
  orientation:
    x: 0.056072526037142335
    y: 0.04369022582996819
    z: -0.027244904150797056
    w: 0.9970981652718824
---
header:
  stamp:
    sec: 1788574996
    nanosec: 780849000
  frame_id: default_cam
pose:
  position:
    x: 0.1395925307892615
    y: 0.0636719383402661
    z: -1.2256797989486103
  orientation:
    x: 0.055824861020634386
    y: 0.04177834317260507
    z: -0.027596876595945678
    w: 0.9971843196400187
---
header:
  stamp:
    sec: 1788574996
    nanosec: 816852000
  frame_id: default_cam
pose:
  position:
    x: 0.13965911682850063
    y: 0.06379376486519638
    z: -1.2256168598318302
  orientation:
    x: 0.05640600239938727
    y: 0.042284113100197245
    z: -0.02907103197800626
    w: 0.997088407199875
---
header:
  stamp:
    sec: 1788574996
    nanosec: 848855000
  frame_id: default_cam
pose:
  position:
    x: 0.1394848050051608
    y: 0.06374163509523229
    z: -1.2246140565382186
  orientation:
    x: 0.055180685263059075
    y: 0.043907125299596346
    z: -0.028593111670996058
    w: 0.9971006420050058
---
header:
  stamp:
    sec: 1788574996
    nanosec: 880846000
  frame_id: default_cam
pose:
  position:
    x: 0.13939092110698317
    y: 0.06374044673174073
    z: -1.2240319028131983
  orientation:
    x: 0.05531670899728665
    y: 0.04418555772771583
    z: -0.028469368501657145
    w: 0.9970843461067459
---
header:
  stamp:
    sec: 1788574996
    nanosec: 916859000
  frame_id: default_cam
pose:
  position:
    x: 0.13944464726623712
    y: 0.06383882140900671
    z: -1.2248573915377887
  orientation:
    x: 0.05594175246572805
    y: 0.044673517760116584
    z: -0.028372929300474484
    w: 0.9970304779819472
---
header:
  stamp:
    sec: 1788574996
    nanosec: 948861000
  frame_id: default_cam
pose:
  position:
    x: 0.13943701411685683
    y: 0.06386593653398198
    z: -1.2260403999997926
  orientation:
    x: 0.05144781424124117
    y: 0.04281904895587465
    z: -0.02719122214942472
    w: 0.997386729856746
---
header:
  stamp:
    sec: 1788574996
    nanosec: 980864000
  frame_id: default_cam
pose:
  position:
    x: 0.13948312317825162
    y: 0.06390502030709917
    z: -1.2269187579149268
  orientation:
    x: 0.048251369078145506
    y: 0.04237446677093475
    z: -0.027424307164929277
    w: 0.9975590796160833
---
header:
  stamp:
    sec: 1788574997
    nanosec: 16867000
  frame_id: default_cam
pose:
  position:
    x: 0.13952629673512423
    y: 0.06392885581158413
    z: -1.2252946147513817
  orientation:
    x: 0.04317539962662436
    y: 0.04319581196872038
    z: -0.027547035225400935
    w: 0.9977530594018416
---
header:
  stamp:
    sec: 1788574997
    nanosec: 48871000
  frame_id: default_cam
pose:
  position:
    x: 0.13954834764994845
    y: 0.06470052383984858
    z: -1.225094001066906
  orientation:
    x: 0.04850049874615143
    y: 0.044528759145884625
    z: -0.0307228708782813
    w: 0.9973570055077063
---
header:
  stamp:
    sec: 1788574997
    nanosec: 80860000
  frame_id: default_cam
pose:
  position:
    x: 0.1397022048371781
    y: 0.06537912179567242
    z: -1.2255351834198118
  orientation:
    x: 0.05373701725711927
    y: 0.044266260741551856
    z: -0.02976686560622845
    w: 0.9971292618553773
---
header:
  stamp:
    sec: 1788574997
    nanosec: 116874000
  frame_id: default_cam
pose:
  position:
    x: 0.13997348608388982
    y: 0.06540277499082942
    z: -1.226976379714891
  orientation:
    x: 0.053347744418408456
    y: 0.04368126119100994
    z: -0.02901414597810028
    w: 0.9971981472703368
---
header:
  stamp:
    sec: 1788574997
    nanosec: 148877000
  frame_id: default_cam
pose:
  position:
    x: 0.14035353134665415
    y: 0.06559670176821775
    z: -1.2297515189726125
  orientation:
    x: 0.05448375785605185
    y: 0.04465127505795217
    z: -0.029354502692215474
    w: 0.9970837963467639
---
header:
  stamp:
    sec: 1788574997
    nanosec: 180878000
  frame_id: default_cam
pose:
  position:
    x: 0.13994535347349765
    y: 0.0651392503556995
    z: -1.2292446978882783
  orientation:
    x: 0.05447895464928814
    y: 0.046660950311028446
    z: -0.030208179865198803
    w: 0.9969665315774769
---
header:
  stamp:
    sec: 1788574997
    nanosec: 216881000
  frame_id: default_cam
pose:
  position:
    x: 0.13949283773016663
    y: 0.06460663217918296
    z: -1.2330990497273098
  orientation:
    x: 0.05659535965324303
    y: 0.05357918346910646
    z: -0.030738814520242564
    w: 0.9964845014581983
---
header:
  stamp:
    sec: 1788574997
    nanosec: 248884000
  frame_id: default_cam
pose:
  position:
    x: 0.13883828121486036
    y: 0.06447433335899583
    z: -1.231432552379202
  orientation:
    x: 0.05964071749854055
    y: 0.05479758185849482
    z: -0.030639138641938554
    w: 0.9962436715091348
---
header:
  stamp:
    sec: 1788574997
    nanosec: 280876000
  frame_id: default_cam
pose:
  position:
    x: 0.1393487841771491
    y: 0.06501009478611704
    z: -1.2379120217260837
  orientation:
    x: 0.06013123248330198
    y: 0.047749513230619246
    z: -0.030059060193567338
    w: 0.9965945372951617
---
header:
  stamp:
    sec: 1788574997
    nanosec: 316888000
  frame_id: default_cam
pose:
  position:
    x: 0.1388526464757235
    y: 0.06490642827914207
    z: -1.235090442672528
  orientation:
    x: 0.060489925685608355
    y: 0.048755866080146454
    z: -0.03103541479878685
    w: 0.9964941733104071
---
header:
  stamp:
    sec: 1788574997
    nanosec: 348892000
  frame_id: default_cam
pose:
  position:
    x: 0.13869694946553243
    y: 0.06495165782372196
    z: -1.2348525373500008
  orientation:
    x: 0.06146072573924054
    y: 0.04723451873207492
    z: -0.03045747060665601
    w: 0.9965258761898759
---
header:
  stamp:
    sec: 1788574997
    nanosec: 380895000
  frame_id: default_cam
pose:
  position:
    x: 0.13883152476269436
    y: 0.06484436431695048
    z: -1.236452591450799
  orientation:
    x: 0.060597289274942644
    y: 0.048508518552110594
    z: -0.02914792869440316
    w: 0.9965567171080802
---
header:
  stamp:
    sec: 1788574997
    nanosec: 416896000
  frame_id: default_cam
pose:
  position:
    x: 0.1388017479508637
    y: 0.06491524698423695
    z: -1.23929284421243
  orientation:
    x: 0.060072502580608755
    y: 0.05230080480040511
    z: -0.03042094583872173
    w: 0.9963586133040705
---
header:
  stamp:
    sec: 1788574997
    nanosec: 448899000
  frame_id: default_cam
pose:
  position:
    x: 0.13864414641836484
    y: 0.06473885308729514
    z: -1.238975635400754
  orientation:
    x: 0.05819536331026998
    y: 0.05289219176279455
    z: -0.029350909555385905
    w: 0.9964708926245588
---
header:
  stamp:
    sec: 1788574997
    nanosec: 480889000
  frame_id: default_cam
pose:
  position:
    x: 0.13860688689563702
    y: 0.06475697381311865
    z: -1.2384602203898496
  orientation:
    x: 0.05874995996906957
    y: 0.052895689654102816
    z: -0.02956856153859584
    w: 0.9964317279112442
---
header:
  stamp:
    sec: 1788574997
    nanosec: 516903000
  frame_id: default_cam
pose:
  position:
    x: 0.1386635234055267
    y: 0.06479904295482387
    z: -1.2390051959444421
  orientation:
    x: 0.05811432600973586
    y: 0.051710619471342006
    z: -0.02950474692268039
    w: 0.9965330937080579
---
header:
  stamp:
    sec: 1788574997
    nanosec: 548907000
  frame_id: default_cam
pose:
  position:
    x: 0.13869941167576919
    y: 0.06483189387608526
    z: -1.2394589878965703
  orientation:
    x: 0.059032869421109725
    y: 0.05060983190681125
    z: -0.02953543516529477
    w: 0.9965347075299842
---
header:
  stamp:
    sec: 1788574997
    nanosec: 580907000
  frame_id: default_cam
pose:
  position:
    x: 0.13873652775375367
    y: 0.06481386926265552
    z: -1.2399747335409856
  orientation:
    x: 0.05848238739566665
    y: 0.05060850069839031
    z: -0.029319697109598773
    w: 0.9965736025918837
---
header:
  stamp:
    sec: 1788574997
    nanosec: 616911000
  frame_id: default_cam
pose:
  position:
    x: 0.1383385127114944
    y: 0.06467614482013315
    z: -1.2375670590185466
  orientation:
    x: 0.058441679436988955
    y: 0.05138325469561755
    z: -0.029738721349126633
    w: 0.9965239283097965
---
header:
  stamp:
    sec: 1788574997
    nanosec: 648915000
  frame_id: default_cam
pose:
  position:
    x: 0.1384443993325878
    y: 0.06475811054877112
    z: -1.2386426713573384
  orientation:
    x: 0.05782755313028177
    y: 0.04894625621909236
    z: -0.029652975854500038
    w: 0.9966849748662171
---
header:
  stamp:
    sec: 1788574997
    nanosec: 680904000
  frame_id: default_cam
pose:
  position:
    x: 0.13812670917541806
    y: 0.06460950330690926
    z: -1.2373822557952352
  orientation:
    x: 0.05737413480094463
    y: 0.048597497435505656
    z: -0.02991117146786893
    w: 0.9967205293964145
---
header:
  stamp:
    sec: 1788574997
    nanosec: 716920000
  frame_id: default_cam
pose:
  position:
    x: 0.138026628233372
    y: 0.06456308865508142
    z: -1.237794877623483
  orientation:
    x: 0.056324906887194034
    y: 0.0497736320241761
    z: -0.0297066984775079
    w: 0.9967284497218073
---
header:
  stamp:
    sec: 1788574997
    nanosec: 748922000
  frame_id: default_cam
pose:
  position:
    x: 0.1380311295841747
    y: 0.06475158776685946
    z: -1.2386603786901622
  orientation:
    x: 0.05671287171067392
    y: 0.04745163516025236
    z: -0.030181170570768145
    w: 0.9968054421229476
---
header:
  stamp:
    sec: 1788574997
    nanosec: 780922000
  frame_id: default_cam
pose:
  position:
    x: 0.13819456254939333
    y: 0.06512601695380406
    z: -1.2400603231806326
  orientation:
    x: 0.05561771605112922
    y: 0.051638709453911046
    z: -0.0317973671124852
    w: 0.996608770176093
---
header:
  stamp:
    sec: 1788574997
    nanosec: 816926000
  frame_id: default_cam
pose:
  position:
    x: 0.1379423938726806
    y: 0.06564995584498957
    z: -1.2444906209266715
  orientation:
    x: 0.05665559646819649
    y: 0.05283505482711493
    z: -0.03398071686556494
    w: 0.9964155314182688
---
header:
  stamp:
    sec: 1788574997
    nanosec: 848930000
  frame_id: default_cam
pose:
  position:
    x: 0.1376730913140705
    y: 0.0652363980167881
    z: -1.2431619010353703
  orientation:
    x: 0.06027729875103294
    y: 0.05293992526313594
    z: -0.03268873379503227
    w: 0.9962406628176195
---
header:
  stamp:
    sec: 1788574997
    nanosec: 916934000
  frame_id: default_cam
pose:
  position:
    x: 0.13908970833391
    y: 0.06431336739210967
    z: -1.243128355994297
  orientation:
    x: 0.05405389096657329
    y: 0.04972260853091138
    z: -0.03098486156097866
    w: 0.9968178255961831
---
header:
  stamp:
    sec: 1788574997
    nanosec: 948936000
  frame_id: default_cam
pose:
  position:
    x: 0.13962076592197203
    y: 0.06485484985116138
    z: -1.243132199317755
  orientation:
    x: 0.05985288236685869
    y: 0.04620330994122506
    z: -0.0319356080867398
    w: 0.9966258091977069
---
header:
  stamp:
    sec: 1788574997
    nanosec: 980939000
  frame_id: default_cam
pose:
  position:
    x: 0.13974398681821062
    y: 0.06490767426903452
    z: -1.2450861140385219
  orientation:
    x: 0.05935266456766144
    y: 0.04694564878477098
    z: -0.03174852594053904
    w: 0.9966270106561925
---
header:
  stamp:
    sec: 1788574998
    nanosec: 16943000
  frame_id: default_cam
pose:
  position:
    x: 0.13958394098892773
    y: 0.06473787509058046
    z: -1.2444565152878504
  orientation:
    x: 0.057145278547331084
    y: 0.04920149318790403
    z: -0.032746237941333356
    w: 0.9966149276970109
---
header:
  stamp:
    sec: 1788574998
    nanosec: 48944000
  frame_id: default_cam
pose:
  position:
    x: 0.13919834525449795
    y: 0.06468326673575192
    z: -1.242360212362883
  orientation:
    x: 0.058642659653479916
    y: 0.04893685766873039
    z: -0.031925453094924
    w: 0.9965676032638029
---
header:
  stamp:
    sec: 1788574998
    nanosec: 80932000
  frame_id: default_cam
pose:
  position:
    x: 0.13867457565840904
    y: 0.06477434407824363
    z: -1.2431753778242838
  orientation:
    x: 0.05828702105995354
    y: 0.04173233618179264
    z: -0.030216633295836615
    w: 0.9969694029231947
---
header:
  stamp:
    sec: 1788574998
    nanosec: 116948000
  frame_id: default_cam
pose:
  position:
    x: 0.13835766208935552
    y: 0.06475326516560556
    z: -1.2452959842537734
  orientation:
    x: 0.056684175486955146
    y: 0.04452906287769921
    z: -0.03033192805678189
    w: 0.9969373305022519
---
header:
  stamp:
    sec: 1788574998
    nanosec: 148951000
  frame_id: default_cam
pose:
  position:
    x: 0.13737756889549035
    y: 0.06463717535811934
    z: -1.242922375657554
  orientation:
    x: 0.05653254495886334
    y: 0.04760113869350219
    z: -0.030899603921863972
    w: 0.9967865455718331
---
header:
  stamp:
    sec: 1788574998
    nanosec: 180952000
  frame_id: default_cam
pose:
  position:
    x: 0.13710737964228004
    y: 0.06497574808409509
    z: -1.2453238300661886
  orientation:
    x: 0.05793248242131202
    y: 0.040464974563548556
    z: -0.030242428855640154
    w: 0.9970415281275837
---
header:
  stamp:
    sec: 1788574998
    nanosec: 216959000
  frame_id: default_cam
pose:
  position:
    x: 0.13645000773581673
    y: 0.06485324173664372
    z: -1.2426031737433134
  orientation:
    x: 0.05848434041736814
    y: 0.04215712856041543
    z: -0.030979551135132014
    w: 0.9969165591206477
---
header:
  stamp:
    sec: 1788574998
    nanosec: 248960000
  frame_id: default_cam
pose:
  position:
    x: 0.13654716851500562
    y: 0.06459850117476008
    z: -1.2440452974166565
  orientation:
    x: 0.0564440572115909
    y: 0.041014175326422625
    z: -0.029528421754627686
    w: 0.9971258587241978
---
header:
  stamp:
    sec: 1788574998
    nanosec: 280950000
  frame_id: default_cam
pose:
  position:
    x: 0.13644555978829284
    y: 0.06435293761738499
    z: -1.2448961891017523
  orientation:
    x: 0.05261554875506776
    y: 0.04163102834960493
    z: -0.03082287476520735
    w: 0.997270480811984
---
header:
  stamp:
    sec: 1788574998
    nanosec: 316966000
  frame_id: default_cam
pose:
  position:
    x: 0.1358950880447946
    y: 0.06449128170789176
    z: -1.246028529995061
  orientation:
    x: 0.05483413273612063
    y: 0.039214346967194745
    z: -0.030452092529347267
    w: 0.9972603085150828
---
header:
  stamp:
    sec: 1788574998
    nanosec: 348967000
  frame_id: default_cam
pose:
  position:
    x: 0.13588664759893138
    y: 0.06439452996487771
    z: -1.246030196173479
  orientation:
    x: 0.05395101653227943
    y: 0.0354468604865505
    z: -0.03093151505953525
    w: 0.9974347343425045
---
header:
  stamp:
    sec: 1788574998
    nanosec: 380968000
  frame_id: default_cam
pose:
  position:
    x: 0.13575941095890043
    y: 0.06425295370216848
    z: -1.2454004987356273
  orientation:
    x: 0.05293412714014429
    y: 0.03580060439592993
    z: -0.030400022190270284
    w: 0.997492924064942
---
header:
  stamp:
    sec: 1788574998
    nanosec: 416972000
  frame_id: default_cam
pose:
  position:
    x: 0.1354363032902862
    y: 0.06406622471845952
    z: -1.246322790897971
  orientation:
    x: 0.04944388985305698
    y: 0.038687985492227066
    z: -0.031914561230719306
    w: 0.9975169183107636
---
header:
  stamp:
    sec: 1788574998
    nanosec: 448972000
  frame_id: default_cam
pose:
  position:
    x: 0.13476254983934888
    y: 0.063856084620199
    z: -1.242418562343964
  orientation:
    x: 0.05036168959804863
    y: 0.039079624335332803
    z: -0.0327205263091797
    w: 0.9974296217481659
---
header:
  stamp:
    sec: 1788574998
    nanosec: 516981000
  frame_id: default_cam
pose:
  position:
    x: 0.1357486595049452
    y: 0.06406690988259757
    z: -1.2434869679513039
  orientation:
    x: 0.05628821412212301
    y: 0.0352865073592985
    z: -0.03141778279847027
    w: 0.997296055478689
---
header:
  stamp:
    sec: 1788574998
    nanosec: 548980000
  frame_id: default_cam
pose:
  position:
    x: 0.13665867760016376
    y: 0.06432718400232632
    z: -1.2474076764140352
  orientation:
    x: 0.05942626682175209
    y: 0.033735780162760076
    z: -0.03155536123590599
    w: 0.9971633141696055
---
header:
  stamp:
    sec: 1788574998
    nanosec: 580983000
  frame_id: default_cam
pose:
  position:
    x: 0.1365115179210741
    y: 0.06409570481004058
    z: -1.2458855734185748
  orientation:
    x: 0.057817729033264195
    y: 0.03343715783511696
    z: -0.032212927657070824
    w: 0.9972469072286491
---
header:
  stamp:
    sec: 1788574998
    nanosec: 616985000
  frame_id: default_cam
pose:
  position:
    x: 0.13641302837691777
    y: 0.06384850388643744
    z: -1.2424678752553844
  orientation:
    x: 0.0577152824419845
    y: 0.03661820144504642
    z: -0.033779190622400604
    w: 0.9970892737245083
---
header:
  stamp:
    sec: 1788574998
    nanosec: 648988000
  frame_id: default_cam
pose:
  position:
    x: 0.13760184545969237
    y: 0.06420740060327372
    z: -1.247216728053016
  orientation:
    x: 0.057062764332225104
    y: 0.034411972078014226
    z: -0.03488550796544387
    w: 0.9971673171732315
---
header:
  stamp:
    sec: 1788574998
    nanosec: 680976000
  frame_id: default_cam
pose:
  position:
    x: 0.1385487770746295
    y: 0.06401605043034005
    z: -1.245684841380156
  orientation:
    x: 0.057194931496452266
    y: 0.030236389780548063
    z: -0.03314239575910888
    w: 0.9973545418493373
---
header:
  stamp:
    sec: 1788574998
    nanosec: 716993000
  frame_id: default_cam
pose:
  position:
    x: 0.13894559535514528
    y: 0.06400490052327372
    z: -1.244121622707302
  orientation:
    x: 0.0564743633567609
    y: 0.03550840918357749
    z: -0.03422219737581948
    w: 0.9971853590819867
---
header:
  stamp:
    sec: 1788574998
    nanosec: 748995000
  frame_id: default_cam
pose:
  position:
    x: 0.1401617522221681
    y: 0.06413947270003666
    z: -1.2464824744295235
  orientation:
    x: 0.05135090246669417
    y: 0.030258757358060617
    z: -0.03233816736410545
    w: 0.9976982185764056
---
header:
  stamp:
    sec: 1788574998
    nanosec: 780995000
  frame_id: default_cam
pose:
  position:
    x: 0.13964650957308702
    y: 0.06414761950560949
    z: -1.247505294575418
  orientation:
    x: 0.05042283916508833
    y: 0.037854415655148584
    z: -0.03348724031346231
    w: 0.997448337129361
---
header:
  stamp:
    sec: 1788574998
    nanosec: 849003000
  frame_id: default_cam
pose:
  position:
    x: 0.13824098692109055
    y: 0.06407367484648847
    z: -1.2455839937939657
  orientation:
    x: 0.05004031073849241
    y: 0.042839802444605654
    z: -0.032207959351991514
    w: 0.9973080597198053
---
header:
  stamp:
    sec: 1788574998
    nanosec: 880993000
  frame_id: default_cam
pose:
  position:
    x: 0.13731628050334396
    y: 0.06403123021246343
    z: -1.2472214547700498
  orientation:
    x: 0.04754508068996366
    y: 0.04040992658431782
    z: -0.03174074876821893
    w: 0.9975465041807663
---
header:
  stamp:
    sec: 1788574998
    nanosec: 917008000
  frame_id: default_cam
pose:
  position:
    x: 0.13650481977805054
    y: 0.0642883040748651
    z: -1.2486622059287118
  orientation:
    x: 0.04978322254385293
    y: 0.04284343429914051
    z: -0.03324029384890155
    w: 0.9972868964121824
---
header:
  stamp:
    sec: 1788574998
    nanosec: 949008000
  frame_id: default_cam
pose:
  position:
    x: 0.1365277779912275
    y: 0.06429333539194683
    z: -1.2479768567286063
  orientation:
    x: 0.04463307079844386
    y: 0.0441379108890568
    z: -0.03259549155782789
    w: 0.9974954976056556
---
header:
  stamp:
    sec: 1788574998
    nanosec: 981010000
  frame_id: default_cam
pose:
  position:
    x: 0.1365277779912275
    y: 0.06429333539194683
    z: -1.2479768567286063
  orientation:
    x: 0.04463307079844386
    y: 0.0441379108890568
    z: -0.03259549155782789
    w: 0.9974954976056556
---
header:
  stamp:
    sec: 1788574999
    nanosec: 17018000
  frame_id: default_cam
pose:
  position:
    x: 0.13665887946932403
    y: 0.06442259776840212
    z: -1.2482079247649067
  orientation:
    x: 0.04155183272719277
    y: 0.04349452665297948
    z: -0.03157942167723996
    w: 0.9976895366168654
---
header:
  stamp:
    sec: 1788574999
    nanosec: 49018000
  frame_id: default_cam
pose:
  position:
    x: 0.13810210313562274
    y: 0.06542803069854382
    z: -1.2526557015740234
  orientation:
    x: 0.043262077636834664
    y: 0.03843632183195133
    z: -0.029785466524476018
    w: 0.9978796860275764
---
header:
  stamp:
    sec: 1788574999
    nanosec: 81009000
  frame_id: default_cam
pose:
  position:
    x: 0.13762842096668665
    y: 0.0654624031518895
    z: -1.2454064619862164
  orientation:
    x: 0.046433863516529346
    y: 0.04859657612139309
    z: -0.03127651111008156
    w: 0.9972482383844992
---
header:
  stamp:
    sec: 1788574999
    nanosec: 117022000
  frame_id: default_cam
pose:
  position:
    x: 0.13827978120494064
    y: 0.06612718065354106
    z: -1.2492913562968542
  orientation:
    x: 0.0500789976067646
    y: 0.049289502625502135
    z: -0.03404248564257909
    w: 0.9969472143001891
---
header:
  stamp:
    sec: 1788574999
    nanosec: 149025000
  frame_id: default_cam
pose:
  position:
    x: 0.1382616114040434
    y: 0.06606046458286614
    z: -1.247820806332491
  orientation:
    x: 0.048498793540301025
    y: 0.047871570885729485
    z: -0.03390644257124168
    w: 0.9970990587089283
---
header:
  stamp:
    sec: 1788574999
    nanosec: 181027000
  frame_id: default_cam
pose:
  position:
    x: 0.13837603625932307
    y: 0.06596256740669007
    z: -1.2446590726201936
  orientation:
    x: 0.044697246203438165
    y: 0.045345360808037326
    z: -0.032776257446412826
    w: 0.9974325397653842
---
header:
  stamp:
    sec: 1788574999
    nanosec: 217028000
  frame_id: default_cam
pose:
  position:
    x: 0.13939919923195518
    y: 0.0664181537945457
    z: -1.249851267504195
  orientation:
    x: 0.04430508182168514
    y: 0.04523784850605672
    z: -0.033703293684342606
    w: 0.9974240245663545
---
header:
  stamp:
    sec: 1788574999
    nanosec: 249031000
  frame_id: default_cam
pose:
  position:
    x: 0.13951084313860906
    y: 0.06650454502984558
    z: -1.2508925467436447
  orientation:
    x: 0.04184310975525678
    y: 0.042783266676408034
    z: -0.03359832363748757
    w: 0.9976421697719355
---
header:
  stamp:
    sec: 1788574999
    nanosec: 281022000
  frame_id: default_cam
pose:
  position:
    x: 0.13913010062422018
    y: 0.06634664268773144
    z: -1.2488614570689995
  orientation:
    x: 0.0424108451667318
    y: 0.039727534699524086
    z: -0.03423537729542157
    w: 0.9977228984745121
---
header:
  stamp:
    sec: 1788574999
    nanosec: 317039000
  frame_id: default_cam
pose:
  position:
    x: 0.13846404097251103
    y: 0.06637107677847685
    z: -1.249825922090764
  orientation:
    x: 0.044121452468612224
    y: 0.042729361176283995
    z: -0.03469340627683161
    w: 0.9975088303801813
---
header:
  stamp:
    sec: 1788574999
    nanosec: 349041000
  frame_id: default_cam
pose:
  position:
    x: 0.13809515256358793
    y: 0.06631904659863266
    z: -1.2494755743074826
  orientation:
    x: 0.05116136090147622
    y: 0.03576949990248034
    z: -0.03510382272648747
    w: 0.9974320927549016
---
header:
  stamp:
    sec: 1788574999
    nanosec: 381041000
  frame_id: default_cam
pose:
  position:
    x: 0.13822097384676202
    y: 0.06646979660572953
    z: -1.2509137766963623
  orientation:
    x: 0.04883054883358469
    y: 0.03493494565449484
    z: -0.03488701458182746
    w: 0.9975860981821548
---
header:
  stamp:
    sec: 1788574999
    nanosec: 417044000
  frame_id: default_cam
pose:
  position:
    x: 0.13822097384676202
    y: 0.06646979660572953
    z: -1.2509137766963623
  orientation:
    x: 0.04883054883358469
    y: 0.03493494565449484
    z: -0.03488701458182746
    w: 0.9975860981821548
---
header:
  stamp:
    sec: 1788574999
    nanosec: 449046000
  frame_id: default_cam
pose:
  position:
    x: 0.13820437148695888
    y: 0.06644812202092047
    z: -1.2505678071267508
  orientation:
    x: 0.04659787529117307
    y: 0.03596561732797018
    z: -0.03481625227799136
    w: 0.9976587297096545
---
header:
  stamp:
    sec: 1788574999
    nanosec: 481037000
  frame_id: default_cam
pose:
  position:
    x: 0.13856015965858426
    y: 0.06705507795184236
    z: -1.253588537191233
  orientation:
    x: 0.040535493819288795
    y: 0.03556641373557651
    z: -0.03649424859132958
    w: 0.9978777849890088
---
header:
  stamp:
    sec: 1788574999
    nanosec: 517051000
  frame_id: default_cam
pose:
  position:
    x: 0.13916254106901635
    y: 0.06781853419969343
    z: -1.2569187289354105
  orientation:
    x: 0.04489867157003394
    y: 0.03444468062994412
    z: -0.034152861668193354
    w: 0.9978132366868163
---
header:
  stamp:
    sec: 1788574999
    nanosec: 549053000
  frame_id: default_cam
pose:
  position:
    x: 0.13943555282275918
    y: 0.06775506344778663
    z: -1.2567666929580679
  orientation:
    x: 0.04990863124492326
    y: 0.043440274865516125
    z: -0.03425546749399352
    w: 0.9972204540589982
---
header:
  stamp:
    sec: 1788574999
    nanosec: 581056000
  frame_id: default_cam
pose:
  position:
    x: 0.13989834664164788
    y: 0.06715389098016238
    z: -1.2564524344569579
  orientation:
    x: 0.055700224082471314
    y: 0.04128129204721211
    z: -0.03292408856092244
    w: 0.9970503218777415
---
header:
  stamp:
    sec: 1788574999
    nanosec: 617056000
  frame_id: default_cam
pose:
  position:
    x: 0.1411317220652465
    y: 0.0673624967044062
    z: -1.2628237597288061
  orientation:
    x: 0.05699722071021874
    y: 0.03829170359399674
    z: -0.03163457172228042
    w: 0.9971380627270869
---
header:
  stamp:
    sec: 1788574999
    nanosec: 649061000
  frame_id: default_cam
pose:
  position:
    x: 0.1413749035177772
    y: 0.0675744938392645
    z: -1.2608070292672102
  orientation:
    x: 0.059837394775718374
    y: 0.037398842054663005
    z: -0.02931613642691628
    w: 0.9970764147969922
---
header:
  stamp:
    sec: 1788574999
    nanosec: 681053000
  frame_id: default_cam
pose:
  position:
    x: 0.14201553243842618
    y: 0.06795216725923395
    z: -1.2626097101289975
  orientation:
    x: 0.06036954706011693
    y: 0.044048033983783236
    z: -0.029542109529813194
    w: 0.9967660469009005
---
header:
  stamp:
    sec: 1788574999
    nanosec: 717065000
  frame_id: default_cam
pose:
  position:
    x: 0.1422480591187673
    y: 0.06842369566659352
    z: -1.2657788661766145
  orientation:
    x: 0.061535887484247646
    y: 0.04398464528782543
    z: -0.028310274010809634
    w: 0.9967332711994032
---
header:
  stamp:
    sec: 1788574999
    nanosec: 749069000
  frame_id: default_cam
pose:
  position:
    x: 0.14226037839482192
    y: 0.06829562221419108
    z: -1.2652711807703234
  orientation:
    x: 0.05993861069097647
    y: 0.03900474042957825
    z: -0.0284567679714012
    w: 0.9970337033065024
---
header:
  stamp:
    sec: 1788574999
    nanosec: 817074000
  frame_id: default_cam
pose:
  position:
    x: 0.14238144315805404
    y: 0.06806074936595494
    z: -1.2644749264847566
  orientation:
    x: 0.06022140650933109
    y: 0.0399951006831083
    z: -0.029675928192340592
    w: 0.9969418806556924
---
header:
  stamp:
    sec: 1788574999
    nanosec: 881068000
  frame_id: default_cam
pose:
  position:
    x: 0.14263512693957375
    y: 0.06829004526246002
    z: -1.2679011084393428
  orientation:
    x: 0.061717175784387644
    y: 0.03284616460564071
    z: -0.029910622293686694
    w: 0.9971045453501366
---
header:
  stamp:
    sec: 1788574999
    nanosec: 917081000
  frame_id: default_cam
pose:
  position:
    x: 0.14253819833615228
    y: 0.06830323810783906
    z: -1.267754800457376
  orientation:
    x: 0.06064448213655089
    y: 0.03225516564038745
    z: -0.029391201179797037
    w: 0.9972050984472098
---
header:
  stamp:
    sec: 1788574999
    nanosec: 949083000
  frame_id: default_cam
pose:
  position:
    x: 0.14259267671938533
    y: 0.06858156889843821
    z: -1.2696697329790492
  orientation:
    x: 0.062429232598334224
    y: 0.03412513853242911
    z: -0.029117722168725043
    w: 0.9970407334171612
---
header:
  stamp:
    sec: 1788574999
    nanosec: 981084000
  frame_id: default_cam
pose:
  position:
    x: 0.14249298718090286
    y: 0.06857324313075507
    z: -1.2691413628718833
  orientation:
    x: 0.0624118932367975
    y: 0.03444662098785309
    z: -0.02889649462580565
    w: 0.9970372001502544
---
header:
  stamp:
    sec: 1788575000
    nanosec: 81083000
  frame_id: default_cam
pose:
  position:
    x: 0.14272783103497927
    y: 0.06901240592041254
    z: -1.2710208526083584
  orientation:
    x: 0.06537772539380175
    y: 0.03372849970715458
    z: -0.030050273218177638
    w: 0.9968375606934913
---
header:
  stamp:
    sec: 1788575000
    nanosec: 117100000
  frame_id: default_cam
pose:
  position:
    x: 0.14259267604867237
    y: 0.06858157308647407
    z: -1.2696697416620402
  orientation:
    x: 0.062429357040855074
    y: 0.03412518324099149
    z: -0.02911772903554545
    w: 0.9970407238944891
---
header:
  stamp:
    sec: 1788575000
    nanosec: 149098000
  frame_id: default_cam
pose:
  position:
    x: 0.14255327606833323
    y: 0.06849292087926155
    z: -1.2686881320667802
  orientation:
    x: 0.061982340894548384
    y: 0.033293476897668546
    z: -0.028991950955132392
    w: 0.9971003964461711
---
header:
  stamp:
    sec: 1788575000
    nanosec: 181101000
  frame_id: default_cam
pose:
  position:
    x: 0.14268147914223056
    y: 0.06832417258070081
    z: -1.2683412996169845
  orientation:
    x: 0.06092599857158534
    y: 0.03171694474913766
    z: -0.029856730316388615
    w: 0.9971913726906435
---
header:
  stamp:
    sec: 1788575000
    nanosec: 217103000
  frame_id: default_cam
pose:
  position:
    x: 0.14301860033104946
    y: 0.0684530470631691
    z: -1.2699440120561896
  orientation:
    x: 0.061141843282266045
    y: 0.03433707981227725
    z: -0.02989520741555806
    w: 0.9970902248661316
---
header:
  stamp:
    sec: 1788575000
    nanosec: 249106000
  frame_id: default_cam
pose:
  position:
    x: 0.14343727231659206
    y: 0.06822067384515176
    z: -1.270105142471765
  orientation:
    x: 0.06061626910658912
    y: 0.04096006543276415
    z: -0.029293853918297974
    w: 0.9968900697077661
---
header:
  stamp:
    sec: 1788575000
    nanosec: 281098000
  frame_id: default_cam
pose:
  position:
    x: 0.14351116910713976
    y: 0.06823707495938362
    z: -1.2703455102569434
  orientation:
    x: 0.06089867299999892
    y: 0.04065628983424598
    z: -0.029592069740755986
    w: 0.9968764853943598
---
header:
  stamp:
    sec: 1788575000
    nanosec: 349115000
  frame_id: default_cam
pose:
  position:
    x: 0.14331806221563972
    y: 0.06843425078792056
    z: -1.2713907767514292
  orientation:
    x: 0.061105633702165374
    y: 0.030644950670152223
    z: -0.029162258887909628
    w: 0.9972344514630626
---
header:
  stamp:
    sec: 1788575000
    nanosec: 381116000
  frame_id: default_cam
pose:
  position:
    x: 0.14314185102361882
    y: 0.06855470683049476
    z: -1.2712720727455524
  orientation:
    x: 0.06142352512002827
    y: 0.030753635788287225
    z: -0.029805009669030557
    w: 0.9971925720974157
---
header:
  stamp:
    sec: 1788575000
    nanosec: 417121000
  frame_id: default_cam
pose:
  position:
    x: 0.14315311894662794
    y: 0.0685384088610525
    z: -1.2716312034684232
  orientation:
    x: 0.060950616075383324
    y: 0.030844745366438574
    z: -0.029574027851958142
    w: 0.9972256519764834
---
header:
  stamp:
    sec: 1788575000
    nanosec: 449122000
  frame_id: default_cam
pose:
  position:
    x: 0.14319319674682088
    y: 0.06867743507579777
    z: -1.2729287175094879
  orientation:
    x: 0.06268229492232483
    y: 0.03326863444862696
    z: -0.029700996831501618
    w: 0.9970365984518368
---
header:
  stamp:
    sec: 1788575000
    nanosec: 481113000
  frame_id: default_cam
pose:
  position:
    x: 0.14330663340869718
    y: 0.06882091145208484
    z: -1.2741779010757057
  orientation:
    x: 0.06259969492984033
    y: 0.032447184776445544
    z: -0.029427710164337217
    w: 0.9970769620592274
---
header:
  stamp:
    sec: 1788575000
    nanosec: 517126000
  frame_id: default_cam
pose:
  position:
    x: 0.1432948989040354
    y: 0.06883707745669228
    z: -1.273814872402122
  orientation:
    x: 0.06307420359620786
    y: 0.032360004567282316
    z: -0.029660744088409546
    w: 0.9970429856356402
---
header:
  stamp:
    sec: 1788575000
    nanosec: 549128000
  frame_id: default_cam
pose:
  position:
    x: 0.1434261219201439
    y: 0.06883617252424418
    z: -1.2743710948270541
  orientation:
    x: 0.06369785474960749
    y: 0.033093946219381616
    z: -0.029339363987406174
    w: 0.9969887540713491
---
header:
  stamp:
    sec: 1788575000
    nanosec: 617136000
  frame_id: default_cam
pose:
  position:
    x: 0.14336035286746504
    y: 0.06872757874637557
    z: -1.2735722899871469
  orientation:
    x: 0.06299122849578861
    y: 0.03277714178550359
    z: -0.02955483407969776
    w: 0.9970377504846473
---
header:
  stamp:
    sec: 1788575000
    nanosec: 649136000
  frame_id: default_cam
pose:
  position:
    x: 0.14359633767118582
    y: 0.06881787357300322
    z: -1.2750083582374958
  orientation:
    x: 0.0630642244150079
    y: 0.032268011917922224
    z: -0.029347942032788624
    w: 0.9970558546562166
---
header:
  stamp:
    sec: 1788575000
    nanosec: 681139000
  frame_id: default_cam
pose:
  position:
    x: 0.14392293696645703
    y: 0.06867415619808477
    z: -1.275552965498122
  orientation:
    x: 0.06162247132303925
    y: 0.029881614639583692
    z: -0.0288998507314072
    w: 0.9972334524885711
---
header:
  stamp:
    sec: 1788575000
    nanosec: 717137000
  frame_id: default_cam
pose:
  position:
    x: 0.1440155672909093
    y: 0.06883050348069962
    z: -1.2776608142283985
  orientation:
    x: 0.06205400536357679
    y: 0.03130852212499399
    z: -0.028697817692922713
    w: 0.9971687480664192
---
header:
  stamp:
    sec: 1788575000
    nanosec: 749142000
  frame_id: default_cam
pose:
  position:
    x: 0.1441077729017339
    y: 0.06866961445837858
    z: -1.2774965545486794
  orientation:
    x: 0.06146446106853651
    y: 0.028646956498373163
    z: -0.028601350529320238
    w: 0.9972880399648005
---
header:
  stamp:
    sec: 1788575000
    nanosec: 781144000
  frame_id: default_cam
pose:
  position:
    x: 0.14427078989854691
    y: 0.06860093195163908
    z: -1.2797739608596375
  orientation:
    x: 0.05925286309984435
    y: 0.028751783444258334
    z: -0.027768360203715196
    w: 0.9974424050213838
---
header:
  stamp:
    sec: 1788575000
    nanosec: 817145000
  frame_id: default_cam
pose:
  position:
    x: 0.1440584951508834
    y: 0.06866470890106392
    z: -1.2838083779311118
  orientation:
    x: 0.06139571318307252
    y: 0.033826130189505456
    z: -0.02874953653268499
    w: 0.9971257811672007
---
header:
  stamp:
    sec: 1788575000
    nanosec: 849151000
  frame_id: default_cam
pose:
  position:
    x: 0.14339586864003537
    y: 0.06845193508987718
    z: -1.281352020322454
  orientation:
    x: 0.06057544107759871
    y: 0.03623189761799075
    z: -0.029160138760696227
    w: 0.9970795112932122
---
header:
  stamp:
    sec: 1788575000
    nanosec: 881153000
  frame_id: default_cam
pose:
  position:
    x: 0.14331601060136884
    y: 0.06829491704577575
    z: -1.2802836006740752
  orientation:
    x: 0.06141326418412768
    y: 0.03401721360126791
    z: -0.029458291998730186
    w: 0.9970975123795937
---
header:
  stamp:
    sec: 1788575000
    nanosec: 917153000
  frame_id: default_cam
pose:
  position:
    x: 0.14311472876032946
    y: 0.06794229069137395
    z: -1.2792665483274992
  orientation:
    x: 0.06116847938659876
    y: 0.033669474079402927
    z: -0.02919747321302701
    w: 0.9971320329839586
---
header:
  stamp:
    sec: 1788575000
    nanosec: 949157000
  frame_id: default_cam
pose:
  position:
    x: 0.1430063608907022
    y: 0.0678732062888283
    z: -1.2798684864173866
  orientation:
    x: 0.06326673929066358
    y: 0.03523419070857635
    z: -0.03042917644700262
    w: 0.9969101949149662
---
header:
  stamp:
    sec: 1788575000
    nanosec: 981162000
  frame_id: default_cam
pose:
  position:
    x: 0.14293536924676808
    y: 0.06776757345051872
    z: -1.2821723966985752
  orientation:
    x: 0.0629606063396876
    y: 0.03424622035614958
    z: -0.03121142599952772
    w: 0.9969398203140112
---
header:
  stamp:
    sec: 1788575001
    nanosec: 17161000
  frame_id: default_cam
pose:
  position:
    x: 0.14248869368531283
    y: 0.06767668325549069
    z: -1.2810158069199216
  orientation:
    x: 0.06430764111632684
    y: 0.032775395583201375
    z: -0.031264431487837294
    w: 0.996901618045713
---
header:
  stamp:
    sec: 1788575001
    nanosec: 49164000
  frame_id: default_cam
pose:
  position:
    x: 0.1427367801630978
    y: 0.06733503960889105
    z: -1.2818986397808447
  orientation:
    x: 0.06185521009821578
    y: 0.03239838509050993
    z: -0.030013487478445487
    w: 0.9971075509676044
---
header:
  stamp:
    sec: 1788575001
    nanosec: 81167000
  frame_id: default_cam
pose:
  position:
    x: 0.14263399173309235
    y: 0.06731645194232247
    z: -1.2825454401005478
  orientation:
    x: 0.06167445564291451
    y: 0.034385074828407886
    z: -0.030340175362136207
    w: 0.9970423270399256
---
header:
  stamp:
    sec: 1788575001
    nanosec: 181176000
  frame_id: default_cam
pose:
  position:
    x: 0.14231532655291923
    y: 0.06702447901055066
    z: -1.2805185809185151
  orientation:
    x: 0.06040377138005981
    y: 0.03136175105325137
    z: -0.02868321345670099
    w: 0.9972688194462598
---
header:
  stamp:
    sec: 1788575001
    nanosec: 217180000
  frame_id: default_cam
pose:
  position:
    x: 0.1422305175201157
    y: 0.06716270606176887
    z: -1.2826697285638018
  orientation:
    x: 0.0611603468050214
    y: 0.03497278725769584
    z: -0.029289859174531807
    w: 0.9970849614148503
---
header:
  stamp:
    sec: 1788575001
    nanosec: 317187000
  frame_id: default_cam
pose:
  position:
    x: 0.1427912405847441
    y: 0.06718056779400958
    z: -1.2820688003318648
  orientation:
    x: 0.06132552230761532
    y: 0.032891939072169446
    z: -0.03017011253238377
    w: 0.9971193835080904
---
header:
  stamp:
    sec: 1788575001
    nanosec: 349186000
  frame_id: default_cam
pose:
  position:
    x: 0.1428843990056032
    y: 0.0675224253236408
    z: -1.2811207715462871
  orientation:
    x: 0.062234039875914436
    y: 0.032512466065104266
    z: -0.03193674857774103
    w: 0.9970205152961351
---
header:
  stamp:
    sec: 1788575001
    nanosec: 381190000
  frame_id: default_cam
pose:
  position:
    x: 0.14277879821530517
    y: 0.06743798033201581
    z: -1.2800144067859844
  orientation:
    x: 0.06249892145717128
    y: 0.03538562220376727
    z: -0.03203036569706641
    w: 0.9969031037323812
---
header:
  stamp:
    sec: 1788575001
    nanosec: 417190000
  frame_id: default_cam
pose:
  position:
    x: 0.14298034603137086
    y: 0.06760462850189687
    z: -1.2822053528051525
  orientation:
    x: 0.06317887193325204
    y: 0.029492702453476717
    z: -0.03186870162658826
    w: 0.9970571681201975
---
header:
  stamp:
    sec: 1788575001
    nanosec: 449196000
  frame_id: default_cam
pose:
  position:
    x: 0.14307517673257608
    y: 0.06751778599215487
    z: -1.2829876139971867
  orientation:
    x: 0.0622008736744674
    y: 0.029856368720018563
    z: -0.0313851240741539
    w: 0.9971231732077223
---
header:
  stamp:
    sec: 1788575001
    nanosec: 481197000
  frame_id: default_cam
pose:
  position:
    x: 0.14257585274763857
    y: 0.06741734092336342
    z: -1.2796427896488043
  orientation:
    x: 0.06281764424108705
    y: 0.03036451185015404
    z: -0.03200236018091073
    w: 0.997049541865876
---
header:
  stamp:
    sec: 1788575001
    nanosec: 517198000
  frame_id: default_cam
pose:
  position:
    x: 0.14266281522371285
    y: 0.06759055253376173
    z: -1.2814103634854117
  orientation:
    x: 0.06376115333503216
    y: 0.031660768138907586
    z: -0.032082110060079695
    w: 0.9969467635236767
---
header:
  stamp:
    sec: 1788575001
    nanosec: 549201000
  frame_id: default_cam
pose:
  position:
    x: 0.14271579306549148
    y: 0.06768262386688623
    z: -1.2819962929122777
  orientation:
    x: 0.06322375977310224
    y: 0.03269590194745824
    z: -0.03185291757766182
    w: 0.9969549266831405
---
header:
  stamp:
    sec: 1788575001
    nanosec: 581205000
  frame_id: default_cam
pose:
  position:
    x: 0.1425136931238022
    y: 0.06767904320855093
    z: -1.2812215155974236
  orientation:
    x: 0.06323517830585913
    y: 0.033394677358757334
    z: -0.033661061882405495
    w: 0.9968716269719384
---
header:
  stamp:
    sec: 1788575001
    nanosec: 617205000
  frame_id: default_cam
pose:
  position:
    x: 0.142601813228257
    y: 0.06792369567723275
    z: -1.2844115941151322
  orientation:
    x: 0.0643079150994353
    y: 0.03648093987702069
    z: -0.03443384554324343
    w: 0.9966684219751106
---
header:
  stamp:
    sec: 1788575001
    nanosec: 649210000
  frame_id: default_cam
pose:
  position:
    x: 0.14260631845756286
    y: 0.0680725078540888
    z: -1.2851340428134197
  orientation:
    x: 0.06266495442575687
    y: 0.036655480824639534
    z: -0.03459933773822013
    w: 0.9967609367548514
---
header:
  stamp:
    sec: 1788575001
    nanosec: 681211000
  frame_id: default_cam
pose:
  position:
    x: 0.14222273915244654
    y: 0.0679996708905544
    z: -1.2839804530795418
  orientation:
    x: 0.06272642751248926
    y: 0.03895063725392082
    z: -0.03567534598983768
    w: 0.9966320849930225
---
header:
  stamp:
    sec: 1788575001
    nanosec: 717214000
  frame_id: default_cam
pose:
  position:
    x: 0.14223111395322793
    y: 0.06804592765491083
    z: -1.2845620210841173
  orientation:
    x: 0.06164085059477768
    y: 0.037290875207071375
    z: -0.03529017959692238
    w: 0.9967770058484796
---
header:
  stamp:
    sec: 1788575001
    nanosec: 749217000
  frame_id: default_cam
pose:
  position:
    x: 0.1425332936685364
    y: 0.06799610218753062
    z: -1.2850773900189894
  orientation:
    x: 0.0594845399714904
    y: 0.038528628715865626
    z: -0.03522876039161503
    w: 0.9968631143316143
---
header:
  stamp:
    sec: 1788575001
    nanosec: 781219000
  frame_id: default_cam
pose:
  position:
    x: 0.1426423078945077
    y: 0.06798867882413175
    z: -1.2856347467409925
  orientation:
    x: 0.059209767072010075
    y: 0.038276394463133356
    z: -0.034816456989968554
    w: 0.9969036740993819
---
header:
  stamp:
    sec: 1788575001
    nanosec: 817222000
  frame_id: default_cam
pose:
  position:
    x: 0.14265811951605867
    y: 0.06814534126892745
    z: -1.2865278813435967
  orientation:
    x: 0.057805500100978374
    y: 0.037907810353666443
    z: -0.035015397056452804
    w: 0.9969932016023204
---
header:
  stamp:
    sec: 1788575001
    nanosec: 849224000
  frame_id: default_cam
pose:
  position:
    x: 0.14226164814872014
    y: 0.06805080662621353
    z: -1.284578193412747
  orientation:
    x: 0.05730372291489462
    y: 0.03760202821346934
    z: -0.03513438782151548
    w: 0.9970295610495878
---
header:
  stamp:
    sec: 1788575001
    nanosec: 881226000
  frame_id: default_cam
pose:
  position:
    x: 0.14231391769080698
    y: 0.06801642882305971
    z: -1.2859775099519635
  orientation:
    x: 0.05614539721950136
    y: 0.03837191520119474
    z: -0.035202604158746396
    w: 0.9970637227155039
---
header:
  stamp:
    sec: 1788575001
    nanosec: 917229000
  frame_id: default_cam
pose:
  position:
    x: 0.14231302027307519
    y: 0.06799627935564159
    z: -1.2863123042940148
  orientation:
    x: 0.055590306835116884
    y: 0.03852849490800658
    z: -0.03491078810600882
    w: 0.9970990471061131
---
header:
  stamp:
    sec: 1788575001
    nanosec: 949231000
  frame_id: default_cam
pose:
  position:
    x: 0.14224130783463393
    y: 0.0680258843614071
    z: -1.2853257188669878
  orientation:
    x: 0.05656349359272856
    y: 0.03849831176145618
    z: -0.03526339319706231
    w: 0.9970330708077503
---
header:
  stamp:
    sec: 1788575001
    nanosec: 981235000
  frame_id: default_cam
pose:
  position:
    x: 0.14231274460277019
    y: 0.06799609819440872
    z: -1.286310559667625
  orientation:
    x: 0.055587829031053214
    y: 0.03853174060689092
    z: -0.03491100599608291
    w: 0.9970990521957982
---
header:
  stamp:
    sec: 1788575002
    nanosec: 17235000
  frame_id: default_cam
pose:
  position:
    x: 0.14225810745319298
    y: 0.06795229557460303
    z: -1.2857355918033382
  orientation:
    x: 0.055831625616270086
    y: 0.03994309829382033
    z: -0.03494444191979609
    w: 0.9970287179708761
---
header:
  stamp:
    sec: 1788575002
    nanosec: 49241000
  frame_id: default_cam
pose:
  position:
    x: 0.1421973504753243
    y: 0.0680016691538009
    z: -1.2843508117712987
  orientation:
    x: 0.05463715161415945
    y: 0.0400885826911016
    z: -0.03547138798594008
    w: 0.997070442765034
---
header:
  stamp:
    sec: 1788575002
    nanosec: 81242000
  frame_id: default_cam
pose:
  position:
    x: 0.14307935906495844
    y: 0.06837024877459191
    z: -1.2897064554648021
  orientation:
    x: 0.05542088478285374
    y: 0.03813608808871991
    z: -0.035398734243626405
    w: 0.9971063603894642
---
header:
  stamp:
    sec: 1788575002
    nanosec: 281257000
  frame_id: default_cam
pose:
  position:
    x: 0.14348123786648598
    y: 0.06784946601461077
    z: -1.2911690975963548
  orientation:
    x: 0.05544980026442739
    y: 0.04177781515135062
    z: -0.033909070177337707
    w: 0.9970105860879929
---
header:
  stamp:
    sec: 1788575002
    nanosec: 317260000
  frame_id: default_cam
pose:
  position:
    x: 0.14368597891008525
    y: 0.06736974777967071
    z: -1.2919157185675703
  orientation:
    x: 0.056280451278598265
    y: 0.04165835732445534
    z: -0.03348869909248631
    w: 0.9969832491581784
---
header:
  stamp:
    sec: 1788575002
    nanosec: 349261000
  frame_id: default_cam
pose:
  position:
    x: 0.1434389001009949
    y: 0.06684873319418903
    z: -1.290369236453613
  orientation:
    x: 0.05387293096854996
    y: 0.043527246222560316
    z: -0.03468569562135321
    w: 0.9969954807642818
---
header:
  stamp:
    sec: 1788575002
    nanosec: 381263000
  frame_id: default_cam
pose:
  position:
    x: 0.14310678954453768
    y: 0.0664153896327383
    z: -1.285344424428502
  orientation:
    x: 0.052901833448760184
    y: 0.04381908756746228
    z: -0.03512530250289409
    w: 0.9970193060851905
---
header:
  stamp:
    sec: 1788575002
    nanosec: 449270000
  frame_id: default_cam
pose:
  position:
    x: 0.14322195433418738
    y: 0.06634349678461814
    z: -1.2861099748034777
  orientation:
    x: 0.05313966118172535
    y: 0.04491783985704723
    z: -0.03597285198299629
    w: 0.996927538987803
---
header:
  stamp:
    sec: 1788575002
    nanosec: 481272000
  frame_id: default_cam
pose:
  position:
    x: 0.14379374261407998
    y: 0.06643836630609211
    z: -1.2883510278013495
  orientation:
    x: 0.05253204065766565
    y: 0.04217109262378205
    z: -0.035416157307144
    w: 0.9970996336639851
---
header:
  stamp:
    sec: 1788575002
    nanosec: 517274000
  frame_id: default_cam
pose:
  position:
    x: 0.14428538482139797
    y: 0.06655155453084005
    z: -1.2912217379810997
  orientation:
    x: 0.05225158236271138
    y: 0.041149465596390586
    z: -0.03455182446684117
    w: 0.9971873771000799
---
header:
  stamp:
    sec: 1788575002
    nanosec: 581280000
  frame_id: default_cam
pose:
  position:
    x: 0.1443673559977538
    y: 0.06630465960790514
    z: -1.2878572676115465
  orientation:
    x: 0.053270185333409624
    y: 0.04227880908577787
    z: -0.035794002036230226
    w: 0.9970424158856347
---
header:
  stamp:
    sec: 1788575002
    nanosec: 617281000
  frame_id: default_cam
pose:
  position:
    x: 0.1443490673118748
    y: 0.0661581352714651
    z: -1.2855105601574621
  orientation:
    x: 0.05283939831035356
    y: 0.043771094945983184
    z: -0.035534810150995876
    w: 0.9970102138398393
---
header:
  stamp:
    sec: 1788575002
    nanosec: 681286000
  frame_id: default_cam
pose:
  position:
    x: 0.14432713704044436
    y: 0.06640273799539363
    z: -1.2883017800385999
  orientation:
    x: 0.053843609995204364
    y: 0.039230293604978365
    z: -0.035452422098710475
    w: 0.9971484219982933
---
header:
  stamp:
    sec: 1788575002
    nanosec: 717287000
  frame_id: default_cam
pose:
  position:
    x: 0.14432417780785542
    y: 0.06653317886822777
    z: -1.2917724190566258
  orientation:
    x: 0.051681316115335676
    y: 0.041181161877291775
    z: -0.03434013050653035
    w: 0.997223098863949
---
header:
  stamp:
    sec: 1788575002
    nanosec: 781294000
  frame_id: default_cam
pose:
  position:
    x: 0.14324262792750678
    y: 0.06635539430765401
    z: -1.2889681446480945
  orientation:
    x: 0.05239476646130629
    y: 0.04248522146632317
    z: -0.03478525865371323
    w: 0.9971157305873862
---
header:
  stamp:
    sec: 1788575002
    nanosec: 849301000
  frame_id: default_cam
pose:
  position:
    x: 0.14245890721782373
    y: 0.066101599680398
    z: -1.2873876866399017
  orientation:
    x: 0.04995436593246055
    y: 0.03561434642987767
    z: -0.034668722562968324
    w: 0.9975140396648613
---
header:
  stamp:
    sec: 1788575003
    nanosec: 81316000
  frame_id: default_cam
pose:
  position:
    x: 0.14112931340636314
    y: 0.06624763811977796
    z: -1.2905745078180695
  orientation:
    x: 0.050650779738629005
    y: 0.03275579026560911
    z: -0.03302300189008559
    w: 0.9976327170166943
---
header:
  stamp:
    sec: 1788575003
    nanosec: 149321000
  frame_id: default_cam
pose:
  position:
    x: 0.14109610534839043
    y: 0.06622768810261187
    z: -1.290696915587145
  orientation:
    x: 0.05018018538208894
    y: 0.033015258263512995
    z: -0.0327009162907831
    w: 0.9976585547122603
---
header:
  stamp:
    sec: 1788575003
    nanosec: 281332000
  frame_id: default_cam
pose:
  position:
    x: 0.14091599433609178
    y: 0.06619412038006472
    z: -1.2896566537197673
  orientation:
    x: 0.05033191905872652
    y: 0.03343081304358619
    z: -0.03307577258863159
    w: 0.997624714975915
---
header:
  stamp:
    sec: 1788575003
    nanosec: 481347000
  frame_id: default_cam
pose:
  position:
    x: 0.14027762507118618
    y: 0.0662374216798039
    z: -1.2888624796790125
  orientation:
    x: 0.04932638133098757
    y: 0.03048937023969889
    z: -0.03160468470420189
    w: 0.9978168420666814
---
header:
  stamp:
    sec: 1788575003
    nanosec: 817371000
  frame_id: default_cam
pose:
  position:
    x: 0.13867160977601478
    y: 0.06548906419924518
    z: -1.2901966603670572
  orientation:
    x: 0.04383796778377722
    y: 0.02688328623957769
    z: -0.027123309098184886
    w: 0.998308493204938
---
header:
  stamp:
    sec: 1788575003
    nanosec: 849373000
  frame_id: default_cam
pose:
  position:
    x: 0.13854571632603596
    y: 0.06569666330596396
    z: -1.2939855436815404
  orientation:
    x: 0.04275327431313508
    y: 0.025977621949862473
    z: -0.02648348850036963
    w: 0.9983966874595421
---
header:
  stamp:
    sec: 1788575003
    nanosec: 917377000
  frame_id: default_cam
pose:
  position:
    x: 0.13782241155251032
    y: 0.06560918465514974
    z: -1.2923663183733303
  orientation:
    x: 0.043206090018701696
    y: 0.031209489510957675
    z: -0.027073592779951396
    w: 0.9982115117167036
---
header:
  stamp:
    sec: 1788575004
    nanosec: 81391000
  frame_id: default_cam
pose:
  position:
    x: 0.13718168598318373
    y: 0.06525781011276767
    z: -1.2898525048691754
  orientation:
    x: 0.04198984552213323
    y: 0.03277748216562615
    z: -0.026245619628827828
    w: 0.9982352713595168
---
header:
  stamp:
    sec: 1788575004
    nanosec: 117393000
  frame_id: default_cam
pose:
  position:
    x: 0.13743129959611014
    y: 0.06563792516905108
    z: -1.2923937289755634
  orientation:
    x: 0.044561812841069484
    y: 0.033107342350873654
    z: -0.025078502606190906
    w: 0.9981428842734946
---
header:
  stamp:
    sec: 1788575004
    nanosec: 149395000
  frame_id: default_cam
pose:
  position:
    x: 0.13746531416769242
    y: 0.0657093010067831
    z: -1.2941055691856347
  orientation:
    x: 0.04382251888955308
    y: 0.034376406963467755
    z: -0.02366702230243205
    w: 0.9981671811564399
---
header:
  stamp:
    sec: 1788575004
    nanosec: 181398000
  frame_id: default_cam
pose:
  position:
    x: 0.13746531416769242
    y: 0.0657093010067831
    z: -1.2941055691856347
  orientation:
    x: 0.04382251888955308
    y: 0.034376406963467755
    z: -0.02366702230243205
    w: 0.9981671811564399
---
header:
  stamp:
    sec: 1788575004
    nanosec: 217399000
  frame_id: default_cam
pose:
  position:
    x: 0.13746531416769242
    y: 0.0657093010067831
    z: -1.2941055691856347
  orientation:
    x: 0.04382251888955308
    y: 0.034376406963467755
    z: -0.02366702230243205
    w: 0.9981671811564399
---
header:
  stamp:
    sec: 1788575004
    nanosec: 249403000
  frame_id: default_cam
pose:
  position:
    x: 0.1372900527015641
    y: 0.0656770790072721
    z: -1.2930807548722651
  orientation:
    x: 0.043975968517803075
    y: 0.034789380737723585
    z: -0.024046636884537963
    w: 0.9981370509280527
---
header:
  stamp:
    sec: 1788575004
    nanosec: 281403000
  frame_id: default_cam
pose:
  position:
    x: 0.13746534116796588
    y: 0.0657092483614547
    z: -1.2941056895236376
  orientation:
    x: 0.04381983415962358
    y: 0.03437438774303027
    z: -0.023667167902668537
    w: 0.9981673651071657
---
header:
  stamp:
    sec: 1788575004
    nanosec: 317407000
  frame_id: default_cam
pose:
  position:
    x: 0.1374756200888527
    y: 0.06545062902126207
    z: -1.29160048800819
  orientation:
    x: 0.04304415058503422
    y: 0.031941485384725535
    z: -0.025084585232182342
    w: 0.9982473171491921
---
header:
  stamp:
    sec: 1788575004
    nanosec: 349408000
  frame_id: default_cam
pose:
  position:
    x: 0.13779470052284495
    y: 0.06546536273563687
    z: -1.2930327559184545
  orientation:
    x: 0.04218135730326213
    y: 0.030547309497704348
    z: -0.02557286890438309
    w: 0.9983153927264196
---
header:
  stamp:
    sec: 1788575004
    nanosec: 381413000
  frame_id: default_cam
pose:
  position:
    x: 0.1378105432698057
    y: 0.06551804427264646
    z: -1.2939093480887551
  orientation:
    x: 0.04235141653022771
    y: 0.03142057780734804
    z: -0.025840039222552007
    w: 0.9982742094139829
---
header:
  stamp:
    sec: 1788575004
    nanosec: 417415000
  frame_id: default_cam
pose:
  position:
    x: 0.13776294068464573
    y: 0.06548536413180865
    z: -1.2925074988342877
  orientation:
    x: 0.0427489065481249
    y: 0.030482030612671726
    z: -0.025778275541630546
    w: 0.9982879631192433
---
header:
  stamp:
    sec: 1788575004
    nanosec: 449418000
  frame_id: default_cam
pose:
  position:
    x: 0.13776294068464573
    y: 0.06548536413180865
    z: -1.2925074988342877
  orientation:
    x: 0.0427489065481249
    y: 0.030482030612671726
    z: -0.025778275541630546
    w: 0.9982879631192433
---
header:
  stamp:
    sec: 1788575004
    nanosec: 481419000
  frame_id: default_cam
pose:
  position:
    x: 0.13781435716882523
    y: 0.06549366612339423
    z: -1.292018734395989
  orientation:
    x: 0.042504373251267706
    y: 0.031118167010479435
    z: -0.02634996809143553
    w: 0.9982638514531141
---
header:
  stamp:
    sec: 1788575004
    nanosec: 517424000
  frame_id: default_cam
pose:
  position:
    x: 0.13774644598669727
    y: 0.06525290957527426
    z: -1.288260732123241
  orientation:
    x: 0.044233149301605754
    y: 0.03061119910902812
    z: -0.02600846571619143
    w: 0.9982133753376875
---
header:
  stamp:
    sec: 1788575004
    nanosec: 581428000
  frame_id: default_cam
pose:
  position:
    x: 0.13753306486944508
    y: 0.06508580100890869
    z: -1.286616977837928
  orientation:
    x: 0.04665875883651566
    y: 0.032140663817090354
    z: -0.025792798431981623
    w: 0.99806045383147
---
header:
  stamp:
    sec: 1788575004
    nanosec: 617429000
  frame_id: default_cam
pose:
  position:
    x: 0.13758102208239803
    y: 0.0650560416131213
    z: -1.2867219299954307
  orientation:
    x: 0.04900739586587053
    y: 0.0329135192153549
    z: -0.026101025351763427
    w: 0.9979146816631634
---
header:
  stamp:
    sec: 1788575004
    nanosec: 681435000
  frame_id: default_cam
pose:
  position:
    x: 0.13759510044863674
    y: 0.06520004625733361
    z: -1.2867592831625874
  orientation:
    x: 0.05020718144985829
    y: 0.03272743915484034
    z: -0.02507090526689289
    w: 0.997887570503975
---
header:
  stamp:
    sec: 1788575004
    nanosec: 749441000
  frame_id: default_cam
pose:
  position:
    x: 0.13806470615850933
    y: 0.06530279208578169
    z: -1.2891997665699826
  orientation:
    x: 0.05005993893216079
    y: 0.03394009218101015
    z: -0.024891120287446448
    w: 0.9978589603684925
---
header:
  stamp:
    sec: 1788575004
    nanosec: 817445000
  frame_id: default_cam
pose:
  position:
    x: 0.13806470615850933
    y: 0.06530279208578169
    z: -1.2891997665699826
  orientation:
    x: 0.05005993893216079
    y: 0.03394009218101015
    z: -0.024891120287446448
    w: 0.9978589603684925
---
header:
  stamp:
    sec: 1788575004
    nanosec: 849446000
  frame_id: default_cam
pose:
  position:
    x: 0.13804426079125426
    y: 0.06536451029759234
    z: -1.2895854368064872
  orientation:
    x: 0.050337181668348795
    y: 0.031729893421806994
    z: -0.024634786063437282
    w: 0.9979240999799218
---
header:
  stamp:
    sec: 1788575004
    nanosec: 881450000
  frame_id: default_cam
pose:
  position:
    x: 0.13750165592960142
    y: 0.06498794282865038
    z: -1.2857850323019477
  orientation:
    x: 0.048750049444167075
    y: 0.035449575890706714
    z: -0.026123206049300678
    w: 0.9978398360228289
---
header:
  stamp:
    sec: 1788575004
    nanosec: 917452000
  frame_id: default_cam
pose:
  position:
    x: 0.13824771854816872
    y: 0.06542650057771747
    z: -1.290499713831309
  orientation:
    x: 0.05046922049257509
    y: 0.03358350710901802
    z: -0.02508263442671968
    w: 0.9978456129498922
---
header:
  stamp:
    sec: 1788575004
    nanosec: 949454000
  frame_id: default_cam
pose:
  position:
    x: 0.13865601008508174
    y: 0.06566740236658353
    z: -1.2929730731721116
  orientation:
    x: 0.05115839459413678
    y: 0.035165087107428376
    z: -0.025492595187190045
    w: 0.9977456403823068
---
header:
  stamp:
    sec: 1788575004
    nanosec: 981457000
  frame_id: default_cam
pose:
  position:
    x: 0.13865601008508174
    y: 0.06566740236658353
    z: -1.2929730731721116
  orientation:
    x: 0.05115839459413678
    y: 0.035165087107428376
    z: -0.025492595187190045
    w: 0.9977456403823068
---
header:
  stamp:
    sec: 1788575005
    nanosec: 17459000
  frame_id: default_cam
pose:
  position:
    x: 0.13790988926479655
    y: 0.06549357234770159
    z: -1.2883879711755473
  orientation:
    x: 0.052478063316104995
    y: 0.03138143836783409
    z: -0.023744164809439243
    w: 0.9978464174581472
---
header:
  stamp:
    sec: 1788575005
    nanosec: 49462000
  frame_id: default_cam
pose:
  position:
    x: 0.13766456362344828
    y: 0.06544878058427603
    z: -1.2906554010317293
  orientation:
    x: 0.048124571982598854
    y: 0.035128092389851304
    z: -0.02506829071041482
    w: 0.9979086248236357
---
header:
  stamp:
    sec: 1788575005
    nanosec: 81464000
  frame_id: default_cam
pose:
  position:
    x: 0.1380032863211642
    y: 0.06582649546568925
    z: -1.293962713828402
  orientation:
    x: 0.050853535722946416
    y: 0.03244701382448761
    z: -0.021984252391619025
    w: 0.997936772468642
---
header:
  stamp:
    sec: 1788575005
    nanosec: 117467000
  frame_id: default_cam
pose:
  position:
    x: 0.1380032863211642
    y: 0.06582649546568925
    z: -1.293962713828402
  orientation:
    x: 0.050853535722946416
    y: 0.03244701382448761
    z: -0.021984252391619025
    w: 0.997936772468642
---
header:
  stamp:
    sec: 1788575005
    nanosec: 149468000
  frame_id: default_cam
pose:
  position:
    x: 0.13789591196051665
    y: 0.06589261442942095
    z: -1.294446023980809
  orientation:
    x: 0.050954067099090145
    y: 0.03387878141816053
    z: -0.02155904621904743
    w: 0.9978933403634914
---
header:
  stamp:
    sec: 1788575005
    nanosec: 181472000
  frame_id: default_cam
pose:
  position:
    x: 0.1379693326027289
    y: 0.06579475922807342
    z: -1.2935143717265671
  orientation:
    x: 0.050094193475249175
    y: 0.03369502942418624
    z: -0.02198030439156755
    w: 0.997933907125628
---
header:
  stamp:
    sec: 1788575005
    nanosec: 281481000
  frame_id: default_cam
pose:
  position:
    x: 0.13862742010818577
    y: 0.06557422820709989
    z: -1.2910536852149908
  orientation:
    x: 0.05171280080406707
    y: 0.03349686918365539
    z: -0.022204362846884457
    w: 0.9978530514351579
---
header:
  stamp:
    sec: 1788575005
    nanosec: 317482000
  frame_id: default_cam
pose:
  position:
    x: 0.13881228397613768
    y: 0.0656780623619585
    z: -1.292124584178871
  orientation:
    x: 0.05151271564471243
    y: 0.03436100069641737
    z: -0.022355676236816398
    w: 0.9978306396869373
---
header:
  stamp:
    sec: 1788575005
    nanosec: 349482000
  frame_id: default_cam
pose:
  position:
    x: 0.13907142289874555
    y: 0.06589778098588873
    z: -1.2940791203644841
  orientation:
    x: 0.052376670013766405
    y: 0.03388968457787919
    z: -0.02291031921092641
    w: 0.9977892016809635
---
header:
  stamp:
    sec: 1788575005
    nanosec: 381487000
  frame_id: default_cam
pose:
  position:
    x: 0.13904515972079218
    y: 0.06583830457750155
    z: -1.2933456333331317
  orientation:
    x: 0.055125030790069036
    y: 0.03604481959381336
    z: -0.02334345659391998
    w: 0.9975555548414791
---
header:
  stamp:
    sec: 1788575005
    nanosec: 417488000
  frame_id: default_cam
pose:
  position:
    x: 0.139226933619213
    y: 0.06588533076434308
    z: -1.293565013509865
  orientation:
    x: 0.05090986442214598
    y: 0.037996982260678505
    z: -0.023293526953751188
    w: 0.9977082873493911
---
header:
  stamp:
    sec: 1788575005
    nanosec: 449494000
  frame_id: default_cam
pose:
  position:
    x: 0.13916616303614066
    y: 0.06576894218316845
    z: -1.2924215920045379
  orientation:
    x: 0.05024239984700292
    y: 0.037268182252317796
    z: -0.023325287301295506
    w: 0.9977688684367406
---
header:
  stamp:
    sec: 1788575005
    nanosec: 581502000
  frame_id: default_cam
pose:
  position:
    x: 0.1400378891868673
    y: 0.0659143881488186
    z: -1.293982669415854
  orientation:
    x: 0.05075977255646199
    y: 0.03729089961969095
    z: -0.02424053659264575
    w: 0.9977200161775202
---
header:
  stamp:
    sec: 1788575005
    nanosec: 617504000
  frame_id: default_cam
pose:
  position:
    x: 0.1398543761507706
    y: 0.0656784182871959
    z: -1.2921701043864664
  orientation:
    x: 0.05205266376792349
    y: 0.03796146045117841
    z: -0.0249046747945424
    w: 0.9976117505765734
---
header:
  stamp:
    sec: 1788575005
    nanosec: 649506000
  frame_id: default_cam
pose:
  position:
    x: 0.13990394986721047
    y: 0.06579551085400516
    z: -1.2928340712494952
  orientation:
    x: 0.05315443030492712
    y: 0.03542451921641316
    z: -0.02381172409857365
    w: 0.9976736499340343
---
header:
  stamp:
    sec: 1788575005
    nanosec: 681509000
  frame_id: default_cam
pose:
  position:
    x: 0.13990900720338928
    y: 0.06582335963775084
    z: -1.2933561932401947
  orientation:
    x: 0.05322415781359281
    y: 0.036007731955016845
    z: -0.02401558678437696
    w: 0.9976441669532737
---
header:
  stamp:
    sec: 1788575005
    nanosec: 717512000
  frame_id: default_cam
pose:
  position:
    x: 0.13995723098044624
    y: 0.06586167358247935
    z: -1.2938756714512394
  orientation:
    x: 0.05287905504233124
    y: 0.0346591997091824
    z: -0.023978781856643025
    w: 0.9977111623280661
---
header:
  stamp:
    sec: 1788575006
    nanosec: 17534000
  frame_id: default_cam
pose:
  position:
    x: 0.13962684979983295
    y: 0.06547074974869592
    z: -1.2913767148848088
  orientation:
    x: 0.04510031741962715
    y: 0.03586813736541107
    z: -0.02660539636648536
    w: 0.9979837628813242
---
header:
  stamp:
    sec: 1788575006
    nanosec: 417564000
  frame_id: default_cam
pose:
  position:
    x: 0.13956595905449554
    y: 0.06533792061653199
    z: -1.2909658256367635
  orientation:
    x: 0.05208671599653784
    y: 0.03564847938342768
    z: -0.02613806200707214
    w: 0.9976637517965959
---
header:
  stamp:
    sec: 1788575006
    nanosec: 517572000
  frame_id: default_cam
pose:
  position:
    x: 0.1397134515643344
    y: 0.06544679453960243
    z: -1.2918365612891423
  orientation:
    x: 0.04998933593065375
    y: 0.03628320996689703
    z: -0.026368547796601232
    w: 0.997742098267287
---
header:
  stamp:
    sec: 1788575006
    nanosec: 549572000
  frame_id: default_cam
pose:
  position:
    x: 0.13978340201506523
    y: 0.06521485501777205
    z: -1.2885795327596667
  orientation:
    x: 0.04958083604652657
    y: 0.03207063991635288
    z: -0.026425687202741646
    w: 0.9979052549256097
---
header:
  stamp:
    sec: 1788575006
    nanosec: 581577000
  frame_id: default_cam
pose:
  position:
    x: 0.13962500802843197
    y: 0.06523552943086956
    z: -1.2887296911173667
  orientation:
    x: 0.049626967912903414
    y: 0.03670650705863966
    z: -0.02678412978583511
    w: 0.9977336351887418
---
header:
  stamp:
    sec: 1788575006
    nanosec: 617577000
  frame_id: default_cam
pose:
  position:
    x: 0.13963029173209213
    y: 0.06526885425868456
    z: -1.2897754431599422
  orientation:
    x: 0.0490875963581389
    y: 0.03466904857869109
    z: -0.026163333246922858
    w: 0.997849660493924
---
header:
  stamp:
    sec: 1788575006
    nanosec: 649581000
  frame_id: default_cam
pose:
  position:
    x: 0.13963029173209213
    y: 0.06526885425868456
    z: -1.2897754431599422
  orientation:
    x: 0.0490875963581389
    y: 0.03466904857869109
    z: -0.026163333246922858
    w: 0.997849660493924
---
header:
  stamp:
    sec: 1788575006
    nanosec: 681584000
  frame_id: default_cam
pose:
  position:
    x: 0.13960465804679714
    y: 0.0651722795814479
    z: -1.2881188729050932
  orientation:
    x: 0.0487987685859487
    y: 0.032924304375795556
    z: -0.025605345556662638
    w: 0.9979373911447496
---
header:
  stamp:
    sec: 1788575006
    nanosec: 717587000
  frame_id: default_cam
pose:
  position:
    x: 0.13960465804679714
    y: 0.0651722795814479
    z: -1.2881188729050932
  orientation:
    x: 0.0487987685859487
    y: 0.032924304375795556
    z: -0.025605345556662638
    w: 0.9979373911447496
---
header:
  stamp:
    sec: 1788575006
    nanosec: 749589000
  frame_id: default_cam
pose:
  position:
    x: 0.13968353274579925
    y: 0.06534237704722694
    z: -1.2901467105057454
  orientation:
    x: 0.04963408654653302
    y: 0.03454030113123999
    z: -0.025841864049997856
    w: 0.9978354689591246
---
header:
  stamp:
    sec: 1788575006
    nanosec: 781591000
  frame_id: default_cam
pose:
  position:
    x: 0.13976883541540347
    y: 0.0654848327041399
    z: -1.2923022532209651
  orientation:
    x: 0.04763387398348496
    y: 0.035164900073758366
    z: -0.02627561577250516
    w: 0.9978998125402688
---
header:
  stamp:
    sec: 1788575006
    nanosec: 881598000
  frame_id: default_cam
pose:
  position:
    x: 0.13960273856116517
    y: 0.06535796784617029
    z: -1.2911816518849852
  orientation:
    x: 0.049176889068566314
    y: 0.035219128020525556
    z: -0.026034012636427278
    w: 0.9978293826045904
---
header:
  stamp:
    sec: 1788575006
    nanosec: 917598000
  frame_id: default_cam
pose:
  position:
    x: 0.13960273856116517
    y: 0.06535796784617029
    z: -1.2911816518849852
  orientation:
    x: 0.049176889068566314
    y: 0.035219128020525556
    z: -0.026034012636427278
    w: 0.9978293826045904
---
header:
  stamp:
    sec: 1788575006
    nanosec: 949604000
  frame_id: default_cam
pose:
  position:
    x: 0.13969490953012867
    y: 0.06542943152229844
    z: -1.2921242045221757
  orientation:
    x: 0.04765522495436975
    y: 0.032758978736403974
    z: -0.025957899636069953
    w: 0.9979889860580526
---
header:
  stamp:
    sec: 1788575007
    nanosec: 249626000
  frame_id: default_cam
pose:
  position:
    x: 0.13971977865843002
    y: 0.06532285623028866
    z: -1.2887040831503889
  orientation:
    x: 0.049985256240619204
    y: 0.032383760182667067
    z: -0.024798874087589646
    w: 0.9979167210138223
---
header:
  stamp:
    sec: 1788575007
    nanosec: 281629000
  frame_id: default_cam
pose:
  position:
    x: 0.1397978912608537
    y: 0.06535923339063085
    z: -1.2886192232176348
  orientation:
    x: 0.050783115957784494
    y: 0.03188151949755661
    z: -0.02539199279033826
    w: 0.9978776931820255
---
header:
  stamp:
    sec: 1788575007
    nanosec: 717663000
  frame_id: default_cam
pose:
  position:
    x: 0.13963572490191428
    y: 0.06647915018966777
    z: -1.291583730010795
  orientation:
    x: 0.05227903757459079
    y: 0.030356939323752
    z: -0.024426424044397446
    w: 0.9978720901365925
---
header:
  stamp:
    sec: 1788575007
    nanosec: 749663000
  frame_id: default_cam
pose:
  position:
    x: 0.13933492240825987
    y: 0.0665960235796927
    z: -1.2914073226091556
  orientation:
    x: 0.05380723429728428
    y: 0.032968294167646434
    z: -0.02469044639212019
    w: 0.9977014859034292
---
header:
  stamp:
    sec: 1788575007
    nanosec: 781665000
  frame_id: default_cam
pose:
  position:
    x: 0.13916944174680823
    y: 0.06663711167038429
    z: -1.2901218371091212
  orientation:
    x: 0.05462155031953876
    y: 0.03276745477745949
    z: -0.02513982651550987
    w: 0.9976526295614457
---
header:
  stamp:
    sec: 1788575007
    nanosec: 817667000
  frame_id: default_cam
pose:
  position:
    x: 0.1390893380763165
    y: 0.06675846274050014
    z: -1.2899012434815522
  orientation:
    x: 0.05590723546410627
    y: 0.033577236356330954
    z: -0.025048613037111155
    w: 0.9975567739263511
---
header:
  stamp:
    sec: 1788575007
    nanosec: 849670000
  frame_id: default_cam
pose:
  position:
    x: 0.13888426474126994
    y: 0.06691576581793386
    z: -1.289581286533808
  orientation:
    x: 0.05545860349316055
    y: 0.0307897787648263
    z: -0.025889743170380154
    w: 0.9976502663863591
---
header:
  stamp:
    sec: 1788575007
    nanosec: 881673000
  frame_id: default_cam
pose:
  position:
    x: 0.1386078990436862
    y: 0.06725395599220574
    z: -1.2909669298823683
  orientation:
    x: 0.05697023509605594
    y: 0.023462104970372266
    z: -0.026891816074286114
    w: 0.9977378173506737
---
header:
  stamp:
    sec: 1788575007
    nanosec: 917675000
  frame_id: default_cam
pose:
  position:
    x: 0.13782532382593748
    y: 0.06689939069966666
    z: -1.2859149742065443
  orientation:
    x: 0.05631386896746953
    y: 0.02524765705676504
    z: -0.027266908132899784
    w: 0.9977213136422067
---
header:
  stamp:
    sec: 1788575007
    nanosec: 949677000
  frame_id: default_cam
pose:
  position:
    x: 0.13821655375197475
    y: 0.06705846983576802
    z: -1.2871171541008815
  orientation:
    x: 0.056868152079652574
    y: 0.029216742467929
    z: -0.027450655261983342
    w: 0.9975764916858737
---
header:
  stamp:
    sec: 1788575007
    nanosec: 981680000
  frame_id: default_cam
pose:
  position:
    x: 0.1386300446707584
    y: 0.06728339336768255
    z: -1.2895854473139257
  orientation:
    x: 0.0578036143037601
    y: 0.02816692721392034
    z: -0.02781783071074847
    w: 0.9975427482966813
---
header:
  stamp:
    sec: 1788575008
    nanosec: 17682000
  frame_id: default_cam
pose:
  position:
    x: 0.1384364227916134
    y: 0.06736163036517191
    z: -1.2883569151582062
  orientation:
    x: 0.05696042108696245
    y: 0.03342931844262875
    z: -0.02730195504550718
    w: 0.9974430281217822
---
header:
  stamp:
    sec: 1788575008
    nanosec: 49685000
  frame_id: default_cam
pose:
  position:
    x: 0.137864640006227
    y: 0.0676795798685244
    z: -1.2838007225922046
  orientation:
    x: 0.05702913631247306
    y: 0.03375856349643197
    z: -0.026789105286276975
    w: 0.9974419185296313
---
header:
  stamp:
    sec: 1788575008
    nanosec: 81686000
  frame_id: default_cam
pose:
  position:
    x: 0.13710155197779578
    y: 0.0677916171753358
    z: -1.2826984483915882
  orientation:
    x: 0.053056094868901886
    y: 0.029176351693918287
    z: -0.029400465695208617
    w: 0.9977321303416061
---
header:
  stamp:
    sec: 1788575008
    nanosec: 117694000
  frame_id: default_cam
pose:
  position:
    x: 0.1367588635480624
    y: 0.06802265537913314
    z: -1.285233854384451
  orientation:
    x: 0.05426278188632187
    y: 0.03258150947291913
    z: -0.03136351796364382
    w: 0.9975020428467141
---
header:
  stamp:
    sec: 1788575008
    nanosec: 149692000
  frame_id: default_cam
pose:
  position:
    x: 0.13566905215531827
    y: 0.06746407982644914
    z: -1.282064541244304
  orientation:
    x: 0.05322090983052088
    y: 0.0279673330329055
    z: -0.03019909881240083
    w: 0.9977341216329915
---
header:
  stamp:
    sec: 1788575008
    nanosec: 181695000
  frame_id: default_cam
pose:
  position:
    x: 0.13511527110712865
    y: 0.06735674997596905
    z: -1.2801499715135312
  orientation:
    x: 0.052376677981297415
    y: 0.029007903481211284
    z: -0.030992174632568672
    w: 0.9977247667823088
---
header:
  stamp:
    sec: 1788575008
    nanosec: 217698000
  frame_id: default_cam
pose:
  position:
    x: 0.13516598523666762
    y: 0.06753713780653385
    z: -1.281596610038195
  orientation:
    x: 0.05207581808574899
    y: 0.02715738433447562
    z: -0.03059800002488288
    w: 0.9978047644911738
---
header:
  stamp:
    sec: 1788575008
    nanosec: 249700000
  frame_id: default_cam
pose:
  position:
    x: 0.13507416609223638
    y: 0.06738142311738851
    z: -1.280827935472956
  orientation:
    x: 0.05061204701222342
    y: 0.02619537727546914
    z: -0.029817329024195177
    w: 0.9979294312708145
---
header:
  stamp:
    sec: 1788575008
    nanosec: 281703000
  frame_id: default_cam
pose:
  position:
    x: 0.13497712950747345
    y: 0.06743183867191366
    z: -1.2833544619827857
  orientation:
    x: 0.05102281724745545
    y: 0.025246494868413617
    z: -0.028147599941735147
    w: 0.9979814623701745
---
header:
  stamp:
    sec: 1788575008
    nanosec: 317705000
  frame_id: default_cam
pose:
  position:
    x: 0.13387363716081835
    y: 0.06748815689915666
    z: -1.2814726035944772
  orientation:
    x: 0.053103847074161915
    y: 0.02469685108405873
    z: -0.028845508091497305
    w: 0.9978667163681727
---
header:
  stamp:
    sec: 1788575008
    nanosec: 349708000
  frame_id: default_cam
pose:
  position:
    x: 0.1332973024686642
    y: 0.06744767979898704
    z: -1.2816353149270723
  orientation:
    x: 0.04843657561654294
    y: 0.026041987996046262
    z: -0.028060970555448685
    w: 0.9980923278611267
---
header:
  stamp:
    sec: 1788575008
    nanosec: 381710000
  frame_id: default_cam
pose:
  position:
    x: 0.13224521096852654
    y: 0.06757504535367122
    z: -1.2821343294398244
  orientation:
    x: 0.05129397634077226
    y: 0.020986785086853754
    z: -0.028122380752483037
    w: 0.9980669389092511
---
header:
  stamp:
    sec: 1788575008
    nanosec: 417711000
  frame_id: default_cam
pose:
  position:
    x: 0.13168545794248723
    y: 0.06750632221792177
    z: -1.282647682053109
  orientation:
    x: 0.05049042323244868
    y: 0.02422626794233361
    z: -0.029452889889372887
    w: 0.9979961584999008
---
header:
  stamp:
    sec: 1788575008
    nanosec: 449714000
  frame_id: default_cam
pose:
  position:
    x: 0.13139115843339655
    y: 0.06746784139555048
    z: -1.28426770767228
  orientation:
    x: 0.05193013303263825
    y: 0.023439206187309634
    z: -0.02785390405908737
    w: 0.9979869863506179
---
header:
  stamp:
    sec: 1788575008
    nanosec: 481719000
  frame_id: default_cam
pose:
  position:
    x: 0.1310020091046935
    y: 0.06762042366002438
    z: -1.2842986812571593
  orientation:
    x: 0.04907478997705712
    y: 0.019992174966056618
    z: -0.02850199337007923
    w: 0.9981881657797623
---
header:
  stamp:
    sec: 1788575008
    nanosec: 549724000
  frame_id: default_cam
pose:
  position:
    x: 0.12994732813741383
    y: 0.06724880154355695
    z: -1.2847936199523946
  orientation:
    x: 0.04708103316839234
    y: 0.02426934121845525
    z: -0.028394700894734413
    w: 0.9981924245122868
---
header:
  stamp:
    sec: 1788575008
    nanosec: 581723000
  frame_id: default_cam
pose:
  position:
    x: 0.12958695615614962
    y: 0.06736396405661906
    z: -1.2861832649403964
  orientation:
    x: 0.052544163755703754
    y: 0.024550237656750983
    z: -0.028217053884289998
    w: 0.9979179297699294
---
header:
  stamp:
    sec: 1788575008
    nanosec: 617730000
  frame_id: default_cam
pose:
  position:
    x: 0.129335631042224
    y: 0.06768766666280633
    z: -1.2900850300007414
  orientation:
    x: 0.051373377614169026
    y: 0.024027447790083683
    z: -0.028877020961471718
    w: 0.9979727328367232
---
header:
  stamp:
    sec: 1788575008
    nanosec: 749739000
  frame_id: default_cam
pose:
  position:
    x: 0.1274221190353173
    y: 0.06733874264280496
    z: -1.2827737835222768
  orientation:
    x: 0.05640545744196759
    y: 0.024974890832642024
    z: -0.027808520800203945
    w: 0.9977080561815488
---
header:
  stamp:
    sec: 1788575008
    nanosec: 781741000
  frame_id: default_cam
pose:
  position:
    x: 0.1274026843628958
    y: 0.06771270912224843
    z: -1.2829017110305345
  orientation:
    x: 0.057257134477041484
    y: 0.02463718714969711
    z: -0.02902850105422827
    w: 0.9976331869416601
---
header:
  stamp:
    sec: 1788575008
    nanosec: 849745000
  frame_id: default_cam
pose:
  position:
    x: 0.12706342019395125
    y: 0.06774904539226884
    z: -1.2877287277006169
  orientation:
    x: 0.055312244677992735
    y: 0.02620058151810635
    z: -0.02984919912120801
    w: 0.9976788613720435
---
header:
  stamp:
    sec: 1788575008
    nanosec: 881747000
  frame_id: default_cam
pose:
  position:
    x: 0.12661570329398403
    y: 0.06735478937881546
    z: -1.2881507505619354
  orientation:
    x: 0.05397755489701132
    y: 0.023024757215527422
    z: -0.02868861159079346
    w: 0.9978643433290413
---
header:
  stamp:
    sec: 1788575008
    nanosec: 917750000
  frame_id: default_cam
pose:
  position:
    x: 0.1255198462234261
    y: 0.0672497894656484
    z: -1.284384835794522
  orientation:
    x: 0.054155384334049324
    y: 0.027869393003603703
    z: -0.02854240027149927
    w: 0.9977353470074033
---
header:
  stamp:
    sec: 1788575008
    nanosec: 949751000
  frame_id: default_cam
pose:
  position:
    x: 0.12536718919412992
    y: 0.06791710338739938
    z: -1.2920477550964926
  orientation:
    x: 0.054452665882142946
    y: 0.02771255871564375
    z: -0.030751215382702566
    w: 0.9976578992922606
---
header:
  stamp:
    sec: 1788575009
    nanosec: 17757000
  frame_id: default_cam
pose:
  position:
    x: 0.12373404806527798
    y: 0.06805813818532636
    z: -1.293727552134073
  orientation:
    x: 0.05764418657544278
    y: 0.027515639219515282
    z: -0.031146139566226867
    w: 0.9974717817274422
---
header:
  stamp:
    sec: 1788575009
    nanosec: 49760000
  frame_id: default_cam
pose:
  position:
    x: 0.12299883062292778
    y: 0.06767095539863871
    z: -1.2908877089203592
  orientation:
    x: 0.06020163969418526
    y: 0.02636985314888117
    z: -0.029979889079428106
    w: 0.9973873869634723
---
header:
  stamp:
    sec: 1788575009
    nanosec: 81762000
  frame_id: default_cam
pose:
  position:
    x: 0.1224190240448274
    y: 0.0674193303159309
    z: -1.2870221503256518
  orientation:
    x: 0.0566027383087639
    y: 0.026642848162998875
    z: -0.030333875765719248
    w: 0.9975801444689759
---
header:
  stamp:
    sec: 1788575009
    nanosec: 181771000
  frame_id: default_cam
pose:
  position:
    x: 0.12042794597310628
    y: 0.0674284423257936
    z: -1.2869084412289578
  orientation:
    x: 0.054733940764150724
    y: 0.025729971447882898
    z: -0.03024703255612773
    w: 0.9977110209470808
---
header:
  stamp:
    sec: 1788575009
    nanosec: 249777000
  frame_id: default_cam
pose:
  position:
    x: 0.11898460400314428
    y: 0.06741875373780401
    z: -1.288454118199637
  orientation:
    x: 0.05395343226523498
    y: 0.02919975010823369
    z: -0.028345834624094523
    w: 0.9977138444463327
---
header:
  stamp:
    sec: 1788575009
    nanosec: 281776000
  frame_id: default_cam
pose:
  position:
    x: 0.11813310423316234
    y: 0.06735088550085257
    z: -1.28747729748686
  orientation:
    x: 0.05380372741300316
    y: 0.029913464230836868
    z: -0.028919405563576684
    w: 0.9976843246017385
---
header:
  stamp:
    sec: 1788575009
    nanosec: 317783000
  frame_id: default_cam
pose:
  position:
    x: 0.11750256744748408
    y: 0.06756127172992413
    z: -1.2900215672924784
  orientation:
    x: 0.052108008449743184
    y: 0.03377753075997347
    z: -0.02902488692820521
    w: 0.9976479287854836
---
header:
  stamp:
    sec: 1788575009
    nanosec: 349781000
  frame_id: default_cam
pose:
  position:
    x: 0.1170074560776003
    y: 0.06752078452106465
    z: -1.289523478063852
  orientation:
    x: 0.04933722143232743
    y: 0.030873817610272365
    z: -0.028483473933292806
    w: 0.9978984606061864
---
header:
  stamp:
    sec: 1788575009
    nanosec: 381785000
  frame_id: default_cam
pose:
  position:
    x: 0.11576639151201445
    y: 0.06763912089624159
    z: -1.290693886208181
  orientation:
    x: 0.049155281092335815
    y: 0.03865876787130934
    z: -0.028907586468358733
    w: 0.9976239819952105
---
header:
  stamp:
    sec: 1788575009
    nanosec: 417790000
  frame_id: default_cam
pose:
  position:
    x: 0.11525055499019125
    y: 0.06734888021012986
    z: -1.2894724818919199
  orientation:
    x: 0.04994888490912864
    y: 0.03597536312160374
    z: -0.028249973235413887
    w: 0.9977037742520581
---
header:
  stamp:
    sec: 1788575009
    nanosec: 449791000
  frame_id: default_cam
pose:
  position:
    x: 0.11439261221333855
    y: 0.06748004633157352
    z: -1.2912532084349817
  orientation:
    x: 0.057975976226241836
    y: 0.035241463352968544
    z: -0.027911645509262863
    w: 0.9973052519095249
---
header:
  stamp:
    sec: 1788575009
    nanosec: 481791000
  frame_id: default_cam
pose:
  position:
    x: 0.11344365285676297
    y: 0.06729593124084195
    z: -1.2879761933384264
  orientation:
    x: 0.055374288943177856
    y: 0.038272398027516245
    z: -0.02807536956361487
    w: 0.9973367963216474
---
header:
  stamp:
    sec: 1788575009
    nanosec: 549797000
  frame_id: default_cam
pose:
  position:
    x: 0.11236505650159086
    y: 0.0673591618932283
    z: -1.2890298408435434
  orientation:
    x: 0.05767921708528074
    y: 0.03406527007433613
    z: -0.02728871121325625
    w: 0.9973805650460165
---
header:
  stamp:
    sec: 1788575009
    nanosec: 617801000
  frame_id: default_cam
pose:
  position:
    x: 0.11073481420948689
    y: 0.06740383829281267
    z: -1.2901100140520336
  orientation:
    x: 0.0564237140142321
    y: 0.03531021010583582
    z: -0.025924953138100365
    w: 0.9974454623506537
---
header:
  stamp:
    sec: 1788575009
    nanosec: 681810000
  frame_id: default_cam
pose:
  position:
    x: 0.10850245913149127
    y: 0.06728905486837314
    z: -1.2881139607110008
  orientation:
    x: 0.056264417805325304
    y: 0.036417479646957435
    z: -0.026121032407939605
    w: 0.997409531802827
---
header:
  stamp:
    sec: 1788575009
    nanosec: 749812000
  frame_id: default_cam
pose:
  position:
    x: 0.10696566770912729
    y: 0.06723878798836361
    z: -1.2871676459780534
  orientation:
    x: 0.05511373134609741
    y: 0.03333527538230338
    z: -0.02785100921489427
    w: 0.9975347399053369
---
header:
  stamp:
    sec: 1788575009
    nanosec: 781815000
  frame_id: default_cam
pose:
  position:
    x: 0.1063931843762124
    y: 0.06738269518773066
    z: -1.2880681530875835
  orientation:
    x: 0.05288578979255716
    y: 0.032245687248314885
    z: -0.026547836068723293
    w: 0.9977266766464499
---
header:
  stamp:
    sec: 1788575009
    nanosec: 849821000
  frame_id: default_cam
pose:
  position:
    x: 0.10439694805640473
    y: 0.0673834967645404
    z: -1.2872356370068938
  orientation:
    x: 0.056004097287259906
    y: 0.03239083515957718
    z: -0.027110639028045745
    w: 0.9975366600462338
---
header:
  stamp:
    sec: 1788575009
    nanosec: 949825000
  frame_id: default_cam
pose:
  position:
    x: 0.10182440075595392
    y: 0.06758280685046306
    z: -1.2898617445345022
  orientation:
    x: 0.054060311653055526
    y: 0.03772097505868162
    z: -0.028156566589535987
    w: 0.9974276006319887
---
header:
  stamp:
    sec: 1788575009
    nanosec: 981829000
  frame_id: default_cam
pose:
  position:
    x: 0.10073242542198682
    y: 0.06741064604838694
    z: -1.2882076960497804
  orientation:
    x: 0.05599955307223228
    y: 0.0347268067270706
    z: -0.027201501047015048
    w: 0.9974558523017649
---
header:
  stamp:
    sec: 1788575010
    nanosec: 81837000
  frame_id: default_cam
pose:
  position:
    x: 0.09917493287673476
    y: 0.0674490582903986
    z: -1.2905395681584233
  orientation:
    x: 0.05620809178446504
    y: 0.03587087704912504
    z: -0.02576373424237026
    w: 0.9974418081249473
---
header:
  stamp:
    sec: 1788575010
    nanosec: 117839000
  frame_id: default_cam
pose:
  position:
    x: 0.09857030918078422
    y: 0.06742720625102772
    z: -1.2896075600531622
  orientation:
    x: 0.05756315887401617
    y: 0.03792290426435727
    z: -0.026429178344553318
    w: 0.997271194111528
---
header:
  stamp:
    sec: 1788575010
    nanosec: 217851000
  frame_id: default_cam
pose:
  position:
    x: 0.09654168930373155
    y: 0.06740523810239074
    z: -1.2891329854877767
  orientation:
    x: 0.057504017096911456
    y: 0.03849536470501593
    z: -0.026418114411223166
    w: 0.997252965974482
---
header:
  stamp:
    sec: 1788575010
    nanosec: 249851000
  frame_id: default_cam
pose:
  position:
    x: 0.09605587217672666
    y: 0.06746642508326763
    z: -1.2879306774835857
  orientation:
    x: 0.0584779158039571
    y: 0.04184622543773938
    z: -0.027088580122140847
    w: 0.9970433469046396
---
header:
  stamp:
    sec: 1788575010
    nanosec: 281852000
  frame_id: default_cam
pose:
  position:
    x: 0.09585527025023348
    y: 0.06740332102326799
    z: -1.2889099400658062
  orientation:
    x: 0.054878754191541985
    y: 0.03764880229703026
    z: -0.026108783725041315
    w: 0.9974413373408897
---
header:
  stamp:
    sec: 1788575010
    nanosec: 317853000
  frame_id: default_cam
pose:
  position:
    x: 0.09513302624492817
    y: 0.06705020391161803
    z: -1.2849987872709456
  orientation:
    x: 0.054674002509344226
    y: 0.03808465341008731
    z: -0.026724392743865275
    w: 0.9974197308338718
---
header:
  stamp:
    sec: 1788575010
    nanosec: 349856000
  frame_id: default_cam
pose:
  position:
    x: 0.09519957916103504
    y: 0.06740453539732379
    z: -1.2884429737419645
  orientation:
    x: 0.05568582206820592
    y: 0.03650265388087578
    z: -0.025852984489309217
    w: 0.9974458725531108
---
header:
  stamp:
    sec: 1788575010
    nanosec: 381859000
  frame_id: default_cam
pose:
  position:
    x: 0.09423906152124875
    y: 0.0672440473247002
    z: -1.2851045924450624
  orientation:
    x: 0.052506469811121635
    y: 0.035685041227871514
    z: -0.02644573801280913
    w: 0.9976323327767083
---
header:
  stamp:
    sec: 1788575010
    nanosec: 417861000
  frame_id: default_cam
pose:
  position:
    x: 0.09306393946586138
    y: 0.06744438889189534
    z: -1.2858039645881947
  orientation:
    x: 0.049272028888615066
    y: 0.03606157507747714
    z: -0.027165115067826102
    w: 0.9977644443933061
---
header:
  stamp:
    sec: 1788575010
    nanosec: 449864000
  frame_id: default_cam
pose:
  position:
    x: 0.09157308254857974
    y: 0.06748289680578912
    z: -1.285869495288834
  orientation:
    x: 0.051978351801964695
    y: 0.03612309581246418
    z: -0.028123797921785876
    w: 0.9975983284284959
---
header:
  stamp:
    sec: 1788575010
    nanosec: 481866000
  frame_id: default_cam
pose:
  position:
    x: 0.08979402552313123
    y: 0.0674717778334619
    z: -1.284318372898772
  orientation:
    x: 0.055819581151308195
    y: 0.034854816850358884
    z: -0.030221136820553694
    w: 0.997374553009898
---
header:
  stamp:
    sec: 1788575010
    nanosec: 517868000
  frame_id: default_cam
pose:
  position:
    x: 0.08847466202690568
    y: 0.06738800817775459
    z: -1.2835233705572495
  orientation:
    x: 0.05751685357338653
    y: 0.0312506510691395
    z: -0.030488141273830115
    w: 0.9973894332729014
---
header:
  stamp:
    sec: 1788575010
    nanosec: 617876000
  frame_id: default_cam
pose:
  position:
    x: 0.08719465143859913
    y: 0.06739994644370408
    z: -1.285103939040033
  orientation:
    x: 0.05939413149625818
    y: 0.033446124223442036
    z: -0.028931707823141778
    w: 0.997254556369973
---
header:
  stamp:
    sec: 1788575010
    nanosec: 749887000
  frame_id: default_cam
pose:
  position:
    x: 0.08360999609794063
    y: 0.06716045914796583
    z: -1.2835425990853335
  orientation:
    x: 0.05663683749788872
    y: 0.0326350998921602
    z: -0.029326327511749625
    w: 0.9974302910018024
---
header:
  stamp:
    sec: 1788575010
    nanosec: 781889000
  frame_id: default_cam
pose:
  position:
    x: 0.08261892435531079
    y: 0.06717095988387109
    z: -1.2835658712145177
  orientation:
    x: 0.05541660087823523
    y: 0.03231689036941951
    z: -0.02862313480765153
    w: 0.9975296161506867
---
header:
  stamp:
    sec: 1788575010
    nanosec: 817890000
  frame_id: default_cam
pose:
  position:
    x: 0.0814080109626145
    y: 0.06760388033781323
    z: -1.2872862988689608
  orientation:
    x: 0.05565028287165558
    y: 0.033294354500493076
    z: -0.03058457039360492
    w: 0.9974262459092095
---
header:
  stamp:
    sec: 1788575010
    nanosec: 849893000
  frame_id: default_cam
pose:
  position:
    x: 0.0803475672926839
    y: 0.06714277872472184
    z: -1.2812786947638288
  orientation:
    x: 0.05699385349376848
    y: 0.030644672355303895
    z: -0.02947017591489667
    w: 0.9974688533742354
---
header:
  stamp:
    sec: 1788575010
    nanosec: 881896000
  frame_id: default_cam
pose:
  position:
    x: 0.0791376669449613
    y: 0.06739082749207695
    z: -1.2848604644128083
  orientation:
    x: 0.05647381876195967
    y: 0.03357879610824743
    z: -0.02912658936254109
    w: 0.9974140634854052
---
header:
  stamp:
    sec: 1788575010
    nanosec: 917899000
  frame_id: default_cam
pose:
  position:
    x: 0.07831276105175379
    y: 0.06722150247606708
    z: -1.2850944821530739
  orientation:
    x: 0.05605151629309388
    y: 0.03416269998035112
    z: -0.029006561784953488
    w: 0.9974215542210391
---
header:
  stamp:
    sec: 1788575010
    nanosec: 949900000
  frame_id: default_cam
pose:
  position:
    x: 0.0771375216945869
    y: 0.06740323087779987
    z: -1.2848838492686883
  orientation:
    x: 0.056187626308305504
    y: 0.032679499800335465
    z: -0.0290708792398202
    w: 0.9974617210313697
---
header:
  stamp:
    sec: 1788575010
    nanosec: 981904000
  frame_id: default_cam
pose:
  position:
    x: 0.07660177291104923
    y: 0.06716280106433457
    z: -1.283712948020525
  orientation:
    x: 0.05569784531672803
    y: 0.030982271389765018
    z: -0.02831570847781452
    w: 0.9975650703287501
---
header:
  stamp:
    sec: 1788575011
    nanosec: 17904000
  frame_id: default_cam
pose:
  position:
    x: 0.07621023637568243
    y: 0.06715895127456008
    z: -1.2845167641345807
  orientation:
    x: 0.05637618513409061
    y: 0.03114950981108027
    z: -0.028750407339791798
    w: 0.9975093221950622
---
header:
  stamp:
    sec: 1788575011
    nanosec: 49908000
  frame_id: default_cam
pose:
  position:
    x: 0.07573548874615223
    y: 0.06728802608405861
    z: -1.2843185438718232
  orientation:
    x: 0.05807621054560278
    y: 0.03189882167411463
    z: -0.027364381995300655
    w: 0.9974270948507872
---
header:
  stamp:
    sec: 1788575011
    nanosec: 181921000
  frame_id: default_cam
pose:
  position:
    x: 0.07289761415376521
    y: 0.06728497904979434
    z: -1.2844560548658293
  orientation:
    x: 0.05637714348524883
    y: 0.03023671183695552
    z: -0.027662311935292345
    w: 0.9975681207056123
---
header:
  stamp:
    sec: 1788575011
    nanosec: 281927000
  frame_id: default_cam
pose:
  position:
    x: 0.07067595620745445
    y: 0.06712526390783066
    z: -1.2821923126526262
  orientation:
    x: 0.05608250282068027
    y: 0.031612656571974554
    z: -0.028300348664735554
    w: 0.9975241766931191
---
header:
  stamp:
    sec: 1788575011
    nanosec: 317928000
  frame_id: default_cam
pose:
  position:
    x: 0.07034383027617595
    y: 0.06715254032399563
    z: -1.283100196393065
  orientation:
    x: 0.056598455994427435
    y: 0.030897520817950844
    z: -0.028256546867322322
    w: 0.9975186843089636
---
header:
  stamp:
    sec: 1788575011
    nanosec: 349929000
  frame_id: default_cam
pose:
  position:
    x: 0.0700003402932334
    y: 0.06707213658873887
    z: -1.2832504231578061
  orientation:
    x: 0.055429534839117924
    y: 0.03385943907749087
    z: -0.027679948667522995
    w: 0.9975043486093883
---
header:
  stamp:
    sec: 1788575011
    nanosec: 381933000
  frame_id: default_cam
pose:
  position:
    x: 0.06980514727801322
    y: 0.0672503396803079
    z: -1.2837840084749008
  orientation:
    x: 0.05807641809383676
    y: 0.033129234459598124
    z: -0.027820858593049974
    w: 0.9973743446232495
---
header:
  stamp:
    sec: 1788575011
    nanosec: 449942000
  frame_id: default_cam
pose:
  position:
    x: 0.06902330001205573
    y: 0.06720174325785358
    z: -1.2843134024685645
  orientation:
    x: 0.05497213229569256
    y: 0.033909760617124765
    z: -0.02744305463850842
    w: 0.9975344964249918
---
header:
  stamp:
    sec: 1788575011
    nanosec: 481941000
  frame_id: default_cam
pose:
  position:
    x: 0.06809592581151425
    y: 0.06698404634686261
    z: -1.2808317101866176
  orientation:
    x: 0.0555794597814574
    y: 0.03211345129885266
    z: -0.026582340346353688
    w: 0.9975835950324103
---
header:
  stamp:
    sec: 1788575011
    nanosec: 549945000
  frame_id: default_cam
pose:
  position:
    x: 0.06546019846860657
    y: 0.06709423150972674
    z: -1.282272505644523
  orientation:
    x: 0.05845923667730875
    y: 0.035688823978523916
    z: -0.0284188050307574
    w: 0.9972468084735896
---
header:
  stamp:
    sec: 1788575011
    nanosec: 581947000
  frame_id: default_cam
pose:
  position:
    x: 0.06427375295708501
    y: 0.06685068887002081
    z: -1.279000774313004
  orientation:
    x: 0.05653066266783713
    y: 0.028489988031757407
    z: -0.027489071483380922
    w: 0.9976156352570198
---
header:
  stamp:
    sec: 1788575011
    nanosec: 649956000
  frame_id: default_cam
pose:
  position:
    x: 0.06218389811106351
    y: 0.06695085730309584
    z: -1.2804065124633708
  orientation:
    x: 0.055572183223492486
    y: 0.03334986689697405
    z: -0.02703121980090081
    w: 0.9975313689232054
---
header:
  stamp:
    sec: 1788575011
    nanosec: 681956000
  frame_id: default_cam
pose:
  position:
    x: 0.06125681303469311
    y: 0.06685365976977647
    z: -1.2797799396939629
  orientation:
    x: 0.0557422926588555
    y: 0.03406056882765664
    z: -0.026123515409342317
    w: 0.997522048078602
---
header:
  stamp:
    sec: 1788575011
    nanosec: 749962000
  frame_id: default_cam
pose:
  position:
    x: 0.060088747021907404
    y: 0.06709400233889945
    z: -1.2813166444860455
  orientation:
    x: 0.05729073861917769
    y: 0.0324050429570105
    z: -0.0264292118580455
    w: 0.997481418984828
---
header:
  stamp:
    sec: 1788575011
    nanosec: 817969000
  frame_id: default_cam
pose:
  position:
    x: 0.05809903243567912
    y: 0.06719276451282692
    z: -1.2819028634783103
  orientation:
    x: 0.05794629712827113
    y: 0.033295922075786466
    z: -0.026210038054347903
    w: 0.9974199928452582
---
header:
  stamp:
    sec: 1788575011
    nanosec: 881972000
  frame_id: default_cam
pose:
  position:
    x: 0.05526950416470052
    y: 0.06685597933200885
    z: -1.2787993786972882
  orientation:
    x: 0.05520053025827624
    y: 0.03444018823382954
    z: -0.026259495375005014
    w: 0.997535570190995
---
header:
  stamp:
    sec: 1788575011
    nanosec: 917973000
  frame_id: default_cam
pose:
  position:
    x: 0.054200323627898624
    y: 0.06671645660693183
    z: -1.2773254556794404
  orientation:
    x: 0.054519967193550525
    y: 0.03445708441712271
    z: -0.026897179618890356
    w: 0.9975554241440596
---
header:
  stamp:
    sec: 1788575011
    nanosec: 949976000
  frame_id: default_cam
pose:
  position:
    x: 0.05396149118107111
    y: 0.0672794693241737
    z: -1.2839107567200403
  orientation:
    x: 0.05880358162313516
    y: 0.0356182867442495
    z: -0.02729154363424395
    w: 0.9972605718084696
---
header:
  stamp:
    sec: 1788575012
    nanosec: 17981000
  frame_id: default_cam
pose:
  position:
    x: 0.052073081202152045
    y: 0.06706656180564576
    z: -1.2805362902651836
  orientation:
    x: 0.05819639365285542
    y: 0.03352475177701481
    z: -0.026413320854380112
    w: 0.997392403853937
---
header:
  stamp:
    sec: 1788575012
    nanosec: 81987000
  frame_id: default_cam
pose:
  position:
    x: 0.050108167341367124
    y: 0.06668547745503693
    z: -1.2763436042046354
  orientation:
    x: 0.054356236330201466
    y: 0.03615856727152276
    z: -0.026394705370222257
    w: 0.9975175572957627
---
header:
  stamp:
    sec: 1788575012
    nanosec: 117988000
  frame_id: default_cam
pose:
  position:
    x: 0.04923570989507009
    y: 0.067081801776287
    z: -1.281149136132621
  orientation:
    x: 0.0557069535144241
    y: 0.03359830736114869
    z: -0.026299577856060095
    w: 0.9975350727053163
---
header:
  stamp:
    sec: 1788575012
    nanosec: 149991000
  frame_id: default_cam
pose:
  position:
    x: 0.04827911913109582
    y: 0.06675198250447044
    z: -1.2768677928854153
  orientation:
    x: 0.056235685262851325
    y: 0.03320024096861697
    z: -0.027419258532892204
    w: 0.9974885843778613
---
header:
  stamp:
    sec: 1788575012
    nanosec: 217997000
  frame_id: default_cam
pose:
  position:
    x: 0.046636131283240734
    y: 0.06705701184253061
    z: -1.2818332102082128
  orientation:
    x: 0.05628433179505149
    y: 0.032183072134751904
    z: -0.02641911045472173
    w: 0.9975461665833493
---
header:
  stamp:
    sec: 1788575012
    nanosec: 249998000
  frame_id: default_cam
pose:
  position:
    x: 0.045635149491568064
    y: 0.06720211905554489
    z: -1.2814627500769777
  orientation:
    x: 0.05549640635561437
    y: 0.03447590093151604
    z: -0.025964531689854978
    w: 0.9975256408888442
---
header:
  stamp:
    sec: 1788575012
    nanosec: 282000000
  frame_id: default_cam
pose:
  position:
    x: 0.04469952012642053
    y: 0.06697725592087907
    z: -1.280048490670851
  orientation:
    x: 0.056260078400755004
    y: 0.037921242391534375
    z: -0.02708060936709446
    w: 0.9973281423634501
---
header:
  stamp:
    sec: 1788575012
    nanosec: 318002000
  frame_id: default_cam
pose:
  position:
    x: 0.04377973333305119
    y: 0.06728166563766201
    z: -1.283761475204952
  orientation:
    x: 0.05509100413758778
    y: 0.0347374615557641
    z: -0.02594905889347518
    w: 0.9975394410098866
---
header:
  stamp:
    sec: 1788575012
    nanosec: 350006000
  frame_id: default_cam
pose:
  position:
    x: 0.04270394170132854
    y: 0.06701995982655226
    z: -1.2805355481004996
  orientation:
    x: 0.055662807851087986
    y: 0.03555054600150694
    z: -0.026970862838872473
    w: 0.9974519452378918
---
header:
  stamp:
    sec: 1788575012
    nanosec: 382008000
  frame_id: default_cam
pose:
  position:
    x: 0.041854755231292395
    y: 0.06732651146944899
    z: -1.282322547111083
  orientation:
    x: 0.056301053048384606
    y: 0.03442811111844658
    z: -0.025887242284494176
    w: 0.9974842090365956
---
header:
  stamp:
    sec: 1788575012
    nanosec: 418010000
  frame_id: default_cam
pose:
  position:
    x: 0.04038306378065366
    y: 0.06701762227797418
    z: -1.279393343993028
  orientation:
    x: 0.057169607509432147
    y: 0.03586362939411243
    z: -0.026103410114171468
    w: 0.9973785881220383
---
header:
  stamp:
    sec: 1788575012
    nanosec: 482016000
  frame_id: default_cam
pose:
  position:
    x: 0.038077695545247425
    y: 0.06709383391873194
    z: -1.2797129227577038
  orientation:
    x: 0.05765227027706613
    y: 0.0392076041696896
    z: -0.026146137780854964
    w: 0.9972238259219028
---
header:
  stamp:
    sec: 1788575012
    nanosec: 518018000
  frame_id: default_cam
pose:
  position:
    x: 0.036864788105245246
    y: 0.06697365622708981
    z: -1.2791793456969076
  orientation:
    x: 0.05658512089428625
    y: 0.03896130856187492
    z: -0.02644181895584177
    w: 0.9972868046549257
---
header:
  stamp:
    sec: 1788575012
    nanosec: 550019000
  frame_id: default_cam
pose:
  position:
    x: 0.035846262346427175
    y: 0.06730378338026655
    z: -1.2818104765411158
  orientation:
    x: 0.056232678316881037
    y: 0.03620698836950935
    z: -0.02586490927139809
    w: 0.9974256595611037
---
header:
  stamp:
    sec: 1788575012
    nanosec: 582023000
  frame_id: default_cam
pose:
  position:
    x: 0.034742639136854596
    y: 0.06721445608299959
    z: -1.2813826460208164
  orientation:
    x: 0.058061958680020904
    y: 0.03520162770674303
    z: -0.026241870496629464
    w: 0.997346990066082
---
header:
  stamp:
    sec: 1788575012
    nanosec: 650030000
  frame_id: default_cam
pose:
  position:
    x: 0.03216614111631917
    y: 0.06665737396627565
    z: -1.2752936249163964
  orientation:
    x: 0.05533910879760811
    y: 0.03889468360933597
    z: -0.02631312523741421
    w: 0.9973627254237328
---
header:
  stamp:
    sec: 1788575012
    nanosec: 718037000
  frame_id: default_cam
pose:
  position:
    x: 0.030930829876128257
    y: 0.06698955639965998
    z: -1.2806162324455475
  orientation:
    x: 0.05517812864533447
    y: 0.03745255205432333
    z: -0.02559514024186706
    w: 0.9974455219508563
---
header:
  stamp:
    sec: 1788575012
    nanosec: 750035000
  frame_id: default_cam
pose:
  position:
    x: 0.030085651013267548
    y: 0.06706954454882162
    z: -1.2791470132508131
  orientation:
    x: 0.05757339319018693
    y: 0.04158777354866701
    z: -0.026124166861223486
    w: 0.997132533514798
---
header:
  stamp:
    sec: 1788575012
    nanosec: 818040000
  frame_id: default_cam
pose:
  position:
    x: 0.02908748001664662
    y: 0.06688173867192974
    z: -1.277954778038384
  orientation:
    x: 0.05471229827141082
    y: 0.04015523963099517
    z: -0.02462917567570915
    w: 0.9973903573092997
---
header:
  stamp:
    sec: 1788575012
    nanosec: 850042000
  frame_id: default_cam
pose:
  position:
    x: 0.028172957355603427
    y: 0.0671696172924207
    z: -1.2806771216343338
  orientation:
    x: 0.05747498031706769
    y: 0.04169838963887697
    z: -0.02514857636801372
    w: 0.9971586734546009
---
header:
  stamp:
    sec: 1788575012
    nanosec: 882044000
  frame_id: default_cam
pose:
  position:
    x: 0.02719942981563383
    y: 0.0667105563987292
    z: -1.2752487719145102
  orientation:
    x: 0.05568276166666249
    y: 0.03798672731989932
    z: -0.02467197776231492
    w: 0.9974205392481112
---
header:
  stamp:
    sec: 1788575012
    nanosec: 918047000
  frame_id: default_cam
pose:
  position:
    x: 0.026425963530905233
    y: 0.06708598899746236
    z: -1.2816170162930864
  orientation:
    x: 0.05743058709297812
    y: 0.03913540347417727
    z: -0.024908895667638067
    w: 0.9972711240067507
---
header:
  stamp:
    sec: 1788575012
    nanosec: 982053000
  frame_id: default_cam
pose:
  position:
    x: 0.024823298407753262
    y: 0.06681074039708204
    z: -1.277237494622015
  orientation:
    x: 0.05617761852668269
    y: 0.03671252279550866
    z: -0.024905429048623938
    w: 0.9974347023492635
---
header:
  stamp:
    sec: 1788575013
    nanosec: 50058000
  frame_id: default_cam
pose:
  position:
    x: 0.02277330639175999
    y: 0.06674954619137918
    z: -1.2786866261745546
  orientation:
    x: 0.054785849791522845
    y: 0.03381360422481918
    z: -0.021800661718154653
    w: 0.9976872666224615
---
header:
  stamp:
    sec: 1788575013
    nanosec: 118062000
  frame_id: default_cam
pose:
  position:
    x: 0.020505005630969433
    y: 0.06628861796888343
    z: -1.275940642826332
  orientation:
    x: 0.05289350119692186
    y: 0.039560405544888086
    z: -0.022637341876260535
    w: 0.9975594230906911
---
header:
  stamp:
    sec: 1788575013
    nanosec: 182068000
  frame_id: default_cam
pose:
  position:
    x: 0.018497378233643173
    y: 0.06634159857016428
    z: -1.276621597972235
  orientation:
    x: 0.05324904216616823
    y: 0.03622320142195226
    z: -0.022562684410433496
    w: 0.997668955345071
---
header:
  stamp:
    sec: 1788575013
    nanosec: 218070000
  frame_id: default_cam
pose:
  position:
    x: 0.0178085709159614
    y: 0.06626217964739577
    z: -1.275770057086652
  orientation:
    x: 0.05141298925310148
    y: 0.03627114686295933
    z: -0.02128679118765457
    w: 0.9977915518595251
---
header:
  stamp:
    sec: 1788575013
    nanosec: 250072000
  frame_id: default_cam
pose:
  position:
    x: 0.016583271929193732
    y: 0.06627738317109909
    z: -1.2752254681277764
  orientation:
    x: 0.05306098081014326
    y: 0.04003993054091803
    z: -0.02221997889310368
    w: 0.9975407805276605
---
header:
  stamp:
    sec: 1788575013
    nanosec: 282074000
  frame_id: default_cam
pose:
  position:
    x: 0.015828965381902874
    y: 0.06615003057503657
    z: -1.274856028087243
  orientation:
    x: 0.050741409583581316
    y: 0.03659243952037163
    z: -0.021491974033999713
    w: 0.9978098004006279
---
header:
  stamp:
    sec: 1788575013
    nanosec: 318077000
  frame_id: default_cam
pose:
  position:
    x: 0.015202732566023796
    y: 0.0661224861242329
    z: -1.2758201294774068
  orientation:
    x: 0.05144029316834371
    y: 0.03524488405441167
    z: -0.020745989532470154
    w: 0.9978383127065549
---
header:
  stamp:
    sec: 1788575013
    nanosec: 350081000
  frame_id: default_cam
pose:
  position:
    x: 0.013866397391654612
    y: 0.06613163690079511
    z: -1.2753980367964382
  orientation:
    x: 0.05046234101588363
    y: 0.03724542478529001
    z: -0.020395835344602993
    w: 0.9978228000864461
---
header:
  stamp:
    sec: 1788575013
    nanosec: 382083000
  frame_id: default_cam
pose:
  position:
    x: 0.012931389833117906
    y: 0.06615728714817447
    z: -1.275394711265079
  orientation:
    x: 0.052105557965992116
    y: 0.038483000137138845
    z: -0.021357507787562166
    w: 0.9976712516608874
---
header:
  stamp:
    sec: 1788575013
    nanosec: 418086000
  frame_id: default_cam
pose:
  position:
    x: 0.011613022294264492
    y: 0.06629385868428934
    z: -1.277204801224356
  orientation:
    x: 0.05129068713077655
    y: 0.0406822619682531
    z: -0.021085947744972234
    w: 0.9976319971725524
---
header:
  stamp:
    sec: 1788575013
    nanosec: 482090000
  frame_id: default_cam
pose:
  position:
    x: 0.00960031657292065
    y: 0.0663324637714217
    z: -1.2777191747422332
  orientation:
    x: 0.052453161945911875
    y: 0.038332820186998705
    z: -0.021088466075443082
    w: 0.9976645414652021
---
header:
  stamp:
    sec: 1788575013
    nanosec: 650102000
  frame_id: default_cam
pose:
  position:
    x: 0.00474830691559375
    y: 0.06601853667521111
    z: -1.2743068571316998
  orientation:
    x: 0.050870829439118415
    y: 0.04231889545597795
    z: -0.01974402326197737
    w: 0.9976128724836065
---
header:
  stamp:
    sec: 1788575013
    nanosec: 682105000
  frame_id: default_cam
pose:
  position:
    x: 0.0038880792472878196
    y: 0.0662202317374367
    z: -1.2770131273099865
  orientation:
    x: 0.05166188645361597
    y: 0.037587890386575416
    z: -0.019661008988529752
    w: 0.9977633209884463
---
header:
  stamp:
    sec: 1788575013
    nanosec: 718107000
  frame_id: default_cam
pose:
  position:
    x: 0.002890096489879569
    y: 0.06617654332886247
    z: -1.2788552693687736
  orientation:
    x: 0.050426128783068486
    y: 0.03765175623499189
    z: -0.0191947231848468
    w: 0.9978332092039386
---
header:
  stamp:
    sec: 1788575014
    nanosec: 50132000
  frame_id: default_cam
pose:
  position:
    x: -0.007145810503625987
    y: 0.06578266101488013
    z: -1.2729047570878307
  orientation:
    x: 0.050658632699977134
    y: 0.03152724360065075
    z: -0.019861143493415574
    w: 0.9980206765508659
---
header:
  stamp:
    sec: 1788575014
    nanosec: 218145000
  frame_id: default_cam
pose:
  position:
    x: -0.012805594549994479
    y: 0.066111045417544
    z: -1.2768339371204787
  orientation:
    x: 0.04959674115599064
    y: 0.03473514440099695
    z: -0.01894601621163227
    w: 0.9979853112545576
---
header:
  stamp:
    sec: 1788575014
    nanosec: 250147000
  frame_id: default_cam
pose:
  position:
    x: -0.013836534122042094
    y: 0.06617964773087497
    z: -1.2777964017696168
  orientation:
    x: 0.051009337430613685
    y: 0.036627972148740695
    z: -0.0189812077910376
    w: 0.9978457560675168
---
header:
  stamp:
    sec: 1788575014
    nanosec: 318152000
  frame_id: default_cam
pose:
  position:
    x: -0.016432460048695977
    y: 0.06637045724694703
    z: -1.2778346106602754
  orientation:
    x: 0.05143644735654021
    y: 0.03249057249322641
    z: -0.018967056638864322
    w: 0.9979673869144514
---
header:
  stamp:
    sec: 1788575014
    nanosec: 350155000
  frame_id: default_cam
pose:
  position:
    x: -0.01751460330954523
    y: 0.06614648740508336
    z: -1.2753674613413615
  orientation:
    x: 0.05176782413538581
    y: 0.0350719291169466
    z: -0.017377786476381555
    w: 0.9978918101224625
---
header:
  stamp:
    sec: 1788575014
    nanosec: 418159000
  frame_id: default_cam
pose:
  position:
    x: -0.019251430871420647
    y: 0.06628208481171735
    z: -1.2742212736339456
  orientation:
    x: 0.05354637368067046
    y: 0.03343811228739669
    z: -0.015464144011199476
    w: 0.9978855338977043
---
header:
  stamp:
    sec: 1788575014
    nanosec: 482165000
  frame_id: default_cam
pose:
  position:
    x: -0.020882708082102873
    y: 0.0668969451525704
    z: -1.2791412656181533
  orientation:
    x: 0.05595497504314816
    y: 0.031634566949836296
    z: -0.014735267920169782
    w: 0.9978232142123864
---
header:
  stamp:
    sec: 1788575014
    nanosec: 518167000
  frame_id: default_cam
pose:
  position:
    x: -0.02158521536441054
    y: 0.06659928585496337
    z: -1.2770921427763693
  orientation:
    x: 0.05267603508356983
    y: 0.0283383255973696
    z: -0.015116172020617508
    w: 0.9980950235191313
---
header:
  stamp:
    sec: 1788575014
    nanosec: 550170000
  frame_id: default_cam
pose:
  position:
    x: -0.023042004733375258
    y: 0.06657181980534377
    z: -1.2747070593241137
  orientation:
    x: 0.05511301904435589
    y: 0.03447156600925863
    z: -0.015141339947870659
    w: 0.9977700166337274
---
header:
  stamp:
    sec: 1788575014
    nanosec: 582172000
  frame_id: default_cam
pose:
  position:
    x: -0.023776377429854983
    y: 0.06665526840297639
    z: -1.2789988187327819
  orientation:
    x: 0.05236366702062494
    y: 0.03053892204676243
    z: -0.016004755463823732
    w: 0.9980326990729903
---
header:
  stamp:
    sec: 1788575014
    nanosec: 618174000
  frame_id: default_cam
pose:
  position:
    x: -0.02510656665761046
    y: 0.06644459128746032
    z: -1.2747174118099531
  orientation:
    x: 0.053931047737097025
    y: 0.0357331797846616
    z: -0.01605823424510053
    w: 0.9977758841871182
---
header:
  stamp:
    sec: 1788575014
    nanosec: 650178000
  frame_id: default_cam
pose:
  position:
    x: -0.02651677702602745
    y: 0.06619245368024118
    z: -1.2748802669756325
  orientation:
    x: 0.04987093425440096
    y: 0.03821323592207308
    z: -0.01861557081978643
    w: 0.9978507398604315
---
header:
  stamp:
    sec: 1788575014
    nanosec: 750185000
  frame_id: default_cam
pose:
  position:
    x: -0.029613296147372653
    y: 0.06622122846508588
    z: -1.2774390059458514
  orientation:
    x: 0.05050602462824029
    y: 0.030023952408382903
    z: -0.017569952783663197
    w: 0.998117728786144
---
header:
  stamp:
    sec: 1788575014
    nanosec: 782187000
  frame_id: default_cam
pose:
  position:
    x: -0.031043488729203844
    y: 0.06591909385888178
    z: -1.2734828772681757
  orientation:
    x: 0.050691058316595206
    y: 0.03609687988371659
    z: -0.018583081810041806
    w: 0.9978888219335085
---
header:
  stamp:
    sec: 1788575014
    nanosec: 918197000
  frame_id: default_cam
pose:
  position:
    x: -0.03527180017201448
    y: 0.06581093926921701
    z: -1.2735524941900611
  orientation:
    x: 0.048659581561675866
    y: 0.03648198224951169
    z: -0.017907911314694713
    w: 0.9979882849040533
---
header:
  stamp:
    sec: 1788575014
    nanosec: 982201000
  frame_id: default_cam
pose:
  position:
    x: -0.03716070602963823
    y: 0.06581969611006315
    z: -1.2730558637752742
  orientation:
    x: 0.04989867321922738
    y: 0.039129291105141434
    z: -0.017541095926810482
    w: 0.997833318216152
---
header:
  stamp:
    sec: 1788575015
    nanosec: 114212000
  frame_id: default_cam
pose:
  position:
    x: -0.04061046263737746
    y: 0.06616167227614199
    z: -1.2778493571519791
  orientation:
    x: 0.05105527355863914
    y: 0.03463606917482601
    z: -0.01821035324095732
    w: 0.997928897661957
---
header:
  stamp:
    sec: 1788575015
    nanosec: 150217000
  frame_id: default_cam
pose:
  position:
    x: -0.04140386452567169
    y: 0.0660820689169937
    z: -1.276456405049298
  orientation:
    x: 0.04895675604735987
    y: 0.037864350748298824
    z: -0.017555080847719604
    w: 0.9979285275590427
---
header:
  stamp:
    sec: 1788575015
    nanosec: 182217000
  frame_id: default_cam
pose:
  position:
    x: -0.04261022495467625
    y: 0.06617476879151833
    z: -1.2781074115789186
  orientation:
    x: 0.051087216779463256
    y: 0.03523596527565199
    z: -0.01820417411677005
    w: 0.9979063739036581
---
header:
  stamp:
    sec: 1788575015
    nanosec: 214219000
  frame_id: default_cam
pose:
  position:
    x: -0.04370350234192224
    y: 0.06618595956970827
    z: -1.279154743492965
  orientation:
    x: 0.04958634501480153
    y: 0.03504327294954928
    z: -0.018488078393164697
    w: 0.9979836443381147
---
header:
  stamp:
    sec: 1788575015
    nanosec: 250224000
  frame_id: default_cam
pose:
  position:
    x: -0.044845458395131856
    y: 0.06632232991282777
    z: -1.280605160005353
  orientation:
    x: 0.051376301396960464
    y: 0.037411804142923256
    z: -0.01876869277395632
    w: 0.9978018684774533
---
header:
  stamp:
    sec: 1788575015
    nanosec: 282224000
  frame_id: default_cam
pose:
  position:
    x: -0.045461540143652626
    y: 0.06608358324110775
    z: -1.277286862032444
  orientation:
    x: 0.04866005703096784
    y: 0.039542625010196744
    z: -0.01794003786064941
    w: 0.9978711012443463
---
header:
  stamp:
    sec: 1788575015
    nanosec: 614249000
  frame_id: default_cam
pose:
  position:
    x: -0.05502531758446741
    y: 0.06636335609087346
    z: -1.2812480339016328
  orientation:
    x: 0.051626311134162176
    y: 0.042013894420094
    z: -0.01998710710472816
    w: 0.9975821130232438
---
header:
  stamp:
    sec: 1788575015
    nanosec: 650254000
  frame_id: default_cam
pose:
  position:
    x: -0.0560028375785129
    y: 0.06622278913191555
    z: -1.278960138053111
  orientation:
    x: 0.051455004139515044
    y: 0.03444795223796166
    z: -0.020114608446295982
    w: 0.9978783110493312
---
header:
  stamp:
    sec: 1788575015
    nanosec: 714258000
  frame_id: default_cam
pose:
  position:
    x: -0.058059961699611064
    y: 0.06641209159541787
    z: -1.280198304324989
  orientation:
    x: 0.052613992642498546
    y: 0.035014689954702874
    z: -0.020931980465761713
    w: 0.9977813344913664
---
header:
  stamp:
    sec: 1788575015
    nanosec: 750259000
  frame_id: default_cam
pose:
  position:
    x: -0.0582205167444801
    y: 0.06643570081467538
    z: -1.28152504205701
  orientation:
    x: 0.052311057343845606
    y: 0.036212211420199016
    z: -0.02020443221756011
    w: 0.9977695174449828
---
header:
  stamp:
    sec: 1788575015
    nanosec: 782262000
  frame_id: default_cam
pose:
  position:
    x: -0.058982946203190695
    y: 0.06628997337341365
    z: -1.281051767394935
  orientation:
    x: 0.050166213358636545
    y: 0.04009729956363325
    z: -0.02000915217802735
    w: 0.9977350306740145
---
header:
  stamp:
    sec: 1788575015
    nanosec: 814265000
  frame_id: default_cam
pose:
  position:
    x: -0.05963135634079075
    y: 0.06648258622142135
    z: -1.2817141319774146
  orientation:
    x: 0.05127663896689812
    y: 0.038305879747223416
    z: -0.019775267245382443
    w: 0.9977536292484349
---
header:
  stamp:
    sec: 1788575015
    nanosec: 850265000
  frame_id: default_cam
pose:
  position:
    x: -0.06079606193276558
    y: 0.06660578705150454
    z: -1.2834122007137139
  orientation:
    x: 0.05305338630101474
    y: 0.041285356367809264
    z: -0.01971730287132751
    w: 0.9975430243949674
---
header:
  stamp:
    sec: 1788575015
    nanosec: 882270000
  frame_id: default_cam
pose:
  position:
    x: -0.06244722115980667
    y: 0.06655942140728534
    z: -1.2839738969481502
  orientation:
    x: 0.05046844526983458
    y: 0.04286416292510165
    z: -0.020746478933079335
    w: 0.9975896867854316
---
header:
  stamp:
    sec: 1788575015
    nanosec: 914272000
  frame_id: default_cam
pose:
  position:
    x: -0.06401873797000854
    y: 0.06628929908869034
    z: -1.2803201654444416
  orientation:
    x: 0.050649785860758564
    y: 0.038120153929848064
    z: -0.020057126367906318
    w: 0.9977871339812344
---
header:
  stamp:
    sec: 1788575015
    nanosec: 950274000
  frame_id: default_cam
pose:
  position:
    x: -0.06590837448778855
    y: 0.06646104110563102
    z: -1.2842447664360679
  orientation:
    x: 0.05030670772367446
    y: 0.042299971234167004
    z: -0.020873347741529418
    w: 0.9976192915865524
---
header:
  stamp:
    sec: 1788575016
    nanosec: 50282000
  frame_id: default_cam
pose:
  position:
    x: -0.06798681218234748
    y: 0.0664068092199616
    z: -1.28342280043619
  orientation:
    x: 0.05041924182863984
    y: 0.03773794841203459
    z: -0.01910418769445176
    w: 0.9978320386295536
---
header:
  stamp:
    sec: 1788575016
    nanosec: 82285000
  frame_id: default_cam
pose:
  position:
    x: -0.06871174667855806
    y: 0.06640165720101167
    z: -1.2825656442562374
  orientation:
    x: 0.0507054210289092
    y: 0.04174669220955245
    z: -0.018047547440286547
    w: 0.9976775330733034
---
header:
  stamp:
    sec: 1788575016
    nanosec: 114286000
  frame_id: default_cam
pose:
  position:
    x: -0.07002585062292653
    y: 0.06633724487881563
    z: -1.281350761006113
  orientation:
    x: 0.04973529662810452
    y: 0.042601223485132844
    z: -0.020016432474777374
    w: 0.9976526842833967
---
header:
  stamp:
    sec: 1788575016
    nanosec: 150289000
  frame_id: default_cam
pose:
  position:
    x: -0.07097994666118455
    y: 0.0664879945963898
    z: -1.2809784969465783
  orientation:
    x: 0.05009969452182508
    y: 0.04211776307269565
    z: -0.019245611945435597
    w: 0.9976701464228634
---
header:
  stamp:
    sec: 1788575016
    nanosec: 182292000
  frame_id: default_cam
pose:
  position:
    x: -0.07245404963564889
    y: 0.06657644799136957
    z: -1.2842196166514979
  orientation:
    x: 0.05164099121804761
    y: 0.039885467888425126
    z: -0.01927009689759925
    w: 0.9976828257732495
---
header:
  stamp:
    sec: 1788575016
    nanosec: 214294000
  frame_id: default_cam
pose:
  position:
    x: -0.07416346751420906
    y: 0.06668059584692707
    z: -1.2845533929023278
  orientation:
    x: 0.05247517940494658
    y: 0.040501732436553084
    z: -0.020967634096452834
    w: 0.9975802341348058
---
header:
  stamp:
    sec: 1788575016
    nanosec: 250296000
  frame_id: default_cam
pose:
  position:
    x: -0.07539560313117748
    y: 0.06700518020249571
    z: -1.2834772613172043
  orientation:
    x: 0.05369061144327387
    y: 0.03856849816238123
    z: -0.02293474253790345
    w: 0.9975488894169878
---
header:
  stamp:
    sec: 1788575016
    nanosec: 282299000
  frame_id: default_cam
pose:
  position:
    x: -0.07674461124339627
    y: 0.06682948207181619
    z: -1.2821582476087412
  orientation:
    x: 0.0526710870933435
    y: 0.040921605377224855
    z: -0.022837638817248363
    w: 0.9975117147437462
---
header:
  stamp:
    sec: 1788575016
    nanosec: 314303000
  frame_id: default_cam
pose:
  position:
    x: -0.07834402761452854
    y: 0.06734702129355094
    z: -1.2875656163438207
  orientation:
    x: 0.055020327156051194
    y: 0.03513155094689431
    z: -0.023929323585090673
    w: 0.9975800344836834
---
header:
  stamp:
    sec: 1788575016
    nanosec: 350306000
  frame_id: default_cam
pose:
  position:
    x: -0.07925845024536385
    y: 0.06692480681060232
    z: -1.2828503939690998
  orientation:
    x: 0.055637800631750826
    y: 0.035264385692799945
    z: -0.024657235880085584
    w: 0.99752337263912
---
header:
  stamp:
    sec: 1788575016
    nanosec: 382307000
  frame_id: default_cam
pose:
  position:
    x: -0.08039397162907032
    y: 0.06737530151493107
    z: -1.288082712190302
  orientation:
    x: 0.05581805210730515
    y: 0.03240570172883418
    z: -0.02388944955670039
    w: 0.9976289439236844
---
header:
  stamp:
    sec: 1788575016
    nanosec: 414311000
  frame_id: default_cam
pose:
  position:
    x: -0.08160757572547574
    y: 0.06719720968286659
    z: -1.284518461246838
  orientation:
    x: 0.05519326202713165
    y: 0.0316993817007731
    z: -0.023964104537376022
    w: 0.9976846068374088
---
header:
  stamp:
    sec: 1788575016
    nanosec: 450314000
  frame_id: default_cam
pose:
  position:
    x: -0.08276457263822594
    y: 0.06697592258548403
    z: -1.2804548078412172
  orientation:
    x: 0.057324775647011106
    y: 0.03382450957640554
    z: -0.024950745144987508
    w: 0.9974704170879682
---
header:
  stamp:
    sec: 1788575016
    nanosec: 514318000
  frame_id: default_cam
pose:
  position:
    x: -0.08411493418247465
    y: 0.06711392033930418
    z: -1.2836734019382285
  orientation:
    x: 0.05614716740803013
    y: 0.02960404423810689
    z: -0.025108740068628444
    w: 0.9976676036280665
---
header:
  stamp:
    sec: 1788575016
    nanosec: 582322000
  frame_id: default_cam
pose:
  position:
    x: -0.08526678783135615
    y: 0.06710489156332514
    z: -1.2841999779111604
  orientation:
    x: 0.056876604975509545
    y: 0.0341087476121693
    z: -0.0257309752676033
    w: 0.9974665718983105
---
header:
  stamp:
    sec: 1788575016
    nanosec: 614323000
  frame_id: default_cam
pose:
  position:
    x: -0.08580198111168978
    y: 0.06722810199230277
    z: -1.285347867638157
  orientation:
    x: 0.05592349415481062
    y: 0.030830083137193005
    z: -0.024768709635780126
    w: 0.9976515322487352
---
header:
  stamp:
    sec: 1788575016
    nanosec: 650325000
  frame_id: default_cam
pose:
  position:
    x: -0.08673667668080796
    y: 0.06703416625600853
    z: -1.2808612986129129
  orientation:
    x: 0.05442104916299641
    y: 0.0335682840865742
    z: -0.024896897877415527
    w: 0.9976430544977314
---
header:
  stamp:
    sec: 1788575016
    nanosec: 750334000
  frame_id: default_cam
pose:
  position:
    x: -0.08895464432023982
    y: 0.06705798939758616
    z: -1.2826481490218893
  orientation:
    x: 0.05727117276654556
    y: 0.03368654142955158
    z: -0.025329447419207483
    w: 0.9974686204537451
---
header:
  stamp:
    sec: 1788575016
    nanosec: 782336000
  frame_id: default_cam
pose:
  position:
    x: -0.08970724704650884
    y: 0.06729517505602547
    z: -1.2864907630485427
  orientation:
    x: 0.05543976167094973
    y: 0.034062476753249055
    z: -0.02397574108738682
    w: 0.9975927748047363
---
header:
  stamp:
    sec: 1788575016
    nanosec: 814348000
  frame_id: default_cam
pose:
  position:
    x: -0.09057942356029947
    y: 0.06738514541812245
    z: -1.2879619023504647
  orientation:
    x: 0.05686003284758829
    y: 0.032995786842200184
    z: -0.02468607443252294
    w: 0.9975313591282968
---
header:
  stamp:
    sec: 1788575016
    nanosec: 850341000
  frame_id: default_cam
pose:
  position:
    x: -0.09136012438247257
    y: 0.06706478181297942
    z: -1.2840606967191015
  orientation:
    x: 0.05672992127129959
    y: 0.03665243450309041
    z: -0.024085857303716297
    w: 0.9974257799733742
---
header:
  stamp:
    sec: 1788575016
    nanosec: 882344000
  frame_id: default_cam
pose:
  position:
    x: -0.09260396555883245
    y: 0.06752431716329944
    z: -1.29106944530985
  orientation:
    x: 0.05554198289748685
    y: 0.032641481210082174
    z: -0.023772766670799833
    w: 0.9976394526105324
---
header:
  stamp:
    sec: 1788575016
    nanosec: 914346000
  frame_id: default_cam
pose:
  position:
    x: -0.09308779039534677
    y: 0.0669806281078928
    z: -1.282522394113228
  orientation:
    x: 0.056733518098798535
    y: 0.03583875765485536
    z: -0.02346754496806041
    w: 0.9974698821052503
---
header:
  stamp:
    sec: 1788575016
    nanosec: 982352000
  frame_id: default_cam
pose:
  position:
    x: -0.09580472939360782
    y: 0.06724111762118608
    z: -1.2867246433441792
  orientation:
    x: 0.057331958350402695
    y: 0.026244807448894437
    z: -0.023645135189232024
    w: 0.997730005670653
---
header:
  stamp:
    sec: 1788575017
    nanosec: 14354000
  frame_id: default_cam
pose:
  position:
    x: -0.0969861910209146
    y: 0.06702472710242206
    z: -1.2834225465025815
  orientation:
    x: 0.0546457039317008
    y: 0.0326649057399021
    z: -0.02422977100934364
    w: 0.9976771868553711
---
header:
  stamp:
    sec: 1788575017
    nanosec: 50356000
  frame_id: default_cam
pose:
  position:
    x: -0.09792768851931638
    y: 0.06740166855260694
    z: -1.2881026764075352
  orientation:
    x: 0.05826944434142681
    y: 0.02671452114974182
    z: -0.023369982421811833
    w: 0.9976697099428676
---
header:
  stamp:
    sec: 1788575017
    nanosec: 82360000
  frame_id: default_cam
pose:
  position:
    x: -0.09869104497665862
    y: 0.06697844763952181
    z: -1.2822844523268555
  orientation:
    x: 0.05480935190434528
    y: 0.03143385492161823
    z: -0.02455369354392151
    w: 0.9976998365450119
---
header:
  stamp:
    sec: 1788575017
    nanosec: 150367000
  frame_id: default_cam
pose:
  position:
    x: -0.1020811072296073
    y: 0.0673614543104007
    z: -1.287324819529341
  orientation:
    x: 0.05367905392484374
    y: 0.03200647042416114
    z: -0.02539548978708555
    w: 0.9977220124459493
---
header:
  stamp:
    sec: 1788575017
    nanosec: 214369000
  frame_id: default_cam
pose:
  position:
    x: -0.10578011230175388
    y: 0.06745112950662455
    z: -1.287089008412159
  orientation:
    x: 0.05677720025605963
    y: 0.029009240943431495
    z: -0.02675241974645092
    w: 0.9976066968042461
---
header:
  stamp:
    sec: 1788575017
    nanosec: 250372000
  frame_id: default_cam
pose:
  position:
    x: -0.10679382082989522
    y: 0.0672368549930212
    z: -1.284456129983157
  orientation:
    x: 0.0536053098198791
    y: 0.034302292389986215
    z: -0.02540852977417898
    w: 0.9976493522829659
---
header:
  stamp:
    sec: 1788575017
    nanosec: 282374000
  frame_id: default_cam
pose:
  position:
    x: -0.10793143575846903
    y: 0.0673939537321699
    z: -1.2895320838282238
  orientation:
    x: 0.05016963292626034
    y: 0.03367252394904082
    z: -0.02400217045485169
    w: 0.9978842943329661
---
header:
  stamp:
    sec: 1788575017
    nanosec: 314377000
  frame_id: default_cam
pose:
  position:
    x: -0.10875099281069911
    y: 0.06713564179168027
    z: -1.284677395952235
  orientation:
    x: 0.05198599889001031
    y: 0.036145595972766585
    z: -0.02456656216660529
    w: 0.9976910522975013
---
header:
  stamp:
    sec: 1788575017
    nanosec: 350378000
  frame_id: default_cam
pose:
  position:
    x: -0.11009742733535836
    y: 0.06748044600943291
    z: -1.2891030608731817
  orientation:
    x: 0.051207516241671386
    y: 0.03632221789091698
    z: -0.02479021331865135
    w: 0.9977193653986373
---
header:
  stamp:
    sec: 1788575017
    nanosec: 382379000
  frame_id: default_cam
pose:
  position:
    x: -0.1111043261640475
    y: 0.06734018886778706
    z: -1.2867569336967872
  orientation:
    x: 0.051048082081671026
    y: 0.03591395254614249
    z: -0.024828511038065985
    w: 0.9977413624622009
---
header:
  stamp:
    sec: 1788575017
    nanosec: 414384000
  frame_id: default_cam
pose:
  position:
    x: -0.11212727358804968
    y: 0.06739958460036645
    z: -1.2876654363473896
  orientation:
    x: 0.05125747851302114
    y: 0.03252170133821702
    z: -0.023791472836443568
    w: 0.997872224114304
---
header:
  stamp:
    sec: 1788575017
    nanosec: 450386000
  frame_id: default_cam
pose:
  position:
    x: -0.11364762340517304
    y: 0.06747830427145068
    z: -1.2897242236607076
  orientation:
    x: 0.05107489428797379
    y: 0.03320010901001418
    z: -0.024599467470230375
    w: 0.9978396535192298
---
header:
  stamp:
    sec: 1788575017
    nanosec: 482387000
  frame_id: default_cam
pose:
  position:
    x: -0.11502970408570347
    y: 0.06755201756279583
    z: -1.2889944515802125
  orientation:
    x: 0.051628617024924564
    y: 0.03603804861720899
    z: -0.025376660623342668
    w: 0.997693224418992
---
header:
  stamp:
    sec: 1788575017
    nanosec: 514392000
  frame_id: default_cam
pose:
  position:
    x: -0.11584351353797924
    y: 0.06763575324514837
    z: -1.2913234098730302
  orientation:
    x: 0.05187611040287259
    y: 0.03419267478208527
    z: -0.02513373982043062
    w: 0.9977514847312202
---
header:
  stamp:
    sec: 1788575017
    nanosec: 550392000
  frame_id: default_cam
pose:
  position:
    x: -0.1162754689153575
    y: 0.067585923870455
    z: -1.2899907398287935
  orientation:
    x: 0.05444882890232284
    y: 0.03174789850193509
    z: -0.02421722768551188
    w: 0.9977178568388483
---
header:
  stamp:
    sec: 1788575017
    nanosec: 582395000
  frame_id: default_cam
pose:
  position:
    x: -0.11691349411384207
    y: 0.06725633126953258
    z: -1.2871500436194026
  orientation:
    x: 0.050370393618868796
    y: 0.035956764154891865
    z: -0.024366674658855905
    w: 0.9977856481851496
---
header:
  stamp:
    sec: 1788575017
    nanosec: 614401000
  frame_id: default_cam
pose:
  position:
    x: -0.11803265464311352
    y: 0.06758994303085834
    z: -1.2903503098330384
  orientation:
    x: 0.05431852054369612
    y: 0.030486458791211677
    z: -0.0242314769224953
    w: 0.9977639548923735
---
header:
  stamp:
    sec: 1788575017
    nanosec: 650401000
  frame_id: default_cam
pose:
  position:
    x: -0.1182931716702515
    y: 0.06696240849095422
    z: -1.2832126832452806
  orientation:
    x: 0.04960491685467455
    y: 0.03147058365330018
    z: -0.023608262506398612
    w: 0.9979937898252625
---
header:
  stamp:
    sec: 1788575017
    nanosec: 682402000
  frame_id: default_cam
pose:
  position:
    x: -0.11973162918153629
    y: 0.06771277954293561
    z: -1.290231319606062
  orientation:
    x: 0.05560361689022593
    y: 0.028212697287373908
    z: -0.025278220072830298
    w: 0.99773407934702
---
header:
  stamp:
    sec: 1788575017
    nanosec: 714406000
  frame_id: default_cam
pose:
  position:
    x: -0.12117818441234357
    y: 0.06760220926057897
    z: -1.2893134348854631
  orientation:
    x: 0.052725574787715196
    y: 0.03219155065913133
    z: -0.02600476841852515
    w: 0.9977512063881279
---
header:
  stamp:
    sec: 1788575017
    nanosec: 750410000
  frame_id: default_cam
pose:
  position:
    x: -0.12243360847516574
    y: 0.06762910538583802
    z: -1.2882815004438886
  orientation:
    x: 0.05352681402297416
    y: 0.030019733395566312
    z: -0.02601346846642129
    w: 0.9977760245895647
---
header:
  stamp:
    sec: 1788575017
    nanosec: 782413000
  frame_id: default_cam
pose:
  position:
    x: -0.12367649987768058
    y: 0.06785372484718527
    z: -1.2897250453233262
  orientation:
    x: 0.054975715327917236
    y: 0.025636007360660722
    z: -0.026918525028879217
    w: 0.9977954995193442
---
header:
  stamp:
    sec: 1788575017
    nanosec: 814412000
  frame_id: default_cam
pose:
  position:
    x: -0.12534061826818826
    y: 0.067999794366557
    z: -1.2910736384269297
  orientation:
    x: 0.05809042915354687
    y: 0.026498513785713485
    z: -0.028721444400364463
    w: 0.9975461941381271
---
header:
  stamp:
    sec: 1788575017
    nanosec: 850417000
  frame_id: default_cam
pose:
  position:
    x: -0.12644435074164873
    y: 0.06831294591213413
    z: -1.2934715057455994
  orientation:
    x: 0.05887119515860262
    y: 0.0231064496600581
    z: -0.030005649577859974
    w: 0.99754695897392
---
header:
  stamp:
    sec: 1788575017
    nanosec: 882418000
  frame_id: default_cam
pose:
  position:
    x: -0.1276128398850885
    y: 0.06818288684764125
    z: -1.292718649656509
  orientation:
    x: 0.05879556566045638
    y: 0.026408798089090028
    z: -0.028898380317790608
    w: 0.9975021506027769
---
header:
  stamp:
    sec: 1788575017
    nanosec: 914421000
  frame_id: default_cam
pose:
  position:
    x: -0.1274542093813102
    y: 0.06790086302103074
    z: -1.2902495786926238
  orientation:
    x: 0.060852616054172824
    y: 0.025335676199096182
    z: -0.02842753936413065
    w: 0.9974201409820231
---
header:
  stamp:
    sec: 1788575017
    nanosec: 950423000
  frame_id: default_cam
pose:
  position:
    x: -0.12835328030056756
    y: 0.06762489759003698
    z: -1.2900816232347239
  orientation:
    x: 0.05592116778276919
    y: 0.030575421987847094
    z: -0.026360314901682946
    w: 0.9976187149218686
---
header:
  stamp:
    sec: 1788575017
    nanosec: 982426000
  frame_id: default_cam
pose:
  position:
    x: -0.12926561935057687
    y: 0.067525611089797
    z: -1.2903796967434265
  orientation:
    x: 0.058726632225496865
    y: 0.02944518848727653
    z: -0.025735843580432755
    w: 0.9975078094419129
---
header:
  stamp:
    sec: 1788575018
    nanosec: 50431000
  frame_id: default_cam
pose:
  position:
    x: -0.13135103763892747
    y: 0.06744820583204486
    z: -1.292076045422679
  orientation:
    x: 0.05824072391749135
    y: 0.03068474863715494
    z: -0.024512102236358736
    w: 0.9975297595172765
---
header:
  stamp:
    sec: 1788575018
    nanosec: 82434000
  frame_id: default_cam
pose:
  position:
    x: -0.13220949661787548
    y: 0.06752468594126367
    z: -1.2943789120118034
  orientation:
    x: 0.05797390183427973
    y: 0.033296242108192646
    z: -0.023942248711066618
    w: 0.9974753910218734
---
header:
  stamp:
    sec: 1788575018
    nanosec: 150439000
  frame_id: default_cam
pose:
  position:
    x: -0.13354566517762556
    y: 0.06724841067711643
    z: -1.2911966160293875
  orientation:
    x: 0.05706640123320358
    y: 0.030879239729561976
    z: -0.02283110872100025
    w: 0.9976315145776947
---
header:
  stamp:
    sec: 1788575018
    nanosec: 214447000
  frame_id: default_cam
pose:
  position:
    x: -0.13566597043442677
    y: 0.06739516000342738
    z: -1.292423355510902
  orientation:
    x: 0.058923923677836686
    y: 0.032814372362898955
    z: -0.02354859693241905
    w: 0.9974450620296599
---
header:
  stamp:
    sec: 1788575018
    nanosec: 250445000
  frame_id: default_cam
pose:
  position:
    x: -0.13565901674164058
    y: 0.06737170393643131
    z: -1.2921013861861435
  orientation:
    x: 0.05689797199352852
    y: 0.02895023183443162
    z: -0.023275821095786374
    w: 0.9976886994509225
---
header:
  stamp:
    sec: 1788575018
    nanosec: 282449000
  frame_id: default_cam
pose:
  position:
    x: -0.13639955828129308
    y: 0.06745801137544874
    z: -1.2935150665811317
  orientation:
    x: 0.056920441417979264
    y: 0.0259510531733258
    z: -0.024866929545320268
    w: 0.9977315480643908
---
header:
  stamp:
    sec: 1788575018
    nanosec: 350454000
  frame_id: default_cam
pose:
  position:
    x: -0.1368689420635076
    y: 0.06754503807077106
    z: -1.2902152568731922
  orientation:
    x: 0.06035522047114114
    y: 0.03018411864675619
    z: -0.025769629305300815
    w: 0.9973876340464954
---
header:
  stamp:
    sec: 1788575018
    nanosec: 382457000
  frame_id: default_cam
pose:
  position:
    x: -0.13765606569036729
    y: 0.06794497321134949
    z: -1.293678375206782
  orientation:
    x: 0.06150812025768459
    y: 0.032710677293038976
    z: -0.027847062549207317
    w: 0.9971816804578679
---
header:
  stamp:
    sec: 1788575018
    nanosec: 414459000
  frame_id: default_cam
pose:
  position:
    x: -0.13770822831245774
    y: 0.06790552818598626
    z: -1.2925055123555373
  orientation:
    x: 0.05751657466279222
    y: 0.029588915451258427
    z: -0.027074432868355796
    w: 0.9975386282276665
---
header:
  stamp:
    sec: 1788575018
    nanosec: 482465000
  frame_id: default_cam
pose:
  position:
    x: -0.13981975102356262
    y: 0.06812914284980041
    z: -1.2948702015489257
  orientation:
    x: 0.05785250585970181
    y: 0.030782545296810477
    z: -0.028326372084753585
    w: 0.997448314006956
---
header:
  stamp:
    sec: 1788575018
    nanosec: 514465000
  frame_id: default_cam
pose:
  position:
    x: -0.1404963991184711
    y: 0.06848679062480828
    z: -1.2981355221565785
  orientation:
    x: 0.05774786274189981
    y: 0.030651694815083994
    z: -0.028930942674172868
    w: 0.997441055155486
---
header:
  stamp:
    sec: 1788575018
    nanosec: 550469000
  frame_id: default_cam
pose:
  position:
    x: -0.1415644221190883
    y: 0.06824953575713441
    z: -1.2954541218377684
  orientation:
    x: 0.054457027655697876
    y: 0.033158210326431625
    z: -0.029250428049609405
    w: 0.9975366548081175
---
header:
  stamp:
    sec: 1788575018
    nanosec: 582470000
  frame_id: default_cam
pose:
  position:
    x: -0.14271669591167138
    y: 0.06841921245371752
    z: -1.2965576834573151
  orientation:
    x: 0.05531007167341861
    y: 0.028186196997290386
    z: -0.029348865188743856
    w: 0.997639703691891
---
header:
  stamp:
    sec: 1788575018
    nanosec: 614474000
  frame_id: default_cam
pose:
  position:
    x: -0.1440404009293728
    y: 0.06833544008460818
    z: -1.2967801502269478
  orientation:
    x: 0.056655690737485415
    y: 0.03107601122067593
    z: -0.02897219721282997
    w: 0.9974893613579704
---
header:
  stamp:
    sec: 1788575018
    nanosec: 650476000
  frame_id: default_cam
pose:
  position:
    x: -0.14628392011715952
    y: 0.06862262553466364
    z: -1.2999605419800406
  orientation:
    x: 0.05590916869438888
    y: 0.032253383965541386
    z: -0.029287118914637675
    w: 0.9974849115371889
---
header:
  stamp:
    sec: 1788575018
    nanosec: 682478000
  frame_id: default_cam
pose:
  position:
    x: -0.1468734547753233
    y: 0.0684001047367148
    z: -1.2966865987065164
  orientation:
    x: 0.055327929952577515
    y: 0.030911689713924568
    z: -0.02947822987267404
    w: 0.9975541697420579
---
header:
  stamp:
    sec: 1788575018
    nanosec: 714482000
  frame_id: default_cam
pose:
  position:
    x: -0.14820906752071253
    y: 0.0684289965620694
    z: -1.2986115211541274
  orientation:
    x: 0.04960146577993939
    y: 0.0350653408660762
    z: -0.028491620379074035
    w: 0.9977466331842979
---
header:
  stamp:
    sec: 1788575018
    nanosec: 750483000
  frame_id: default_cam
pose:
  position:
    x: -0.14938169275076837
    y: 0.0685906525100365
    z: -1.298365164039837
  orientation:
    x: 0.053923976742874906
    y: 0.031299471342355605
    z: -0.02952111879527852
    w: 0.9976176879802192
---
header:
  stamp:
    sec: 1788575018
    nanosec: 782487000
  frame_id: default_cam
pose:
  position:
    x: -0.15026746801459073
    y: 0.06844566330076983
    z: -1.2990984336647966
  orientation:
    x: 0.053547502655467615
    y: 0.031745381341397386
    z: -0.02871362925570966
    w: 0.9976474443498653
---
header:
  stamp:
    sec: 1788575018
    nanosec: 814489000
  frame_id: default_cam
pose:
  position:
    x: -0.15110783823814933
    y: 0.06858234424007899
    z: -1.3001124966571573
  orientation:
    x: 0.05566410519495513
    y: 0.030757238710536344
    z: -0.029075228793277487
    w: 0.9975520691825398
---
header:
  stamp:
    sec: 1788575018
    nanosec: 850491000
  frame_id: default_cam
pose:
  position:
    x: -0.15161046412289353
    y: 0.06843191285734325
    z: -1.2981903541375688
  orientation:
    x: 0.05348656321613895
    y: 0.03287132899537059
    z: -0.028693067389965323
    w: 0.9976148410930739
---
header:
  stamp:
    sec: 1788575018
    nanosec: 882491000
  frame_id: default_cam
pose:
  position:
    x: -0.15234673599074966
    y: 0.0684909400160034
    z: -1.2999809635897093
  orientation:
    x: 0.056287299302320806
    y: 0.03267620615588888
    z: -0.028936542922161426
    w: 0.9974601154794225
---
header:
  stamp:
    sec: 1788575018
    nanosec: 914494000
  frame_id: default_cam
pose:
  position:
    x: -0.15321173363293292
    y: 0.06877306167983718
    z: -1.3023413766497005
  orientation:
    x: 0.05474571760004127
    y: 0.02547832291698627
    z: -0.02915011097525948
    w: 0.997749483836461
---
header:
  stamp:
    sec: 1788575018
    nanosec: 950498000
  frame_id: default_cam
pose:
  position:
    x: -0.1542231427276842
    y: 0.06882507780273218
    z: -1.300552125716161
  orientation:
    x: 0.05780834364112784
    y: 0.033911275430894935
    z: -0.029719950317342498
    w: 0.9973088515386064
---
header:
  stamp:
    sec: 1788575018
    nanosec: 982501000
  frame_id: default_cam
pose:
  position:
    x: -0.15403227537468134
    y: 0.06855194275422756
    z: -1.2958937404297683
  orientation:
    x: 0.05755911390760963
    y: 0.026938079283860526
    z: -0.028401087639404615
    w: 0.9975743914674063
---
header:
  stamp:
    sec: 1788575019
    nanosec: 14502000
  frame_id: default_cam
pose:
  position:
    x: -0.15461733035340272
    y: 0.06843714074565485
    z: -1.2958390651326805
  orientation:
    x: 0.054170608395169545
    y: 0.02666149900113316
    z: -0.028289750463849725
    w: 0.9977747239110655
---
header:
  stamp:
    sec: 1788575019
    nanosec: 50504000
  frame_id: default_cam
pose:
  position:
    x: -0.15525798668320942
    y: 0.0685356124418841
    z: -1.2966230618298389
  orientation:
    x: 0.05460593697277577
    y: 0.03174397135619117
    z: -0.02852033542512993
    w: 0.997595660774996
---
header:
  stamp:
    sec: 1788575019
    nanosec: 82508000
  frame_id: default_cam
pose:
  position:
    x: -0.15579749984379465
    y: 0.06860709988995123
    z: -1.295614135341497
  orientation:
    x: 0.05809974007599253
    y: 0.02608995185649012
    z: -0.02867771293313368
    w: 0.9975576792327113
---
header:
  stamp:
    sec: 1788575019
    nanosec: 114510000
  frame_id: default_cam
pose:
  position:
    x: -0.15693753429401713
    y: 0.0685033090164828
    z: -1.2969013017900426
  orientation:
    x: 0.05494939115093304
    y: 0.03060889186240761
    z: -0.02971240613038212
    w: 0.9975774822403723
---
header:
  stamp:
    sec: 1788575019
    nanosec: 150512000
  frame_id: default_cam
pose:
  position:
    x: -0.15798554464549663
    y: 0.06895431709246228
    z: -1.299094429858816
  orientation:
    x: 0.0547389847377197
    y: 0.035719850991186
    z: -0.0286535754618744
    w: 0.9974501032173498
---
header:
  stamp:
    sec: 1788575019
    nanosec: 182515000
  frame_id: default_cam
pose:
  position:
    x: -0.1579980858720781
    y: 0.0686276009589672
    z: -1.2959606230981162
  orientation:
    x: 0.05334893489875316
    y: 0.02499075542791483
    z: -0.02807836665256688
    w: 0.997868207036598
---
header:
  stamp:
    sec: 1788575019
    nanosec: 214517000
  frame_id: default_cam
pose:
  position:
    x: -0.15892885710363266
    y: 0.06866386195936486
    z: -1.2943568427753127
  orientation:
    x: 0.05426178821656942
    y: 0.0327620471706773
    z: -0.02905196274594879
    w: 0.9975661833008046
---
header:
  stamp:
    sec: 1788575019
    nanosec: 250519000
  frame_id: default_cam
pose:
  position:
    x: -0.15990736375494746
    y: 0.06864300150129878
    z: -1.2961237495413473
  orientation:
    x: 0.052420435743870744
    y: 0.023728536338783565
    z: -0.028550009141048407
    w: 0.9979348432927311
---
header:
  stamp:
    sec: 1788575019
    nanosec: 314528000
  frame_id: default_cam
pose:
  position:
    x: -0.16210841372439477
    y: 0.06891112344820541
    z: -1.2994898431387607
  orientation:
    x: 0.05333679025870248
    y: 0.025204362708596204
    z: -0.029570384161910945
    w: 0.9978203842805927
---
header:
  stamp:
    sec: 1788575019
    nanosec: 350527000
  frame_id: default_cam
pose:
  position:
    x: -0.16215871690231598
    y: 0.06890898406599305
    z: -1.2990585153486425
  orientation:
    x: 0.05366974777958872
    y: 0.023262655276882885
    z: -0.02893991948756252
    w: 0.99786817170546
---
header:
  stamp:
    sec: 1788575019
    nanosec: 382532000
  frame_id: default_cam
pose:
  position:
    x: -0.162385296381979
    y: 0.06866778862405655
    z: -1.2946668142299256
  orientation:
    x: 0.05336521451488046
    y: 0.0308314649570956
    z: -0.02904474296255956
    w: 0.9976762889608127
---
header:
  stamp:
    sec: 1788575019
    nanosec: 414534000
  frame_id: default_cam
pose:
  position:
    x: -0.16299035931797043
    y: 0.06875176815611958
    z: -1.295634401626175
  orientation:
    x: 0.05465269625476046
    y: 0.033621427100604485
    z: -0.0292951973369047
    w: 0.9975091347174698
---
header:
  stamp:
    sec: 1788575019
    nanosec: 482539000
  frame_id: default_cam
pose:
  position:
    x: -0.16415141550592835
    y: 0.06867254902830129
    z: -1.2963824057250697
  orientation:
    x: 0.052933932837018645
    y: 0.02721365659250355
    z: -0.028864076263487477
    w: 0.997809741759784
---
header:
  stamp:
    sec: 1788575019
    nanosec: 514539000
  frame_id: default_cam
pose:
  position:
    x: -0.1651744241185417
    y: 0.06879483768470211
    z: -1.2970160559704886
  orientation:
    x: 0.054582247669705625
    y: 0.03443491773546177
    z: -0.029079854013841226
    w: 0.9974915422049495
---
header:
  stamp:
    sec: 1788575019
    nanosec: 550542000
  frame_id: default_cam
pose:
  position:
    x: -0.16630073254592723
    y: 0.06889773993918571
    z: -1.300500133394202
  orientation:
    x: 0.05305768512642866
    y: 0.03905008999883768
    z: -0.028936117061919044
    w: 0.9974079775345124
---
header:
  stamp:
    sec: 1788575019
    nanosec: 582548000
  frame_id: default_cam
pose:
  position:
    x: -0.16660678143643798
    y: 0.0688032440140625
    z: -1.2965117816256109
  orientation:
    x: 0.05318178090087623
    y: 0.03327600118096372
    z: -0.028007644658714144
    w: 0.9976371974652343
---
header:
  stamp:
    sec: 1788575019
    nanosec: 614549000
  frame_id: default_cam
pose:
  position:
    x: -0.16785856967198637
    y: 0.06883161501326766
    z: -1.2992995726482988
  orientation:
    x: 0.053168447816722954
    y: 0.03726754894384912
    z: -0.02757680049617064
    w: 0.9975087799247045
---
header:
  stamp:
    sec: 1788575019
    nanosec: 650552000
  frame_id: default_cam
pose:
  position:
    x: -0.1684925519168666
    y: 0.06872949475096658
    z: -1.2962912270957723
  orientation:
    x: 0.05373287471307499
    y: 0.03449701961686329
    z: -0.028208754190014687
    w: 0.9975605244794273
---
header:
  stamp:
    sec: 1788575019
    nanosec: 682553000
  frame_id: default_cam
pose:
  position:
    x: -0.16995927081391082
    y: 0.06888529803819114
    z: -1.3003443510338606
  orientation:
    x: 0.054246451654433404
    y: 0.038954353099490455
    z: -0.02770150415492547
    w: 0.99738282897043
---
header:
  stamp:
    sec: 1788575019
    nanosec: 714555000
  frame_id: default_cam
pose:
  position:
    x: -0.17061952730796714
    y: 0.06886695305744003
    z: -1.300225468461835
  orientation:
    x: 0.05334207842788306
    y: 0.031695939775416807
    z: -0.027496146669261524
    w: 0.9976943179095935
---
header:
  stamp:
    sec: 1788575019
    nanosec: 750562000
  frame_id: default_cam
pose:
  position:
    x: -0.171299327851886
    y: 0.06858942222333278
    z: -1.298380828517601
  orientation:
    x: 0.05253390292680317
    y: 0.03647399025976994
    z: -0.026458837482469078
    w: 0.9976020083163846
---
header:
  stamp:
    sec: 1788575019
    nanosec: 782562000
  frame_id: default_cam
pose:
  position:
    x: -0.1719532903009358
    y: 0.06878551452018151
    z: -1.3006978573295223
  orientation:
    x: 0.052341848327124685
    y: 0.03813432996951564
    z: -0.026743909102949454
    w: 0.9975424136934578
---
header:
  stamp:
    sec: 1788575019
    nanosec: 814551000
  frame_id: default_cam
pose:
  position:
    x: -0.1724752081470974
    y: 0.06893256237678574
    z: -1.3021821978829786
  orientation:
    x: 0.05317251994548688
    y: 0.028878722281802556
    z: -0.027311374938155327
    w: 0.9977939623594666
---
header:
  stamp:
    sec: 1788575019
    nanosec: 850563000
  frame_id: default_cam
pose:
  position:
    x: -0.17286154513162386
    y: 0.06892736695393202
    z: -1.299120168971892
  orientation:
    x: 0.05443673633031973
    y: 0.033627550734707544
    z: -0.02807558440483879
    w: 0.9975558085288335
---
header:
  stamp:
    sec: 1788575019
    nanosec: 882569000
  frame_id: default_cam
pose:
  position:
    x: -0.17341332358675773
    y: 0.06899703614246387
    z: -1.3002750970406016
  orientation:
    x: 0.054448221703775765
    y: 0.03743878376828373
    z: -0.028612344976559935
    w: 0.9974041619815863
---
header:
  stamp:
    sec: 1788575019
    nanosec: 914571000
  frame_id: default_cam
pose:
  position:
    x: -0.17364936697479297
    y: 0.06889991839942707
    z: -1.30025171474925
  orientation:
    x: 0.0538016475090896
    y: 0.03914464536575074
    z: -0.027226718119270354
    w: 0.997412545181256
---
header:
  stamp:
    sec: 1788575019
    nanosec: 950570000
  frame_id: default_cam
pose:
  position:
    x: -0.17414763755558552
    y: 0.06896975574841173
    z: -1.3021039505298622
  orientation:
    x: 0.053508945513004745
    y: 0.03893505139423497
    z: -0.02760565381956347
    w: 0.997426078664584
---
header:
  stamp:
    sec: 1788575019
    nanosec: 982576000
  frame_id: default_cam
pose:
  position:
    x: -0.17455092948760947
    y: 0.06882116425940392
    z: -1.3008298289826785
  orientation:
    x: 0.05288799176060192
    y: 0.03208064525632029
    z: -0.027872373024488757
    w: 0.9976957569066095
---
header:
  stamp:
    sec: 1788575020
    nanosec: 14569000
  frame_id: default_cam
pose:
  position:
    x: -0.17436456106306858
    y: 0.06858867627029251
    z: -1.2956187411901752
  orientation:
    x: 0.05217922285016569
    y: 0.03577119710620218
    z: -0.027926799556336118
    w: 0.9976060565307742
---
header:
  stamp:
    sec: 1788575020
    nanosec: 50581000
  frame_id: default_cam
pose:
  position:
    x: -0.17492712589725884
    y: 0.06890354089641929
    z: -1.298369828614308
  orientation:
    x: 0.05363988691016805
    y: 0.03766433988569877
    z: -0.028214476848668766
    w: 0.9974508024606501
---
header:
  stamp:
    sec: 1788575020
    nanosec: 82582000
  frame_id: default_cam
pose:
  position:
    x: -0.17578950898309342
    y: 0.06897061814767289
    z: -1.3019952454549033
  orientation:
    x: 0.052813624689715406
    y: 0.04041301545943172
    z: -0.026824788878013983
    w: 0.9974256563424964
---
header:
  stamp:
    sec: 1788575020
    nanosec: 114586000
  frame_id: default_cam
pose:
  position:
    x: -0.1761749877728629
    y: 0.06889782111588559
    z: -1.3028609600993704
  orientation:
    x: 0.052608965742393175
    y: 0.04169074360875402
    z: -0.026824345130882235
    w: 0.9973838945607474
---
header:
  stamp:
    sec: 1788575020
    nanosec: 150588000
  frame_id: default_cam
pose:
  position:
    x: -0.1765527239455383
    y: 0.06879408912810818
    z: -1.3036882069526945
  orientation:
    x: 0.05136427298868682
    y: 0.04135537168154671
    z: -0.026074957343156104
    w: 0.9974826020001438
---
header:
  stamp:
    sec: 1788575020
    nanosec: 182593000
  frame_id: default_cam
pose:
  position:
    x: -0.17652896097401805
    y: 0.06865306443308467
    z: -1.3016415957364618
  orientation:
    x: 0.05029959362172707
    y: 0.040642099298862325
    z: -0.025289225270333268
    w: 0.9975864001334906
---
header:
  stamp:
    sec: 1788575020
    nanosec: 214582000
  frame_id: default_cam
pose:
  position:
    x: -0.17695166782639296
    y: 0.06836798261959846
    z: -1.2981161938693055
  orientation:
    x: 0.04913479708232642
    y: 0.039046517083396105
    z: -0.024435908897690466
    w: 0.9977294360575308
---
header:
  stamp:
    sec: 1788575020
    nanosec: 250599000
  frame_id: default_cam
pose:
  position:
    x: -0.17841733861594344
    y: 0.06879782346825378
    z: -1.3046233871103468
  orientation:
    x: 0.05016144766575093
    y: 0.04377433337455851
    z: -0.02472893764577599
    w: 0.9974748701338798
---
header:
  stamp:
    sec: 1788575020
    nanosec: 282600000
  frame_id: default_cam
pose:
  position:
    x: -0.1794316289968763
    y: 0.06843343152153726
    z: -1.3036135823059785
  orientation:
    x: 0.048213901787986214
    y: 0.050613466191199566
    z: -0.02403950511819366
    w: 0.9972641570357189
---
header:
  stamp:
    sec: 1788575020
    nanosec: 314603000
  frame_id: default_cam
pose:
  position:
    x: -0.18061497352173825
    y: 0.06825509628649097
    z: -1.3069884228447395
  orientation:
    x: 0.044231904109678144
    y: 0.04386820321073206
    z: -0.02157964579748615
    w: 0.9978243524253901
---
header:
  stamp:
    sec: 1788575020
    nanosec: 350602000
  frame_id: default_cam
pose:
  position:
    x: -0.18170112791754273
    y: 0.0687338152564846
    z: -1.3113365912096204
  orientation:
    x: 0.0466744027353378
    y: 0.045120925280161844
    z: -0.01896930679887815
    w: 0.9977102623661498
---
header:
  stamp:
    sec: 1788575020
    nanosec: 382607000
  frame_id: default_cam
pose:
  position:
    x: -0.18192468818299518
    y: 0.06848140135530473
    z: -1.3092680873494924
  orientation:
    x: 0.04547132715100191
    y: 0.045697707700058064
    z: -0.019519891115123984
    w: 0.9977289470437051
---
header:
  stamp:
    sec: 1788575020
    nanosec: 414599000
  frame_id: default_cam
pose:
  position:
    x: -0.1819716750728556
    y: 0.06823942931365228
    z: -1.3074038322848969
  orientation:
    x: 0.04508081042515538
    y: 0.03942546396016067
    z: -0.02097286230965403
    w: 0.9979847154989286
---
header:
  stamp:
    sec: 1788575020
    nanosec: 450611000
  frame_id: default_cam
pose:
  position:
    x: -0.1817789453250853
    y: 0.06805019395015886
    z: -1.3051727580216397
  orientation:
    x: 0.04432551077485645
    y: 0.040686919044992345
    z: -0.020938357425919724
    w: 0.9979686412415366
---
header:
  stamp:
    sec: 1788575020
    nanosec: 482612000
  frame_id: default_cam
pose:
  position:
    x: -0.18174259233983436
    y: 0.06804473675373952
    z: -1.3033964539369698
  orientation:
    x: 0.046147277985670705
    y: 0.03858047393575033
    z: -0.01954520052006597
    w: 0.9979979764017743
---
header:
  stamp:
    sec: 1788575020
    nanosec: 514617000
  frame_id: default_cam
pose:
  position:
    x: -0.18297465552292894
    y: 0.06817738306867162
    z: -1.3084063720223018
  orientation:
    x: 0.04418628634244389
    y: 0.041807249715769906
    z: -0.019969681475381595
    w: 0.9979483642915792
---
header:
  stamp:
    sec: 1788575020
    nanosec: 550616000
  frame_id: default_cam
pose:
  position:
    x: -0.18370046190911052
    y: 0.06844212875689552
    z: -1.3097566422603026
  orientation:
    x: 0.04592340794754146
    y: 0.034806816358858315
    z: -0.019221512947895213
    w: 0.9981533246838575
---
header:
  stamp:
    sec: 1788575020
    nanosec: 582623000
  frame_id: default_cam
pose:
  position:
    x: -0.18410481222201291
    y: 0.06872386804747084
    z: -1.3099743024642982
  orientation:
    x: 0.04844283860483267
    y: 0.03554805790912305
    z: -0.01765874073265463
    w: 0.9980369711801926
---
header:
  stamp:
    sec: 1788575020
    nanosec: 614612000
  frame_id: default_cam
pose:
  position:
    x: -0.1845876346703455
    y: 0.06832463723659439
    z: -1.3079012311179399
  orientation:
    x: 0.04666386087304229
    y: 0.04138860438953835
    z: -0.01880729124333992
    w: 0.9978756201607472
---
header:
  stamp:
    sec: 1788575020
    nanosec: 650625000
  frame_id: default_cam
pose:
  position:
    x: -0.18576967016599077
    y: 0.06856178413270539
    z: -1.31117101634123
  orientation:
    x: 0.04757241802489543
    y: 0.032941433815232055
    z: -0.01967223549962579
    w: 0.9981306177709952
---
header:
  stamp:
    sec: 1788575020
    nanosec: 682628000
  frame_id: default_cam
pose:
  position:
    x: -0.18600494336041973
    y: 0.06811951325127502
    z: -1.3058665988123601
  orientation:
    x: 0.04505986764047747
    y: 0.03811636664445882
    z: -0.020698654248240057
    w: 0.9980422419088081
---
header:
  stamp:
    sec: 1788575020
    nanosec: 714629000
  frame_id: default_cam
pose:
  position:
    x: -0.18673667024161933
    y: 0.06857753826842601
    z: -1.3079836252125436
  orientation:
    x: 0.048268825004544845
    y: 0.02975313415901716
    z: -0.0218786040980546
    w: 0.9981513904328926
---
header:
  stamp:
    sec: 1788575020
    nanosec: 750633000
  frame_id: default_cam
pose:
  position:
    x: -0.18594702053766163
    y: 0.06828552004179017
    z: -1.3051883566578393
  orientation:
    x: 0.04692364796196794
    y: 0.038286502541192945
    z: -0.02150656224760382
    w: 0.9979327546309894
---
header:
  stamp:
    sec: 1788575020
    nanosec: 782637000
  frame_id: default_cam
pose:
  position:
    x: -0.18597996078361745
    y: 0.06829149208290258
    z: -1.3079660294988897
  orientation:
    x: 0.046395583889216135
    y: 0.03669440799495734
    z: -0.02192025856098192
    w: 0.9980082527124202
---
header:
  stamp:
    sec: 1788575020
    nanosec: 814628000
  frame_id: default_cam
pose:
  position:
    x: -0.1857087540024132
    y: 0.06853495203809268
    z: -1.3071093740322117
  orientation:
    x: 0.04911999014766961
    y: 0.035075498017268926
    z: -0.02332782695075943
    w: 0.9979041780133445
---
header:
  stamp:
    sec: 1788575020
    nanosec: 850644000
  frame_id: default_cam
pose:
  position:
    x: -0.1855728617851072
    y: 0.06867322668497942
    z: -1.3044546219372122
  orientation:
    x: 0.05069519648882483
    y: 0.03553756943940653
    z: -0.02281959876369883
    w: 0.9978207976002317
---
header:
  stamp:
    sec: 1788575020
    nanosec: 882644000
  frame_id: default_cam
pose:
  position:
    x: -0.18539996951303594
    y: 0.0684175493462018
    z: -1.3013337842618782
  orientation:
    x: 0.049988020772594635
    y: 0.02617644909734628
    z: -0.022119147567693512
    w: 0.998161677586738
---
header:
  stamp:
    sec: 1788575020
    nanosec: 914646000
  frame_id: default_cam
pose:
  position:
    x: -0.18721395602558105
    y: 0.06877906358627235
    z: -1.3091168040207664
  orientation:
    x: 0.049776205196843074
    y: 0.027149955279395514
    z: -0.02068482668185235
    w: 0.9981770119921969
---
header:
  stamp:
    sec: 1788575020
    nanosec: 950646000
  frame_id: default_cam
pose:
  position:
    x: -0.18763930426247008
    y: 0.06850373280515165
    z: -1.302615059006823
  orientation:
    x: 0.05100619364765868
    y: 0.024256835454457483
    z: -0.02033221075181184
    w: 0.9981966616600443
---
header:
  stamp:
    sec: 1788575020
    nanosec: 982650000
  frame_id: default_cam
pose:
  position:
    x: -0.1887287325304579
    y: 0.06893209737150013
    z: -1.3043359227268034
  orientation:
    x: 0.05336098613106237
    y: 0.01825731686349715
    z: -0.02140824159100882
    w: 0.9981788230232334
---
header:
  stamp:
    sec: 1788575021
    nanosec: 14641000
  frame_id: default_cam
pose:
  position:
    x: -0.18940269408195443
    y: 0.06908675024848737
    z: -1.3064771419481125
  orientation:
    x: 0.05270167894195492
    y: 0.020345859713122666
    z: -0.021605389935757283
    w: 0.9981692171946382
---
header:
  stamp:
    sec: 1788575021
    nanosec: 50657000
  frame_id: default_cam
pose:
  position:
    x: -0.18943714763808053
    y: 0.06907746267780926
    z: -1.3027312424951032
  orientation:
    x: 0.054266538081777636
    y: 0.026094184956962366
    z: -0.022552762880220813
    w: 0.9979306635445768
---
header:
  stamp:
    sec: 1788575021
    nanosec: 82660000
  frame_id: default_cam
pose:
  position:
    x: -0.19018864850522485
    y: 0.06905991400422719
    z: -1.3044954051361406
  orientation:
    x: 0.053580110745703076
    y: 0.027074932508229257
    z: -0.022102896814676053
    w: 0.9979516930766503
---
header:
  stamp:
    sec: 1788575021
    nanosec: 114661000
  frame_id: default_cam
pose:
  position:
    x: -0.19082995161885064
    y: 0.06941900238558245
    z: -1.3076985833396129
  orientation:
    x: 0.056174666318750094
    y: 0.027330859431431532
    z: -0.021739125706792737
    w: 0.9978100226998227
---
header:
  stamp:
    sec: 1788575021
    nanosec: 150669000
  frame_id: default_cam
pose:
  position:
    x: -0.19049746493259495
    y: 0.06909278485212476
    z: -1.303556218987514
  orientation:
    x: 0.05511548883071281
    y: 0.018388570955380188
    z: -0.021558229809925576
    w: 0.9980778456997395
---
header:
  stamp:
    sec: 1788575021
    nanosec: 182666000
  frame_id: default_cam
pose:
  position:
    x: -0.19137873738946157
    y: 0.06886229740046322
    z: -1.3037934848313681
  orientation:
    x: 0.05188988736412694
    y: 0.024947973972690527
    z: -0.020241399391598008
    w: 0.9981359245787449
---
header:
  stamp:
    sec: 1788575021
    nanosec: 214655000
  frame_id: default_cam
pose:
  position:
    x: -0.19225524570851382
    y: 0.06901912568781243
    z: -1.3060541455746424
  orientation:
    x: 0.05345359399158804
    y: 0.02541318274863794
    z: -0.021789751464143067
    w: 0.9980090631668119
---
header:
  stamp:
    sec: 1788575021
    nanosec: 250670000
  frame_id: default_cam
pose:
  position:
    x: -0.19249431371103923
    y: 0.06909499772919388
    z: -1.3059281579244058
  orientation:
    x: 0.05361273993643122
    y: 0.018622743877183125
    z: -0.021236116755890433
    w: 0.9981622587896838
---
header:
  stamp:
    sec: 1788575021
    nanosec: 282672000
  frame_id: default_cam
pose:
  position:
    x: -0.19249431371103923
    y: 0.06909499772919388
    z: -1.3059281579244058
  orientation:
    x: 0.05361273993643122
    y: 0.018622743877183125
    z: -0.021236116755890433
    w: 0.9981622587896838
---
header:
  stamp:
    sec: 1788575021
    nanosec: 314676000
  frame_id: default_cam
pose:
  position:
    x: -0.1921038967990167
    y: 0.06897641181615566
    z: -1.3042115343647052
  orientation:
    x: 0.054131825112230296
    y: 0.020249254691017998
    z: -0.021041898466320128
    w: 0.9981066835280736
---
header:
  stamp:
    sec: 1788575021
    nanosec: 350677000
  frame_id: default_cam
pose:
  position:
    x: -0.1925075595816228
    y: 0.06875943192952946
    z: -1.3062378781558757
  orientation:
    x: 0.05208680605196162
    y: 0.01783445729530137
    z: -0.022362544197743223
    w: 0.9982328452747342
---
header:
  stamp:
    sec: 1788575021
    nanosec: 382681000
  frame_id: default_cam
pose:
  position:
    x: -0.19241759302005526
    y: 0.06842722218819353
    z: -1.306794673468937
  orientation:
    x: 0.04893043517438433
    y: 0.027047412055861912
    z: -0.021953699566994563
    w: 0.9981945126527434
---
header:
  stamp:
    sec: 1788575021
    nanosec: 414674000
  frame_id: default_cam
pose:
  position:
    x: -0.19234140517730944
    y: 0.06830483071419179
    z: -1.306904011899831
  orientation:
    x: 0.047760976342065574
    y: 0.02616081244375149
    z: -0.020813445851433264
    w: 0.9982992043986236
---
header:
  stamp:
    sec: 1788575021
    nanosec: 450685000
  frame_id: default_cam
pose:
  position:
    x: -0.1924178728128245
    y: 0.06811271234162705
    z: -1.3079066350569564
  orientation:
    x: 0.04818677541484116
    y: 0.025941360369476616
    z: -0.021477022654889405
    w: 0.9982704132624496
---
header:
  stamp:
    sec: 1788575021
    nanosec: 482688000
  frame_id: default_cam
pose:
  position:
    x: -0.19159534564899225
    y: 0.06794512415750736
    z: -1.3055586261853434
  orientation:
    x: 0.04847933362332411
    y: 0.023035437654852654
    z: -0.021466899521527725
    w: 0.9983277493130303
---
header:
  stamp:
    sec: 1788575021
    nanosec: 514689000
  frame_id: default_cam
pose:
  position:
    x: -0.19123343841060125
    y: 0.06781801018651719
    z: -1.3043710594934395
  orientation:
    x: 0.04439703676979737
    y: 0.022859675293602742
    z: -0.021571317438152132
    w: 0.9985194122477113
---
header:
  stamp:
    sec: 1788575021
    nanosec: 550691000
  frame_id: default_cam
pose:
  position:
    x: -0.19164776330314742
    y: 0.06818099995642114
    z: -1.3097205619666312
  orientation:
    x: 0.04549594954695224
    y: 0.018829470726860927
    z: -0.020753825028714014
    w: 0.9985714037331758
---
header:
  stamp:
    sec: 1788575021
    nanosec: 582696000
  frame_id: default_cam
pose:
  position:
    x: -0.19181271615059892
    y: 0.06824892888555535
    z: -1.312017266735478
  orientation:
    x: 0.04380507531629087
    y: 0.01891609262592123
    z: -0.021693632074769157
    w: 0.998625396804881
---
header:
  stamp:
    sec: 1788575021
    nanosec: 614688000
  frame_id: default_cam
pose:
  position:
    x: -0.1916145835524151
    y: 0.06822300534520763
    z: -1.3111243916398616
  orientation:
    x: 0.04397208195814648
    y: 0.0184146148891119
    z: -0.0213020237335759
    w: 0.9986358604374299
---
header:
  stamp:
    sec: 1788575021
    nanosec: 650698000
  frame_id: default_cam
pose:
  position:
    x: -0.1915837416348436
    y: 0.06830951275484658
    z: -1.3122411925528081
  orientation:
    x: 0.04433176231037693
    y: 0.028267745171659916
    z: -0.02224266903204946
    w: 0.9983691166636202
---
header:
  stamp:
    sec: 1788575021
    nanosec: 714706000
  frame_id: default_cam
pose:
  position:
    x: -0.1901987813209377
    y: 0.06792966979483347
    z: -1.3066036554814775
  orientation:
    x: 0.04325564454766768
    y: 0.02627973759277723
    z: -0.022385273393175645
    w: 0.998467437697361
---
header:
  stamp:
    sec: 1788575021
    nanosec: 750706000
  frame_id: default_cam
pose:
  position:
    x: -0.18927768980325038
    y: 0.06778094804228803
    z: -1.3035486091789719
  orientation:
    x: 0.04332961632302719
    y: 0.02213893746493801
    z: -0.02222637481044665
    w: 0.9985681749685439
---
header:
  stamp:
    sec: 1788575021
    nanosec: 782711000
  frame_id: default_cam
pose:
  position:
    x: -0.18956112745921053
    y: 0.06802164395834369
    z: -1.306182676136093
  orientation:
    x: 0.0431014724296921
    y: 0.022996991316737703
    z: -0.0243785871961634
    w: 0.9985084305858861
---
header:
  stamp:
    sec: 1788575021
    nanosec: 814703000
  frame_id: default_cam
pose:
  position:
    x: -0.19002952682812743
    y: 0.06860383309447798
    z: -1.3121136365880295
  orientation:
    x: 0.04530804386391819
    y: 0.025998164824040063
    z: -0.024449647786099548
    w: 0.9983353601421433
---
header:
  stamp:
    sec: 1788575021
    nanosec: 850714000
  frame_id: default_cam
pose:
  position:
    x: -0.1897244204950754
    y: 0.06872814396191826
    z: -1.3128885628208582
  orientation:
    x: 0.046571199701877744
    y: 0.02923607101691849
    z: -0.025106382801803852
    w: 0.9981713505468041
---
header:
  stamp:
    sec: 1788575021
    nanosec: 982726000
  frame_id: default_cam
pose:
  position:
    x: -0.18902836593565672
    y: 0.06849649645599369
    z: -1.3099208962382687
  orientation:
    x: 0.04485619543757994
    y: 0.02856077622970472
    z: -0.025133931853293996
    w: 0.9982687460106203
---
header:
  stamp:
    sec: 1788575022
    nanosec: 14717000
  frame_id: default_cam
pose:
  position:
    x: -0.18919551975004004
    y: 0.06850488666439952
    z: -1.3106370803998055
  orientation:
    x: 0.04461542188162095
    y: 0.029046043649736356
    z: -0.02554555013948717
    w: 0.9982550858105825
---
header:
  stamp:
    sec: 1788575022
    nanosec: 50730000
  frame_id: default_cam
pose:
  position:
    x: -0.18919551975004004
    y: 0.06850488666439952
    z: -1.3106370803998055
  orientation:
    x: 0.04461542188162095
    y: 0.029046043649736356
    z: -0.02554555013948717
    w: 0.9982550858105825
---
header:
  stamp:
    sec: 1788575022
    nanosec: 82732000
  frame_id: default_cam
pose:
  position:
    x: -0.18919551975004004
    y: 0.06850488666439952
    z: -1.3106370803998055
  orientation:
    x: 0.04461542188162095
    y: 0.029046043649736356
    z: -0.02554555013948717
    w: 0.9982550858105825
---
header:
  stamp:
    sec: 1788575022
    nanosec: 114736000
  frame_id: default_cam
pose:
  position:
    x: -0.18951101754794425
    y: 0.06874902437172792
    z: -1.3119421350408103
  orientation:
    x: 0.04362718321700722
    y: 0.030346904793604565
    z: -0.025752994645612783
    w: 0.9982547357868033
---
header:
  stamp:
    sec: 1788575022
    nanosec: 150737000
  frame_id: default_cam
pose:
  position:
    x: -0.1892147822522167
    y: 0.06855383880373868
    z: -1.3101974457698802
  orientation:
    x: 0.042766222582893636
    y: 0.02988456009421806
    z: -0.02606227617050689
    w: 0.9982979119655503
---
header:
  stamp:
    sec: 1788575022
    nanosec: 182741000
  frame_id: default_cam
pose:
  position:
    x: -0.18970859067734797
    y: 0.06878311143007933
    z: -1.3128888410197006
  orientation:
    x: 0.041180186130371894
    y: 0.03213386166263958
    z: -0.025958693310550094
    w: 0.9982974273464412
---
header:
  stamp:
    sec: 1788575022
    nanosec: 214734000
  frame_id: default_cam
pose:
  position:
    x: -0.18990324871500605
    y: 0.06888368005374185
    z: -1.3137333038318255
  orientation:
    x: 0.037638966969716484
    y: 0.03023057254695435
    z: -0.02553339011565696
    w: 0.9985076197196182
---
header:
  stamp:
    sec: 1788575022
    nanosec: 250743000
  frame_id: default_cam
pose:
  position:
    x: -0.1899707208843996
    y: 0.0688983339103615
    z: -1.3135033974304013
  orientation:
    x: 0.03752963636620992
    y: 0.029712880217405
    z: -0.024930138384457814
    w: 0.9985425175442145
---
header:
  stamp:
    sec: 1788575022
    nanosec: 282749000
  frame_id: default_cam
pose:
  position:
    x: -0.1898853514657235
    y: 0.06884038062582655
    z: -1.3124510853313456
  orientation:
    x: 0.038752211800208464
    y: 0.027962766383005128
    z: -0.02525185557949097
    w: 0.9985382784683788
---
header:
  stamp:
    sec: 1788575022
    nanosec: 314751000
  frame_id: default_cam
pose:
  position:
    x: -0.18981513603055156
    y: 0.06879346891921183
    z: -1.3118303886731897
  orientation:
    x: 0.039868048140467294
    y: 0.02459038846325842
    z: -0.025315197458811688
    w: 0.9985814900699476
---
header:
  stamp:
    sec: 1788575022
    nanosec: 350756000
  frame_id: default_cam
pose:
  position:
    x: -0.18981513603055156
    y: 0.06879346891921183
    z: -1.3118303886731897
  orientation:
    x: 0.039868048140467294
    y: 0.02459038846325842
    z: -0.025315197458811688
    w: 0.9985814900699476
---
header:
  stamp:
    sec: 1788575022
    nanosec: 382756000
  frame_id: default_cam
pose:
  position:
    x: -0.18979718848597885
    y: 0.06878177975577393
    z: -1.3116954586264875
  orientation:
    x: 0.040975984104639096
    y: 0.023811109619168033
    z: -0.025386625994331263
    w: 0.9985537136308614
---
header:
  stamp:
    sec: 1788575022
    nanosec: 414745000
  frame_id: default_cam
pose:
  position:
    x: -0.18968015681488254
    y: 0.06870651001310252
    z: -1.3106844190916782
  orientation:
    x: 0.0421293970280447
    y: 0.01892334131625435
    z: -0.025416617906718567
    w: 0.9986095416095652
---
header:
  stamp:
    sec: 1788575022
    nanosec: 450764000
  frame_id: default_cam
pose:
  position:
    x: -0.18973434447054865
    y: 0.06869631671437282
    z: -1.310727960472594
  orientation:
    x: 0.044604361721381165
    y: 0.017981922890672398
    z: -0.02526249660616975
    w: 0.9985233635873552
---
header:
  stamp:
    sec: 1788575022
    nanosec: 482764000
  frame_id: default_cam
pose:
  position:
    x: -0.19012966047661742
    y: 0.06872126864114775
    z: -1.3126476264346805
  orientation:
    x: 0.04675319808542755
    y: 0.018965038451965628
    z: -0.0255043385359761
    w: 0.9984007183997529
---
header:
  stamp:
    sec: 1788575022
    nanosec: 514766000
  frame_id: default_cam
pose:
  position:
    x: -0.1901003954042631
    y: 0.0687019596094966
    z: -1.3123652125304461
  orientation:
    x: 0.0458322952002088
    y: 0.017753651647834053
    z: -0.025428219645945545
    w: 0.9984676330334828
---
header:
  stamp:
    sec: 1788575022
    nanosec: 550768000
  frame_id: default_cam
pose:
  position:
    x: -0.1901003954042631
    y: 0.0687019596094966
    z: -1.3123652125304461
  orientation:
    x: 0.0458322952002088
    y: 0.017753651647834053
    z: -0.025428219645945545
    w: 0.9984676330334828
---
header:
  stamp:
    sec: 1788575022
    nanosec: 582770000
  frame_id: default_cam
pose:
  position:
    x: -0.19006484278388602
    y: 0.0686807281201157
    z: -1.3120828967493365
  orientation:
    x: 0.04664179449406959
    y: 0.016468609363579623
    z: -0.025454041062654444
    w: 0.9984515109436128
---
header:
  stamp:
    sec: 1788575022
    nanosec: 614762000
  frame_id: default_cam
pose:
  position:
    x: -0.19001601326225995
    y: 0.06867815799979035
    z: -1.3120192976914666
  orientation:
    x: 0.04770734311804203
    y: 0.01747489854565179
    z: -0.024920918594241365
    w: 0.9983975085855612
---
header:
  stamp:
    sec: 1788575022
    nanosec: 650773000
  frame_id: default_cam
pose:
  position:
    x: -0.19021205258513574
    y: 0.06870354231692917
    z: -1.3129048800626462
  orientation:
    x: 0.04753015384464434
    y: 0.017975392077136807
    z: -0.02531723821414835
    w: 0.998387102883639
---
header:
  stamp:
    sec: 1788575022
    nanosec: 682779000
  frame_id: default_cam
pose:
  position:
    x: -0.19000296826999807
    y: 0.06849022793274676
    z: -1.3110928487981874
  orientation:
    x: 0.04729037683947429
    y: 0.01728661559832516
    z: -0.024834203748731777
    w: 0.9984227839466118
---
header:
  stamp:
    sec: 1788575022
    nanosec: 714782000
  frame_id: default_cam
pose:
  position:
    x: -0.18971050076265794
    y: 0.06816803691911
    z: -1.3085009361140738
  orientation:
    x: 0.04539682421924079
    y: 0.018304245058685154
    z: -0.023987308621404118
    w: 0.9985132407678631
---
header:
  stamp:
    sec: 1788575022
    nanosec: 750783000
  frame_id: default_cam
pose:
  position:
    x: -0.18967507713327797
    y: 0.06816222177075819
    z: -1.3074973978265887
  orientation:
    x: 0.045773588343499365
    y: 0.01945684896888996
    z: -0.02467006855835225
    w: 0.9984576091931434
---
header:
  stamp:
    sec: 1788575022
    nanosec: 782784000
  frame_id: default_cam
pose:
  position:
    x: -0.1895354695206959
    y: 0.06801854130188344
    z: -1.3068015598312603
  orientation:
    x: 0.04575081839159772
    y: 0.016308784103093978
    z: -0.023908335091095058
    w: 0.9985335636275576
---
header:
  stamp:
    sec: 1788575022
    nanosec: 814779000
  frame_id: default_cam
pose:
  position:
    x: -0.18945381887398244
    y: 0.06788425753174203
    z: -1.3062973465994383
  orientation:
    x: 0.04370275118526841
    y: 0.019081467060807204
    z: -0.023172285245370343
    w: 0.9985935170779716
---
header:
  stamp:
    sec: 1788575022
    nanosec: 850788000
  frame_id: default_cam
pose:
  position:
    x: -0.1896750747745193
    y: 0.06816221726728064
    z: -1.3074973796011797
  orientation:
    x: 0.04577347064156706
    y: 0.019456852305960524
    z: -0.02467005869841454
    w: 0.9984576147676908
---
header:
  stamp:
    sec: 1788575022
    nanosec: 882794000
  frame_id: default_cam
pose:
  position:
    x: -0.1896750747745193
    y: 0.06816221726728064
    z: -1.3074973796011797
  orientation:
    x: 0.04577347064156706
    y: 0.019456852305960524
    z: -0.02467005869841454
    w: 0.9984576147676908
---
header:
  stamp:
    sec: 1788575022
    nanosec: 914796000
  frame_id: default_cam
pose:
  position:
    x: -0.1896750747745193
    y: 0.06816221726728064
    z: -1.3074973796011797
  orientation:
    x: 0.04577347064156706
    y: 0.019456852305960524
    z: -0.02467005869841454
    w: 0.9984576147676908
---
header:
  stamp:
    sec: 1788575022
    nanosec: 950801000
  frame_id: default_cam
pose:
  position:
    x: -0.18976533977477975
    y: 0.06798934100241609
    z: -1.306802266920047
  orientation:
    x: 0.04446331567119948
    y: 0.021198811907668414
    z: -0.025163180799095117
    w: 0.9984690472244487
---
header:
  stamp:
    sec: 1788575022
    nanosec: 982802000
  frame_id: default_cam
pose:
  position:
    x: -0.18967954365582068
    y: 0.06770741525050414
    z: -1.3050827972539134
  orientation:
    x: 0.043317721191839964
    y: 0.0154054299760266
    z: -0.02351104010806209
    w: 0.9986658493966022
---
header:
  stamp:
    sec: 1788575023
    nanosec: 14791000
  frame_id: default_cam
pose:
  position:
    x: -0.19033966667615043
    y: 0.06789928031368696
    z: -1.3073104349084526
  orientation:
    x: 0.04840140983007614
    y: 0.012359575547477658
    z: -0.022726174926639055
    w: 0.9984928970162738
---
header:
  stamp:
    sec: 1788575023
    nanosec: 50806000
  frame_id: default_cam
pose:
  position:
    x: -0.19033966667615043
    y: 0.06789928031368696
    z: -1.3073104349084526
  orientation:
    x: 0.04840140983007614
    y: 0.012359575547477658
    z: -0.022726174926639055
    w: 0.9984928970162738
---
header:
  stamp:
    sec: 1788575023
    nanosec: 82808000
  frame_id: default_cam
pose:
  position:
    x: -0.19020886912640378
    y: 0.06775175606111787
    z: -1.3056984115327257
  orientation:
    x: 0.05068597292174351
    y: 0.016213301430141658
    z: -0.022988433432662284
    w: 0.9983183825483851
---
header:
  stamp:
    sec: 1788575023
    nanosec: 114811000
  frame_id: default_cam
pose:
  position:
    x: -0.1903577332796397
    y: 0.06791509507598494
    z: -1.307577473105536
  orientation:
    x: 0.05191607152234603
    y: 0.01333841393847635
    z: -0.022933617071427718
    w: 0.9982989819885191
---
header:
  stamp:
    sec: 1788575023
    nanosec: 150811000
  frame_id: default_cam
pose:
  position:
    x: -0.1900846837078528
    y: 0.06767900160218289
    z: -1.304717170526882
  orientation:
    x: 0.052411750072947745
    y: 0.012117635587438938
    z: -0.022977304672747573
    w: 0.9982876413299108
---
header:
  stamp:
    sec: 1788575023
    nanosec: 182816000
  frame_id: default_cam
pose:
  position:
    x: -0.1903726392458892
    y: 0.06767637986407186
    z: -1.3062466411257478
  orientation:
    x: 0.05438846609989546
    y: 0.011036825431748717
    z: -0.021951551188104265
    w: 0.9982175176984852
---
header:
  stamp:
    sec: 1788575023
    nanosec: 214807000
  frame_id: default_cam
pose:
  position:
    x: -0.1903982933296494
    y: 0.06770510278483446
    z: -1.305524311582917
  orientation:
    x: 0.05517937728313471
    y: 0.012012812034986109
    z: -0.02188571064929287
    w: 0.9981642872488642
---
header:
  stamp:
    sec: 1788575023
    nanosec: 250820000
  frame_id: default_cam
pose:
  position:
    x: -0.19083645953101733
    y: 0.06774879653224121
    z: -1.3071612527827678
  orientation:
    x: 0.054670163326911166
    y: 0.013759218787966774
    z: -0.022262424441644807
    w: 0.9981614306304035
---
header:
  stamp:
    sec: 1788575023
    nanosec: 282823000
  frame_id: default_cam
pose:
  position:
    x: -0.19085910403527195
    y: 0.06762737275024427
    z: -1.3069478597639586
  orientation:
    x: 0.05376779062075705
    y: 0.014039992402046533
    z: -0.023050633263847334
    w: 0.9981886453027046
---
header:
  stamp:
    sec: 1788575023
    nanosec: 314826000
  frame_id: default_cam
pose:
  position:
    x: -0.19083646401286408
    y: 0.06774879486848867
    z: -1.3071612595828548
  orientation:
    x: 0.05467009054249204
    y: 0.013759343424118916
    z: -0.02226242951460034
    w: 0.9981614327856594
---
header:
  stamp:
    sec: 1788575023
    nanosec: 350827000
  frame_id: default_cam
pose:
  position:
    x: -0.19035750851975178
    y: 0.06767583939284161
    z: -1.3057207435204456
  orientation:
    x: 0.05460933705153644
    y: 0.011690930698269337
    z: -0.02234123390021199
    w: 0.9981893666604628
---
header:
  stamp:
    sec: 1788575023
    nanosec: 382831000
  frame_id: default_cam
pose:
  position:
    x: -0.19008991878042766
    y: 0.06736077525986986
    z: -1.3039980043706567
  orientation:
    x: 0.050240407688065924
    y: 0.012664461396388457
    z: -0.024343542404897903
    w: 0.9983601077747735
---
header:
  stamp:
    sec: 1788575023
    nanosec: 450836000
  frame_id: default_cam
pose:
  position:
    x: -0.19024207259542641
    y: 0.06751802355494171
    z: -1.3064590235375741
  orientation:
    x: 0.046096967322714885
    y: 0.011124318832798739
    z: -0.02468805143445221
    w: 0.9985698870136854
---
header:
  stamp:
    sec: 1788575023
    nanosec: 482839000
  frame_id: default_cam
pose:
  position:
    x: -0.18954751545588172
    y: 0.06738866318024246
    z: -1.30350267949415
  orientation:
    x: 0.045786715318995745
    y: 0.012025863123541865
    z: -0.02514076345055117
    w: 0.9985624153399498
---
header:
  stamp:
    sec: 1788575023
    nanosec: 514841000
  frame_id: default_cam
pose:
  position:
    x: -0.18950551806819832
    y: 0.06736283118701292
    z: -1.3031356061570203
  orientation:
    x: 0.04528780141425572
    y: 0.010600126083772093
    z: -0.025091047086762904
    w: 0.9986025694570192
---
header:
  stamp:
    sec: 1788575023
    nanosec: 550841000
  frame_id: default_cam
pose:
  position:
    x: -0.18950551806819832
    y: 0.06736283118701292
    z: -1.3031356061570203
  orientation:
    x: 0.04528780141425572
    y: 0.010600126083772093
    z: -0.025091047086762904
    w: 0.9986025694570192
---
header:
  stamp:
    sec: 1788575023
    nanosec: 582846000
  frame_id: default_cam
pose:
  position:
    x: -0.1899169737792618
    y: 0.06749465642430465
    z: -1.3050306590808889
  orientation:
    x: 0.043556433144543376
    y: 0.009996170712837961
    z: -0.02527527598899389
    w: 0.9986811674035336
---
header:
  stamp:
    sec: 1788575023
    nanosec: 614837000
  frame_id: default_cam
pose:
  position:
    x: -0.19024203746180463
    y: 0.0675179896048346
    z: -1.3064588224002425
  orientation:
    x: 0.04609622284660991
    y: 0.01112402725817225
    z: -0.02468798453697082
    w: 0.9985699262827503
---
header:
  stamp:
    sec: 1788575023
    nanosec: 650851000
  frame_id: default_cam
pose:
  position:
    x: -0.19020644901483394
    y: 0.06753677953411934
    z: -1.3060414738741684
  orientation:
    x: 0.046550559625585054
    y: 0.011195595688492559
    z: -0.02449840060101845
    w: 0.9985527188905534
---
header:
  stamp:
    sec: 1788575023
    nanosec: 682852000
  frame_id: default_cam
pose:
  position:
    x: -0.19054341787423604
    y: 0.06766500062694626
    z: -1.3072635859411372
  orientation:
    x: 0.047493624262939176
    y: 0.00954141406558765
    z: -0.02457513935101189
    w: 0.9985235999203415
---
header:
  stamp:
    sec: 1788575023
    nanosec: 714856000
  frame_id: default_cam
pose:
  position:
    x: -0.18994732773989126
    y: 0.06734622540631456
    z: -1.303069524560948
  orientation:
    x: 0.04419601305904863
    y: 0.011418890893522772
    z: -0.02421794396579305
    w: 0.9986640138457559
---
header:
  stamp:
    sec: 1788575023
    nanosec: 750857000
  frame_id: default_cam
pose:
  position:
    x: -0.19094469523684957
    y: 0.06771805651484125
    z: -1.3082146333889908
  orientation:
    x: 0.04959502062964037
    y: 0.013351321041250912
    z: -0.023477486494012646
    w: 0.9984041685525569
---
header:
  stamp:
    sec: 1788575023
    nanosec: 782861000
  frame_id: default_cam
pose:
  position:
    x: -0.19089110653746963
    y: 0.06768965864751367
    z: -1.307847962743785
  orientation:
    x: 0.05183355040761818
    y: 0.011814473724919632
    z: -0.023555266297980257
    w: 0.998307993903873
---
header:
  stamp:
    sec: 1788575023
    nanosec: 814853000
  frame_id: default_cam
pose:
  position:
    x: -0.1909654900768392
    y: 0.06774175476373324
    z: -1.3079946635246533
  orientation:
    x: 0.054399707293294096
    y: 0.01348232151215538
    z: -0.023241157757971368
    w: 0.99815767664188
---
header:
  stamp:
    sec: 1788575023
    nanosec: 850865000
  frame_id: default_cam
pose:
  position:
    x: -0.19068723605804194
    y: 0.06751303349821655
    z: -1.3066879875886377
  orientation:
    x: 0.052859084663294316
    y: 0.012871135673773983
    z: -0.024235121659733978
    w: 0.9982248794300631
---
header:
  stamp:
    sec: 1788575023
    nanosec: 882867000
  frame_id: default_cam
pose:
  position:
    x: -0.19023160457748345
    y: 0.06735511148056277
    z: -1.304376430316732
  orientation:
    x: 0.05257071154364995
    y: 0.011923566265980123
    z: -0.02391654891547312
    w: 0.9982595592045532
---
header:
  stamp:
    sec: 1788575023
    nanosec: 914872000
  frame_id: default_cam
pose:
  position:
    x: -0.19023160457748345
    y: 0.06735511148056277
    z: -1.304376430316732
  orientation:
    x: 0.05257071154364995
    y: 0.011923566265980123
    z: -0.02391654891547312
    w: 0.9982595592045532
---
header:
  stamp:
    sec: 1788575023
    nanosec: 950872000
  frame_id: default_cam
pose:
  position:
    x: -0.19069708967052498
    y: 0.0675201571508188
    z: -1.3061602103903707
  orientation:
    x: 0.051433840302341174
    y: 0.011877646623121544
    z: -0.023641412451948753
    w: 0.9983258812630905
---
header:
  stamp:
    sec: 1788575023
    nanosec: 982876000
  frame_id: default_cam
pose:
  position:
    x: -0.19090935637970913
    y: 0.0677013347716444
    z: -1.3073752588755954
  orientation:
    x: 0.0500373820589148
    y: 0.011080804558497623
    z: -0.022953649928473346
    w: 0.9984220581106907
---
header:
  stamp:
    sec: 1788575024
    nanosec: 14869000
  frame_id: default_cam
pose:
  position:
    x: -0.19087306368668236
    y: 0.06767921854296373
    z: -1.3070562805722628
  orientation:
    x: 0.04948544077828678
    y: 0.009855766076498674
    z: -0.02289842593115852
    w: 0.9984636784159447
---
header:
  stamp:
    sec: 1788575024
    nanosec: 50880000
  frame_id: default_cam
pose:
  position:
    x: -0.19076683311888615
    y: 0.06756518671392599
    z: -1.3060127435922695
  orientation:
    x: 0.04885432599240898
    y: 0.010405924727613747
    z: -0.022706505061357546
    w: 0.9984935584120156
---
header:
  stamp:
    sec: 1788575024
    nanosec: 82882000
  frame_id: default_cam
pose:
  position:
    x: -0.19076683311888615
    y: 0.06756518671392599
    z: -1.3060127435922695
  orientation:
    x: 0.04885432599240898
    y: 0.010405924727613747
    z: -0.022706505061357546
    w: 0.9984935584120156
---
header:
  stamp:
    sec: 1788575024
    nanosec: 114887000
  frame_id: default_cam
pose:
  position:
    x: -0.19087305650697378
    y: 0.06767921181255755
    z: -1.3070562398925074
  orientation:
    x: 0.049485296549040346
    y: 0.009855709885960694
    z: -0.022898409916626863
    w: 0.9984636864860872
---
header:
  stamp:
    sec: 1788575024
    nanosec: 150887000
  frame_id: default_cam
pose:
  position:
    x: -0.19093343055375767
    y: 0.06771931036790838
    z: -1.307659210179777
  orientation:
    x: 0.05240337423799053
    y: 0.012150874785370963
    z: -0.023099033262686974
    w: 0.9982848677971397
---
header:
  stamp:
    sec: 1788575024
    nanosec: 182890000
  frame_id: default_cam
pose:
  position:
    x: -0.1906740008142576
    y: 0.06750984875137758
    z: -1.3066656553023022
  orientation:
    x: 0.055300244800219354
    y: 0.012749062412978305
    z: -0.024358812275904623
    w: 0.9980911744911549
---
header:
  stamp:
    sec: 1788575024
    nanosec: 214882000
  frame_id: default_cam
pose:
  position:
    x: -0.19048548785603744
    y: 0.06749114268158546
    z: -1.305975551011962
  orientation:
    x: 0.055177644169909994
    y: 0.012190322501505826
    z: -0.0248640285570438
    w: 0.9980924825411134
---
header:
  stamp:
    sec: 1788575024
    nanosec: 250899000
  frame_id: default_cam
pose:
  position:
    x: -0.19021820411025903
    y: 0.0673520808570258
    z: -1.304354834234498
  orientation:
    x: 0.05501287563498169
    y: 0.011796033591481462
    z: -0.024036078078724064
    w: 0.9981265972092278
---
header:
  stamp:
    sec: 1788575024
    nanosec: 282900000
  frame_id: default_cam
pose:
  position:
    x: -0.19019625636619075
    y: 0.06749468138115464
    z: -1.3067609393049149
  orientation:
    x: 0.055673863624284434
    y: 0.0099638785787017
    z: -0.02480063438016344
    w: 0.9980912135507229
---
header:
  stamp:
    sec: 1788575024
    nanosec: 314900000
  frame_id: default_cam
pose:
  position:
    x: -0.18926754398008858
    y: 0.06708561106211401
    z: -1.301814860407186
  orientation:
    x: 0.05447699180581823
    y: 0.008194836654693477
    z: -0.024668246287266667
    w: 0.9981766274768722
---
header:
  stamp:
    sec: 1788575024
    nanosec: 350902000
  frame_id: default_cam
pose:
  position:
    x: -0.18926754398008858
    y: 0.06708561106211401
    z: -1.301814860407186
  orientation:
    x: 0.05447699180581823
    y: 0.008194836654693477
    z: -0.024668246287266667
    w: 0.9981766274768722
---
header:
  stamp:
    sec: 1788575024
    nanosec: 382904000
  frame_id: default_cam
pose:
  position:
    x: -0.18951313793333052
    y: 0.06728008486191338
    z: -1.3033436381733943
  orientation:
    x: 0.05539989100106349
    y: 0.008513190445716197
    z: -0.024180546774578537
    w: 0.9981351004864961
---
header:
  stamp:
    sec: 1788575024
    nanosec: 414897000
  frame_id: default_cam
pose:
  position:
    x: -0.18941592367568988
    y: 0.06734408225167013
    z: -1.3041468568999228
  orientation:
    x: 0.0554036385388694
    y: 0.006544560856351636
    z: -0.024233701237665415
    w: 0.9981484525280673
---
header:
  stamp:
    sec: 1788575024
    nanosec: 450910000
  frame_id: default_cam
pose:
  position:
    x: -0.18909091676803128
    y: 0.0671968701843323
    z: -1.303698184726631
  orientation:
    x: 0.05413255106709979
    y: 0.004176469728212592
    z: -0.024947501659687756
    w: 0.9982133269880327
---
header:
  stamp:
    sec: 1788575024
    nanosec: 482913000
  frame_id: default_cam
pose:
  position:
    x: -0.18919290827559035
    y: 0.06745424235496152
    z: -1.3047855558629957
  orientation:
    x: 0.05573251682810333
    y: 0.004029794093905965
    z: -0.023660003665737044
    w: 0.9981572278724946
---
header:
  stamp:
    sec: 1788575024
    nanosec: 514916000
  frame_id: default_cam
pose:
  position:
    x: -0.18961002689062179
    y: 0.06736404020484044
    z: -1.3048817994655968
  orientation:
    x: 0.05554143128444787
    y: 0.0071074408674935115
    z: -0.023735816807654957
    w: 0.9981489090790329
---
header:
  stamp:
    sec: 1788575024
    nanosec: 550918000
  frame_id: default_cam
pose:
  position:
    x: -0.18951313727604505
    y: 0.06728008680057891
    z: -1.3033436423191667
  orientation:
    x: 0.055399948919093736
    y: 0.00851314968730454
    z: -0.024180546238505407
    w: 0.9981350976324652
---
header:
  stamp:
    sec: 1788575024
    nanosec: 582921000
  frame_id: default_cam
pose:
  position:
    x: -0.1892928931455031
    y: 0.06737902944982854
    z: -1.3020380984421238
  orientation:
    x: 0.05698118471229239
    y: 0.008122974293713938
    z: -0.02300617493245644
    w: 0.99807709010496
---
header:
  stamp:
    sec: 1788575024
    nanosec: 682930000
  frame_id: default_cam
pose:
  position:
    x: -0.1895711898140709
    y: 0.0675882513436627
    z: -1.3052858172754669
  orientation:
    x: 0.05719073878890284
    y: 0.006639607882230239
    z: -0.022267704154247413
    w: 0.9980928235167552
---
header:
  stamp:
    sec: 1788575024
    nanosec: 714931000
  frame_id: default_cam
pose:
  position:
    x: -0.18907172407458767
    y: 0.06749378274333799
    z: -1.301952837815015
  orientation:
    x: 0.05762357813204989
    y: 0.007045765902487183
    z: -0.02220608379615894
    w: 0.9980665159539943
---
header:
  stamp:
    sec: 1788575024
    nanosec: 750934000
  frame_id: default_cam
pose:
  position:
    x: -0.1892988887034739
    y: 0.06758012585835271
    z: -1.3041149594968686
  orientation:
    x: 0.05763279465932256
    y: 0.005948367670083598
    z: -0.021551327012269278
    w: 0.9980874802369921
---
header:
  stamp:
    sec: 1788575024
    nanosec: 782936000
  frame_id: default_cam
pose:
  position:
    x: -0.1891327345484054
    y: 0.06759546568900235
    z: -1.3030514489975726
  orientation:
    x: 0.058211378803029054
    y: 0.005707453248085634
    z: -0.021535501213858447
    w: 0.998055651024901
---
header:
  stamp:
    sec: 1788575024
    nanosec: 814925000
  frame_id: default_cam
pose:
  position:
    x: -0.18899011455176873
    y: 0.06753107510947293
    z: -1.3010341816609907
  orientation:
    x: 0.058549215820295715
    y: 0.007142850382264678
    z: -0.02179538237976329
    w: 0.998021006954345
---
header:
  stamp:
    sec: 1788575024
    nanosec: 850940000
  frame_id: default_cam
pose:
  position:
    x: -0.18912710213412465
    y: 0.06753207192504222
    z: -1.3017246648608656
  orientation:
    x: 0.05837008751966877
    y: 0.0074392400504009705
    z: -0.021617637148006703
    w: 0.9980332000262094
---
header:
  stamp:
    sec: 1788575024
    nanosec: 882944000
  frame_id: default_cam
pose:
  position:
    x: -0.18912710213412465
    y: 0.06753207192504222
    z: -1.3017246648608656
  orientation:
    x: 0.05837008751966877
    y: 0.0074392400504009705
    z: -0.021617637148006703
    w: 0.9980332000262094
---
header:
  stamp:
    sec: 1788575024
    nanosec: 914946000
  frame_id: default_cam
pose:
  position:
    x: -0.18912710213412465
    y: 0.06753207192504222
    z: -1.3017246648608656
  orientation:
    x: 0.05837008751966877
    y: 0.0074392400504009705
    z: -0.021617637148006703
    w: 0.9980332000262094
---
header:
  stamp:
    sec: 1788575024
    nanosec: 950948000
  frame_id: default_cam
pose:
  position:
    x: -0.18899013317918675
    y: 0.06753118483372626
    z: -1.3010344690763902
  orientation:
    x: 0.05855167553234901
    y: 0.0071426792896087865
    z: -0.021795624699542764
    w: 0.9980208585840664
---
header:
  stamp:
    sec: 1788575024
    nanosec: 982951000
  frame_id: default_cam
pose:
  position:
    x: -0.18899013317918675
    y: 0.06753118483372626
    z: -1.3010344690763902
  orientation:
    x: 0.05855167553234901
    y: 0.0071426792896087865
    z: -0.021795624699542764
    w: 0.9980208585840664
---
header:
  stamp:
    sec: 1788575025
    nanosec: 14943000
  frame_id: default_cam
pose:
  position:
    x: -0.189068946676765
    y: 0.0675723484206827
    z: -1.3006343173314674
  orientation:
    x: 0.059388138926770896
    y: 0.008095234645001672
    z: -0.021596826999553093
    w: 0.997968483066679
---
header:
  stamp:
    sec: 1788575025
    nanosec: 50954000
  frame_id: default_cam
pose:
  position:
    x: -0.1896566029451169
    y: 0.06777167259911648
    z: -1.303731620162026
  orientation:
    x: 0.05975220420215849
    y: 0.009248947643602656
    z: -0.021579105159843518
    w: 0.9979371088805997
---
header:
  stamp:
    sec: 1788575025
    nanosec: 82959000
  frame_id: default_cam
pose:
  position:
    x: -0.18935856111333796
    y: 0.06758808303416175
    z: -1.3009624167465383
  orientation:
    x: 0.059114992311797024
    y: 0.010534483171530603
    z: -0.02178399688176148
    w: 0.9979578647558925
---
header:
  stamp:
    sec: 1788575025
    nanosec: 114962000
  frame_id: default_cam
pose:
  position:
    x: -0.18903839885474838
    y: 0.06754142290108983
    z: -1.300694597225536
  orientation:
    x: 0.05821589018661874
    y: 0.006368868932040751
    z: -0.021155238893397627
    w: 0.998059519019617
---
header:
  stamp:
    sec: 1788575025
    nanosec: 150962000
  frame_id: default_cam
pose:
  position:
    x: -0.18899011499212054
    y: 0.06753107461894657
    z: -1.301034181483325
  orientation:
    x: 0.05854919928462669
    y: 0.007142865438855681
    z: -0.021795383262932864
    w: 0.9980210077973677
---
header:
  stamp:
    sec: 1788575025
    nanosec: 182965000
  frame_id: default_cam
pose:
  position:
    x: -0.18899011499212054
    y: 0.06753107461894657
    z: -1.301034181483325
  orientation:
    x: 0.05854919928462669
    y: 0.007142865438855681
    z: -0.021795383262932864
    w: 0.9980210077973677
---
header:
  stamp:
    sec: 1788575025
    nanosec: 214956000
  frame_id: default_cam
pose:
  position:
    x: -0.18899011499212054
    y: 0.06753107461894657
    z: -1.301034181483325
  orientation:
    x: 0.05854919928462669
    y: 0.007142865438855681
    z: -0.021795383262932864
    w: 0.9980210077973677
---
header:
  stamp:
    sec: 1788575025
    nanosec: 250970000
  frame_id: default_cam
pose:
  position:
    x: -0.18899011499212054
    y: 0.06753107461894657
    z: -1.301034181483325
  orientation:
    x: 0.05854919928462669
    y: 0.007142865438855681
    z: -0.021795383262932864
    w: 0.9980210077973677
---
header:
  stamp:
    sec: 1788575025
    nanosec: 282974000
  frame_id: default_cam
pose:
  position:
    x: -0.18887589978846114
    y: 0.0675388855593806
    z: -1.300117460715573
  orientation:
    x: 0.05933295554670243
    y: 0.007081108973914364
    z: -0.02083868923069327
    w: 0.9979955948364397
---
header:
  stamp:
    sec: 1788575025
    nanosec: 314975000
  frame_id: default_cam
pose:
  position:
    x: -0.18879310573862418
    y: 0.06750567075704197
    z: -1.3001391629498396
  orientation:
    x: 0.05873214439636183
    y: 0.00667071747202924
    z: -0.021394791973346643
    w: 0.9980221939513322
---
header:
  stamp:
    sec: 1788575025
    nanosec: 350976000
  frame_id: default_cam
pose:
  position:
    x: -0.1888375873572462
    y: 0.06752435318823657
    z: -1.2994241881290343
  orientation:
    x: 0.058642861730755294
    y: 0.006437764625953294
    z: -0.021111658665694106
    w: 0.998035003305511
---
header:
  stamp:
    sec: 1788575025
    nanosec: 382982000
  frame_id: default_cam
pose:
  position:
    x: -0.18966715469598888
    y: 0.06791749490325127
    z: -1.3040081337348501
  orientation:
    x: 0.053169340878276225
    y: 0.010656586816826578
    z: -0.02086198204294551
    w: 0.9983106911444076
---
header:
  stamp:
    sec: 1788575025
    nanosec: 414971000
  frame_id: default_cam
pose:
  position:
    x: -0.18946667030292647
    y: 0.06803993652725428
    z: -1.302081868556793
  orientation:
    x: 0.05090811550395099
    y: 0.008247611476194204
    z: -0.020051655868004423
    w: 0.9984679623191348
---
header:
  stamp:
    sec: 1788575025
    nanosec: 450985000
  frame_id: default_cam
pose:
  position:
    x: -0.18898513558435412
    y: 0.06829477142112349
    z: -1.2996904276793406
  orientation:
    x: 0.054260750207985875
    y: 0.006933936294732537
    z: -0.021268466844974753
    w: 0.9982761861490994
---
header:
  stamp:
    sec: 1788575025
    nanosec: 482988000
  frame_id: default_cam
pose:
  position:
    x: -0.18898513558435412
    y: 0.06829477142112349
    z: -1.2996904276793406
  orientation:
    x: 0.054260750207985875
    y: 0.006933936294732537
    z: -0.021268466844974753
    w: 0.9982761861490994
---
header:
  stamp:
    sec: 1788575025
    nanosec: 514991000
  frame_id: default_cam
pose:
  position:
    x: -0.18898661527810676
    y: 0.06841329942880627
    z: -1.2999951105106589
  orientation:
    x: 0.055081299027567025
    y: 0.006741084292867716
    z: -0.020552247692285832
    w: 0.9982475711940335
---
header:
  stamp:
    sec: 1788575025
    nanosec: 550993000
  frame_id: default_cam
pose:
  position:
    x: -0.18907802340122495
    y: 0.06872761741237135
    z: -1.3005212477015256
  orientation:
    x: 0.05328420540891925
    y: 0.007151732552269896
    z: -0.019335533826851686
    w: 0.9983665575864766
---
header:
  stamp:
    sec: 1788575025
    nanosec: 582994000
  frame_id: default_cam
pose:
  position:
    x: -0.18899141987476709
    y: 0.06899280513074908
    z: -1.298417620580009
  orientation:
    x: 0.05703769279126811
    y: 0.009118282371998842
    z: -0.020210925261576133
    w: 0.9981257821676106
---
header:
  stamp:
    sec: 1788575025
    nanosec: 614987000
  frame_id: default_cam
pose:
  position:
    x: -0.18898925616711748
    y: 0.06915801674755895
    z: -1.29887612353076
  orientation:
    x: 0.05713614975087051
    y: 0.010053084709660981
    z: -0.01974749130413102
    w: 0.9981204498790012
---
header:
  stamp:
    sec: 1788575025
    nanosec: 651000000
  frame_id: default_cam
pose:
  position:
    x: -0.1891019214188308
    y: 0.06930217859942453
    z: -1.2995026120912296
  orientation:
    x: 0.0582355106334557
    y: 0.010199511936662724
    z: -0.02048664854930481
    w: 0.9980405264761205
---
header:
  stamp:
    sec: 1788575025
    nanosec: 683003000
  frame_id: default_cam
pose:
  position:
    x: -0.18920125270437183
    y: 0.06941243468132297
    z: -1.30050945224175
  orientation:
    x: 0.05884369490364342
    y: 0.00963518814155442
    z: -0.02064259322767769
    w: 0.9980072475009389
---
header:
  stamp:
    sec: 1788575025
    nanosec: 715007000
  frame_id: default_cam
pose:
  position:
    x: -0.1890043321661324
    y: 0.06938602154617565
    z: -1.2996168898147087
  orientation:
    x: 0.059031654680670204
    y: 0.009157419003808386
    z: -0.020244063775155877
    w: 0.9980088092320218
---
header:
  stamp:
    sec: 1788575025
    nanosec: 751007000
  frame_id: default_cam
pose:
  position:
    x: -0.18872871070355066
    y: 0.06937363207286605
    z: -1.2978664106497753
  orientation:
    x: 0.05375906953501299
    y: 0.0093067632807017
    z: -0.020957265592985518
    w: 0.998290608800279
---
header:
  stamp:
    sec: 1788575025
    nanosec: 783012000
  frame_id: default_cam
pose:
  position:
    x: -0.18863933493253393
    y: 0.06987087687743666
    z: -1.2966138229036066
  orientation:
    x: 0.05151749133023737
    y: 0.007284028395169222
    z: -0.019721735622295344
    w: 0.9984507720270547
---
header:
  stamp:
    sec: 1788575025
    nanosec: 815004000
  frame_id: default_cam
pose:
  position:
    x: -0.18897601351194956
    y: 0.07023114210743411
    z: -1.2973655112661917
  orientation:
    x: 0.05193487575523744
    y: 0.008941366101085134
    z: -0.018371054367416442
    w: 0.9984414479647586
---
header:
  stamp:
    sec: 1788575025
    nanosec: 851018000
  frame_id: default_cam
pose:
  position:
    x: -0.18897601351194956
    y: 0.07023114210743411
    z: -1.2973655112661917
  orientation:
    x: 0.05193487575523744
    y: 0.008941366101085134
    z: -0.018371054367416442
    w: 0.9984414479647586
---
header:
  stamp:
    sec: 1788575025
    nanosec: 883019000
  frame_id: default_cam
pose:
  position:
    x: -0.18899767473188553
    y: 0.07024259141228195
    z: -1.2979632040169702
  orientation:
    x: 0.051780244375221926
    y: 0.008230658014846272
    z: -0.018003574026839133
    w: 0.9984622846574351
---
header:
  stamp:
    sec: 1788575025
    nanosec: 915019000
  frame_id: default_cam
pose:
  position:
    x: -0.18894474574551656
    y: 0.07021073546828448
    z: -1.2970745791645077
  orientation:
    x: 0.050946963468492326
    y: 0.007854838358892295
    z: -0.018300215099642754
    w: 0.9985027844503002
---
header:
  stamp:
    sec: 1788575025
    nanosec: 951025000
  frame_id: default_cam
pose:
  position:
    x: -0.1896856276438951
    y: 0.07089797686636919
    z: -1.3010886524292242
  orientation:
    x: 0.053993447208500425
    y: 0.01084566426147934
    z: -0.018473815276694
    w: 0.9983114731256937
---
header:
  stamp:
    sec: 1788575025
    nanosec: 983026000
  frame_id: default_cam
pose:
  position:
    x: -0.18883223309781655
    y: 0.07085082863576135
    z: -1.2971046072181027
  orientation:
    x: 0.052466992739724654
    y: 0.010079716368195607
    z: -0.018477997990823454
    w: 0.9984008100863287
---
header:
  stamp:
    sec: 1788575026
    nanosec: 15017000
  frame_id: default_cam
pose:
  position:
    x: -0.1895734365016212
    y: 0.07139136540492165
    z: -1.3014799543099218
  orientation:
    x: 0.05532343419126086
    y: 0.01076375314012409
    z: -0.019930554979577846
    w: 0.998211516776795
---
header:
  stamp:
    sec: 1788575026
    nanosec: 51030000
  frame_id: default_cam
pose:
  position:
    x: -0.1900348324292553
    y: 0.07150821420594976
    z: -1.3032141497308884
  orientation:
    x: 0.05546618023756918
    y: 0.012545332335007401
    z: -0.020916378990799848
    w: 0.9981626233116381
---
header:
  stamp:
    sec: 1788575026
    nanosec: 151038000
  frame_id: default_cam
pose:
  position:
    x: -0.19039272864500797
    y: 0.07179453362344575
    z: -1.3040954163657057
  orientation:
    x: 0.05103725539558199
    y: 0.011731656502838512
    z: -0.019352901663805096
    w: 0.9984402996647205
---
header:
  stamp:
    sec: 1788575026
    nanosec: 183042000
  frame_id: default_cam
pose:
  position:
    x: -0.18952701817966247
    y: 0.071885145295452
    z: -1.2984408496845175
  orientation:
    x: 0.0494636303232383
    y: 0.012204968981955402
    z: -0.01904011486897587
    w: 0.9985198355732208
---
header:
  stamp:
    sec: 1788575026
    nanosec: 215043000
  frame_id: default_cam
pose:
  position:
    x: -0.18952009815380033
    y: 0.07271631951905025
    z: -1.2999549219735413
  orientation:
    x: 0.0454257741495249
    y: 0.00832166239164699
    z: -0.01723088708346576
    w: 0.9987844339537298
---
header:
  stamp:
    sec: 1788575026
    nanosec: 251044000
  frame_id: default_cam
pose:
  position:
    x: -0.18951601212249128
    y: 0.07344715958190155
    z: -1.2919585596598067
  orientation:
    x: 0.04163596884051433
    y: 0.007616178277428839
    z: -0.01953524936273019
    w: 0.9989128159952169
---
header:
  stamp:
    sec: 1788575026
    nanosec: 283048000
  frame_id: default_cam
pose:
  position:
    x: -0.19095692125043523
    y: 0.0751575758877493
    z: -1.2940840653037438
  orientation:
    x: 0.02933948049540977
    y: 0.011289804836568522
    z: -0.0190153283519817
    w: 0.9993248483244465
---
header:
  stamp:
    sec: 1788575026
    nanosec: 315050000
  frame_id: default_cam
pose:
  position:
    x: -0.19242290452621266
    y: 0.07708243084179399
    z: -1.2942624800800562
  orientation:
    x: 0.024900900912902584
    y: 0.012177988575923112
    z: -0.018912896044958855
    w: 0.99943681345604
---
header:
  stamp:
    sec: 1788575026
    nanosec: 351056000
  frame_id: default_cam
pose:
  position:
    x: -0.19228894303346547
    y: 0.07761846245309684
    z: -1.2864511951315094
  orientation:
    x: 0.016593184171966174
    y: 0.006314534520443515
    z: -0.021945050782731068
    w: 0.9996015244280937
---
header:
  stamp:
    sec: 1788575026
    nanosec: 383056000
  frame_id: default_cam
pose:
  position:
    x: -0.19289754744477253
    y: 0.07796644057273693
    z: -1.28367698025902
  orientation:
    x: 0.011486546467966643
    y: 0.0010209003573573101
    z: -0.022669980436173992
    w: 0.9996764921712039
---
header:
  stamp:
    sec: 1788575026
    nanosec: 415059000
  frame_id: default_cam
pose:
  position:
    x: -0.1937390440524178
    y: 0.07744079295688507
    z: -1.2843344275960253
  orientation:
    x: 0.016376069392131352
    y: 0.005675439999849685
    z: -0.023317208457322918
    w: 0.9995778716647493
---
header:
  stamp:
    sec: 1788575026
    nanosec: 451060000
  frame_id: default_cam
pose:
  position:
    x: -0.19363047996081525
    y: 0.07638096389483258
    z: -1.282673847239531
  orientation:
    x: 0.020797560808332942
    y: 0.003173608466977447
    z: -0.022571703381679183
    w: 0.9995238405761873
---
header:
  stamp:
    sec: 1788575026
    nanosec: 483064000
  frame_id: default_cam
pose:
  position:
    x: -0.19424652916727395
    y: 0.07421838704919934
    z: -1.285452391188293
  orientation:
    x: 0.025439807116156284
    y: 0.004691078382463605
    z: -0.024768116456659505
    w: 0.9993584694216043
---
header:
  stamp:
    sec: 1788575026
    nanosec: 515065000
  frame_id: default_cam
pose:
  position:
    x: -0.195157703198961
    y: 0.0721400316164138
    z: -1.29142076722407
  orientation:
    x: 0.03739847590144739
    y: 0.004853190251759781
    z: -0.025606665656584798
    w: 0.9989605093388733
---
header:
  stamp:
    sec: 1788575026
    nanosec: 551067000
  frame_id: default_cam
pose:
  position:
    x: -0.19604583386901028
    y: 0.07072039469976713
    z: -1.297986088466442
  orientation:
    x: 0.04195331033937844
    y: 0.0047561380365072695
    z: -0.02511436976773079
    w: 0.9987925547047871
---
header:
  stamp:
    sec: 1788575026
    nanosec: 583071000
  frame_id: default_cam
pose:
  position:
    x: -0.1951373414102211
    y: 0.0698316670094024
    z: -1.295934958749591
  orientation:
    x: 0.04975912795384066
    y: -0.0012948298622513178
    z: -0.023410602922622415
    w: 0.9984860020409403
---
header:
  stamp:
    sec: 1788575026
    nanosec: 615073000
  frame_id: default_cam
pose:
  position:
    x: -0.19573014699706112
    y: 0.07069387732882297
    z: -1.2999329847475911
  orientation:
    x: 0.050691755168598494
    y: -0.0004985203896890583
    z: -0.02412620204758267
    w: 0.9984227680747806
---
header:
  stamp:
    sec: 1788575026
    nanosec: 651075000
  frame_id: default_cam
pose:
  position:
    x: -0.19420949641847698
    y: 0.07091740693787453
    z: -1.2921181720865034
  orientation:
    x: 0.04347837909340152
    y: -0.002668834495740082
    z: -0.020403288152646543
    w: 0.9988424368770106
---
header:
  stamp:
    sec: 1788575026
    nanosec: 683079000
  frame_id: default_cam
pose:
  position:
    x: -0.19409207628021327
    y: 0.07200562967305278
    z: -1.2920757330559542
  orientation:
    x: 0.03990101632409296
    y: -0.002389797466457062
    z: -0.021020882123250904
    w: 0.9989796395718654
---
header:
  stamp:
    sec: 1788575026
    nanosec: 751084000
  frame_id: default_cam
pose:
  position:
    x: -0.19210089856293472
    y: 0.0735181908342228
    z: -1.2877400812935658
  orientation:
    x: 0.0340443209825884
    y: -0.00026166248875531293
    z: -0.020058544566703442
    w: 0.9992189802698116
---
header:
  stamp:
    sec: 1788575026
    nanosec: 783087000
  frame_id: default_cam
pose:
  position:
    x: -0.19209631730596663
    y: 0.07449717275114594
    z: -1.291019283788427
  orientation:
    x: 0.03933911419920063
    y: -0.002192728588439907
    z: -0.017936919136585325
    w: 0.9990625070370959
---
header:
  stamp:
    sec: 1788575026
    nanosec: 815089000
  frame_id: default_cam
pose:
  position:
    x: -0.19168679093647567
    y: 0.0749734696373939
    z: -1.2910350903961152
  orientation:
    x: 0.03710919572950219
    y: 0.00196872245434445
    z: -0.01796229290880962
    w: 0.9991478307826452
---
header:
  stamp:
    sec: 1788575026
    nanosec: 851090000
  frame_id: default_cam
pose:
  position:
    x: -0.19080622597880315
    y: 0.07487085306266412
    z: -1.2880209652853947
  orientation:
    x: 0.03545606754777892
    y: 0.004034780828619225
    z: -0.017512995094513376
    w: 0.9992096290671603
---
header:
  stamp:
    sec: 1788575026
    nanosec: 883093000
  frame_id: default_cam
pose:
  position:
    x: -0.19004043376891885
    y: 0.0746612708516727
    z: -1.289451160216161
  orientation:
    x: 0.037278389160766125
    y: -0.0008858988422922878
    z: -0.016401208621721956
    w: 0.9991699241072894
---
header:
  stamp:
    sec: 1788575026
    nanosec: 915096000
  frame_id: default_cam
pose:
  position:
    x: -0.1905704930229533
    y: 0.0747885942804798
    z: -1.296787537326601
  orientation:
    x: 0.04071933143474786
    y: 0.007173012595031985
    z: -0.016887355926742568
    w: 0.9990021527242182
---
header:
  stamp:
    sec: 1788575026
    nanosec: 951100000
  frame_id: default_cam
pose:
  position:
    x: -0.18972491220225754
    y: 0.07422902317711146
    z: -1.2928169353976373
  orientation:
    x: 0.03883639963730485
    y: 0.006006309328494535
    z: -0.015474746460656283
    w: 0.9991076971645451
---
header:
  stamp:
    sec: 1788575027
    nanosec: 15104000
  frame_id: default_cam
pose:
  position:
    x: -0.1886472126183928
    y: 0.07381834118896252
    z: -1.292661072375632
  orientation:
    x: 0.04393579253789771
    y: 0.005179559578478859
    z: -0.015480173898346002
    w: 0.9989009873419471
---
header:
  stamp:
    sec: 1788575027
    nanosec: 51105000
  frame_id: default_cam
pose:
  position:
    x: -0.18913725358768047
    y: 0.07378641757209446
    z: -1.2943657220760403
  orientation:
    x: 0.04921793045756208
    y: 0.000761233109018337
    z: -0.01649651676209404
    w: 0.9986515312061292
---
header:
  stamp:
    sec: 1788575027
    nanosec: 83109000
  frame_id: default_cam
pose:
  position:
    x: -0.18916340841037652
    y: 0.07309921993410819
    z: -1.2897515346564437
  orientation:
    x: 0.04449740736339906
    y: 0.0059987829654727575
    z: -0.017643767053183015
    w: 0.9988356685786917
---
header:
  stamp:
    sec: 1788575027
    nanosec: 115109000
  frame_id: default_cam
pose:
  position:
    x: -0.1900175847119452
    y: 0.07291515190648028
    z: -1.2921157546622979
  orientation:
    x: 0.04305120675628709
    y: -0.0007763349568612331
    z: -0.017891663360293648
    w: 0.9989123481482568
---
header:
  stamp:
    sec: 1788575027
    nanosec: 151112000
  frame_id: default_cam
pose:
  position:
    x: -0.1908459510163928
    y: 0.0724348329155134
    z: -1.2918435948536822
  orientation:
    x: 0.04013490198829788
    y: 0.0006563326985898197
    z: -0.01742180314368994
    w: 0.9990421610948164
---
header:
  stamp:
    sec: 1788575027
    nanosec: 183117000
  frame_id: default_cam
pose:
  position:
    x: -0.19143193258826025
    y: 0.0717401593335382
    z: -1.2887388874819454
  orientation:
    x: 0.03561269641038369
    y: -0.0034097737818587935
    z: -0.01979853260576017
    w: 0.999163714014774
---
header:
  stamp:
    sec: 1788575027
    nanosec: 215117000
  frame_id: default_cam
pose:
  position:
    x: -0.1922893260140298
    y: 0.07162584367053132
    z: -1.289563196465214
  orientation:
    x: 0.03794819409207519
    y: 0.000739622914520787
    z: -0.021760283013674553
    w: 0.9990424803812195
---
header:
  stamp:
    sec: 1788575027
    nanosec: 251119000
  frame_id: default_cam
pose:
  position:
    x: -0.19199441879283669
    y: 0.07132435443687167
    z: -1.2867874686002974
  orientation:
    x: 0.0357366464533891
    y: 0.0009233404468152127
    z: -0.021258590204772578
    w: 0.9991346815545892
---
header:
  stamp:
    sec: 1788575027
    nanosec: 283123000
  frame_id: default_cam
pose:
  position:
    x: -0.19144674368517728
    y: 0.07083787053764398
    z: -1.2836584750901976
  orientation:
    x: 0.035859816181605726
    y: 0.00011741212962336298
    z: -0.020387898864839486
    w: 0.9991488344474463
---
header:
  stamp:
    sec: 1788575027
    nanosec: 315127000
  frame_id: default_cam
pose:
  position:
    x: -0.1911481773257807
    y: 0.07077864561472062
    z: -1.2837580518807983
  orientation:
    x: 0.04156582219822624
    y: -0.001683889768401709
    z: -0.019595125192898737
    w: 0.998942179512362
---
header:
  stamp:
    sec: 1788575027
    nanosec: 351131000
  frame_id: default_cam
pose:
  position:
    x: -0.19140209590001384
    y: 0.07101293339608056
    z: -1.2873763755558012
  orientation:
    x: 0.04442707377041958
    y: -0.0046941850027614656
    z: -0.019451907384697886
    w: 0.9988122060940458
---
header:
  stamp:
    sec: 1788575027
    nanosec: 383131000
  frame_id: default_cam
pose:
  position:
    x: -0.19154389419622223
    y: 0.07122544700580899
    z: -1.290249434833353
  orientation:
    x: 0.044075053376185
    y: 0.0001509307170233763
    z: -0.019417430317983344
    w: 0.9988394917551325
---
header:
  stamp:
    sec: 1788575027
    nanosec: 451136000
  frame_id: default_cam
pose:
  position:
    x: -0.1903152614273044
    y: 0.07168213156823884
    z: -1.290110321517373
  orientation:
    x: 0.03745501168592045
    y: -0.0006166835854346219
    z: -0.018288217274956296
    w: 0.999130763669034
---
header:
  stamp:
    sec: 1788575027
    nanosec: 483139000
  frame_id: default_cam
pose:
  position:
    x: -0.19040313023732813
    y: 0.07242765906485946
    z: -1.2957602365499539
  orientation:
    x: 0.03819282940796154
    y: 0.007978325237209915
    z: -0.014751950850493193
    w: 0.999129638262387
---
header:
  stamp:
    sec: 1788575027
    nanosec: 551144000
  frame_id: default_cam
pose:
  position:
    x: -0.18789980577187612
    y: 0.07221575488380017
    z: -1.289885829969113
  orientation:
    x: 0.03851505472079193
    y: -0.0027572305855908543
    z: -0.014558421528201448
    w: 0.999148157483143
---
header:
  stamp:
    sec: 1788575027
    nanosec: 583145000
  frame_id: default_cam
pose:
  position:
    x: -0.18832403379600934
    y: 0.07238762468086456
    z: -1.2954030061117958
  orientation:
    x: 0.04049801651229241
    y: 0.006744917667998789
    z: -0.014528817354944028
    w: 0.9990512150087646
---
header:
  stamp:
    sec: 1788575027
    nanosec: 615147000
  frame_id: default_cam
pose:
  position:
    x: -0.1877714165891031
    y: 0.07220777877190906
    z: -1.2955574619956505
  orientation:
    x: 0.0516935949959119
    y: 0.0035306862587319967
    z: -0.01477122471902161
    w: 0.9985475038330631
---
header:
  stamp:
    sec: 1788575027
    nanosec: 651150000
  frame_id: default_cam
pose:
  position:
    x: -0.1876534075158688
    y: 0.07092710876693548
    z: -1.2956698833161577
  orientation:
    x: 0.0412931306555051
    y: 0.003763681265780575
    z: -0.01606901888228473
    w: 0.9990107600502398
---
header:
  stamp:
    sec: 1788575027
    nanosec: 715155000
  frame_id: default_cam
pose:
  position:
    x: -0.18788837005985243
    y: 0.06972050813126025
    z: -1.2960358910878755
  orientation:
    x: 0.04626590224773907
    y: 0.003865660427904201
    z: -0.01839465853834277
    w: 0.9987523013720251
---
header:
  stamp:
    sec: 1788575027
    nanosec: 751162000
  frame_id: default_cam
pose:
  position:
    x: -0.18841464746721268
    y: 0.0691083058564649
    z: -1.2986598009461767
  orientation:
    x: 0.044782308748863034
    y: 0.00377531675294649
    z: -0.016868478842222225
    w: 0.9988472086500948
---
header:
  stamp:
    sec: 1788575027
    nanosec: 783162000
  frame_id: default_cam
pose:
  position:
    x: -0.18823173216631098
    y: 0.06927516092246776
    z: -1.2990346602583518
  orientation:
    x: 0.04635626526433763
    y: 0.0015525922849379673
    z: -0.01676892771860629
    w: 0.9987830040559897
---
header:
  stamp:
    sec: 1788575027
    nanosec: 815166000
  frame_id: default_cam
pose:
  position:
    x: -0.1877509238608691
    y: 0.0691497837101755
    z: -1.2979193764645571
  orientation:
    x: 0.04571111283677681
    y: -0.001140683143136617
    z: -0.017064305153383204
    w: 0.9988082911624345
---
header:
  stamp:
    sec: 1788575027
    nanosec: 851168000
  frame_id: default_cam
pose:
  position:
    x: -0.18827079291764803
    y: 0.0693714655687199
    z: -1.3006836126121404
  orientation:
    x: 0.04625166967003742
    y: -0.00020760304387680822
    z: -0.017174213784694442
    w: 0.9987821515899188
---
header:
  stamp:
    sec: 1788575027
    nanosec: 883168000
  frame_id: default_cam
pose:
  position:
    x: -0.18762041967436333
    y: 0.06899077812494087
    z: -1.2971037481075063
  orientation:
    x: 0.044573670757502806
    y: -0.0012153293755236803
    z: -0.016344932219970344
    w: 0.9988716404225496
---
header:
  stamp:
    sec: 1788575027
    nanosec: 915171000
  frame_id: default_cam
pose:
  position:
    x: -0.18688650736642626
    y: 0.06866903519025484
    z: -1.2954937218949911
  orientation:
    x: 0.046445931731395856
    y: 3.3770464179708346e-05
    z: -0.015425272102681317
    w: 0.9988016996710191
---
header:
  stamp:
    sec: 1788575027
    nanosec: 951173000
  frame_id: default_cam
pose:
  position:
    x: -0.18704809046154108
    y: 0.06885833963531562
    z: -1.296820353603168
  orientation:
    x: 0.047656072589922924
    y: -0.0003664222701161802
    z: -0.01600866454987088
    w: 0.998735444018762
---
header:
  stamp:
    sec: 1788575027
    nanosec: 983176000
  frame_id: default_cam
pose:
  position:
    x: -0.1868338737092578
    y: 0.06884616802948017
    z: -1.294894625735896
  orientation:
    x: 0.04253954963973715
    y: -0.0026557348938090596
    z: -0.016070684094580047
    w: 0.9989619947231999
---
header:
  stamp:
    sec: 1788575028
    nanosec: 15179000
  frame_id: default_cam
pose:
  position:
    x: -0.18678327802586017
    y: 0.0690532187878149
    z: -1.2938900822815753
  orientation:
    x: 0.042253449032244005
    y: -0.0017107592721211737
    z: -0.016365474047815933
    w: 0.9989714163111888
---
header:
  stamp:
    sec: 1788575028
    nanosec: 51179000
  frame_id: default_cam
pose:
  position:
    x: -0.1868226991094564
    y: 0.06937026065432095
    z: -1.2939298335550644
  orientation:
    x: 0.04483506251930986
    y: -0.0012213025257962616
    z: -0.015040906357543501
    w: 0.9988804216346288
---
header:
  stamp:
    sec: 1788575028
    nanosec: 83185000
  frame_id: default_cam
pose:
  position:
    x: -0.186575866759646
    y: 0.06973804496898792
    z: -1.292707407739504
  orientation:
    x: 0.04788219284755728
    y: -0.0032995727215061
    z: -0.01607860970572419
    w: 0.9987181217630408
---
header:
  stamp:
    sec: 1788575028
    nanosec: 115187000
  frame_id: default_cam
pose:
  position:
    x: -0.1861691940978344
    y: 0.06994848639008606
    z: -1.290627601397263
  orientation:
    x: 0.047015106147436064
    y: -0.0014282379408974454
    z: -0.013968803246722465
    w: 0.9987954807998402
---
header:
  stamp:
    sec: 1788575028
    nanosec: 151188000
  frame_id: default_cam
pose:
  position:
    x: -0.18581234617880613
    y: 0.07006337728393527
    z: -1.2895769126875027
  orientation:
    x: 0.0446133577736088
    y: -0.0013820962759541254
    z: -0.014153583723058904
    w: 0.9989031055041536
---
header:
  stamp:
    sec: 1788575028
    nanosec: 183191000
  frame_id: default_cam
pose:
  position:
    x: -0.18615208475459608
    y: 0.0703918789616102
    z: -1.292385063159457
  orientation:
    x: 0.038511361707051286
    y: 0.003544027196625629
    z: -0.013672151813952671
    w: 0.9991583393814388
---
header:
  stamp:
    sec: 1788575028
    nanosec: 215195000
  frame_id: default_cam
pose:
  position:
    x: -0.1856040420929303
    y: 0.07075090038982544
    z: -1.2900519180012622
  orientation:
    x: 0.04187482026542831
    y: 0.004743843234826386
    z: -0.01351552240615197
    w: 0.9990201829959143
---
header:
  stamp:
    sec: 1788575028
    nanosec: 251196000
  frame_id: default_cam
pose:
  position:
    x: -0.18544069945111527
    y: 0.07175827477995196
    z: -1.289642587805661
  orientation:
    x: 0.04483116019246116
    y: 0.005068641783573614
    z: -0.014522815381378909
    w: 0.9988761503708385
---
header:
  stamp:
    sec: 1788575028
    nanosec: 315202000
  frame_id: default_cam
pose:
  position:
    x: -0.18436506122130833
    y: 0.07188960717589778
    z: -1.2866614307620377
  orientation:
    x: 0.03700977985800451
    y: 0.0012066273358188697
    z: -0.012548897720936555
    w: 0.9992353803840834
---
header:
  stamp:
    sec: 1788575028
    nanosec: 351202000
  frame_id: default_cam
pose:
  position:
    x: -0.184446743385139
    y: 0.0721867533480377
    z: -1.2896007172811492
  orientation:
    x: 0.03713446165354248
    y: -0.0009370610667724274
    z: -0.012061600919115649
    w: 0.999237044678352
---
header:
  stamp:
    sec: 1788575028
    nanosec: 383206000
  frame_id: default_cam
pose:
  position:
    x: -0.18444959791426552
    y: 0.07232269746429489
    z: -1.290084496545385
  orientation:
    x: 0.03889576893605306
    y: -0.00015902253494170693
    z: -0.01129167288682141
    w: 0.9991794593535855
---
header:
  stamp:
    sec: 1788575028
    nanosec: 415208000
  frame_id: default_cam
pose:
  position:
    x: -0.18382562393349025
    y: 0.07185251024285987
    z: -1.2861703815261747
  orientation:
    x: 0.037954902613313725
    y: -0.0020183738839219556
    z: -0.012366069918963416
    w: 0.9992008966415301
---
header:
  stamp:
    sec: 1788575028
    nanosec: 451210000
  frame_id: default_cam
pose:
  position:
    x: -0.18437794356405826
    y: 0.07192627141057231
    z: -1.2880999422491193
  orientation:
    x: 0.04324558298838837
    y: -0.0021910234063917395
    z: -0.01196848998870937
    w: 0.9989903774390508
---
header:
  stamp:
    sec: 1788575028
    nanosec: 483212000
  frame_id: default_cam
pose:
  position:
    x: -0.1838928466828266
    y: 0.07088239956427798
    z: -1.2815620082792811
  orientation:
    x: 0.04324113700776404
    y: -0.004718606669326192
    z: -0.010800453666914669
    w: 0.9989951396388096
---
header:
  stamp:
    sec: 1788575028
    nanosec: 515217000
  frame_id: default_cam
pose:
  position:
    x: -0.18397744772402747
    y: 0.0702601220499796
    z: -1.2798999428637337
  orientation:
    x: 0.041321087043055794
    y: -0.009324431520344555
    z: -0.011645105636517121
    w: 0.9990345410730886
---
header:
  stamp:
    sec: 1788575028
    nanosec: 551218000
  frame_id: default_cam
pose:
  position:
    x: -0.1847620323176896
    y: 0.06994341784018222
    z: -1.2803044178837173
  orientation:
    x: 0.04074843334663399
    y: -0.006015980728163307
    z: -0.012956030450572172
    w: 0.9990673222714459
---
header:
  stamp:
    sec: 1788575028
    nanosec: 583222000
  frame_id: default_cam
pose:
  position:
    x: -0.18485498654787824
    y: 0.06928122155548647
    z: -1.2754725768949013
  orientation:
    x: 0.039604241912058066
    y: -0.01185756381542443
    z: -0.013610348869864853
    w: 0.9990523813126992
---
header:
  stamp:
    sec: 1788575028
    nanosec: 615225000
  frame_id: default_cam
pose:
  position:
    x: -0.18661307652182224
    y: 0.06949794149073375
    z: -1.2822496213024144
  orientation:
    x: 0.04094153143276161
    y: -0.008978058223937838
    z: -0.013422798870110804
    w: 0.9990310375283444
---
header:
  stamp:
    sec: 1788575028
    nanosec: 651224000
  frame_id: default_cam
pose:
  position:
    x: -0.18683539070398367
    y: 0.06910537844594755
    z: -1.2792605667907604
  orientation:
    x: 0.04315820624897989
    y: -0.01576843406032114
    z: -0.01466987653397923
    w: 0.9988360828700241
---
header:
  stamp:
    sec: 1788575028
    nanosec: 683228000
  frame_id: default_cam
pose:
  position:
    x: -0.1864417317863507
    y: 0.06809803046157714
    z: -1.272656639609835
  orientation:
    x: 0.040577656806070686
    y: -0.013175046853390472
    z: -0.01601365339145758
    w: 0.9989611778310497
---
header:
  stamp:
    sec: 1788575028
    nanosec: 715232000
  frame_id: default_cam
pose:
  position:
    x: -0.1863678943546377
    y: 0.06777354240824371
    z: -1.2712510345530217
  orientation:
    x: 0.04210494141715938
    y: -0.013463264174880559
    z: -0.01575562029056051
    w: 0.9988982304795992
---
header:
  stamp:
    sec: 1788575028
    nanosec: 783237000
  frame_id: default_cam
pose:
  position:
    x: -0.1858187737356365
    y: 0.06768723200812911
    z: -1.2733868849055088
  orientation:
    x: 0.03918313113024336
    y: -0.01593074925501589
    z: -0.016180852713192414
    w: 0.9989740104069165
---
header:
  stamp:
    sec: 1788575028
    nanosec: 815240000
  frame_id: default_cam
pose:
  position:
    x: -0.18577450847651644
    y: 0.06802026505919002
    z: -1.2750478496247417
  orientation:
    x: 0.04181681910868399
    y: -0.01868375626798897
    z: -0.01643858930119507
    w: 0.9988153201033395
---
header:
  stamp:
    sec: 1788575028
    nanosec: 983253000
  frame_id: default_cam
pose:
  position:
    x: -0.18485030544960473
    y: 0.06773986059376463
    z: -1.2721231724652997
  orientation:
    x: 0.046824581555898234
    y: -0.011584396825364067
    z: -0.015829903372378544
    w: 0.9987105058381677
---
header:
  stamp:
    sec: 1788575029
    nanosec: 15253000
  frame_id: default_cam
pose:
  position:
    x: -0.18455276631970777
    y: 0.06772464092041136
    z: -1.271111157159765
  orientation:
    x: 0.04748551695741437
    y: -0.012962905342759961
    z: -0.016227776029461367
    w: 0.998655970817528
---
header:
  stamp:
    sec: 1788575029
    nanosec: 51257000
  frame_id: default_cam
pose:
  position:
    x: -0.1844382368656821
    y: 0.06774668744751598
    z: -1.2711773686741263
  orientation:
    x: 0.048209387940219256
    y: -0.012940875952800418
    z: -0.015634019122783633
    w: 0.9986310460275467
---
header:
  stamp:
    sec: 1788575029
    nanosec: 83258000
  frame_id: default_cam
pose:
  position:
    x: -0.18390592324350089
    y: 0.06759109766983018
    z: -1.2691063210585023
  orientation:
    x: 0.04490113409090092
    y: -0.013287213009085787
    z: -0.01691354076864969
    w: 0.9987598661672732
---
header:
  stamp:
    sec: 1788575029
    nanosec: 115263000
  frame_id: default_cam
pose:
  position:
    x: -0.18375623557506307
    y: 0.0675787208967993
    z: -1.2678032840126863
  orientation:
    x: 0.042548701893751366
    y: -0.014282959899260608
    z: -0.015979812990148008
    w: 0.9988644805980802
---
header:
  stamp:
    sec: 1788575029
    nanosec: 151263000
  frame_id: default_cam
pose:
  position:
    x: -0.1839318991780558
    y: 0.06802734459520655
    z: -1.2695255067714368
  orientation:
    x: 0.04265147906477796
    y: -0.013202410783221293
    z: -0.017555245014398074
    w: 0.9988485175719001
---
header:
  stamp:
    sec: 1788575029
    nanosec: 183267000
  frame_id: default_cam
pose:
  position:
    x: -0.18300547109357138
    y: 0.06823232176358275
    z: -1.2645909296495965
  orientation:
    x: 0.044904938384988984
    y: -0.01541516232508221
    z: -0.015234934664135951
    w: 0.9987561344216672
---
header:
  stamp:
    sec: 1788575029
    nanosec: 215271000
  frame_id: default_cam
pose:
  position:
    x: -0.1833039964875488
    y: 0.06858250347335153
    z: -1.2649304787492717
  orientation:
    x: 0.0419685576978901
    y: -0.014861296552235994
    z: -0.014587345647275764
    w: 0.9989018927685102
---
header:
  stamp:
    sec: 1788575029
    nanosec: 251272000
  frame_id: default_cam
pose:
  position:
    x: -0.18349591847649027
    y: 0.06875917570600351
    z: -1.2654204354557508
  orientation:
    x: 0.04454540810341926
    y: -0.019271058294620627
    z: -0.013673097388819248
    w: 0.9987278805244705
---
header:
  stamp:
    sec: 1788575029
    nanosec: 283275000
  frame_id: default_cam
pose:
  position:
    x: -0.18302368714204736
    y: 0.06820003974734537
    z: -1.2579417464236837
  orientation:
    x: 0.035700816916024655
    y: -0.020705890697952735
    z: -0.014986552895204487
    w: 0.9990355954590667
---
header:
  stamp:
    sec: 1788575029
    nanosec: 315276000
  frame_id: default_cam
pose:
  position:
    x: -0.1827620396133213
    y: 0.06795791148524194
    z: -1.2547058761992202
  orientation:
    x: 0.03480158112847519
    y: -0.020832650746960345
    z: -0.015375848439889142
    w: 0.9990587739960882
---
header:
  stamp:
    sec: 1788575029
    nanosec: 383282000
  frame_id: default_cam
pose:
  position:
    x: -0.1837897973772728
    y: 0.06761462131419405
    z: -1.2519638794202177
  orientation:
    x: 0.03400539465663811
    y: -0.022114600508514153
    z: -0.015896331251295304
    w: 0.9990504913323172
---
header:
  stamp:
    sec: 1788575029
    nanosec: 415284000
  frame_id: default_cam
pose:
  position:
    x: -0.18379876934376396
    y: 0.06755577895919138
    z: -1.252320926478069
  orientation:
    x: 0.04060507512314987
    y: -0.023905400936035753
    z: -0.015329307319554347
    w: 0.9987716315642097
---
header:
  stamp:
    sec: 1788575029
    nanosec: 451289000
  frame_id: default_cam
pose:
  position:
    x: -0.1839597484640045
    y: 0.06757555418876647
    z: -1.2547286535687252
  orientation:
    x: 0.0411794176688762
    y: -0.024488806688761976
    z: -0.01600573488601836
    w: 0.998723370287374
---
header:
  stamp:
    sec: 1788575029
    nanosec: 483289000
  frame_id: default_cam
pose:
  position:
    x: -0.18438104842846173
    y: 0.06747350449413674
    z: -1.255644483478447
  orientation:
    x: 0.04184715917972086
    y: -0.02325963808272344
    z: -0.01787915432901965
    w: 0.9986932163308846
---
header:
  stamp:
    sec: 1788575029
    nanosec: 515290000
  frame_id: default_cam
pose:
  position:
    x: -0.1844260143018895
    y: 0.06758393417246478
    z: -1.256882457441618
  orientation:
    x: 0.04562233217652716
    y: -0.023724440513628778
    z: -0.017300175537208428
    w: 0.9985271441755961
---
header:
  stamp:
    sec: 1788575029
    nanosec: 551297000
  frame_id: default_cam
pose:
  position:
    x: -0.184364425250788
    y: 0.06751359028849661
    z: -1.255631691637204
  orientation:
    x: 0.04546042974640264
    y: -0.0223077931620253
    z: -0.017722208366381893
    w: 0.9985597803948101
---
header:
  stamp:
    sec: 1788575029
    nanosec: 583297000
  frame_id: default_cam
pose:
  position:
    x: -0.18436452162570818
    y: 0.0675483261124406
    z: -1.2548100473388801
  orientation:
    x: 0.043529882871052195
    y: -0.0228916630014955
    z: -0.017029347328031286
    w: 0.9986446426992135
---
header:
  stamp:
    sec: 1788575029
    nanosec: 615298000
  frame_id: default_cam
pose:
  position:
    x: -0.18422966794165124
    y: 0.0673922816565422
    z: -1.2526912850146459
  orientation:
    x: 0.04290893056738042
    y: -0.02083089866874272
    z: -0.017428029059137387
    w: 0.9987097481958059
---
header:
  stamp:
    sec: 1788575029
    nanosec: 651305000
  frame_id: default_cam
pose:
  position:
    x: -0.18430199949754336
    y: 0.06741287512378859
    z: -1.2521736561363728
  orientation:
    x: 0.03981328639892419
    y: -0.02263828028225323
    z: -0.017679776987319925
    w: 0.9987941910011582
---
header:
  stamp:
    sec: 1788575029
    nanosec: 683304000
  frame_id: default_cam
pose:
  position:
    x: -0.1839709804896752
    y: 0.06716595407139843
    z: -1.2493855590925527
  orientation:
    x: 0.03915086129307192
    y: -0.02705587013096312
    z: -0.01747582358160958
    w: 0.9987140659576251
---
header:
  stamp:
    sec: 1788575029
    nanosec: 715306000
  frame_id: default_cam
pose:
  position:
    x: -0.1842813777942033
    y: 0.06720535373622925
    z: -1.2500316626214458
  orientation:
    x: 0.041016567324699285
    y: -0.027928120932737367
    z: -0.016777750421791814
    w: 0.9986271418086176
---
header:
  stamp:
    sec: 1788575029
    nanosec: 751308000
  frame_id: default_cam
pose:
  position:
    x: -0.18474059783497235
    y: 0.06748516510116796
    z: -1.2522555801177329
  orientation:
    x: 0.04162651312278732
    y: -0.030418610079519896
    z: -0.016076993697419984
    w: 0.9985406710994409
---
header:
  stamp:
    sec: 1788575029
    nanosec: 783312000
  frame_id: default_cam
pose:
  position:
    x: -0.1846771267691358
    y: 0.0674358164336765
    z: -1.251428712227291
  orientation:
    x: 0.04215973204862957
    y: -0.02885913003710829
    z: -0.01571945669842535
    w: 0.9985702810960254
---
header:
  stamp:
    sec: 1788575029
    nanosec: 815314000
  frame_id: default_cam
pose:
  position:
    x: -0.18380361403434212
    y: 0.06666400485881369
    z: -1.244660919085837
  orientation:
    x: 0.03874945736086611
    y: -0.02681979381671656
    z: -0.017254184706269816
    w: 0.9987399417886467
---
header:
  stamp:
    sec: 1788575029
    nanosec: 851320000
  frame_id: default_cam
pose:
  position:
    x: -0.1835122038815188
    y: 0.06676968348076553
    z: -1.2461018315500336
  orientation:
    x: 0.04052668478289857
    y: -0.028664780910791776
    z: -0.01806029946911217
    w: 0.9986038973181157
---
header:
  stamp:
    sec: 1788575029
    nanosec: 883319000
  frame_id: default_cam
pose:
  position:
    x: -0.18379803664647443
    y: 0.06708267357525158
    z: -1.2485615465550783
  orientation:
    x: 0.039896663235394744
    y: -0.02673004350970807
    z: -0.017542489936797506
    w: 0.998692155813526
---
header:
  stamp:
    sec: 1788575029
    nanosec: 915322000
  frame_id: default_cam
pose:
  position:
    x: -0.18395259263585
    y: 0.0670778025289045
    z: -1.2496296701442375
  orientation:
    x: 0.03823117092270304
    y: -0.02240438787526952
    z: -0.01827834868686618
    w: 0.998850500797339
---
header:
  stamp:
    sec: 1788575029
    nanosec: 951327000
  frame_id: default_cam
pose:
  position:
    x: -0.18401638243575785
    y: 0.06721118331229746
    z: -1.2502317046768203
  orientation:
    x: 0.038936610442324084
    y: -0.022452616546213
    z: -0.017583280352712755
    w: 0.9988346452889634
---
header:
  stamp:
    sec: 1788575029
    nanosec: 983328000
  frame_id: default_cam
pose:
  position:
    x: -0.18344418827295692
    y: 0.06700531236592439
    z: -1.2468128705931922
  orientation:
    x: 0.03801394469478556
    y: -0.02726318200281049
    z: -0.017032167447184623
    w: 0.9987600133104421
---
header:
  stamp:
    sec: 1788575030
    nanosec: 15329000
  frame_id: default_cam
pose:
  position:
    x: -0.18359114469203341
    y: 0.06712237195845681
    z: -1.2472964052287647
  orientation:
    x: 0.03840735541614306
    y: -0.028109117998515655
    z: -0.016567030790917214
    w: 0.9987293357191709
---
header:
  stamp:
    sec: 1788575030
    nanosec: 51334000
  frame_id: default_cam
pose:
  position:
    x: -0.18335458657015316
    y: 0.06691579513424412
    z: -1.2439104951115556
  orientation:
    x: 0.03781625145577395
    y: -0.02769375109240424
    z: -0.01737809118770346
    w: 0.9987497130026809
---
header:
  stamp:
    sec: 1788575030
    nanosec: 83334000
  frame_id: default_cam
pose:
  position:
    x: -0.18285996001043142
    y: 0.0666850103449664
    z: -1.2389902089265894
  orientation:
    x: 0.036351266335877715
    y: -0.027282545543871516
    z: -0.016695037692532864
    w: 0.9988270740527959
---
header:
  stamp:
    sec: 1788575030
    nanosec: 115338000
  frame_id: default_cam
pose:
  position:
    x: -0.18259729302389333
    y: 0.06667193133576534
    z: -1.2370671566978229
  orientation:
    x: 0.034709438401781
    y: -0.028224475781301845
    z: -0.01721458616798601
    w: 0.9988504852457992
---
header:
  stamp:
    sec: 1788575030
    nanosec: 151341000
  frame_id: default_cam
pose:
  position:
    x: -0.18264967696778944
    y: 0.06694645420325818
    z: -1.2371114209464358
  orientation:
    x: 0.038128439053615334
    y: -0.02918937455950973
    z: -0.01813269242213134
    w: 0.9986818352276584
---
header:
  stamp:
    sec: 1788575030
    nanosec: 183347000
  frame_id: default_cam
pose:
  position:
    x: -0.18186102882868796
    y: 0.06694498088787748
    z: -1.2331154361044252
  orientation:
    x: 0.03569248613171755
    y: -0.028222449610595352
    z: -0.017891123869354673
    w: 0.9988040085314065
---
header:
  stamp:
    sec: 1788575030
    nanosec: 215345000
  frame_id: default_cam
pose:
  position:
    x: -0.18202703608926737
    y: 0.06714728970875312
    z: -1.2339968559771908
  orientation:
    x: 0.037185257286151345
    y: -0.027839771581778593
    z: -0.018867444121250156
    w: 0.9987423207770705
---
header:
  stamp:
    sec: 1788575030
    nanosec: 251349000
  frame_id: default_cam
pose:
  position:
    x: -0.18163824504807097
    y: 0.06703621783386375
    z: -1.2322413069688947
  orientation:
    x: 0.03720975789975537
    y: -0.028797121925744077
    z: -0.01865376686558858
    w: 0.9987182769267616
---
header:
  stamp:
    sec: 1788575030
    nanosec: 283349000
  frame_id: default_cam
pose:
  position:
    x: -0.18122527510780573
    y: 0.06716002528828456
    z: -1.2309845497715985
  orientation:
    x: 0.03905696173232983
    y: -0.03054405244803209
    z: -0.01901498510682727
    w: 0.9985890270485043
---
header:
  stamp:
    sec: 1788575030
    nanosec: 315352000
  frame_id: default_cam
pose:
  position:
    x: -0.18102113324422936
    y: 0.06693758571149526
    z: -1.2276558026465065
  orientation:
    x: 0.03742951382605029
    y: -0.028340827037896307
    z: -0.019779842238641366
    w: 0.99870145031364
---
header:
  stamp:
    sec: 1788575030
    nanosec: 351354000
  frame_id: default_cam
pose:
  position:
    x: -0.1812249342159281
    y: 0.06666799304021152
    z: -1.2275795509912042
  orientation:
    x: 0.035735938883886764
    y: -0.030288751613043043
    z: -0.01903364617899885
    w: 0.9987208090907804
---
header:
  stamp:
    sec: 1788575030
    nanosec: 383357000
  frame_id: default_cam
pose:
  position:
    x: -0.18164644972626315
    y: 0.06682062167458677
    z: -1.2297188857251555
  orientation:
    x: 0.035948863833864
    y: -0.029625317715247637
    z: -0.019277690344456744
    w: 0.9987283866969578
---
header:
  stamp:
    sec: 1788575030
    nanosec: 415359000
  frame_id: default_cam
pose:
  position:
    x: -0.18194842377312667
    y: 0.06633890413914836
    z: -1.2304803588957576
  orientation:
    x: 0.03756376946647229
    y: -0.03163177075110643
    z: -0.019389144717719107
    w: 0.9986052550280989
---
header:
  stamp:
    sec: 1788575030
    nanosec: 483365000
  frame_id: default_cam
pose:
  position:
    x: -0.180519845688121
    y: 0.06557762412233925
    z: -1.223694816030886
  orientation:
    x: 0.03893922168553789
    y: -0.031378014425256874
    z: -0.0178954760141916
    w: 0.998588458356834
---
header:
  stamp:
    sec: 1788575030
    nanosec: 515367000
  frame_id: default_cam
pose:
  position:
    x: -0.18062367031099635
    y: 0.06560569852254557
    z: -1.2243730108071607
  orientation:
    x: 0.04339014032475266
    y: -0.03046668544841396
    z: -0.01758724496127995
    w: 0.9984386639223551
---
header:
  stamp:
    sec: 1788575030
    nanosec: 551368000
  frame_id: default_cam
pose:
  position:
    x: -0.18031121174725864
    y: 0.06538427957863642
    z: -1.2234015552251583
  orientation:
    x: 0.04191257443566272
    y: -0.03162317929548974
    z: -0.01750877125781578
    w: 0.9984672020474493
---
header:
  stamp:
    sec: 1788575030
    nanosec: 583373000
  frame_id: default_cam
pose:
  position:
    x: -0.18019162257224014
    y: 0.0654148860851163
    z: -1.222477052520777
  orientation:
    x: 0.042811205741267705
    y: -0.03176888182891576
    z: -0.01724300424881877
    w: 0.9984290749045696
---
header:
  stamp:
    sec: 1788575030
    nanosec: 615372000
  frame_id: default_cam
pose:
  position:
    x: -0.18084435190664702
    y: 0.06560460758804693
    z: -1.2255702436937261
  orientation:
    x: 0.042949494245722156
    y: -0.02995095663941891
    z: -0.01745686843148068
    w: 0.9984756075563319
---
header:
  stamp:
    sec: 1788575030
    nanosec: 651379000
  frame_id: default_cam
pose:
  position:
    x: -0.1818275681114463
    y: 0.06578649946009739
    z: -1.2292549838528686
  orientation:
    x: 0.04405933614060647
    y: -0.028191936304696893
    z: -0.01742032533905891
    w: 0.9984791043839236
---
header:
  stamp:
    sec: 1788575030
    nanosec: 683382000
  frame_id: default_cam
pose:
  position:
    x: -0.1820048076354331
    y: 0.06582529963350675
    z: -1.2295144823086077
  orientation:
    x: 0.044012149017300266
    y: -0.03242610892505018
    z: -0.01737663685778452
    w: 0.9983534097154035
---
header:
  stamp:
    sec: 1788575030
    nanosec: 715381000
  frame_id: default_cam
pose:
  position:
    x: -0.18182926027795127
    y: 0.06573830897027738
    z: -1.2270671235720392
  orientation:
    x: 0.04350926404979778
    y: -0.033256493825335694
    z: -0.017043604502836936
    w: 0.9983538776935968
---
header:
  stamp:
    sec: 1788575030
    nanosec: 751387000
  frame_id: default_cam
pose:
  position:
    x: -0.18128624814689986
    y: 0.06554067253243658
    z: -1.2210848362901507
  orientation:
    x: 0.041405573364072905
    y: -0.03513213402059585
    z: -0.01728347120485355
    w: 0.9983749762872977
---
header:
  stamp:
    sec: 1788575030
    nanosec: 783387000
  frame_id: default_cam
pose:
  position:
    x: -0.18137604744685548
    y: 0.06557402687843644
    z: -1.220075284223539
  orientation:
    x: 0.03820108370552288
    y: -0.032478312831710016
    z: -0.016645982982304207
    w: 0.9986033985771738
---
header:
  stamp:
    sec: 1788575030
    nanosec: 815391000
  frame_id: default_cam
pose:
  position:
    x: -0.18119893813567003
    y: 0.06542765452614505
    z: -1.2173457583342384
  orientation:
    x: 0.035605261206540215
    y: -0.03624612087867964
    z: -0.016573713645605025
    w: 0.9985708768593523
---
header:
  stamp:
    sec: 1788575030
    nanosec: 851393000
  frame_id: default_cam
pose:
  position:
    x: -0.1809038022295351
    y: 0.06504018034526722
    z: -1.211236807798537
  orientation:
    x: 0.03291547326821969
    y: -0.03902008118107786
    z: -0.01660293891884021
    w: 0.9985581341631585
---
header:
  stamp:
    sec: 1788575030
    nanosec: 883394000
  frame_id: default_cam
pose:
  position:
    x: -0.18164240256025935
    y: 0.06526413561881099
    z: -1.212432854090961
  orientation:
    x: 0.037101059992564966
    y: -0.035280654029815325
    z: -0.015219378407889258
    w: 0.9985725598671005
---
header:
  stamp:
    sec: 1788575030
    nanosec: 915398000
  frame_id: default_cam
pose:
  position:
    x: -0.1828204311742395
    y: 0.06533800735422489
    z: -1.2170866385451284
  orientation:
    x: 0.035343104638595704
    y: -0.036039647385589194
    z: -0.01806210430423336
    w: 0.9985618504423903
---
header:
  stamp:
    sec: 1788575030
    nanosec: 951401000
  frame_id: default_cam
pose:
  position:
    x: -0.18221685569262852
    y: 0.06493924367744286
    z: -1.2124583688446149
  orientation:
    x: 0.03753141568225843
    y: -0.04419229646294321
    z: -0.017782075125025432
    w: 0.9981594219234045
---
header:
  stamp:
    sec: 1788575030
    nanosec: 983402000
  frame_id: default_cam
pose:
  position:
    x: -0.18221037914736174
    y: 0.06463569384956024
    z: -1.2099737673196023
  orientation:
    x: 0.03775264834295855
    y: -0.04144972329763414
    z: -0.018207841245205733
    w: 0.9982610542833131
---
header:
  stamp:
    sec: 1788575031
    nanosec: 15405000
  frame_id: default_cam
pose:
  position:
    x: -0.18227313026726763
    y: 0.06460942561569408
    z: -1.2092102458700764
  orientation:
    x: 0.038092122271247586
    y: -0.03968499979265207
    z: -0.01819606512345625
    w: 0.9983200860577496
---
header:
  stamp:
    sec: 1788575031
    nanosec: 51408000
  frame_id: default_cam
pose:
  position:
    x: -0.18226915364898064
    y: 0.06461501074411456
    z: -1.2087639276362891
  orientation:
    x: 0.039587172323978854
    y: -0.04033964070138804
    z: -0.0177055711120616
    w: 0.9982445000735392
---
header:
  stamp:
    sec: 1788575031
    nanosec: 83409000
  frame_id: default_cam
pose:
  position:
    x: -0.18219768431402136
    y: 0.06447385631092589
    z: -1.2081930240866672
  orientation:
    x: 0.04101001638155593
    y: -0.04050648593159427
    z: -0.018386882794492798
    w: 0.9981679847074638
---
header:
  stamp:
    sec: 1788575031
    nanosec: 183420000
  frame_id: default_cam
pose:
  position:
    x: -0.18230790089864327
    y: 0.06432464502541721
    z: -1.205388154669649
  orientation:
    x: 0.04246237910033666
    y: -0.0420354362959515
    z: -0.01657288761989794
    w: 0.9980758026585388
---
header:
  stamp:
    sec: 1788575031
    nanosec: 215420000
  frame_id: default_cam
pose:
  position:
    x: -0.18238271618936802
    y: 0.06436126992996051
    z: -1.2051094229065473
  orientation:
    x: 0.04205353359661146
    y: -0.04331978218573697
    z: -0.016744546775646792
    w: 0.9980353285012996
---
header:
  stamp:
    sec: 1788575031
    nanosec: 351437000
  frame_id: default_cam
pose:
  position:
    x: -0.18175159841746513
    y: 0.06368087186985961
    z: -1.1999236034445113
  orientation:
    x: 0.038766110144543085
    y: -0.044075998934961585
    z: -0.015498494368279487
    w: 0.998155444655021
---
header:
  stamp:
    sec: 1788575031
    nanosec: 383432000
  frame_id: default_cam
pose:
  position:
    x: -0.18166040160710306
    y: 0.06360936035544101
    z: -1.1986184131808608
  orientation:
    x: 0.0393661399790349
    y: -0.04397312575059534
    z: -0.0158834645543647
    w: 0.998130445777817
---
header:
  stamp:
    sec: 1788575031
    nanosec: 415435000
  frame_id: default_cam
pose:
  position:
    x: -0.18184349092863006
    y: 0.06373626632295018
    z: -1.1994353285737231
  orientation:
    x: 0.040171595426565836
    y: -0.043677194254755886
    z: -0.015500484073274895
    w: 0.998117368156877
---
header:
  stamp:
    sec: 1788575031
    nanosec: 451439000
  frame_id: default_cam
pose:
  position:
    x: -0.18172016974710814
    y: 0.06367131942332613
    z: -1.1988792733619107
  orientation:
    x: 0.039249598308469316
    y: -0.04281729241762691
    z: -0.015682784796633563
    w: 0.9981884585406053
---
header:
  stamp:
    sec: 1788575031
    nanosec: 483437000
  frame_id: default_cam
pose:
  position:
    x: -0.18163277945159914
    y: 0.06378268217341894
    z: -1.197699174000467
  orientation:
    x: 0.03986485036034286
    y: -0.045403074779780075
    z: -0.016087168409820773
    w: 0.9980433645482761
---
header:
  stamp:
    sec: 1788575031
    nanosec: 515443000
  frame_id: default_cam
pose:
  position:
    x: -0.18181012614896097
    y: 0.06391656408188832
    z: -1.1967249184838373
  orientation:
    x: 0.03955790092423956
    y: -0.04292820938901918
    z: -0.015620156215493109
    w: 0.9981725061495754
---
header:
  stamp:
    sec: 1788575031
    nanosec: 551447000
  frame_id: default_cam
pose:
  position:
    x: -0.1824882741660484
    y: 0.06381348525316402
    z: -1.196701184264415
  orientation:
    x: 0.03562941449124062
    y: -0.04356490814147444
    z: -0.014722046997310076
    w: 0.9983065185271732
---
header:
  stamp:
    sec: 1788575031
    nanosec: 583448000
  frame_id: default_cam
pose:
  position:
    x: -0.18261371256832518
    y: 0.06363123776270424
    z: -1.1939716567503498
  orientation:
    x: 0.03738603025534946
    y: -0.045958701234117834
    z: -0.015121911515912002
    w: 0.9981289547522023
---
header:
  stamp:
    sec: 1788575031
    nanosec: 615449000
  frame_id: default_cam
pose:
  position:
    x: -0.182496847337851
    y: 0.063260359471009
    z: -1.1900866267207124
  orientation:
    x: 0.0345486652158047
    y: -0.045462761776879745
    z: -0.013947334735643687
    w: 0.9982710047262702
---
header:
  stamp:
    sec: 1788575031
    nanosec: 651455000
  frame_id: default_cam
pose:
  position:
    x: -0.18305474880799513
    y: 0.06353018013344629
    z: -1.1913948631072608
  orientation:
    x: 0.036188415504641164
    y: -0.0484387305954935
    z: -0.013188465127672465
    w: 0.9980832391885642
---
header:
  stamp:
    sec: 1788575031
    nanosec: 683453000
  frame_id: default_cam
pose:
  position:
    x: -0.1828837248468158
    y: 0.06383277413567508
    z: -1.1877911391767422
  orientation:
    x: 0.03855523088857106
    y: -0.04953963482624758
    z: -0.013190302540104906
    w: 0.9979405466616293
---
header:
  stamp:
    sec: 1788575031
    nanosec: 715457000
  frame_id: default_cam
pose:
  position:
    x: -0.1839854435852253
    y: 0.06407889404938945
    z: -1.19159142917165
  orientation:
    x: 0.03652967984129819
    y: -0.0481220556233527
    z: -0.014796447181564535
    w: 0.9980635828463428
---
header:
  stamp:
    sec: 1788575031
    nanosec: 751462000
  frame_id: default_cam
pose:
  position:
    x: -0.18365683268753977
    y: 0.06373326402456964
    z: -1.1869798733848818
  orientation:
    x: 0.03040823244660218
    y: -0.04641792552845643
    z: -0.015621466695039946
    w: 0.9983369598324024
---
header:
  stamp:
    sec: 1788575031
    nanosec: 783463000
  frame_id: default_cam
pose:
  position:
    x: -0.18412624272816344
    y: 0.06418998720998453
    z: -1.1879986980143045
  orientation:
    x: 0.032841663931239176
    y: -0.04886012344355289
    z: -0.014862110018937898
    w: 0.9981549133942553
---
header:
  stamp:
    sec: 1788575031
    nanosec: 815465000
  frame_id: default_cam
pose:
  position:
    x: -0.18380329311255453
    y: 0.06481542965966647
    z: -1.1852851333427605
  orientation:
    x: 0.03490722756621275
    y: -0.05210624310309028
    z: -0.014630454992575228
    w: 0.9979240325195262
---
header:
  stamp:
    sec: 1788575031
    nanosec: 851470000
  frame_id: default_cam
pose:
  position:
    x: -0.18393328653357027
    y: 0.06485367877299439
    z: -1.182778914378393
  orientation:
    x: 0.03352588942513625
    y: -0.04949551473419041
    z: -0.014524041131708434
    w: 0.9981058365667719
---
header:
  stamp:
    sec: 1788575031
    nanosec: 883469000
  frame_id: default_cam
pose:
  position:
    x: -0.18395447942936213
    y: 0.06471485586181054
    z: -1.1794663909815772
  orientation:
    x: 0.02740045677390292
    y: -0.04995829190378186
    z: -0.01604927653137191
    w: 0.9982463647624557
---
header:
  stamp:
    sec: 1788575031
    nanosec: 915472000
  frame_id: default_cam
pose:
  position:
    x: -0.18453388846222016
    y: 0.06456639720338023
    z: -1.1796360251611508
  orientation:
    x: 0.02832153293290308
    y: -0.05090223326978017
    z: -0.017634950157037855
    w: 0.9981462127130665
---
header:
  stamp:
    sec: 1788575031
    nanosec: 951476000
  frame_id: default_cam
pose:
  position:
    x: -0.18329154758262772
    y: 0.0640388861744229
    z: -1.1758175316139958
  orientation:
    x: 0.029133825225497113
    y: -0.04819751809633743
    z: -0.016291148785503383
    w: 0.9982799296531669
---
header:
  stamp:
    sec: 1788575031
    nanosec: 983477000
  frame_id: default_cam
pose:
  position:
    x: -0.18344937578002216
    y: 0.06397678467476438
    z: -1.1771290932729888
  orientation:
    x: 0.0342469782012502
    y: -0.048118128003498406
    z: -0.016099522731719444
    w: 0.9981245391279251
---
header:
  stamp:
    sec: 1788575032
    nanosec: 15480000
  frame_id: default_cam
pose:
  position:
    x: -0.18357624243391474
    y: 0.06306728998882417
    z: -1.1765718453167704
  orientation:
    x: 0.029014159358664835
    y: -0.051881909122945206
    z: -0.01579495750605455
    w: 0.9981066903792652
---
header:
  stamp:
    sec: 1788575032
    nanosec: 51484000
  frame_id: default_cam
pose:
  position:
    x: -0.18460686214686786
    y: 0.06290321926028043
    z: -1.1788731272124273
  orientation:
    x: 0.0338046328693661
    y: -0.05102051073870972
    z: -0.01730394722680449
    w: 0.9979753141690934
---
header:
  stamp:
    sec: 1788575032
    nanosec: 83482000
  frame_id: default_cam
pose:
  position:
    x: -0.1844605345462816
    y: 0.06251566084003815
    z: -1.1774916953956682
  orientation:
    x: 0.031166694101456886
    y: -0.050600157293811954
    z: -0.016740099307488616
    w: 0.9980921953085311
---
header:
  stamp:
    sec: 1788575032
    nanosec: 115488000
  frame_id: default_cam
pose:
  position:
    x: -0.18444792301223947
    y: 0.06237380332218438
    z: -1.1766444378767225
  orientation:
    x: 0.03506488708505127
    y: -0.05075826030911151
    z: -0.016099469343892503
    w: 0.9979653600155419
---
header:
  stamp:
    sec: 1788575032
    nanosec: 151492000
  frame_id: default_cam
pose:
  position:
    x: -0.18472389885597404
    y: 0.06228463184743316
    z: -1.175934346211531
  orientation:
    x: 0.03554953155241503
    y: -0.047206908624752346
    z: -0.014851324792044523
    w: 0.9981418620298517
---
header:
  stamp:
    sec: 1788575032
    nanosec: 183493000
  frame_id: default_cam
pose:
  position:
    x: -0.18458456810657145
    y: 0.06220756603921304
    z: -1.174885158139202
  orientation:
    x: 0.03497608826373574
    y: -0.04934090043244525
    z: -0.014873483573833947
    w: 0.9980585795837145
---
header:
  stamp:
    sec: 1788575032
    nanosec: 215494000
  frame_id: default_cam
pose:
  position:
    x: -0.18464448969855266
    y: 0.062149954413867774
    z: -1.1742729201466409
  orientation:
    x: 0.035888088396696646
    y: -0.051538443416640406
    z: -0.01463877232361598
    w: 0.9979186040485857
---
header:
  stamp:
    sec: 1788575032
    nanosec: 251500000
  frame_id: default_cam
pose:
  position:
    x: -0.18457660705719003
    y: 0.06214209172996469
    z: -1.173125603893411
  orientation:
    x: 0.03367690958479061
    y: -0.05283999940812117
    z: -0.015346670733967695
    w: 0.9979169704543314
---
header:
  stamp:
    sec: 1788575032
    nanosec: 283498000
  frame_id: default_cam
pose:
  position:
    x: -0.18444335833362066
    y: 0.062015306628942994
    z: -1.1716924635267398
  orientation:
    x: 0.034913952793738746
    y: -0.052392181607800785
    z: -0.015423884654405513
    w: 0.9978968779332158
---
header:
  stamp:
    sec: 1788575032
    nanosec: 315502000
  frame_id: default_cam
pose:
  position:
    x: -0.18438595717867584
    y: 0.061910007303596366
    z: -1.1688621782738682
  orientation:
    x: 0.03369136020065281
    y: -0.05245598783973892
    z: -0.01478624448156646
    w: 0.9979452031858855
---
header:
  stamp:
    sec: 1788575032
    nanosec: 351508000
  frame_id: default_cam
pose:
  position:
    x: -0.18604235161350138
    y: 0.062230693725413344
    z: -1.1735426663274693
  orientation:
    x: 0.03358781727014371
    y: -0.04989862044748583
    z: -0.013931628883491093
    w: 0.9980921279747265
---
header:
  stamp:
    sec: 1788575032
    nanosec: 383507000
  frame_id: default_cam
pose:
  position:
    x: -0.18598447609699323
    y: 0.0619055483793868
    z: -1.1716627652898095
  orientation:
    x: 0.03700605871297461
    y: -0.05628863723084642
    z: -0.014606156249653527
    w: 0.9976215721088015
---
header:
  stamp:
    sec: 1788575032
    nanosec: 415511000
  frame_id: default_cam
pose:
  position:
    x: -0.18580666536815585
    y: 0.06176536470387099
    z: -1.170443557019237
  orientation:
    x: 0.03899746103751354
    y: -0.05722171975516072
    z: -0.014293725028883654
    w: 0.9974971489912581
---
header:
  stamp:
    sec: 1788575032
    nanosec: 451514000
  frame_id: default_cam
pose:
  position:
    x: -0.18567636833524945
    y: 0.06163126953442133
    z: -1.1702682534491937
  orientation:
    x: 0.03908002462917081
    y: -0.05182656835123906
    z: -0.014153631070917242
    w: 0.9977907762729751
---
header:
  stamp:
    sec: 1788575032
    nanosec: 483513000
  frame_id: default_cam
pose:
  position:
    x: -0.18596303342735784
    y: 0.06167856819513523
    z: -1.1715447026473773
  orientation:
    x: 0.03908767518348012
    y: -0.05126464420960476
    z: -0.014197944218588932
    w: 0.9978188754893241
---
header:
  stamp:
    sec: 1788575032
    nanosec: 515517000
  frame_id: default_cam
pose:
  position:
    x: -0.18549616724672885
    y: 0.061362489800645736
    z: -1.1691364507788564
  orientation:
    x: 0.03838923998868295
    y: -0.05415544437948944
    z: -0.013913468571255628
    w: 0.9976972834930784
---
header:
  stamp:
    sec: 1788575032
    nanosec: 551523000
  frame_id: default_cam
pose:
  position:
    x: -0.1852497745280048
    y: 0.06136876054751062
    z: -1.168763446661614
  orientation:
    x: 0.03946977479856119
    y: -0.050821748515119364
    z: -0.013847434794422249
    w: 0.9978314162747288
---
header:
  stamp:
    sec: 1788575032
    nanosec: 583523000
  frame_id: default_cam
pose:
  position:
    x: -0.1855229722301162
    y: 0.06155980510847137
    z: -1.170290473876858
  orientation:
    x: 0.040833686077165234
    y: -0.04712650695274261
    z: -0.01448744605578541
    w: 0.9979488044637186
---
header:
  stamp:
    sec: 1788575032
    nanosec: 615526000
  frame_id: default_cam
pose:
  position:
    x: -0.18537018891993934
    y: 0.06136652032895848
    z: -1.1681862004455899
  orientation:
    x: 0.03974150830924181
    y: -0.04494691226499993
    z: -0.014694692115047056
    w: 0.9980904035300574
---
header:
  stamp:
    sec: 1788575032
    nanosec: 651529000
  frame_id: default_cam
pose:
  position:
    x: -0.1852040906805002
    y: 0.061135185532267704
    z: -1.1675434394881565
  orientation:
    x: 0.03766537151941893
    y: -0.045467572740103816
    z: -0.013886682841924845
    w: 0.9981588949947173
---
header:
  stamp:
    sec: 1788575032
    nanosec: 683530000
  frame_id: default_cam
pose:
  position:
    x: -0.1859466737573806
    y: 0.06117280405063857
    z: -1.171586657839399
  orientation:
    x: 0.03810545206108689
    y: -0.044015361264806166
    z: -0.01412341290295273
    w: 0.9982039629774676
---
header:
  stamp:
    sec: 1788575032
    nanosec: 715533000
  frame_id: default_cam
pose:
  position:
    x: -0.18591336931838331
    y: 0.06111325992380129
    z: -1.171041725380499
  orientation:
    x: 0.03794739618860027
    y: -0.04574486646094606
    z: -0.013946249628459577
    w: 0.998134712569539
---
header:
  stamp:
    sec: 1788575032
    nanosec: 751536000
  frame_id: default_cam
pose:
  position:
    x: -0.1863274967289828
    y: 0.061142971174761196
    z: -1.1738732638361375
  orientation:
    x: 0.03694785765955346
    y: -0.04364576088974275
    z: -0.01374508245927335
    w: 0.9982689898413717
---
header:
  stamp:
    sec: 1788575032
    nanosec: 783538000
  frame_id: default_cam
pose:
  position:
    x: -0.18576720571638067
    y: 0.06082012081409171
    z: -1.1710866331297634
  orientation:
    x: 0.03516574719625529
    y: -0.04435157896089949
    z: -0.012148585952501336
    w: 0.9983229535211333
---
header:
  stamp:
    sec: 1788575032
    nanosec: 815541000
  frame_id: default_cam
pose:
  position:
    x: -0.18634334978935188
    y: 0.061159109266675976
    z: -1.1736907937282677
  orientation:
    x: 0.03714422387480734
    y: -0.04311797864908651
    z: -0.014037472234979484
    w: 0.9982805697413966
---
header:
  stamp:
    sec: 1788575032
    nanosec: 851543000
  frame_id: default_cam
pose:
  position:
    x: -0.18617181406859662
    y: 0.0609881656497554
    z: -1.1722962321921324
  orientation:
    x: 0.03446904986559882
    y: -0.04414187279457201
    z: -0.01272539458995797
    w: 0.9983493596933293
---
header:
  stamp:
    sec: 1788575032
    nanosec: 883545000
  frame_id: default_cam
pose:
  position:
    x: -0.18613913622267705
    y: 0.06095815306055822
    z: -1.17070166474501
  orientation:
    x: 0.03428154145354533
    y: -0.04514072181209851
    z: -0.012512779797528665
    w: 0.998313839176634
---
header:
  stamp:
    sec: 1788575032
    nanosec: 915547000
  frame_id: default_cam
pose:
  position:
    x: -0.18678548818197052
    y: 0.0611234311412865
    z: -1.1723211598381165
  orientation:
    x: 0.033642958709670406
    y: -0.04420637163874297
    z: -0.011779269523790908
    w: 0.9983862964029918
---
header:
  stamp:
    sec: 1788575032
    nanosec: 951553000
  frame_id: default_cam
pose:
  position:
    x: -0.18675765069815864
    y: 0.06099542230325236
    z: -1.1707265428322027
  orientation:
    x: 0.03151212254751351
    y: -0.04242223425804081
    z: -0.011552334630191237
    w: 0.9985358700305655
---
header:
  stamp:
    sec: 1788575032
    nanosec: 983554000
  frame_id: default_cam
pose:
  position:
    x: -0.18670709115522555
    y: 0.06101380857982695
    z: -1.170460947454571
  orientation:
    x: 0.03144939681328036
    y: -0.04478865457205746
    z: -0.011742649707803284
    w: 0.9984322821501445
---
header:
  stamp:
    sec: 1788575033
    nanosec: 15555000
  frame_id: default_cam
pose:
  position:
    x: -0.18677679807833866
    y: 0.06109879288241712
    z: -1.1710026883747555
  orientation:
    x: 0.03253462512004683
    y: -0.04288673720609941
    z: -0.011572958701421266
    w: 0.9984829956323783
---
header:
  stamp:
    sec: 1788575033
    nanosec: 51562000
  frame_id: default_cam
pose:
  position:
    x: -0.18684454226626646
    y: 0.06108878123201505
    z: -1.171599766914179
  orientation:
    x: 0.03388831182458166
    y: -0.04249101366365225
    z: -0.011643754453668373
    w: 0.9984540645726963
---
header:
  stamp:
    sec: 1788575033
    nanosec: 83558000
  frame_id: default_cam
pose:
  position:
    x: -0.18669244101922894
    y: 0.06098197045525203
    z: -1.1719004487826639
  orientation:
    x: 0.033809568519493044
    y: -0.04255553487091925
    z: -0.01061427265829823
    w: 0.9984654609671338
---
header:
  stamp:
    sec: 1788575033
    nanosec: 115563000
  frame_id: default_cam
pose:
  position:
    x: -0.1866284788503111
    y: 0.060840636267457414
    z: -1.169862566687253
  orientation:
    x: 0.03221265929045501
    y: -0.04175093610958661
    z: -0.011019599558531754
    w: 0.9985478317742119
---
header:
  stamp:
    sec: 1788575033
    nanosec: 151569000
  frame_id: default_cam
pose:
  position:
    x: -0.18676977618592874
    y: 0.06100221637100833
    z: -1.1709220530635565
  orientation:
    x: 0.03332341725026808
    y: -0.042090717759538224
    z: -0.011488264657559278
    w: 0.9984918332747691
---
header:
  stamp:
    sec: 1788575033
    nanosec: 183569000
  frame_id: default_cam
pose:
  position:
    x: -0.18684454307653575
    y: 0.06108878174368396
    z: -1.1715997709847064
  orientation:
    x: 0.0338883205943712
    y: -0.042491006244937624
    z: -0.011643755321235983
    w: 0.9984540645806421
---
header:
  stamp:
    sec: 1788575033
    nanosec: 215571000
  frame_id: default_cam
pose:
  position:
    x: -0.1867156308245649
    y: 0.061103815786766894
    z: -1.1722693671986484
  orientation:
    x: 0.03443017435988359
    y: -0.042649735987141134
    z: -0.011789480459042129
    w: 0.9984270485439991
---
header:
  stamp:
    sec: 1788575033
    nanosec: 251575000
  frame_id: default_cam
pose:
  position:
    x: -0.18674769340682795
    y: 0.06112148423240137
    z: -1.1725509434861756
  orientation:
    x: 0.03527501609702449
    y: -0.04208233564984708
    z: -0.011759987551295209
    w: 0.9984219814078623
---
header:
  stamp:
    sec: 1788575033
    nanosec: 283575000
  frame_id: default_cam
pose:
  position:
    x: -0.18669809976388055
    y: 0.060981630737422306
    z: -1.170858115251725
  orientation:
    x: 0.034103560084233556
    y: -0.04053635006176525
    z: -0.011500042581823683
    w: 0.9985296693307953
---
header:
  stamp:
    sec: 1788575033
    nanosec: 315578000
  frame_id: default_cam
pose:
  position:
    x: -0.1868445448871007
    y: 0.06108878255129601
    z: -1.1715997793493251
  orientation:
    x: 0.033888329848582345
    y: -0.0424909869303704
    z: -0.011643757145778416
    w: 0.9984540650672352
---
header:
  stamp:
    sec: 1788575033
    nanosec: 351583000
  frame_id: default_cam
pose:
  position:
    x: -0.1868276862333438
    y: 0.06114395935127995
    z: -1.1718487484502433
  orientation:
    x: 0.034978266153764107
    y: -0.04103546005366901
    z: -0.011736964752734934
    w: 0.998476266905455
---
header:
  stamp:
    sec: 1788575033
    nanosec: 383584000
  frame_id: default_cam
pose:
  position:
    x: -0.18659330614612687
    y: 0.06123491367859438
    z: -1.1711980274412512
  orientation:
    x: 0.03566554633550931
    y: -0.03991452109533335
    z: -0.01285998195197276
    w: 0.998483560542944
---
header:
  stamp:
    sec: 1788575033
    nanosec: 415586000
  frame_id: default_cam
pose:
  position:
    x: -0.1858527347770756
    y: 0.06130870298230947
    z: -1.1699421589976164
  orientation:
    x: 0.03722465182023642
    y: -0.0422218050831051
    z: -0.012782395174977836
    w: 0.9983327375409349
---
header:
  stamp:
    sec: 1788575033
    nanosec: 451591000
  frame_id: default_cam
pose:
  position:
    x: -0.18566820112731328
    y: 0.06131799459981461
    z: -1.1701660410871986
  orientation:
    x: 0.03701205973864929
    y: -0.03790158365496574
    z: -0.013466699114231307
    w: 0.9985049951829561
---
header:
  stamp:
    sec: 1788575033
    nanosec: 483590000
  frame_id: default_cam
pose:
  position:
    x: -0.1851732911633001
    y: 0.0611705485093762
    z: -1.1680748118054682
  orientation:
    x: 0.03655166406975138
    y: -0.038727750604327205
    z: -0.013115645746578773
    w: 0.9984949258877139
---
header:
  stamp:
    sec: 1788575033
    nanosec: 515591000
  frame_id: default_cam
pose:
  position:
    x: -0.1842480539119403
    y: 0.0609253653538333
    z: -1.163689398022188
  orientation:
    x: 0.037866618083082025
    y: -0.04133000367719554
    z: -0.012487599498521153
    w: 0.9983496431059399
---
header:
  stamp:
    sec: 1788575033
    nanosec: 551597000
  frame_id: default_cam
pose:
  position:
    x: -0.18439055399220133
    y: 0.06100272149793027
    z: -1.1646264355634663
  orientation:
    x: 0.036215686874910766
    y: -0.0391895535143845
    z: -0.012546047434961906
    w: 0.9984964695046654
---
header:
  stamp:
    sec: 1788575033
    nanosec: 583597000
  frame_id: default_cam
pose:
  position:
    x: -0.18447774936714462
    y: 0.061052016705408114
    z: -1.1654147589203734
  orientation:
    x: 0.03885805603785406
    y: -0.03752274756808142
    z: -0.012477159306384305
    w: 0.9984620250122406
---
header:
  stamp:
    sec: 1788575033
    nanosec: 615600000
  frame_id: default_cam
pose:
  position:
    x: -0.18430387750269808
    y: 0.0609569285107229
    z: -1.1641766699827467
  orientation:
    x: 0.0392556313507042
    y: -0.04030892151682243
    z: -0.012448494079442006
    w: 0.9983382298843225
---
header:
  stamp:
    sec: 1788575033
    nanosec: 651605000
  frame_id: default_cam
pose:
  position:
    x: -0.18429899791221555
    y: 0.06102689386510481
    z: -1.1641547643119883
  orientation:
    x: 0.03884406759639344
    y: -0.041820884375908016
    z: -0.0123625669026816
    w: 0.998293202912932
---
header:
  stamp:
    sec: 1788575033
    nanosec: 683604000
  frame_id: default_cam
pose:
  position:
    x: -0.18423450778055914
    y: 0.0612921390644818
    z: -1.1623696932345708
  orientation:
    x: 0.04315649613388806
    y: -0.0437553424623473
    z: -0.01221370026487779
    w: 0.9980349755260525
---
header:
  stamp:
    sec: 1788575033
    nanosec: 715607000
  frame_id: default_cam
pose:
  position:
    x: -0.18574398654742422
    y: 0.06174516906809629
    z: -1.167423281961364
  orientation:
    x: 0.040797842584017176
    y: -0.039287792417842644
    z: -0.013824706050564508
    w: 0.998298994745581
---
header:
  stamp:
    sec: 1788575033
    nanosec: 751612000
  frame_id: default_cam
pose:
  position:
    x: -0.1855141666477376
    y: 0.06171311353774502
    z: -1.1638247761714737
  orientation:
    x: 0.038789358420234975
    y: -0.04285774434224796
    z: -0.012789534142830787
    w: 0.9982459753185337
---
header:
  stamp:
    sec: 1788575033
    nanosec: 783613000
  frame_id: default_cam
pose:
  position:
    x: -0.18501193193565818
    y: 0.061420957639813686
    z: -1.1557461909561328
  orientation:
    x: 0.034562496031685444
    y: -0.041327456122489115
    z: -0.012651680547774578
    w: 0.9984675308781055
---
header:
  stamp:
    sec: 1788575033
    nanosec: 815616000
  frame_id: default_cam
pose:
  position:
    x: -0.1864786887132464
    y: 0.061846247837928865
    z: -1.1589009507178007
  orientation:
    x: 0.03116384601656804
    y: -0.041954241759075236
    z: -0.013287336329152272
    w: 0.9985449929738534
---
header:
  stamp:
    sec: 1788575033
    nanosec: 851619000
  frame_id: default_cam
pose:
  position:
    x: -0.18641679014729284
    y: 0.06145834991764984
    z: -1.1532572894190047
  orientation:
    x: 0.03132836362743582
    y: -0.04588696226771689
    z: -0.012907506889205817
    w: 0.9983718328319231
---
header:
  stamp:
    sec: 1788575033
    nanosec: 883621000
  frame_id: default_cam
pose:
  position:
    x: -0.1873949765346193
    y: 0.06127800287415804
    z: -1.153480008593834
  orientation:
    x: 0.03183508229579179
    y: -0.046996194226798814
    z: -0.014701900171744754
    w: 0.9982793894470411
---
header:
  stamp:
    sec: 1788575033
    nanosec: 915623000
  frame_id: default_cam
pose:
  position:
    x: -0.1880233612600697
    y: 0.06123600644826078
    z: -1.1538020974786432
  orientation:
    x: 0.0332498460954453
    y: -0.04309011340191287
    z: -0.013245418726956792
    w: 0.9984298917522387
---
header:
  stamp:
    sec: 1788575033
    nanosec: 951625000
  frame_id: default_cam
pose:
  position:
    x: -0.18801344971201692
    y: 0.06097272815361611
    z: -1.1533103579894328
  orientation:
    x: 0.035399175554334195
    y: -0.043029066195787585
    z: -0.014489224838204947
    w: 0.9983413545456183
---
header:
  stamp:
    sec: 1788575033
    nanosec: 983627000
  frame_id: default_cam
pose:
  position:
    x: -0.18748925734045382
    y: 0.060326830422938925
    z: -1.1514745759227554
  orientation:
    x: 0.03471124786647191
    y: -0.04284791829668519
    z: -0.013943400672985736
    w: 0.998381072910973
---
header:
  stamp:
    sec: 1788575034
    nanosec: 15630000
  frame_id: default_cam
pose:
  position:
    x: -0.18726217955197988
    y: 0.060506891355254146
    z: -1.1497228780333724
  orientation:
    x: 0.03766274930803292
    y: -0.04319651939128427
    z: -0.012921807283645358
    w: 0.9982728108706372
---
header:
  stamp:
    sec: 1788575034
    nanosec: 51635000
  frame_id: default_cam
pose:
  position:
    x: -0.18800490403392725
    y: 0.060770961902717316
    z: -1.1513339834045446
  orientation:
    x: 0.034010078711173675
    y: -0.03959940934398508
    z: -0.013121334450525634
    w: 0.9985504653786431
---
header:
  stamp:
    sec: 1788575034
    nanosec: 83635000
  frame_id: default_cam
pose:
  position:
    x: -0.1878519811695636
    y: 0.06061899188314838
    z: -1.1474519357289086
  orientation:
    x: 0.032423213188759105
    y: -0.04282871922549491
    z: -0.014629025667071607
    w: 0.9984490110486625
---
header:
  stamp:
    sec: 1788575034
    nanosec: 115639000
  frame_id: default_cam
pose:
  position:
    x: -0.18900356874927182
    y: 0.06077911475053885
    z: -1.1489369491276433
  orientation:
    x: 0.0337485617411229
    y: -0.04652091326168835
    z: -0.013192341677842502
    w: 0.9982598866681758
---
header:
  stamp:
    sec: 1788575034
    nanosec: 151643000
  frame_id: default_cam
pose:
  position:
    x: -0.18901862453450552
    y: 0.060575186743389395
    z: -1.144760314144656
  orientation:
    x: 0.030186717882147406
    y: -0.04745679398138849
    z: -0.013570893526081502
    w: 0.9983248196941793
---
header:
  stamp:
    sec: 1788575034
    nanosec: 183641000
  frame_id: default_cam
pose:
  position:
    x: -0.18983074618976434
    y: 0.060640930651119064
    z: -1.1458792947701248
  orientation:
    x: 0.03029019159291924
    y: -0.046007232475395156
    z: -0.01204659212127686
    w: 0.9984090937443844
---
header:
  stamp:
    sec: 1788575034
    nanosec: 215648000
  frame_id: default_cam
pose:
  position:
    x: -0.18917032527990482
    y: 0.05991725009654248
    z: -1.140346858367857
  orientation:
    x: 0.03143838002363756
    y: -0.04706501781563153
    z: -0.01319662741338748
    w: 0.9983097522234349
---
header:
  stamp:
    sec: 1788575034
    nanosec: 251649000
  frame_id: default_cam
pose:
  position:
    x: -0.18888048812350625
    y: 0.059614639511960055
    z: -1.138772878586076
  orientation:
    x: 0.032860379836998556
    y: -0.047299679892271115
    z: -0.011992864514158106
    w: 0.9982680536408054
---
header:
  stamp:
    sec: 1788575034
    nanosec: 283648000
  frame_id: default_cam
pose:
  position:
    x: -0.1890169282180377
    y: 0.05958226550455039
    z: -1.1393011404410944
  orientation:
    x: 0.03669165999842116
    y: -0.04779822905240489
    z: -0.011470217398927849
    w: 0.9981169698481412
---
header:
  stamp:
    sec: 1788575034
    nanosec: 315653000
  frame_id: default_cam
pose:
  position:
    x: -0.18925017078152195
    y: 0.05957640544228668
    z: -1.1398791994795305
  orientation:
    x: 0.037580013240854776
    y: -0.047952515106563745
    z: -0.011587031338278809
    w: 0.9980751673118301
---
header:
  stamp:
    sec: 1788575034
    nanosec: 351658000
  frame_id: default_cam
pose:
  position:
    x: -0.18885982585177868
    y: 0.05945777683999544
    z: -1.1380989180535444
  orientation:
    x: 0.03746813988470971
    y: -0.04844895982909351
    z: -0.011338439375021162
    w: 0.9980582530982837
---
header:
  stamp:
    sec: 1788575034
    nanosec: 383656000
  frame_id: default_cam
pose:
  position:
    x: -0.1889612567416621
    y: 0.059604952281092465
    z: -1.1392201351566698
  orientation:
    x: 0.03635361342742446
    y: -0.04723588926922449
    z: -0.011666480790404566
    w: 0.9981538352286595
---
header:
  stamp:
    sec: 1788575034
    nanosec: 415662000
  frame_id: default_cam
pose:
  position:
    x: -0.18879467308996822
    y: 0.059556785171310675
    z: -1.1389192604252354
  orientation:
    x: 0.03661230309236427
    y: -0.046100896355112574
    z: -0.012062102920167806
    w: 0.9981927430565057
---
header:
  stamp:
    sec: 1788575034
    nanosec: 451666000
  frame_id: default_cam
pose:
  position:
    x: -0.18879467308996822
    y: 0.059556785171310675
    z: -1.1389192604252354
  orientation:
    x: 0.03661230309236427
    y: -0.046100896355112574
    z: -0.012062102920167806
    w: 0.9981927430565057
---
header:
  stamp:
    sec: 1788575034
    nanosec: 483665000
  frame_id: default_cam
pose:
  position:
    x: -0.18879467308996822
    y: 0.059556785171310675
    z: -1.1389192604252354
  orientation:
    x: 0.03661230309236427
    y: -0.046100896355112574
    z: -0.012062102920167806
    w: 0.9981927430565057
---
header:
  stamp:
    sec: 1788575034
    nanosec: 515670000
  frame_id: default_cam
pose:
  position:
    x: -0.18879467308996822
    y: 0.059556785171310675
    z: -1.1389192604252354
  orientation:
    x: 0.03661230309236427
    y: -0.046100896355112574
    z: -0.012062102920167806
    w: 0.9981927430565057
---
header:
  stamp:
    sec: 1788575034
    nanosec: 551674000
  frame_id: default_cam
pose:
  position:
    x: -0.18884099673498098
    y: 0.05959395475471495
    z: -1.1387135864505646
  orientation:
    x: 0.036309128293171844
    y: -0.04756156230932051
    z: -0.011848762529650267
    w: 0.9981378420938676
---
header:
  stamp:
    sec: 1788575034
    nanosec: 583670000
  frame_id: default_cam
pose:
  position:
    x: -0.18884099673498098
    y: 0.05959395475471495
    z: -1.1387135864505646
  orientation:
    x: 0.036309128293171844
    y: -0.04756156230932051
    z: -0.011848762529650267
    w: 0.9981378420938676
---
header:
  stamp:
    sec: 1788575034
    nanosec: 615676000
  frame_id: default_cam
pose:
  position:
    x: -0.18884099673498098
    y: 0.05959395475471495
    z: -1.1387135864505646
  orientation:
    x: 0.036309128293171844
    y: -0.04756156230932051
    z: -0.011848762529650267
    w: 0.9981378420938676
---
header:
  stamp:
    sec: 1788575034
    nanosec: 651680000
  frame_id: default_cam
pose:
  position:
    x: -0.18884099673498098
    y: 0.05959395475471495
    z: -1.1387135864505646
  orientation:
    x: 0.036309128293171844
    y: -0.04756156230932051
    z: -0.011848762529650267
    w: 0.9981378420938676
---
header:
  stamp:
    sec: 1788575034
    nanosec: 683679000
  frame_id: default_cam
pose:
  position:
    x: -0.18884099673498098
    y: 0.05959395475471495
    z: -1.1387135864505646
  orientation:
    x: 0.036309128293171844
    y: -0.04756156230932051
    z: -0.011848762529650267
    w: 0.9981378420938676
---
header:
  stamp:
    sec: 1788575034
    nanosec: 715685000
  frame_id: default_cam
pose:
  position:
    x: -0.1889130730240152
    y: 0.05980016650760582
    z: -1.1393686600026698
  orientation:
    x: 0.038197020887503895
    y: -0.04782006935237786
    z: -0.012952306363407402
    w: 0.998041314937574
---
header:
  stamp:
    sec: 1788575034
    nanosec: 751688000
  frame_id: default_cam
pose:
  position:
    x: -0.18879683002678246
    y: 0.05993644715004759
    z: -1.1382374692039363
  orientation:
    x: 0.03598199186758466
    y: -0.0469091971574821
    z: -0.01265340529811398
    w: 0.9981706842106931
---
header:
  stamp:
    sec: 1788575034
    nanosec: 783686000
  frame_id: default_cam
pose:
  position:
    x: -0.18868366300764647
    y: 0.06014871921644238
    z: -1.136037036533979
  orientation:
    x: 0.03411185108505062
    y: -0.04638201891327095
    z: -0.012732079118458573
    w: 0.9982599782112882
---
header:
  stamp:
    sec: 1788575034
    nanosec: 815691000
  frame_id: default_cam
pose:
  position:
    x: -0.18798153119816208
    y: 0.06016628082095959
    z: -1.1315070737593231
  orientation:
    x: 0.030525068988714314
    y: -0.050334261300967374
    z: -0.011352935604325681
    w: 0.9982012788790066
---
header:
  stamp:
    sec: 1788575034
    nanosec: 851694000
  frame_id: default_cam
pose:
  position:
    x: -0.18878012496707358
    y: 0.060909030725470534
    z: -1.1307183679419726
  orientation:
    x: 0.028622863650317444
    y: -0.05158025412505375
    z: -0.012518101422898532
    w: 0.9981800970754807
---
header:
  stamp:
    sec: 1788575034
    nanosec: 883694000
  frame_id: default_cam
pose:
  position:
    x: -0.18924722470325897
    y: 0.06177004268185771
    z: -1.1289349542091924
  orientation:
    x: 0.020750212706382394
    y: -0.052323268823428616
    z: -0.012421416898030462
    w: 0.9983373240616202
---
header:
  stamp:
    sec: 1788575034
    nanosec: 915698000
  frame_id: default_cam
pose:
  position:
    x: -0.1890939741805343
    y: 0.06242213779210803
    z: -1.1254696732487248
  orientation:
    x: 0.020127834928592665
    y: -0.052366821881010335
    z: -0.013286156279026433
    w: 0.9983366487705934
---
header:
  stamp:
    sec: 1788575034
    nanosec: 951702000
  frame_id: default_cam
pose:
  position:
    x: -0.18870842928103695
    y: 0.06270605030956654
    z: -1.121590757878104
  orientation:
    x: 0.016891036982258047
    y: -0.053873475104070104
    z: -0.013831255125495538
    w: 0.9983090893763957
---
header:
  stamp:
    sec: 1788575035
    nanosec: 51707000
  frame_id: default_cam
pose:
  position:
    x: -0.18875502188237295
    y: 0.06282057245951046
    z: -1.1216313541047056
  orientation:
    x: 0.01545381075965839
    y: -0.046393169475998
    z: -0.013990615175000509
    w: 0.9987057205433446
---
header:
  stamp:
    sec: 1788575035
    nanosec: 83710000
  frame_id: default_cam
pose:
  position:
    x: -0.18876365293524505
    y: 0.06253796460248631
    z: -1.1205724755199902
  orientation:
    x: 0.014614299538775164
    y: -0.049128626494046444
    z: -0.012670124060241074
    w: 0.9986051613446115
---
header:
  stamp:
    sec: 1788575035
    nanosec: 115716000
  frame_id: default_cam
pose:
  position:
    x: -0.18864599901187679
    y: 0.0621336478079022
    z: -1.1170576935666285
  orientation:
    x: 0.015224203497939934
    y: -0.049578804652195704
    z: -0.011909372320194945
    w: 0.9985831625899025
---
header:
  stamp:
    sec: 1788575035
    nanosec: 151714000
  frame_id: default_cam
pose:
  position:
    x: -0.1898835376272302
    y: 0.06229759244821267
    z: -1.1212784898745414
  orientation:
    x: 0.018642345461290722
    y: -0.05119701314199239
    z: -0.012057196238242425
    w: 0.9984417623576816
---
header:
  stamp:
    sec: 1788575035
    nanosec: 183717000
  frame_id: default_cam
pose:
  position:
    x: -0.18981400040256405
    y: 0.06191906110387536
    z: -1.1188088697431304
  orientation:
    x: 0.020863889692673186
    y: -0.05018917141747016
    z: -0.013656403309672707
    w: 0.9984283889333092
---
header:
  stamp:
    sec: 1788575035
    nanosec: 215720000
  frame_id: default_cam
pose:
  position:
    x: -0.19016074999195576
    y: 0.06187670089213239
    z: -1.120568964427523
  orientation:
    x: 0.021744011479414026
    y: -0.04983519332592823
    z: -0.013496869677705555
    w: 0.9984295097701457
---
header:
  stamp:
    sec: 1788575035
    nanosec: 251724000
  frame_id: default_cam
pose:
  position:
    x: -0.18961871570439778
    y: 0.06136394327115223
    z: -1.1165675982078889
  orientation:
    x: 0.0213041123931973
    y: -0.05351128406063439
    z: -0.011980186760836602
    w: 0.9982680764196037
---
header:
  stamp:
    sec: 1788575035
    nanosec: 283730000
  frame_id: default_cam
pose:
  position:
    x: -0.18966582446778824
    y: 0.061075184705400354
    z: -1.1155182375112862
  orientation:
    x: 0.021442124629599962
    y: -0.05294454201421063
    z: -0.012688997815102696
    w: 0.9982865821479935
---
header:
  stamp:
    sec: 1788575035
    nanosec: 315729000
  frame_id: default_cam
pose:
  position:
    x: -0.18963804730259523
    y: 0.060677548878644225
    z: -1.1117475631280815
  orientation:
    x: 0.022816440896277636
    y: -0.053122545228062014
    z: -0.012223777392203889
    w: 0.9982524653010305
---
header:
  stamp:
    sec: 1788575035
    nanosec: 351731000
  frame_id: default_cam
pose:
  position:
    x: -0.19021067897891794
    y: 0.06066159018343023
    z: -1.1120694369308097
  orientation:
    x: 0.023648884313846437
    y: -0.05613926105283824
    z: -0.013302168658899771
    w: 0.9980541898855602
---
header:
  stamp:
    sec: 1788575035
    nanosec: 383733000
  frame_id: default_cam
pose:
  position:
    x: -0.19032723999027945
    y: 0.06058233928290832
    z: -1.1117293199390865
  orientation:
    x: 0.024864067427266878
    y: -0.058352581490573596
    z: -0.013318334814354472
    w: 0.9978974778714149
---
header:
  stamp:
    sec: 1788575035
    nanosec: 415735000
  frame_id: default_cam
pose:
  position:
    x: -0.19030214112082278
    y: 0.06050124828193731
    z: -1.1104958975368544
  orientation:
    x: 0.022772130492544382
    y: -0.058321680983528766
    z: -0.0132384198371563
    w: 0.997950277238451
---
header:
  stamp:
    sec: 1788575035
    nanosec: 451740000
  frame_id: default_cam
pose:
  position:
    x: -0.19056135133881905
    y: 0.060937610678120195
    z: -1.109462710541141
  orientation:
    x: 0.024437094071890448
    y: -0.05354613569571963
    z: -0.011453417999803065
    w: 0.9982006105996424
---
header:
  stamp:
    sec: 1788575035
    nanosec: 483741000
  frame_id: default_cam
pose:
  position:
    x: -0.19042610442984553
    y: 0.06093104686965301
    z: -1.1068320359833836
  orientation:
    x: 0.023018296528958104
    y: -0.05616653891219313
    z: -0.012138763636150964
    w: 0.9980822252444513
---
header:
  stamp:
    sec: 1788575035
    nanosec: 515744000
  frame_id: default_cam
pose:
  position:
    x: -0.19017418277990888
    y: 0.061033647586792604
    z: -1.1035448638032586
  orientation:
    x: 0.02312014484215138
    y: -0.05687466537538663
    z: -0.012533010996237241
    w: 0.9980348966725983
---
header:
  stamp:
    sec: 1788575035
    nanosec: 551748000
  frame_id: default_cam
pose:
  position:
    x: -0.18997385860148047
    y: 0.061069058355933535
    z: -1.099633084014875
  orientation:
    x: 0.017983323550767503
    y: -0.058118644244727985
    z: -0.011994959632127638
    w: 0.9980756204860666
---
header:
  stamp:
    sec: 1788575035
    nanosec: 583748000
  frame_id: default_cam
pose:
  position:
    x: -0.19071711557731064
    y: 0.06124778949573392
    z: -1.0996382496684514
  orientation:
    x: 0.017198906270362527
    y: -0.05927805499650172
    z: -0.010967070947950444
    w: 0.9980330822040708
---
header:
  stamp:
    sec: 1788575035
    nanosec: 615753000
  frame_id: default_cam
pose:
  position:
    x: -0.19033258080783105
    y: 0.060899227869042394
    z: -1.0942375631023373
  orientation:
    x: 0.01572086841409007
    y: -0.0646385469609585
    z: -0.011196448543724022
    w: 0.9977220815853935
---
header:
  stamp:
    sec: 1788575035
    nanosec: 651754000
  frame_id: default_cam
pose:
  position:
    x: -0.19114285314443114
    y: 0.06068294413309026
    z: -1.0929027574793768
  orientation:
    x: 0.01702683539135789
    y: -0.06216129329897485
    z: -0.012775997005967796
    w: 0.9978390824138219
---
header:
  stamp:
    sec: 1788575035
    nanosec: 683755000
  frame_id: default_cam
pose:
  position:
    x: -0.19165719238600865
    y: 0.06054999600680891
    z: -1.0915619742572904
  orientation:
    x: 0.01483416299114481
    y: -0.06517202552251089
    z: -0.012641280188326578
    w: 0.9976836937290523
---
header:
  stamp:
    sec: 1788575035
    nanosec: 715759000
  frame_id: default_cam
pose:
  position:
    x: -0.19164394493616888
    y: 0.06017994552132892
    z: -1.0889695941691837
  orientation:
    x: 0.019202692358306035
    y: -0.06582677235771907
    z: -0.013269327135525451
    w: 0.9975580271866533
---
header:
  stamp:
    sec: 1788575035
    nanosec: 751760000
  frame_id: default_cam
pose:
  position:
    x: -0.19128136455529204
    y: 0.05974518192209499
    z: -1.0868622864910389
  orientation:
    x: 0.02183017613861008
    y: -0.06854955574733793
    z: -0.01195181347790981
    w: 0.9973372328210699
---
header:
  stamp:
    sec: 1788575035
    nanosec: 783763000
  frame_id: default_cam
pose:
  position:
    x: -0.19138000418395673
    y: 0.05924299950458361
    z: -1.08544330987678
  orientation:
    x: 0.02056823911744225
    y: -0.06996086924490226
    z: -0.01183155312505165
    w: 0.997267486016041
---
header:
  stamp:
    sec: 1788575035
    nanosec: 815765000
  frame_id: default_cam
pose:
  position:
    x: -0.1910560512461123
    y: 0.05847793056369857
    z: -1.0834100827071382
  orientation:
    x: 0.0234160739099852
    y: -0.06976845335944569
    z: -0.013361308744042979
    w: 0.9971988396639455
---
header:
  stamp:
    sec: 1788575035
    nanosec: 851770000
  frame_id: default_cam
pose:
  position:
    x: -0.1909252184529006
    y: 0.058361844924141044
    z: -1.0840495636970153
  orientation:
    x: 0.026379959997165886
    y: -0.06967786703285847
    z: -0.012875630984847609
    w: 0.9971375585560105
---
header:
  stamp:
    sec: 1788575035
    nanosec: 883771000
  frame_id: default_cam
pose:
  position:
    x: -0.18930916976002307
    y: 0.058017982090342465
    z: -1.0791871041221417
  orientation:
    x: 0.023712612888084066
    y: -0.06919718726709714
    z: -0.012541199098933831
    w: 0.9972422873050978
---
header:
  stamp:
    sec: 1788575035
    nanosec: 915774000
  frame_id: default_cam
pose:
  position:
    x: -0.18877567734262304
    y: 0.05799465198289797
    z: -1.0792665355864892
  orientation:
    x: 0.026228529918179033
    y: -0.07000041702492536
    z: -0.011809950087965001
    w: 0.9971321531841141
---
header:
  stamp:
    sec: 1788575035
    nanosec: 951780000
  frame_id: default_cam
pose:
  position:
    x: -0.1887709390712348
    y: 0.05812905727919236
    z: -1.0799254208696025
  orientation:
    x: 0.027286999301344886
    y: -0.07110996167317021
    z: -0.011639706378042252
    w: 0.9970272364661869
---
header:
  stamp:
    sec: 1788575035
    nanosec: 983778000
  frame_id: default_cam
pose:
  position:
    x: -0.1880976747799045
    y: 0.05821246045060525
    z: -1.0773602607179584
  orientation:
    x: 0.024613509101577218
    y: -0.07142280069394773
    z: -0.010508665643193199
    w: 0.9970870206040889
---
header:
  stamp:
    sec: 1788575036
    nanosec: 15783000
  frame_id: default_cam
pose:
  position:
    x: -0.1880071685987754
    y: 0.05868249993549976
    z: -1.0757491222446316
  orientation:
    x: 0.020686182170680387
    y: -0.070458386168407
    z: -0.010736907808976816
    w: 0.9972424060861264
---
header:
  stamp:
    sec: 1788575036
    nanosec: 51785000
  frame_id: default_cam
pose:
  position:
    x: -0.18797058385219842
    y: 0.05895867826513659
    z: -1.074022525645337
  orientation:
    x: 0.02345327111953461
    y: -0.07326383535019163
    z: -0.010503837469155801
    w: 0.9969814561475029
---
header:
  stamp:
    sec: 1788575036
    nanosec: 83788000
  frame_id: default_cam
pose:
  position:
    x: -0.1876936491198439
    y: 0.058775251409412824
    z: -1.0715795543973048
  orientation:
    x: 0.020570442947739277
    y: -0.07501309279301661
    z: -0.010941777078371453
    w: 0.9969103120646949
---
header:
  stamp:
    sec: 1788575036
    nanosec: 115792000
  frame_id: default_cam
pose:
  position:
    x: -0.1876936491198439
    y: 0.058775251409412824
    z: -1.0715795543973048
  orientation:
    x: 0.020570442947739277
    y: -0.07501309279301661
    z: -0.010941777078371453
    w: 0.9969103120646949
---
header:
  stamp:
    sec: 1788575036
    nanosec: 151793000
  frame_id: default_cam
pose:
  position:
    x: -0.1872364697796826
    y: 0.05843071136123465
    z: -1.0684772647383665
  orientation:
    x: 0.021124421849784934
    y: -0.07551374458567349
    z: -0.011252904293395347
    w: 0.9968574648991327
---
header:
  stamp:
    sec: 1788575036
    nanosec: 183796000
  frame_id: default_cam
pose:
  position:
    x: -0.18732315364754668
    y: 0.05795506364622898
    z: -1.0684296192994256
  orientation:
    x: 0.02378820125257019
    y: -0.07153417284599711
    z: -0.011828237613674698
    w: 0.9970842875060065
---
header:
  stamp:
    sec: 1788575036
    nanosec: 215797000
  frame_id: default_cam
pose:
  position:
    x: -0.18733643262645025
    y: 0.05754358859575376
    z: -1.0681395911422333
  orientation:
    x: 0.022501901537637495
    y: -0.07166519804569059
    z: -0.012082484542121403
    w: 0.9971016885872532
---
header:
  stamp:
    sec: 1788575036
    nanosec: 251800000
  frame_id: default_cam
pose:
  position:
    x: -0.1873538246775718
    y: 0.0575501665150297
    z: -1.0683563542796461
  orientation:
    x: 0.02398392808189965
    y: -0.07135699055242122
    z: -0.011957724096705884
    w: 0.9970907500962443
---
header:
  stamp:
    sec: 1788575036
    nanosec: 283804000
  frame_id: default_cam
pose:
  position:
    x: -0.1872382206033338
    y: 0.05729065135906535
    z: -1.067120388166144
  orientation:
    x: 0.02350866757555184
    y: -0.07171993195493745
    z: -0.011954542698101412
    w: 0.997076066716116
---
header:
  stamp:
    sec: 1788575036
    nanosec: 315804000
  frame_id: default_cam
pose:
  position:
    x: -0.18715756877866174
    y: 0.05712828729409165
    z: -1.0659069916512038
  orientation:
    x: 0.024807014776642742
    y: -0.07308229747944647
    z: -0.01053172119701127
    w: 0.996961720760444
---
header:
  stamp:
    sec: 1788575036
    nanosec: 351806000
  frame_id: default_cam
pose:
  position:
    x: -0.18718808913036916
    y: 0.056972609387995206
    z: -1.0651736775980611
  orientation:
    x: 0.024056424183055602
    y: -0.07371888973602632
    z: -0.010207994513164724
    w: 0.9969366131302589
---
header:
  stamp:
    sec: 1788575036
    nanosec: 383808000
  frame_id: default_cam
pose:
  position:
    x: -0.18751753242910818
    y: 0.057046741926245495
    z: -1.0646858530689471
  orientation:
    x: 0.0253925140201423
    y: -0.07203700919276268
    z: -0.009977776945528375
    w: 0.9970287525971977
---
header:
  stamp:
    sec: 1788575036
    nanosec: 415811000
  frame_id: default_cam
pose:
  position:
    x: -0.18773427411961904
    y: 0.057388883028994024
    z: -1.0631833900754288
  orientation:
    x: 0.02620534744250792
    y: -0.07358253313986106
    z: -0.009608800170562095
    w: 0.9968984710297337
---
header:
  stamp:
    sec: 1788575036
    nanosec: 451814000
  frame_id: default_cam
pose:
  position:
    x: -0.18859952451209785
    y: 0.05780780769079096
    z: -1.06274573406812
  orientation:
    x: 0.023499508863566228
    y: -0.0744616405214406
    z: -0.008403494553594648
    w: 0.9969115399338673
---
header:
  stamp:
    sec: 1788575036
    nanosec: 483817000
  frame_id: default_cam
pose:
  position:
    x: -0.1890489975482893
    y: 0.05797479930496116
    z: -1.061411337191706
  orientation:
    x: 0.021713393794545007
    y: -0.07693617988666283
    z: -0.008592644823544616
    w: 0.9967625189629206
---
header:
  stamp:
    sec: 1788575036
    nanosec: 515820000
  frame_id: default_cam
pose:
  position:
    x: -0.18956588482858341
    y: 0.05785107254825538
    z: -1.0576503072548988
  orientation:
    x: 0.02101697813832585
    y: -0.07787662923474589
    z: -0.00957915209498551
    w: 0.9966954184173359
---
header:
  stamp:
    sec: 1788575036
    nanosec: 551823000
  frame_id: default_cam
pose:
  position:
    x: -0.19064727735592668
    y: 0.057979543228729814
    z: -1.0582026483769562
  orientation:
    x: 0.020721068201932646
    y: -0.07831898641803818
    z: -0.009943700454064824
    w: 0.9966633817494761
---
header:
  stamp:
    sec: 1788575036
    nanosec: 583826000
  frame_id: default_cam
pose:
  position:
    x: -0.1907627238030701
    y: 0.057916181570423414
    z: -1.0547429874188299
  orientation:
    x: 0.020698041030478283
    y: -0.07730368586641695
    z: -0.01086737158437257
    w: 0.9967334806676327
---
header:
  stamp:
    sec: 1788575036
    nanosec: 615827000
  frame_id: default_cam
pose:
  position:
    x: -0.1907627238030701
    y: 0.057916181570423414
    z: -1.0547429874188299
  orientation:
    x: 0.020698041030478283
    y: -0.07730368586641695
    z: -0.01086737158437257
    w: 0.9967334806676327
---
header:
  stamp:
    sec: 1788575036
    nanosec: 651830000
  frame_id: default_cam
pose:
  position:
    x: -0.190414141175163
    y: 0.05785065516808286
    z: -1.0536637465857739
  orientation:
    x: 0.022891927716506395
    y: -0.07651893905558427
    z: -0.010220772938838104
    w: 0.99675290188279
---
header:
  stamp:
    sec: 1788575036
    nanosec: 683833000
  frame_id: default_cam
pose:
  position:
    x: -0.19011615797768275
    y: 0.05778835949153333
    z: -1.0524559382219525
  orientation:
    x: 0.022954157983076526
    y: -0.07679527168338028
    z: -0.009845875783870606
    w: 0.996733992401389
---
header:
  stamp:
    sec: 1788575036
    nanosec: 715835000
  frame_id: default_cam
pose:
  position:
    x: -0.19007015560638107
    y: 0.05776609256088978
    z: -1.052114701012584
  orientation:
    x: 0.022234075186967166
    y: -0.07734253189434162
    z: -0.009922250394200013
    w: 0.9967072426785449
---
header:
  stamp:
    sec: 1788575036
    nanosec: 751837000
  frame_id: default_cam
pose:
  position:
    x: -0.19008506936911623
    y: 0.057755844970885095
    z: -1.0514398682690262
  orientation:
    x: 0.021380498971364563
    y: -0.07941363958820145
    z: -0.01024560482173107
    w: 0.9965597702561185
---
header:
  stamp:
    sec: 1788575036
    nanosec: 783841000
  frame_id: default_cam
pose:
  position:
    x: -0.19001892097057407
    y: 0.0576368437403466
    z: -1.0494304958633875
  orientation:
    x: 0.01845688275430707
    y: -0.07971380490961606
    z: -0.01056183583217476
    w: 0.996590939357608
---
header:
  stamp:
    sec: 1788575036
    nanosec: 815843000
  frame_id: default_cam
pose:
  position:
    x: -0.19009631628632498
    y: 0.05769911038986733
    z: -1.047424174700717
  orientation:
    x: 0.015749861940448785
    y: -0.0793833391231199
    z: -0.010276989349846319
    w: 0.9966667501268534
---
header:
  stamp:
    sec: 1788575036
    nanosec: 851846000
  frame_id: default_cam
pose:
  position:
    x: -0.1903492860123178
    y: 0.057557900220607916
    z: -1.0466053351677962
  orientation:
    x: 0.01581331364924039
    y: -0.07904967979319387
    z: -0.010071168048414564
    w: 0.9966943657963382
---
header:
  stamp:
    sec: 1788575036
    nanosec: 883850000
  frame_id: default_cam
pose:
  position:
    x: -0.19018553608598404
    y: 0.05714049715497362
    z: -1.043753137635214
  orientation:
    x: 0.01914645920221316
    y: -0.08097670569696824
    z: -0.009953519164939927
    w: 0.9964823699848973
---
header:
  stamp:
    sec: 1788575036
    nanosec: 915851000
  frame_id: default_cam
pose:
  position:
    x: -0.19037084779882973
    y: 0.05693092066674286
    z: -1.044150631605891
  orientation:
    x: 0.02067262949725427
    y: -0.08028962838049396
    z: -0.010643296942146574
    w: 0.9965003453057067
---
header:
  stamp:
    sec: 1788575036
    nanosec: 951852000
  frame_id: default_cam
pose:
  position:
    x: -0.19014426274364268
    y: 0.0563256908178042
    z: -1.042116445509596
  orientation:
    x: 0.020101608737035738
    y: -0.08009547505223483
    z: -0.0101798222116067
    w: 0.9965324939118042
---
header:
  stamp:
    sec: 1788575036
    nanosec: 983857000
  frame_id: default_cam
pose:
  position:
    x: -0.18995294016739736
    y: 0.05551841062035004
    z: -1.0390371032380414
  orientation:
    x: 0.023172355643390204
    y: -0.08056774019724432
    z: -0.008874127380618787
    w: 0.996440229535459
---
header:
  stamp:
    sec: 1788575037
    nanosec: 15855000
  frame_id: default_cam
pose:
  position:
    x: -0.19076725162313013
    y: 0.055586475235167215
    z: -1.0419177688310204
  orientation:
    x: 0.025151074961057663
    y: -0.08185057089014662
    z: -0.01018165617960143
    w: 0.9962751835465444
---
header:
  stamp:
    sec: 1788575037
    nanosec: 51859000
  frame_id: default_cam
pose:
  position:
    x: -0.19085879000073072
    y: 0.05507735487359601
    z: -1.0407732770408624
  orientation:
    x: 0.02937473402707013
    y: -0.08251153515803235
    z: -0.008749166298032452
    w: 0.9961186795034982
---
header:
  stamp:
    sec: 1788575037
    nanosec: 83861000
  frame_id: default_cam
pose:
  position:
    x: -0.19040055958091107
    y: 0.05418917477979426
    z: -1.0359360639086939
  orientation:
    x: 0.027723894025171104
    y: -0.08621437815494093
    z: -0.010947407891829991
    w: 0.9958306186093535
---
header:
  stamp:
    sec: 1788575037
    nanosec: 115869000
  frame_id: default_cam
pose:
  position:
    x: -0.1906703258189726
    y: 0.05370552859226248
    z: -1.0354173090635788
  orientation:
    x: 0.03174226966475912
    y: -0.08482619325958408
    z: -0.008846581923708692
    w: 0.9958507334143428
---
header:
  stamp:
    sec: 1788575037
    nanosec: 151868000
  frame_id: default_cam
pose:
  position:
    x: -0.19069530766771095
    y: 0.05342651076504832
    z: -1.0340482641540911
  orientation:
    x: 0.033646284555754226
    y: -0.0881899670284893
    z: -0.009326963314220602
    w: 0.9954915695305723
---
header:
  stamp:
    sec: 1788575037
    nanosec: 183869000
  frame_id: default_cam
pose:
  position:
    x: -0.190989486454219
    y: 0.05326094496455211
    z: -1.0348005280587966
  orientation:
    x: 0.0357412861008799
    y: -0.08821046003028209
    z: -0.009560481417140118
    w: 0.9954145229019785
---
header:
  stamp:
    sec: 1788575037
    nanosec: 215873000
  frame_id: default_cam
pose:
  position:
    x: -0.19146712190164858
    y: 0.053293484425397226
    z: -1.0373814889875888
  orientation:
    x: 0.03646524120247016
    y: -0.08611981950720521
    z: -0.009533550547181404
    w: 0.9955715816987026
---
header:
  stamp:
    sec: 1788575037
    nanosec: 251875000
  frame_id: default_cam
pose:
  position:
    x: -0.19040013787832272
    y: 0.053000049805561715
    z: -1.0323770234105567
  orientation:
    x: 0.04056980632786803
    y: -0.08770869759957883
    z: -0.008925485787223882
    w: 0.9952796646588169
---
header:
  stamp:
    sec: 1788575037
    nanosec: 283876000
  frame_id: default_cam
pose:
  position:
    x: -0.1899959723975694
    y: 0.052824778748518555
    z: -1.0303782094810867
  orientation:
    x: 0.040061413351678565
    y: -0.0874880912301138
    z: -0.008949621996389946
    w: 0.9953194569178777
---
header:
  stamp:
    sec: 1788575037
    nanosec: 315880000
  frame_id: default_cam
pose:
  position:
    x: -0.1899959723975694
    y: 0.052824778748518555
    z: -1.0303782094810867
  orientation:
    x: 0.040061413351678565
    y: -0.0874880912301138
    z: -0.008949621996389946
    w: 0.9953194569178777
---
header:
  stamp:
    sec: 1788575037
    nanosec: 351881000
  frame_id: default_cam
pose:
  position:
    x: -0.18929064909929272
    y: 0.052681138699336785
    z: -1.027418266350965
  orientation:
    x: 0.04270406081306701
    y: -0.0890226524031899
    z: -0.008419478337553861
    w: 0.9950781089611499
---
header:
  stamp:
    sec: 1788575037
    nanosec: 383885000
  frame_id: default_cam
pose:
  position:
    x: -0.18955449949003672
    y: 0.05254455370992889
    z: -1.0282644782132053
  orientation:
    x: 0.041793909487642646
    y: -0.08846055225451703
    z: -0.009557849250286675
    w: 0.9951565943821472
---
header:
  stamp:
    sec: 1788575037
    nanosec: 415888000
  frame_id: default_cam
pose:
  position:
    x: -0.1888856733439183
    y: 0.05228589587589415
    z: -1.0259314877753845
  orientation:
    x: 0.04039331268883669
    y: -0.09031404325723431
    z: -0.00919335830458221
    w: 0.9950513735700462
---
header:
  stamp:
    sec: 1788575037
    nanosec: 451890000
  frame_id: default_cam
pose:
  position:
    x: -0.18884038243947285
    y: 0.05251304229665857
    z: -1.0257752756885565
  orientation:
    x: 0.04204947116655339
    y: -0.09014350964855725
    z: -0.009150797205206234
    w: 0.9949986193725913
---
header:
  stamp:
    sec: 1788575037
    nanosec: 483891000
  frame_id: default_cam
pose:
  position:
    x: -0.1887863658753653
    y: 0.05262695787374466
    z: -1.0260108095227078
  orientation:
    x: 0.043043772891186875
    y: -0.09085281316746813
    z: -0.008865771938703765
    w: 0.9948941642419962
---
header:
  stamp:
    sec: 1788575037
    nanosec: 515895000
  frame_id: default_cam
pose:
  position:
    x: -0.18895534935092775
    y: 0.052702683288807534
    z: -1.0267710973405697
  orientation:
    x: 0.043202814943320095
    y: -0.09072127733227942
    z: -0.008740968451592135
    w: 0.9949003779729411
---
header:
  stamp:
    sec: 1788575037
    nanosec: 551900000
  frame_id: default_cam
pose:
  position:
    x: -0.18868702590675657
    y: 0.05252545794374274
    z: -1.0235516408485097
  orientation:
    x: 0.043956187702004275
    y: -0.09116931406774996
    z: -0.007678780345428774
    w: 0.9948351853787283
---
header:
  stamp:
    sec: 1788575037
    nanosec: 583903000
  frame_id: default_cam
pose:
  position:
    x: -0.18861945259070706
    y: 0.05256361283514764
    z: -1.0230838050381241
  orientation:
    x: 0.042167659869299094
    y: -0.09224456598260933
    z: -0.007331568375312142
    w: 0.994816101906772
---
header:
  stamp:
    sec: 1788575037
    nanosec: 615902000
  frame_id: default_cam
pose:
  position:
    x: -0.1883656185293614
    y: 0.05233275634730773
    z: -1.0201216020659545
  orientation:
    x: 0.04064282972028902
    y: -0.09113848781586907
    z: -0.008084021933307206
    w: 0.9949756705670476
---
header:
  stamp:
    sec: 1788575037
    nanosec: 651904000
  frame_id: default_cam
pose:
  position:
    x: -0.1892455302504268
    y: 0.05249415777579132
    z: -1.0224152371311706
  orientation:
    x: 0.040901726991823435
    y: -0.09008589397324923
    z: -0.009156734224937806
    w: 0.9950516241152821
---
header:
  stamp:
    sec: 1788575037
    nanosec: 683908000
  frame_id: default_cam
pose:
  position:
    x: -0.1892094268386752
    y: 0.052508722925604046
    z: -1.02217925475916
  orientation:
    x: 0.04127407856230811
    y: -0.09014591752586136
    z: -0.009008964132509532
    w: 0.9950321615694199
---
header:
  stamp:
    sec: 1788575037
    nanosec: 715910000
  frame_id: default_cam
pose:
  position:
    x: -0.18861465643379186
    y: 0.052438525986584605
    z: -1.0196571002543793
  orientation:
    x: 0.04041457112934023
    y: -0.09084558042167006
    z: -0.008207623635661585
    w: 0.9950107425915243
---
header:
  stamp:
    sec: 1788575037
    nanosec: 751914000
  frame_id: default_cam
pose:
  position:
    x: -0.18820359789302823
    y: 0.052273458412539435
    z: -1.0175481545708898
  orientation:
    x: 0.03978425700628829
    y: -0.09027239942244894
    z: -0.007826967201175873
    w: 0.995091375392935
---
header:
  stamp:
    sec: 1788575037
    nanosec: 783915000
  frame_id: default_cam
pose:
  position:
    x: -0.18888420993537405
    y: 0.05233172422129844
    z: -1.0194017479942818
  orientation:
    x: 0.03950737505139847
    y: -0.0882755416114028
    z: -0.008487348010185986
    w: 0.9952761229897539
---
header:
  stamp:
    sec: 1788575037
    nanosec: 815918000
  frame_id: default_cam
pose:
  position:
    x: -0.18893753155953263
    y: 0.0522640077558302
    z: -1.018959962567351
  orientation:
    x: 0.03942469538997025
    y: -0.08789426608631258
    z: -0.00889240990277103
    w: 0.9953096083273172
---
header:
  stamp:
    sec: 1788575037
    nanosec: 851921000
  frame_id: default_cam
pose:
  position:
    x: -0.18856925007638728
    y: 0.05213566617954834
    z: -1.0173872268321424
  orientation:
    x: 0.03924282382646819
    y: -0.08818374281824336
    z: -0.008883823634629489
    w: 0.9952912668954347
---
header:
  stamp:
    sec: 1788575037
    nanosec: 883923000
  frame_id: default_cam
pose:
  position:
    x: -0.18826087918483744
    y: 0.05228049457889739
    z: -1.0161073184428837
  orientation:
    x: 0.03793464451857145
    y: -0.08755400653168878
    z: -0.00874981938248862
    w: 0.9953987639867112
---
header:
  stamp:
    sec: 1788575037
    nanosec: 915926000
  frame_id: default_cam
pose:
  position:
    x: -0.18873482077022122
    y: 0.052501044038408766
    z: -1.0175059398791286
  orientation:
    x: 0.03697500576419803
    y: -0.08630407111085663
    z: -0.008707592226697543
    w: 0.9955443908214456
---
header:
  stamp:
    sec: 1788575037
    nanosec: 951928000
  frame_id: default_cam
pose:
  position:
    x: -0.18920279601230894
    y: 0.05260347631917823
    z: -1.0178872078603793
  orientation:
    x: 0.03581804782848067
    y: -0.08650847937366365
    z: -0.008756347912638917
    w: 0.9955685193985625
---
header:
  stamp:
    sec: 1788575037
    nanosec: 983931000
  frame_id: default_cam
pose:
  position:
    x: -0.18875990667733308
    y: 0.052637926803703244
    z: -1.0142042066574173
  orientation:
    x: 0.03738877773091778
    y: -0.08915441377767873
    z: -0.009176221797253156
    w: 0.9952735135415159
---
header:
  stamp:
    sec: 1788575038
    nanosec: 15932000
  frame_id: default_cam
pose:
  position:
    x: -0.18891362079469237
    y: 0.05267001571316147
    z: -1.0131340402424935
  orientation:
    x: 0.03680558360189863
    y: -0.08935506003651315
    z: -0.009468941768751361
    w: 0.9952745156002815
---
header:
  stamp:
    sec: 1788575038
    nanosec: 51936000
  frame_id: default_cam
pose:
  position:
    x: -0.18886002731419668
    y: 0.05218942009238907
    z: -1.0106459747478909
  orientation:
    x: 0.03384973662473609
    y: -0.08861318961671504
    z: -0.008988067645232965
    w: 0.9954502059854088
---
header:
  stamp:
    sec: 1788575038
    nanosec: 83938000
  frame_id: default_cam
pose:
  position:
    x: -0.18890151974619981
    y: 0.05187034700814647
    z: -1.0099283769733038
  orientation:
    x: 0.033766976664282
    y: -0.08961758198290425
    z: -0.009591136059712024
    w: 0.9953574686491157
---
header:
  stamp:
    sec: 1788575038
    nanosec: 115946000
  frame_id: default_cam
pose:
  position:
    x: -0.18886841672151447
    y: 0.051700936904667115
    z: -1.0099956826224068
  orientation:
    x: 0.03867322352539701
    y: -0.08991329278988787
    z: -0.009697466363126838
    w: 0.9951512149959777
---
header:
  stamp:
    sec: 1788575038
    nanosec: 151944000
  frame_id: default_cam
pose:
  position:
    x: -0.18896960584414654
    y: 0.0516541332234521
    z: -1.0105094392901464
  orientation:
    x: 0.04180226534773025
    y: -0.08957151075197618
    z: -0.009951896936563485
    w: 0.9950530010108861
---
header:
  stamp:
    sec: 1788575038
    nanosec: 183951000
  frame_id: default_cam
pose:
  position:
    x: -0.1892175252273705
    y: 0.051594404314590434
    z: -1.0105666576760095
  orientation:
    x: 0.04196361621126538
    y: -0.08774518984034514
    z: -0.009273313734293288
    w: 0.9952154752749481
---
header:
  stamp:
    sec: 1788575038
    nanosec: 215947000
  frame_id: default_cam
pose:
  position:
    x: -0.188837692735214
    y: 0.05153094184786246
    z: -1.0073496009714522
  orientation:
    x: 0.04061098895854797
    y: -0.08652232369422183
    z: -0.009730869059768511
    w: 0.9953742739621627
---
header:
  stamp:
    sec: 1788575038
    nanosec: 251950000
  frame_id: default_cam
pose:
  position:
    x: -0.18888682939033563
    y: 0.05177671264301299
    z: -1.0064857510384697
  orientation:
    x: 0.04082684120987674
    y: -0.08442937655535473
    z: -0.009496013851769836
    w: 0.9955474248533942
---
header:
  stamp:
    sec: 1788575038
    nanosec: 283954000
  frame_id: default_cam
pose:
  position:
    x: -0.18928714815158035
    y: 0.05160207085230991
    z: -1.0070337851955786
  orientation:
    x: 0.03995076421292813
    y: -0.0864455589866441
    z: -0.009803019143530685
    w: 0.9954069532537742
---
header:
  stamp:
    sec: 1788575038
    nanosec: 315957000
  frame_id: default_cam
pose:
  position:
    x: -0.18948207980949752
    y: 0.051569346841198634
    z: -1.0083035689463555
  orientation:
    x: 0.040187073129532035
    y: -0.08435075587499632
    z: -0.01037338230620985
    w: 0.9955713646324544
---
header:
  stamp:
    sec: 1788575038
    nanosec: 351962000
  frame_id: default_cam
pose:
  position:
    x: -0.1892464684610285
    y: 0.05153301854520183
    z: -1.0066327378532673
  orientation:
    x: 0.041083020005252144
    y: -0.08635830491971687
    z: -0.009794117188022512
    w: 0.995368526681022
---
header:
  stamp:
    sec: 1788575038
    nanosec: 383960000
  frame_id: default_cam
pose:
  position:
    x: -0.18945509155995868
    y: 0.05134127266346431
    z: -1.0059537570960388
  orientation:
    x: 0.04112752023383409
    y: -0.08599240674396677
    z: -0.010090213847954036
    w: 0.995395409194908
---
header:
  stamp:
    sec: 1788575038
    nanosec: 415963000
  frame_id: default_cam
pose:
  position:
    x: -0.19000738959556024
    y: 0.05134735426712472
    z: -1.0082234031628927
  orientation:
    x: 0.03990887350591049
    y: -0.08477678808519529
    z: -0.010220817942063719
    w: 0.9955479460568649
---
header:
  stamp:
    sec: 1788575038
    nanosec: 451966000
  frame_id: default_cam
pose:
  position:
    x: -0.1898840910850251
    y: 0.051331397617889574
    z: -1.0075393639804302
  orientation:
    x: 0.04037252183541204
    y: -0.08411516459010952
    z: -0.00992450626012709
    w: 0.9955883701320143
---
header:
  stamp:
    sec: 1788575038
    nanosec: 483968000
  frame_id: default_cam
pose:
  position:
    x: -0.18995882484136287
    y: 0.051505194019121146
    z: -1.0068977336695262
  orientation:
    x: 0.04189194489335763
    y: -0.0830721363785855
    z: -0.010462496984427415
    w: 0.9956076643273697
---
header:
  stamp:
    sec: 1788575038
    nanosec: 515971000
  frame_id: default_cam
pose:
  position:
    x: -0.1900906493687244
    y: 0.051434657495105764
    z: -1.0064760848790217
  orientation:
    x: 0.041299684746969205
    y: -0.08099428571257938
    z: -0.011513765430978186
    w: 0.995791993805589
---
header:
  stamp:
    sec: 1788575038
    nanosec: 551973000
  frame_id: default_cam
pose:
  position:
    x: -0.18968067845041778
    y: 0.05129267405714518
    z: -1.0053454779931525
  orientation:
    x: 0.04046569821064136
    y: -0.07805602139433536
    z: -0.011101835278879516
    w: 0.9960655269839696
---
header:
  stamp:
    sec: 1788575038
    nanosec: 583976000
  frame_id: default_cam
pose:
  position:
    x: -0.19007321918421835
    y: 0.05139419910985767
    z: -1.0075885519628716
  orientation:
    x: 0.04244302782304748
    y: -0.075109135340298
    z: -0.010913420799105029
    w: 0.996211877275164
---
header:
  stamp:
    sec: 1788575038
    nanosec: 615979000
  frame_id: default_cam
pose:
  position:
    x: -0.19014085758607815
    y: 0.051265020587191255
    z: -1.0072099759434539
  orientation:
    x: 0.041538551633332595
    y: -0.07356996056168828
    z: -0.010505253428322061
    w: 0.996369233407758
---
header:
  stamp:
    sec: 1788575038
    nanosec: 651981000
  frame_id: default_cam
pose:
  position:
    x: -0.190653698292022
    y: 0.050911548191659994
    z: -1.0088277670130725
  orientation:
    x: 0.03855571997920326
    y: -0.07215710246436412
    z: -0.009473575570487896
    w: 0.9966027595721089
---
header:
  stamp:
    sec: 1788575038
    nanosec: 683984000
  frame_id: default_cam
pose:
  position:
    x: -0.19080473158677103
    y: 0.05059613932876299
    z: -1.0085539634811838
  orientation:
    x: 0.03889733751159263
    y: -0.06948447472753945
    z: -0.008494175090918285
    w: 0.9967882191799179
---
header:
  stamp:
    sec: 1788575038
    nanosec: 715985000
  frame_id: default_cam
pose:
  position:
    x: -0.19060212407382496
    y: 0.05042586659241734
    z: -1.0059407731129841
  orientation:
    x: 0.04181146715223482
    y: -0.06882643555160887
    z: -0.007503398888262964
    w: 0.9967238443967122
---
header:
  stamp:
    sec: 1788575038
    nanosec: 751989000
  frame_id: default_cam
pose:
  position:
    x: -0.19083586120417206
    y: 0.050420646970417336
    z: -1.0062876381370645
  orientation:
    x: 0.04352836303877027
    y: -0.06955775334459544
    z: -0.00688852018749632
    w: 0.9966040080445412
---
header:
  stamp:
    sec: 1788575038
    nanosec: 783991000
  frame_id: default_cam
pose:
  position:
    x: -0.19087088405437794
    y: 0.050413590562311636
    z: -1.00670675260712
  orientation:
    x: 0.04324052284051141
    y: -0.06997349132196262
    z: -0.006839692271192138
    w: 0.9965877715015019
---
header:
  stamp:
    sec: 1788575038
    nanosec: 815994000
  frame_id: default_cam
pose:
  position:
    x: -0.19097020273241924
    y: 0.05046624305322052
    z: -1.008108842986093
  orientation:
    x: 0.043321651374824695
    y: -0.06796256822115883
    z: -0.006417494925081921
    w: 0.9967262109535542
---
header:
  stamp:
    sec: 1788575038
    nanosec: 851995000
  frame_id: default_cam
pose:
  position:
    x: -0.1908931639381468
    y: 0.05034859504475431
    z: -1.0082006094903644
  orientation:
    x: 0.044178453329535
    y: -0.0670120128267344
    z: -0.007047181440308485
    w: 0.9967487103739172
---
header:
  stamp:
    sec: 1788575038
    nanosec: 884000000
  frame_id: default_cam
pose:
  position:
    x: -0.1908725406212277
    y: 0.05036588907986723
    z: -1.0076948528617007
  orientation:
    x: 0.04456342117394074
    y: -0.06622001312516307
    z: -0.007280111302086199
    w: 0.9967828305776572
---
header:
  stamp:
    sec: 1788575038
    nanosec: 916000000
  frame_id: default_cam
pose:
  position:
    x: -0.19090441257396365
    y: 0.05042070546788573
    z: -1.0075667575253096
  orientation:
    x: 0.045392977229826825
    y: -0.06582886849734736
    z: -0.007212968319242958
    w: 0.9967717947346809
---
header:
  stamp:
    sec: 1788575038
    nanosec: 952008000
  frame_id: default_cam
pose:
  position:
    x: -0.1910034071932612
    y: 0.05037740054946326
    z: -1.0085171882998274
  orientation:
    x: 0.0446933124974086
    y: -0.0666980712971654
    z: -0.006693625742892343
    w: 0.9967492515561079
---
header:
  stamp:
    sec: 1788575038
    nanosec: 984002000
  frame_id: default_cam
pose:
  position:
    x: -0.1907459538310057
    y: 0.05023541122758132
    z: -1.0075196845987753
  orientation:
    x: 0.04573589835046199
    y: -0.06488458173520892
    z: -0.004841287275688861
    w: 0.9968323733670759
---
header:
  stamp:
    sec: 1788575039
    nanosec: 16008000
  frame_id: default_cam
pose:
  position:
    x: -0.1906234287761706
    y: 0.04994195964803648
    z: -1.0070995729289414
  orientation:
    x: 0.04328979629540213
    y: -0.06156998323615571
    z: -0.0022742603089432054
    w: 0.9971609491155624
---
header:
  stamp:
    sec: 1788575039
    nanosec: 52010000
  frame_id: default_cam
pose:
  position:
    x: -0.19038938200615294
    y: 0.04991656455375091
    z: -1.0063339439218788
  orientation:
    x: 0.0437285472323545
    y: -0.0612135153254556
    z: -0.001896612530171609
    w: 0.997164541366849
---
header:
  stamp:
    sec: 1788575039
    nanosec: 84013000
  frame_id: default_cam
pose:
  position:
    x: -0.19113565584484898
    y: 0.04999824984557834
    z: -1.0074447066522456
  orientation:
    x: 0.04272421847282417
    y: -0.05856730747803387
    z: -0.003048051270206488
    w: 0.9973641366292023
---
header:
  stamp:
    sec: 1788575039
    nanosec: 116021000
  frame_id: default_cam
pose:
  position:
    x: -0.1914627318710828
    y: 0.050121290510573124
    z: -1.0067137095446863
  orientation:
    x: 0.04472172847437936
    y: -0.0593003788429872
    z: -0.005044858135761489
    w: 0.9972251408171237
---
header:
  stamp:
    sec: 1788575039
    nanosec: 152016000
  frame_id: default_cam
pose:
  position:
    x: -0.19146287503412251
    y: 0.05049512224937728
    z: -1.0087765463992415
  orientation:
    x: 0.04609528363772795
    y: -0.0590851296117876
    z: -0.005646208016411409
    w: 0.9971721479364288
---
header:
  stamp:
    sec: 1788575039
    nanosec: 184021000
  frame_id: default_cam
pose:
  position:
    x: -0.19102695198290937
    y: 0.050320513088625146
    z: -1.0084984635628071
  orientation:
    x: 0.04689491654063586
    y: -0.05928019375523421
    z: -0.005311871390358276
    w: 0.9971251222656667
---
header:
  stamp:
    sec: 1788575039
    nanosec: 216024000
  frame_id: default_cam
pose:
  position:
    x: -0.19089935797314198
    y: 0.05025734511214259
    z: -1.0089433402339723
  orientation:
    x: 0.0458286214057232
    y: -0.061005677759360284
    z: -0.0056427195985207
    w: 0.9970688062800402
---
header:
  stamp:
    sec: 1788575039
    nanosec: 252026000
  frame_id: default_cam
pose:
  position:
    x: -0.19015830772728565
    y: 0.049994168067259884
    z: -1.0055356203749777
  orientation:
    x: 0.0445715249887917
    y: -0.05780638835908795
    z: -0.0028493046663102344
    w: 0.9973282719786752
---
header:
  stamp:
    sec: 1788575039
    nanosec: 284029000
  frame_id: default_cam
pose:
  position:
    x: -0.19046169920259234
    y: 0.04988947281611786
    z: -1.0067852617161677
  orientation:
    x: 0.04308419123592407
    y: -0.06110685829281501
    z: -0.0021209446114214135
    w: 0.9971986792656132
---
header:
  stamp:
    sec: 1788575039
    nanosec: 316030000
  frame_id: default_cam
pose:
  position:
    x: -0.19106330843745303
    y: 0.04992357993086156
    z: -1.0077048554705967
  orientation:
    x: 0.044595484372968716
    y: -0.05912485988060886
    z: -0.0021750864112379787
    w: 0.9972516045195126
---
header:
  stamp:
    sec: 1788575039
    nanosec: 352034000
  frame_id: default_cam
pose:
  position:
    x: -0.19133420635374887
    y: 0.049680840764411725
    z: -1.0063694579317457
  orientation:
    x: 0.041947290508335344
    y: -0.059026367838799464
    z: -0.0015977179031125787
    w: 0.997373430574662
---
header:
  stamp:
    sec: 1788575039
    nanosec: 384036000
  frame_id: default_cam
pose:
  position:
    x: -0.19163104266939288
    y: 0.04977024612954678
    z: -1.0069241786310559
  orientation:
    x: 0.04148754043891445
    y: -0.05975201927067759
    z: -0.0019072341796886243
    w: 0.9973489071730062
---
header:
  stamp:
    sec: 1788575039
    nanosec: 416039000
  frame_id: default_cam
pose:
  position:
    x: -0.19156917925474673
    y: 0.04972907339958581
    z: -1.0070811567790234
  orientation:
    x: 0.041941211196113846
    y: -0.06013499630509313
    z: -0.0017225094882922507
    w: 0.9973072495394045
---
header:
  stamp:
    sec: 1788575039
    nanosec: 452040000
  frame_id: default_cam
pose:
  position:
    x: -0.1913871815914238
    y: 0.049627381916900255
    z: -1.0070922075272195
  orientation:
    x: 0.04600816053578598
    y: -0.061697478557354496
    z: -0.0015111128282900763
    w: 0.997032791257037
---
header:
  stamp:
    sec: 1788575039
    nanosec: 484043000
  frame_id: default_cam
pose:
  position:
    x: -0.19110757615371748
    y: 0.0497723860648078
    z: -1.007732622825602
  orientation:
    x: 0.04674057362582858
    y: -0.06369716039016622
    z: -0.0014957787366653979
    w: 0.9968729874870363
---
header:
  stamp:
    sec: 1788575039
    nanosec: 516046000
  frame_id: default_cam
pose:
  position:
    x: -0.19110275931347426
    y: 0.04982094552255651
    z: -1.0089021130022866
  orientation:
    x: 0.04888155348251894
    y: -0.061990004803308595
    z: -0.0022930889567704953
    w: 0.9968764089778922
---
header:
  stamp:
    sec: 1788575039
    nanosec: 552047000
  frame_id: default_cam
pose:
  position:
    x: -0.19047465558291482
    y: 0.049690358866681446
    z: -1.0062961674293
  orientation:
    x: 0.050996947182485174
    y: -0.06351707898278171
    z: -0.0020672661831218973
    w: 0.9966747806913195
---
header:
  stamp:
    sec: 1788575039
    nanosec: 584051000
  frame_id: default_cam
pose:
  position:
    x: -0.19019778553498823
    y: 0.049599017652863155
    z: -1.0052958801793836
  orientation:
    x: 0.051168009234145745
    y: -0.06403521533284998
    z: -0.0023891550622185
    w: 0.9966321377350715
---
header:
  stamp:
    sec: 1788575039
    nanosec: 616055000
  frame_id: default_cam
pose:
  position:
    x: -0.18981691010343515
    y: 0.049484426419015425
    z: -1.004073542031081
  orientation:
    x: 0.052689572954305
    y: -0.06277562710848977
    z: -0.0026452067209158546
    w: 0.9966323456643541
---
header:
  stamp:
    sec: 1788575039
    nanosec: 652057000
  frame_id: default_cam
pose:
  position:
    x: -0.18953321132650489
    y: 0.04947814953577029
    z: -1.0033113341674655
  orientation:
    x: 0.05303746124498139
    y: -0.06144985329752447
    z: -0.002130505005259479
    w: 0.9966977496627663
---
header:
  stamp:
    sec: 1788575039
    nanosec: 684057000
  frame_id: default_cam
pose:
  position:
    x: -0.18955145181177083
    y: 0.04950515842659106
    z: -1.004303753054266
  orientation:
    x: 0.05137556042750996
    y: -0.05771866673127525
    z: -0.0026477770609137203
    w: 0.9970065679714246
---
header:
  stamp:
    sec: 1788575039
    nanosec: 716061000
  frame_id: default_cam
pose:
  position:
    x: -0.18947020556834793
    y: 0.04953326169794359
    z: -1.0047013371131823
  orientation:
    x: 0.05240268267251006
    y: -0.055584779781394054
    z: -0.0023303405471142573
    w: 0.9970751529440058
---
header:
  stamp:
    sec: 1788575039
    nanosec: 752061000
  frame_id: default_cam
pose:
  position:
    x: -0.1895724688407582
    y: 0.049466817518957346
    z: -1.0052377504217347
  orientation:
    x: 0.0517462118533215
    y: -0.05609003343911521
    z: -0.002501799062541211
    w: 0.9970807282808553
---
header:
  stamp:
    sec: 1788575039
    nanosec: 784067000
  frame_id: default_cam
pose:
  position:
    x: -0.1895724688407582
    y: 0.049466817518957346
    z: -1.0052377504217347
  orientation:
    x: 0.0517462118533215
    y: -0.05609003343911521
    z: -0.002501799062541211
    w: 0.9970807282808553
---
header:
  stamp:
    sec: 1788575039
    nanosec: 816069000
  frame_id: default_cam
pose:
  position:
    x: -0.189678630239999
    y: 0.04944308917680859
    z: -1.0061519758213673
  orientation:
    x: 0.051154982641546484
    y: -0.05670383104120826
    z: -0.002269352849803619
    w: 0.9970770749214106
---
header:
  stamp:
    sec: 1788575039
    nanosec: 852070000
  frame_id: default_cam
pose:
  position:
    x: -0.18956950803185701
    y: 0.049408176228292355
    z: -1.0058586802538267
  orientation:
    x: 0.050794649956073995
    y: -0.05723582029505376
    z: -0.0021912332700107415
    w: 0.9970652751488984
---
header:
  stamp:
    sec: 1788575039
    nanosec: 884074000
  frame_id: default_cam
pose:
  position:
    x: -0.18952783414246996
    y: 0.04939730064889441
    z: -1.0067127257640156
  orientation:
    x: 0.050620834379835736
    y: -0.05736305751023825
    z: -0.003096072545337569
    w: 0.9970644036844161
---
header:
  stamp:
    sec: 1788575039
    nanosec: 916076000
  frame_id: default_cam
pose:
  position:
    x: -0.18965626174739994
    y: 0.049448624767461154
    z: -1.0064313402988085
  orientation:
    x: 0.05166315209998754
    y: -0.05608432771046829
    z: -0.0021702569867984886
    w: 0.9970861331324239
---
header:
  stamp:
    sec: 1788575039
    nanosec: 952078000
  frame_id: default_cam
pose:
  position:
    x: -0.18975916059584377
    y: 0.04946795554677825
    z: -1.0068906743294377
  orientation:
    x: 0.05246528370045192
    y: -0.055525091542857306
    z: -0.0019921400957900936
    w: 0.9970759196737363
---
header:
  stamp:
    sec: 1788575039
    nanosec: 984081000
  frame_id: default_cam
pose:
  position:
    x: -0.18945809346856018
    y: 0.049500939176831064
    z: -1.0064751707250397
  orientation:
    x: 0.0518247649060553
    y: -0.053438374392384816
    z: -0.0018507416620641066
    w: 0.9972237004002822
---
header:
  stamp:
    sec: 1788575040
    nanosec: 16084000
  frame_id: default_cam
pose:
  position:
    x: -0.18908098233986662
    y: 0.049482487113103116
    z: -1.005956053006878
  orientation:
    x: 0.05235799570740662
    y: -0.053175600756043113
    z: -0.0022282987661775954
    w: 0.9972091207236051
---
header:
  stamp:
    sec: 1788575040
    nanosec: 52086000
  frame_id: default_cam
pose:
  position:
    x: -0.18906680418665991
    y: 0.04958175164563985
    z: -1.0071891607570487
  orientation:
    x: 0.05334857016108479
    y: -0.049407489114515736
    z: -0.001971931655667129
    w: 0.9973509620824117
---
header:
  stamp:
    sec: 1788575040
    nanosec: 84089000
  frame_id: default_cam
pose:
  position:
    x: -0.18861691837253458
    y: 0.04952802856543737
    z: -1.0061962061960534
  orientation:
    x: 0.052836562697652294
    y: -0.049692217895891566
    z: -0.0015213027469913967
    w: 0.9973648614027046
---
header:
  stamp:
    sec: 1788575040
    nanosec: 116094000
  frame_id: default_cam
pose:
  position:
    x: -0.1888469577159702
    y: 0.049507888025082415
    z: -1.006992086478256
  orientation:
    x: 0.052283564132326946
    y: -0.046844623541380956
    z: -0.0017577912948687267
    w: 0.9975314132079506
---
header:
  stamp:
    sec: 1788575040
    nanosec: 152096000
  frame_id: default_cam
pose:
  position:
    x: -0.18873760168059342
    y: 0.049452198553470515
    z: -1.0067890826089059
  orientation:
    x: 0.052599090379321936
    y: -0.04517118432051024
    z: -0.0023335115097298646
    w: 0.9975908251995826
---
header:
  stamp:
    sec: 1788575040
    nanosec: 184096000
  frame_id: default_cam
pose:
  position:
    x: -0.18832463986423192
    y: 0.04946366477966563
    z: -1.005881111703552
  orientation:
    x: 0.05243754411176575
    y: -0.0472070623732356
    z: -0.0025668474709795103
    w: 0.9975044904779511
---
header:
  stamp:
    sec: 1788575040
    nanosec: 216099000
  frame_id: default_cam
pose:
  position:
    x: -0.18828442426860548
    y: 0.04954312320984275
    z: -1.0060945785397546
  orientation:
    x: 0.053619504252955065
    y: -0.0460138507988928
    z: -0.001980508588265545
    w: 0.9974987478107711
---
header:
  stamp:
    sec: 1788575040
    nanosec: 252101000
  frame_id: default_cam
pose:
  position:
    x: -0.18796536647479317
    y: 0.049671155709406396
    z: -1.005562705795296
  orientation:
    x: 0.055350899071888254
    y: -0.04818795597184863
    z: -0.002081388247915163
    w: 0.997301291834193
---
header:
  stamp:
    sec: 1788575040
    nanosec: 284103000
  frame_id: default_cam
pose:
  position:
    x: -0.18737377193170426
    y: 0.0493729948338663
    z: -1.004421903649029
  orientation:
    x: 0.052468187418670494
    y: -0.04681359099792077
    z: -0.00320735804870313
    w: 0.9975195686607988
---
header:
  stamp:
    sec: 1788575040
    nanosec: 316106000
  frame_id: default_cam
pose:
  position:
    x: -0.18696299102105046
    y: 0.04931351472869531
    z: -1.0029852838362752
  orientation:
    x: 0.05189392831151533
    y: -0.047711528707451066
    z: -0.0035982485791719336
    w: 0.9975057307303853
---
header:
  stamp:
    sec: 1788575040
    nanosec: 348108000
  frame_id: default_cam
pose:
  position:
    x: -0.18661247558068575
    y: 0.04944997186765458
    z: -1.003259251765198
  orientation:
    x: 0.052440765433338116
    y: -0.04748529468058973
    z: -0.004234173722914825
    w: 0.9974854308122737
---
header:
  stamp:
    sec: 1788575040
    nanosec: 384111000
  frame_id: default_cam
pose:
  position:
    x: -0.18674150956248714
    y: 0.04957766056152516
    z: -1.0046662251683023
  orientation:
    x: 0.053609183607736796
    y: -0.04655605744783518
    z: -0.004261318069294
    w: 0.9974670070313796
---
header:
  stamp:
    sec: 1788575040
    nanosec: 416114000
  frame_id: default_cam
pose:
  position:
    x: -0.1864670191402547
    y: 0.04977992043249684
    z: -1.0043073517156755
  orientation:
    x: 0.055162240376812166
    y: -0.048281843645415726
    z: -0.004558949276897415
    w: 0.9972989555756594
---
header:
  stamp:
    sec: 1788575040
    nanosec: 448116000
  frame_id: default_cam
pose:
  position:
    x: -0.18666869540097267
    y: 0.04990219230854078
    z: -1.0057228806008107
  orientation:
    x: 0.055419786073809846
    y: -0.04561561566139941
    z: -0.005452869655370576
    w: 0.9974056993680587
---
header:
  stamp:
    sec: 1788575040
    nanosec: 484117000
  frame_id: default_cam
pose:
  position:
    x: -0.18632012528917577
    y: 0.04996371144130416
    z: -1.00477942983599
  orientation:
    x: 0.05596189874101109
    y: -0.045980231905906825
    z: -0.006410944110019668
    w: 0.9973529886448419
---
header:
  stamp:
    sec: 1788575040
    nanosec: 516121000
  frame_id: default_cam
pose:
  position:
    x: -0.1859217239073567
    y: 0.04984787330009262
    z: -1.0039406542989062
  orientation:
    x: 0.05714428374967944
    y: -0.04662450061495226
    z: -0.006609317772395647
    w: 0.9972547336040707
---
header:
  stamp:
    sec: 1788575040
    nanosec: 548124000
  frame_id: default_cam
pose:
  position:
    x: -0.18587375860866612
    y: 0.04990438379025905
    z: -1.0038782383328673
  orientation:
    x: 0.057529295093589936
    y: -0.04671137855856221
    z: -0.006079697870559641
    w: 0.9972319011107678
---
header:
  stamp:
    sec: 1788575040
    nanosec: 584125000
  frame_id: default_cam
pose:
  position:
    x: -0.18588441205994727
    y: 0.04988366562983566
    z: -1.0043800010556718
  orientation:
    x: 0.05706190480370175
    y: -0.047739956915497116
    z: -0.006836351499308625
    w: 0.997205144306856
---
header:
  stamp:
    sec: 1788575040
    nanosec: 616129000
  frame_id: default_cam
pose:
  position:
    x: -0.18538647064124947
    y: 0.049862005417118875
    z: -1.0026937058724068
  orientation:
    x: 0.05685037895991321
    y: -0.04714244092932754
    z: -0.0061533973316757725
    w: 0.9972500992111345
---
header:
  stamp:
    sec: 1788575040
    nanosec: 648131000
  frame_id: default_cam
pose:
  position:
    x: -0.18540917982915206
    y: 0.04974746931154825
    z: -1.0027266916047246
  orientation:
    x: 0.056048151409649354
    y: -0.04699302876412969
    z: -0.006683681379436125
    w: 0.9972991468833977
---
header:
  stamp:
    sec: 1788575040
    nanosec: 684133000
  frame_id: default_cam
pose:
  position:
    x: -0.18516681998045703
    y: 0.0498867064968306
    z: -1.0022338334992935
  orientation:
    x: 0.05739853152371775
    y: -0.04798795618749097
    z: -0.006142748814680041
    w: 0.997178435023977
---
header:
  stamp:
    sec: 1788575040
    nanosec: 716135000
  frame_id: default_cam
pose:
  position:
    x: -0.18595431619211797
    y: 0.04999524617865449
    z: -1.005009896645977
  orientation:
    x: 0.056988336615371095
    y: -0.04632229705039195
    z: -0.006369447153066984
    w: 0.9972793011131599
---
header:
  stamp:
    sec: 1788575040
    nanosec: 748139000
  frame_id: default_cam
pose:
  position:
    x: -0.18587196379699727
    y: 0.049906882437030155
    z: -1.0040758532389331
  orientation:
    x: 0.057508309751795085
    y: -0.0471750222203253
    z: -0.005894419393274882
    w: 0.9972123983425093
---
header:
  stamp:
    sec: 1788575040
    nanosec: 784140000
  frame_id: default_cam
pose:
  position:
    x: -0.18590243033251053
    y: 0.04983778072563682
    z: -1.0037816399703439
  orientation:
    x: 0.05647342840880173
    y: -0.04697769439429951
    z: -0.006622938272463568
    w: 0.9972762830839761
---
header:
  stamp:
    sec: 1788575040
    nanosec: 816144000
  frame_id: default_cam
pose:
  position:
    x: -0.18590243033251053
    y: 0.04983778072563682
    z: -1.0037816399703439
  orientation:
    x: 0.05647342840880173
    y: -0.04697769439429951
    z: -0.006622938272463568
    w: 0.9972762830839761
---
header:
  stamp:
    sec: 1788575040
    nanosec: 848146000
  frame_id: default_cam
pose:
  position:
    x: -0.18624182102030884
    y: 0.04988102681648338
    z: -1.0047647553853423
  orientation:
    x: 0.05554131095156453
    y: -0.04704632609793519
    z: -0.0065387070851435315
    w: 0.9973259503733587
---
header:
  stamp:
    sec: 1788575040
    nanosec: 884147000
  frame_id: default_cam
pose:
  position:
    x: -0.18625463574898055
    y: 0.04980756729978952
    z: -1.0047145434252986
  orientation:
    x: 0.05477699335289637
    y: -0.04692178608480275
    z: -0.006209685621542304
    w: 0.9973761912108743
---
header:
  stamp:
    sec: 1788575040
    nanosec: 916152000
  frame_id: default_cam
pose:
  position:
    x: -0.18662655310373594
    y: 0.0498469710315752
    z: -1.0056820667376016
  orientation:
    x: 0.054217581026549444
    y: -0.04519869315044162
    z: -0.00615670181680383
    w: 0.9974866550825935
---
header:
  stamp:
    sec: 1788575040
    nanosec: 948154000
  frame_id: default_cam
pose:
  position:
    x: -0.1865406370140549
    y: 0.04978167345793506
    z: -1.0051646219878918
  orientation:
    x: 0.05358415185264176
    y: -0.04487981037919829
    z: -0.005445045598506368
    w: 0.9975394191554489
---
header:
  stamp:
    sec: 1788575040
    nanosec: 984155000
  frame_id: default_cam
pose:
  position:
    x: -0.18674769597174767
    y: 0.04981551964074799
    z: -1.0058135393041066
  orientation:
    x: 0.05395668883678446
    y: -0.04446714557318292
    z: -0.005393660076586024
    w: 0.9975380980821343
---
header:
  stamp:
    sec: 1788575041
    nanosec: 16161000
  frame_id: default_cam
pose:
  position:
    x: -0.1866690596651873
    y: 0.04977725705695152
    z: -1.005281161691985
  orientation:
    x: 0.05308207840400667
    y: -0.04564220653044271
    z: -0.0053928022733671
    w: 0.997531954184418
---
header:
  stamp:
    sec: 1788575041
    nanosec: 48162000
  frame_id: default_cam
pose:
  position:
    x: -0.18650482901485144
    y: 0.0495878958480697
    z: -1.0040707053114324
  orientation:
    x: 0.05166321364752519
    y: -0.04485847413316521
    z: -0.004943458491171428
    w: 0.9976443213250905
---
header:
  stamp:
    sec: 1788575041
    nanosec: 84162000
  frame_id: default_cam
pose:
  position:
    x: -0.18696947530308866
    y: 0.0498185361345431
    z: -1.0061900483474044
  orientation:
    x: 0.05384785645734777
    y: -0.04298526300075457
    z: -0.005034301110821972
    w: 0.9976108115553031
---
header:
  stamp:
    sec: 1788575041
    nanosec: 116168000
  frame_id: default_cam
pose:
  position:
    x: -0.1867481471284036
    y: 0.04981540169309968
    z: -1.0058145615957363
  orientation:
    x: 0.053950510049837905
    y: -0.04446045291672651
    z: -0.005394070948034396
    w: 0.997538728366177
---
header:
  stamp:
    sec: 1788575041
    nanosec: 148168000
  frame_id: default_cam
pose:
  position:
    x: -0.18649769883114412
    y: 0.04984420674928173
    z: -1.0049789554498063
  orientation:
    x: 0.05442326913811586
    y: -0.04482393469262893
    z: -0.00454476420044698
    w: 0.9975010114147019
---
header:
  stamp:
    sec: 1788575041
    nanosec: 184170000
  frame_id: default_cam
pose:
  position:
    x: -0.18661686315811488
    y: 0.049806166786315276
    z: -1.005330110326147
  orientation:
    x: 0.05405577253210396
    y: -0.04464313571194907
    z: -0.005122872816941955
    w: 0.9975263004371682
---
header:
  stamp:
    sec: 1788575041
    nanosec: 216174000
  frame_id: default_cam
pose:
  position:
    x: -0.18661686315811488
    y: 0.049806166786315276
    z: -1.005330110326147
  orientation:
    x: 0.05405577253210396
    y: -0.04464313571194907
    z: -0.005122872816941955
    w: 0.9975263004371682
---
header:
  stamp:
    sec: 1788575041
    nanosec: 248177000
  frame_id: default_cam
pose:
  position:
    x: -0.18675998513773315
    y: 0.0499183354486263
    z: -1.0060537622814896
  orientation:
    x: 0.054524477680264236
    y: -0.04449086936784622
    z: -0.004684954357250851
    w: 0.9975097468592766
---
header:
  stamp:
    sec: 1788575041
    nanosec: 284179000
  frame_id: default_cam
pose:
  position:
    x: -0.18681664250642813
    y: 0.049747458302903204
    z: -1.0055108503143475
  orientation:
    x: 0.053630268000624
    y: -0.0431711481399274
    z: -0.005153659774599584
    w: 0.997613896311288
---
header:
  stamp:
    sec: 1788575041
    nanosec: 316183000
  frame_id: default_cam
pose:
  position:
    x: -0.18682870405727556
    y: 0.04985051962000568
    z: -1.0057509566809997
  orientation:
    x: 0.054207194996288406
    y: -0.04320118619975506
    z: -0.004445651822277678
    w: 0.9975848203042403
---
header:
  stamp:
    sec: 1788575041
    nanosec: 348183000
  frame_id: default_cam
pose:
  position:
    x: -0.18696940262952103
    y: 0.04981846588721315
    z: -1.0061898677108372
  orientation:
    x: 0.05384544644784797
    y: -0.042986454031783534
    z: -0.005034034814717344
    w: 0.9976108916607163
---
header:
  stamp:
    sec: 1788575041
    nanosec: 384186000
  frame_id: default_cam
pose:
  position:
    x: -0.1866062199422339
    y: 0.04973911676975173
    z: -1.0048509375637917
  orientation:
    x: 0.053475918118845264
    y: -0.0435181735692215
    z: -0.003661505573227823
    w: 0.9976136968423613
---
header:
  stamp:
    sec: 1788575041
    nanosec: 416190000
  frame_id: default_cam
pose:
  position:
    x: -0.18633295287648904
    y: 0.049654137009319976
    z: -1.0037647677757646
  orientation:
    x: 0.05299316191523392
    y: -0.044042262685924455
    z: -0.0040970305950787525
    w: 0.9976147644396773
---
header:
  stamp:
    sec: 1788575041
    nanosec: 448190000
  frame_id: default_cam
pose:
  position:
    x: -0.18649728061976123
    y: 0.0498438677056244
    z: -1.004976415702859
  orientation:
    x: 0.05441801856315713
    y: -0.044826079944859196
    z: -0.004545267530509119
    w: 0.997501199174975
---
header:
  stamp:
    sec: 1788575041
    nanosec: 484195000
  frame_id: default_cam
pose:
  position:
    x: -0.1860261918630034
    y: 0.04971407684993113
    z: -1.0033828528751318
  orientation:
    x: 0.054579431850047704
    y: -0.04449075190782298
    z: -0.004685590908753971
    w: 0.997506743762386
---
header:
  stamp:
    sec: 1788575041
    nanosec: 516198000
  frame_id: default_cam
pose:
  position:
    x: -0.18604582523179228
    y: 0.04972419705556249
    z: -1.0035423794317655
  orientation:
    x: 0.05525292546114843
    y: -0.04413035312585027
    z: -0.004674065307681568
    w: 0.9974857288575472
---
header:
  stamp:
    sec: 1788575041
    nanosec: 548200000
  frame_id: default_cam
pose:
  position:
    x: -0.18575485622420768
    y: 0.0496400944016113
    z: -1.0027463821406888
  orientation:
    x: 0.05514643462664892
    y: -0.04547657487096239
    z: -0.004447536869597618
    w: 0.9974321888237656
---
header:
  stamp:
    sec: 1788575041
    nanosec: 584202000
  frame_id: default_cam
pose:
  position:
    x: -0.1856768676223836
    y: 0.04955453552766725
    z: -1.0024441737066714
  orientation:
    x: 0.054447381060843396
    y: -0.045715160110461645
    z: -0.003996460529782731
    w: 0.9974615958195704
---
header:
  stamp:
    sec: 1788575041
    nanosec: 616204000
  frame_id: default_cam
pose:
  position:
    x: -0.18577909788753338
    y: 0.04959756748234175
    z: -1.003258660509946
  orientation:
    x: 0.05386340253250125
    y: -0.044664643732206966
    z: -0.003811148535340236
    w: 0.9975416174850743
---
header:
  stamp:
    sec: 1788575041
    nanosec: 648207000
  frame_id: default_cam
pose:
  position:
    x: -0.18577909788753338
    y: 0.04959756748234175
    z: -1.003258660509946
  orientation:
    x: 0.05386340253250125
    y: -0.044664643732206966
    z: -0.003811148535340236
    w: 0.9975416174850743
---
header:
  stamp:
    sec: 1788575041
    nanosec: 684210000
  frame_id: default_cam
pose:
  position:
    x: -0.1858122659263839
    y: 0.04963254642364113
    z: -1.003304374694383
  orientation:
    x: 0.05416888636204595
    y: -0.04438011599827035
    z: -0.004075477322789767
    w: 0.9975367299196893
---
header:
  stamp:
    sec: 1788575041
    nanosec: 716213000
  frame_id: default_cam
pose:
  position:
    x: -0.1857207310348068
    y: 0.0495356861891238
    z: -1.0031320768224545
  orientation:
    x: 0.05334081346243362
    y: -0.04506581826086696
    z: -0.0033881107552407976
    w: 0.9975531817147167
---
header:
  stamp:
    sec: 1788575041
    nanosec: 748213000
  frame_id: default_cam
pose:
  position:
    x: -0.1857207310348068
    y: 0.0495356861891238
    z: -1.0031320768224545
  orientation:
    x: 0.05334081346243362
    y: -0.04506581826086696
    z: -0.0033881107552407976
    w: 0.9975531817147167
---
header:
  stamp:
    sec: 1788575041
    nanosec: 784218000
  frame_id: default_cam
pose:
  position:
    x: -0.18568851296636177
    y: 0.04956356878943265
    z: -1.0032678562759703
  orientation:
    x: 0.053642646010842704
    y: -0.043721442596298045
    z: -0.003229386808227298
    w: 0.9975973501604226
---
header:
  stamp:
    sec: 1788575041
    nanosec: 816220000
  frame_id: default_cam
pose:
  position:
    x: -0.18583055468486684
    y: 0.04958810479076352
    z: -1.003821287799845
  orientation:
    x: 0.05360954140812689
    y: -0.04353124957639742
    z: -0.003416775672714059
    w: 0.9976068228637623
---
header:
  stamp:
    sec: 1788575041
    nanosec: 848223000
  frame_id: default_cam
pose:
  position:
    x: -0.18571280742771468
    y: 0.04961659907707581
    z: -1.00362531596972
  orientation:
    x: 0.053835777255896236
    y: -0.04231894089935706
    z: -0.0033730283593521285
    w: 0.9976469510844492
---
header:
  stamp:
    sec: 1788575041
    nanosec: 884225000
  frame_id: default_cam
pose:
  position:
    x: -0.18588518402301843
    y: 0.049810929886188765
    z: -1.0045801911752854
  orientation:
    x: 0.0553579992705702
    y: -0.04243576486745378
    z: -0.00412852578366599
    w: 0.9975558395657494
---
header:
  stamp:
    sec: 1788575041
    nanosec: 916229000
  frame_id: default_cam
pose:
  position:
    x: -0.18530503263709763
    y: 0.049695117276704205
    z: -1.002614198609249
  orientation:
    x: 0.0550145645474419
    y: -0.04329320292675756
    z: -0.004669043107113862
    w: 0.9975356115470073
---
header:
  stamp:
    sec: 1788575041
    nanosec: 948229000
  frame_id: default_cam
pose:
  position:
    x: -0.1853452111466408
    y: 0.049772937754602134
    z: -1.0029283410711518
  orientation:
    x: 0.05465899449740407
    y: -0.04255169215269096
    z: -0.005478845946984605
    w: 0.997582943951311
---
header:
  stamp:
    sec: 1788575041
    nanosec: 984232000
  frame_id: default_cam
pose:
  position:
    x: -0.18529908461742958
    y: 0.049708623386211674
    z: -1.0028983437275807
  orientation:
    x: 0.054721427826754154
    y: -0.04245481223544594
    z: -0.005011487277651686
    w: 0.9975861061832809
---
header:
  stamp:
    sec: 1788575042
    nanosec: 16235000
  frame_id: default_cam
pose:
  position:
    x: -0.18524562076353612
    y: 0.049727071614015794
    z: -1.002381185846681
  orientation:
    x: 0.0557642167625671
    y: -0.04377580580004035
    z: -0.005411889000801438
    w: 0.9974691686527747
---
header:
  stamp:
    sec: 1788575042
    nanosec: 48237000
  frame_id: default_cam
pose:
  position:
    x: -0.18519643018726206
    y: 0.049597018952739734
    z: -1.0016638224055512
  orientation:
    x: 0.055036651146485385
    y: -0.04302939938327408
    z: -0.004672293336334381
    w: 0.997545792179123
---
header:
  stamp:
    sec: 1788575042
    nanosec: 84240000
  frame_id: default_cam
pose:
  position:
    x: -0.1856854889352156
    y: 0.04961015483195354
    z: -1.0033571696053138
  orientation:
    x: 0.05414342135546497
    y: -0.04215110271107432
    z: -0.004248056006319168
    w: 0.9976340654189452
---
header:
  stamp:
    sec: 1788575042
    nanosec: 116242000
  frame_id: default_cam
pose:
  position:
    x: -0.1857767198345117
    y: 0.04961223485507581
    z: -1.0037202026705525
  orientation:
    x: 0.05414030826866711
    y: -0.041933183744891626
    z: -0.0041388919318917534
    w: 0.9976438766890553
---
header:
  stamp:
    sec: 1788575042
    nanosec: 148246000
  frame_id: default_cam
pose:
  position:
    x: -0.18587314532844887
    y: 0.049805036388472904
    z: -1.0044050008501444
  orientation:
    x: 0.05624052734376988
    y: -0.04169135759509824
    z: -0.00499335816817659
    w: 0.9975339092783646
---
header:
  stamp:
    sec: 1788575042
    nanosec: 184255000
  frame_id: default_cam
pose:
  position:
    x: -0.18520760163514113
    y: 0.04963721071147105
    z: -1.0022378008218034
  orientation:
    x: 0.05488690864901
    y: -0.0427452341717528
    z: -0.004937964941946413
    w: 0.9975649796964553
---
header:
  stamp:
    sec: 1788575042
    nanosec: 216247000
  frame_id: default_cam
pose:
  position:
    x: -0.18536874153113952
    y: 0.04978510631918374
    z: -1.0031148369252059
  orientation:
    x: 0.055359339476798254
    y: -0.042125948215529535
    z: -0.005469899920666573
    w: 0.9975624432658304
---
header:
  stamp:
    sec: 1788575042
    nanosec: 248251000
  frame_id: default_cam
pose:
  position:
    x: -0.1853165539208843
    y: 0.04976099395424072
    z: -1.002823782712518
  orientation:
    x: 0.055868382508606866
    y: -0.04278075944151677
    z: -0.005436781044843752
    w: 0.9975063768564838
---
header:
  stamp:
    sec: 1788575042
    nanosec: 284255000
  frame_id: default_cam
pose:
  position:
    x: -0.18542457592751824
    y: 0.04981168791291192
    z: -1.003458522687119
  orientation:
    x: 0.05535550393806518
    y: -0.041344537694947885
    z: -0.005491436759687382
    w: 0.9975952292933583
---
header:
  stamp:
    sec: 1788575042
    nanosec: 316256000
  frame_id: default_cam
pose:
  position:
    x: -0.1854529658160399
    y: 0.049724190484434265
    z: -1.0039263367195452
  orientation:
    x: 0.055013188755076034
    y: -0.041029978161623674
    z: -0.005232476094409913
    w: 0.9976285436719302
---
header:
  stamp:
    sec: 1788575042
    nanosec: 348260000
  frame_id: default_cam
pose:
  position:
    x: -0.18541255021355704
    y: 0.04971982781130566
    z: -1.0038311630045853
  orientation:
    x: 0.05445161245180094
    y: -0.04015660697194788
    z: -0.0046111869258215745
    w: 0.9976979531767289
---
header:
  stamp:
    sec: 1788575042
    nanosec: 384262000
  frame_id: default_cam
pose:
  position:
    x: -0.18539171999369225
    y: 0.04969334195398069
    z: -1.0039102209738537
  orientation:
    x: 0.053904004260796154
    y: -0.04026989528696729
    z: -0.0049030505791043425
    w: 0.9977217317234538
---
header:
  stamp:
    sec: 1788575042
    nanosec: 416265000
  frame_id: default_cam
pose:
  position:
    x: -0.18545184401524928
    y: 0.04975558458176944
    z: -1.0041766272856583
  orientation:
    x: 0.054251249507143405
    y: -0.039998824148937254
    z: -0.005520248822760331
    w: 0.9977105907258632
---
header:
  stamp:
    sec: 1788575042
    nanosec: 448267000
  frame_id: default_cam
pose:
  position:
    x: -0.18538236022476284
    y: 0.049679301951478544
    z: -1.0039615809813376
  orientation:
    x: 0.05361593274204929
    y: -0.04032859056870928
    z: -0.005059855897670903
    w: 0.9977341000473203
---
header:
  stamp:
    sec: 1788575042
    nanosec: 484271000
  frame_id: default_cam
pose:
  position:
    x: -0.1852993422872214
    y: 0.04971713728995111
    z: -1.0037906502880511
  orientation:
    x: 0.053522593320670254
    y: -0.04045315188803936
    z: -0.006067193419632347
    w: 0.9977284518698272
---
header:
  stamp:
    sec: 1788575042
    nanosec: 516273000
  frame_id: default_cam
pose:
  position:
    x: -0.1854782406171399
    y: 0.04977465721000505
    z: -1.0046731334798031
  orientation:
    x: 0.05400376760768876
    y: -0.04046208025252367
    z: -0.005872709343057579
    w: 0.9977033248570363
---
header:
  stamp:
    sec: 1788575042
    nanosec: 548276000
  frame_id: default_cam
pose:
  position:
    x: -0.1853681647267361
    y: 0.0497933801685745
    z: -1.0040025948711622
  orientation:
    x: 0.05416128040992908
    y: -0.04012561906305576
    z: -0.006527818350514589
    w: 0.9977043038830424
---
header:
  stamp:
    sec: 1788575042
    nanosec: 584279000
  frame_id: default_cam
pose:
  position:
    x: -0.18541301471265334
    y: 0.0498460312887873
    z: -1.004405741690443
  orientation:
    x: 0.05453899855126714
    y: -0.04049363956133765
    z: -0.006587912534923729
    w: 0.9976684630680343
---
header:
  stamp:
    sec: 1788575042
    nanosec: 616282000
  frame_id: default_cam
pose:
  position:
    x: -0.18550806662195954
    y: 0.049954113757347374
    z: -1.0049364228295359
  orientation:
    x: 0.05538987552019108
    y: -0.04056398385926416
    z: -0.007008427897976247
    w: 0.9976158613623393
---
header:
  stamp:
    sec: 1788575042
    nanosec: 648283000
  frame_id: default_cam
pose:
  position:
    x: -0.18550806662195954
    y: 0.049954113757347374
    z: -1.0049364228295359
  orientation:
    x: 0.05538987552019108
    y: -0.04056398385926416
    z: -0.007008427897976247
    w: 0.9976158613623393
---
header:
  stamp:
    sec: 1788575042
    nanosec: 684286000
  frame_id: default_cam
pose:
  position:
    x: -0.18543242391739098
    y: 0.04991671575574412
    z: -1.0044196404263857
  orientation:
    x: 0.05451475038928184
    y: -0.041745559325427034
    z: -0.006998854221296195
    w: 0.9976153899705991
---
header:
  stamp:
    sec: 1788575042
    nanosec: 716288000
  frame_id: default_cam
pose:
  position:
    x: -0.18545765600515168
    y: 0.04989462789642441
    z: -1.0044917582607256
  orientation:
    x: 0.05495824779888541
    y: -0.04016579232318896
    z: -0.006931611381746331
    w: 0.9976563801678308
---
header:
  stamp:
    sec: 1788575042
    nanosec: 748290000
  frame_id: default_cam
pose:
  position:
    x: -0.18545765600515168
    y: 0.04989462789642441
    z: -1.0044917582607256
  orientation:
    x: 0.05495824779888541
    y: -0.04016579232318896
    z: -0.006931611381746331
    w: 0.9976563801678308
---
header:
  stamp:
    sec: 1788575042
    nanosec: 784294000
  frame_id: default_cam
pose:
  position:
    x: -0.18536829269779384
    y: 0.04979332148002497
    z: -1.0040028099159246
  orientation:
    x: 0.054159452754765615
    y: -0.0401220360638539
    z: -0.0065275935816087784
    w: 0.9977045486622923
---
header:
  stamp:
    sec: 1788575042
    nanosec: 816296000
  frame_id: default_cam
pose:
  position:
    x: -0.1855226503555414
    y: 0.04972520146336322
    z: -1.0046581334253342
  orientation:
    x: 0.0535777367415259
    y: -0.0399078253417613
    z: -0.005763760978876333
    w: 0.9977492523983797
---
header:
  stamp:
    sec: 1788575042
    nanosec: 848299000
  frame_id: default_cam
pose:
  position:
    x: -0.1850399650671065
    y: 0.049704943498977264
    z: -1.003196143132592
  orientation:
    x: 0.05424058794618017
    y: -0.0400062934739974
    z: -0.004741162228554157
    w: 0.9977148773484575
---
header:
  stamp:
    sec: 1788575042
    nanosec: 884300000
  frame_id: default_cam
pose:
  position:
    x: -0.1851446561812246
    y: 0.04982568443946305
    z: -1.0039480146868538
  orientation:
    x: 0.055151689283902995
    y: -0.040450452511904204
    z: -0.005051783101238362
    w: 0.9976454939246766
---
header:
  stamp:
    sec: 1788575042
    nanosec: 916305000
  frame_id: default_cam
pose:
  position:
    x: -0.18478044715165534
    y: 0.049829460854285704
    z: -1.0031511355394103
  orientation:
    x: 0.055599905088874746
    y: -0.04011793503837523
    z: -0.005512044646107811
    w: 0.9976316049555487
---
header:
  stamp:
    sec: 1788575042
    nanosec: 948308000
  frame_id: default_cam
pose:
  position:
    x: -0.1847260516734456
    y: 0.049883223238745215
    z: -1.0030831850898128
  orientation:
    x: 0.05633020364918447
    y: -0.04048038578871749
    z: -0.005942695631545029
    w: 0.9975735215470932
---
header:
  stamp:
    sec: 1788575042
    nanosec: 984310000
  frame_id: default_cam
pose:
  position:
    x: -0.18482097336298317
    y: 0.049993978901218
    z: -1.0037472170707284
  orientation:
    x: 0.05717750815879405
    y: -0.040846154850936824
    z: -0.0062462319265061605
    w: 0.9975085507309522
---
header:
  stamp:
    sec: 1788575043
    nanosec: 16308000
  frame_id: default_cam
pose:
  position:
    x: -0.1848588194459225
    y: 0.05005811617471404
    z: -1.0039605201343291
  orientation:
    x: 0.057619423820326414
    y: -0.039068136043644876
    z: -0.006626403536150598
    w: 0.9975518901394879
---
header:
  stamp:
    sec: 1788575043
    nanosec: 48313000
  frame_id: default_cam
pose:
  position:
    x: -0.1847428563656725
    y: 0.05016246508470234
    z: -1.0046677912104536
  orientation:
    x: 0.05824611594646303
    y: -0.04142132373973249
    z: -0.006608869247344312
    w: 0.9974206669024214
---
header:
  stamp:
    sec: 1788575043
    nanosec: 84316000
  frame_id: default_cam
pose:
  position:
    x: -0.18435129798115837
    y: 0.05007584491389592
    z: -1.0035841305441242
  orientation:
    x: 0.056888756246175065
    y: -0.03973778593338339
    z: -0.00615384488384595
    w: 0.9975704025155424
---
header:
  stamp:
    sec: 1788575043
    nanosec: 116319000
  frame_id: default_cam
pose:
  position:
    x: -0.18446045113948664
    y: 0.050127654849753046
    z: -1.0042348203092806
  orientation:
    x: 0.056407353070353175
    y: -0.03822261225576755
    z: -0.006209573143245697
    w: 0.9976565960456135
---
header:
  stamp:
    sec: 1788575043
    nanosec: 148320000
  frame_id: default_cam
pose:
  position:
    x: -0.1843705312371459
    y: 0.05012579544561295
    z: -1.0038756054166447
  orientation:
    x: 0.056413115671612085
    y: -0.03843533617694809
    z: -0.006318260388843117
    w: 0.9976474151216176
---
header:
  stamp:
    sec: 1788575043
    nanosec: 184323000
  frame_id: default_cam
pose:
  position:
    x: -0.18421766841327125
    y: 0.05013981030781975
    z: -1.0033569455615763
  orientation:
    x: 0.05669085359418247
    y: -0.03867463084660761
    z: -0.0058246673511128545
    w: 0.9976254273513133
---
header:
  stamp:
    sec: 1788575043
    nanosec: 216326000
  frame_id: default_cam
pose:
  position:
    x: -0.18421766841327125
    y: 0.05013981030781975
    z: -1.0033569455615763
  orientation:
    x: 0.05669085359418247
    y: -0.03867463084660761
    z: -0.0058246673511128545
    w: 0.9976254273513133
---
header:
  stamp:
    sec: 1788575043
    nanosec: 248328000
  frame_id: default_cam
pose:
  position:
    x: -0.18411323076428532
    y: 0.05005828856483246
    z: -1.0023307135167647
  orientation:
    x: 0.057096421356332513
    y: -0.04112786594355465
    z: -0.005865159757155153
    w: 0.9975039334319701
---
header:
  stamp:
    sec: 1788575043
    nanosec: 284329000
  frame_id: default_cam
pose:
  position:
    x: -0.18410832224199733
    y: 0.050087745981296436
    z: -1.0027046681119984
  orientation:
    x: 0.0571679857260587
    y: -0.040187269420793356
    z: -0.005768539108097201
    w: 0.9975387354589715
---
header:
  stamp:
    sec: 1788575043
    nanosec: 316334000
  frame_id: default_cam
pose:
  position:
    x: -0.18427427638994665
    y: 0.05020559423035961
    z: -1.0037084370075218
  orientation:
    x: 0.05720430815377045
    y: -0.03879561365657696
    z: -0.006049044962187153
    w: 0.9975900844258144
---
header:
  stamp:
    sec: 1788575043
    nanosec: 348335000
  frame_id: default_cam
pose:
  position:
    x: -0.18389122876963934
    y: 0.05009125298107958
    z: -1.0022748142437907
  orientation:
    x: 0.056605286857804755
    y: -0.0394434677421599
    z: -0.006210023996210962
    w: 0.9975978598384148
---
header:
  stamp:
    sec: 1788575043
    nanosec: 384338000
  frame_id: default_cam
pose:
  position:
    x: -0.18382682069017708
    y: 0.050161016461300494
    z: -1.0025910995095024
  orientation:
    x: 0.05694134727448465
    y: -0.04068770776489858
    z: -0.006456896640390156
    w: 0.997527193560747
---
header:
  stamp:
    sec: 1788575043
    nanosec: 416341000
  frame_id: default_cam
pose:
  position:
    x: -0.1836992278696491
    y: 0.05026479908626857
    z: -1.0029844101993384
  orientation:
    x: 0.059030961764547835
    y: -0.040824720926676314
    z: -0.0060826384448587146
    w: 0.9974024710336147
---
header:
  stamp:
    sec: 1788575043
    nanosec: 448344000
  frame_id: default_cam
pose:
  position:
    x: -0.18377673524047555
    y: 0.05032596503715511
    z: -1.0035967477422763
  orientation:
    x: 0.05793149033457881
    y: -0.03905060127203019
    z: -0.006312853292072274
    w: 0.997536536098413
---
header:
  stamp:
    sec: 1788575043
    nanosec: 484349000
  frame_id: default_cam
pose:
  position:
    x: -0.18388275737605006
    y: 0.05035857298391101
    z: -1.0045006589408279
  orientation:
    x: 0.05760611619055368
    y: -0.03728543784718691
    z: -0.006689356755416662
    w: 0.9976204609009294
---
header:
  stamp:
    sec: 1788575043
    nanosec: 516350000
  frame_id: default_cam
pose:
  position:
    x: -0.18387643547718116
    y: 0.05034394799463802
    z: -1.0045684476299999
  orientation:
    x: 0.05730131225112772
    y: -0.03733365698451348
    z: -0.006848055124477395
    w: 0.9976351346115842
---
header:
  stamp:
    sec: 1788575043
    nanosec: 548353000
  frame_id: default_cam
pose:
  position:
    x: -0.18398734820613952
    y: 0.05039758363600508
    z: -1.005238002163082
  orientation:
    x: 0.05689594550844307
    y: -0.035744632297722845
    z: -0.006904415285622783
    w: 0.997716142846333
---
header:
  stamp:
    sec: 1788575043
    nanosec: 584352000
  frame_id: default_cam
pose:
  position:
    x: -0.18406925588601564
    y: 0.05043571785510622
    z: -1.0056773846941323
  orientation:
    x: 0.05558540208444978
    y: -0.03469541359998243
    z: -0.006957518910811606
    w: 0.9978266804815563
---
header:
  stamp:
    sec: 1788575043
    nanosec: 616357000
  frame_id: default_cam
pose:
  position:
    x: -0.18355813801646312
    y: 0.05031694208662941
    z: -1.0041085540512333
  orientation:
    x: 0.05492337890963904
    y: -0.03647746379096197
    z: -0.00686271152814295
    w: 0.9978004411078444
---
header:
  stamp:
    sec: 1788575043
    nanosec: 648358000
  frame_id: default_cam
pose:
  position:
    x: -0.18340503729543806
    y: 0.05037894803440277
    z: -1.0036781394358127
  orientation:
    x: 0.05422744876922906
    y: -0.035479351003522806
    z: -0.006787566666851767
    w: 0.9978750063966391
---
header:
  stamp:
    sec: 1788575043
    nanosec: 684360000
  frame_id: default_cam
pose:
  position:
    x: -0.18353401945802644
    y: 0.05053178396809413
    z: -1.0048643261498456
  orientation:
    x: 0.05530544870499908
    y: -0.036577709483674885
    z: -0.006952551173332752
    w: 0.9977750450600821
---
header:
  stamp:
    sec: 1788575043
    nanosec: 716363000
  frame_id: default_cam
pose:
  position:
    x: -0.183218322520214
    y: 0.05058916306111869
    z: -1.0035515263406847
  orientation:
    x: 0.05633030679993658
    y: -0.03691131903257189
    z: -0.0073311754851802455
    w: 0.9977027137023865
---
header:
  stamp:
    sec: 1788575043
    nanosec: 748365000
  frame_id: default_cam
pose:
  position:
    x: -0.183218322520214
    y: 0.05058916306111869
    z: -1.0035515263406847
  orientation:
    x: 0.05633030679993658
    y: -0.03691131903257189
    z: -0.0073311754851802455
    w: 0.9977027137023865
---
header:
  stamp:
    sec: 1788575043
    nanosec: 816374000
  frame_id: default_cam
pose:
  position:
    x: -0.1829842749249016
    y: 0.050532506545679104
    z: -1.0026728303502657
  orientation:
    x: 0.05334692541765809
    y: -0.036046951021518475
    z: -0.007649943030323487
    w: 0.9978958869752735
---
header:
  stamp:
    sec: 1788575043
    nanosec: 848374000
  frame_id: default_cam
pose:
  position:
    x: -0.1831674256098431
    y: 0.05076076670171526
    z: -1.003222337396097
  orientation:
    x: 0.05519357967471272
    y: -0.035712806058884564
    z: -0.007810664107564815
    w: 0.9978062225564092
---
header:
  stamp:
    sec: 1788575043
    nanosec: 884377000
  frame_id: default_cam
pose:
  position:
    x: -0.18288092700322273
    y: 0.05081885006743232
    z: -1.0021752094491614
  orientation:
    x: 0.055734792840535674
    y: -0.03779788220688337
    z: -0.007502582037299709
    w: 0.9977016910031128
---
header:
  stamp:
    sec: 1788575043
    nanosec: 916377000
  frame_id: default_cam
pose:
  position:
    x: -0.18289786844226555
    y: 0.05085536710275924
    z: -1.0018790217543563
  orientation:
    x: 0.054663231927193856
    y: -0.037013439655449024
    z: -0.0076379420066414825
    w: 0.9977893556267522
---
header:
  stamp:
    sec: 1788575043
    nanosec: 948382000
  frame_id: default_cam
pose:
  position:
    x: -0.18268449968213793
    y: 0.05084083107298402
    z: -1.0008127407927876
  orientation:
    x: 0.05349166627885384
    y: -0.038134125313925224
    z: -0.007779438383603123
    w: 0.9978095562098457
---
header:
  stamp:
    sec: 1788575043
    nanosec: 984387000
  frame_id: default_cam
pose:
  position:
    x: -0.18265868592945536
    y: 0.05080482372223761
    z: -1.000165727635507
  orientation:
    x: 0.05333079429974444
    y: -0.03702131310722897
    z: -0.008111723984309203
    w: 0.9978574290394281
---
header:
  stamp:
    sec: 1788575044
    nanosec: 16389000
  frame_id: default_cam
pose:
  position:
    x: -0.182362372208494
    y: 0.05079783792291656
    z: -1.0001807963605698
  orientation:
    x: 0.053410750666964574
    y: -0.039943147233994024
    z: -0.008098101590316719
    w: 0.9977405762285444
---
header:
  stamp:
    sec: 1788575044
    nanosec: 48387000
  frame_id: default_cam
pose:
  position:
    x: -0.18248991190913444
    y: 0.05083400929660382
    z: -1.0005207578179893
  orientation:
    x: 0.054087726321783
    y: -0.03734914922482352
    z: -0.008760954035637333
    w: 0.9977989800545535
---
header:
  stamp:
    sec: 1788575044
    nanosec: 84393000
  frame_id: default_cam
pose:
  position:
    x: -0.18236237316657247
    y: 0.05079784518544118
    z: -1.0001808148541818
  orientation:
    x: 0.053410962183249616
    y: -0.03994320756173651
    z: -0.008098104024544871
    w: 0.9977405624707995
---
header:
  stamp:
    sec: 1788575044
    nanosec: 116393000
  frame_id: default_cam
pose:
  position:
    x: -0.18258260147456928
    y: 0.0508311081029778
    z: -0.9996824678258206
  orientation:
    x: 0.05392544416370083
    y: -0.0371357225000105
    z: -0.007916272647609825
    w: 0.9978227884817616
---
header:
  stamp:
    sec: 1788575044
    nanosec: 148400000
  frame_id: default_cam
pose:
  position:
    x: -0.1828488545553374
    y: 0.05101685984888379
    z: -1.0006749161361026
  orientation:
    x: 0.05463586592152645
    y: -0.03705535545651866
    z: -0.008995390530496862
    w: 0.9977779841909722
---
header:
  stamp:
    sec: 1788575044
    nanosec: 184400000
  frame_id: default_cam
pose:
  position:
    x: -0.1831788494316859
    y: 0.051168448417010404
    z: -1.0019487642686136
  orientation:
    x: 0.055092650605945315
    y: -0.038118129769485726
    z: -0.008659392908054064
    w: 0.9977158026946109
---
header:
  stamp:
    sec: 1788575044
    nanosec: 216403000
  frame_id: default_cam
pose:
  position:
    x: -0.18330713403346086
    y: 0.05113589367120621
    z: -1.001990337783332
  orientation:
    x: 0.05527728423501069
    y: -0.04069843369264158
    z: -0.008956391946081612
    w: 0.9976010436972667
---
header:
  stamp:
    sec: 1788575044
    nanosec: 248405000
  frame_id: default_cam
pose:
  position:
    x: -0.18332523884254967
    y: 0.05121804397259018
    z: -1.002215014292407
  orientation:
    x: 0.05573367779758968
    y: -0.040713314928802966
    z: -0.008422378410005078
    w: 0.9975796944047033
---
header:
  stamp:
    sec: 1788575044
    nanosec: 284407000
  frame_id: default_cam
pose:
  position:
    x: -0.1834654285516841
    y: 0.05143589808749961
    z: -1.0030633275847125
  orientation:
    x: 0.05658710054628668
    y: -0.04117668838616746
    z: -0.008382420962615454
    w: 0.9975129650305896
---
header:
  stamp:
    sec: 1788575044
    nanosec: 316410000
  frame_id: default_cam
pose:
  position:
    x: -0.18329519504850175
    y: 0.05155532415888315
    z: -1.0020541515218804
  orientation:
    x: 0.057945510966704424
    y: -0.04065541015719302
    z: -0.007620135632943174
    w: 0.9974624749416359
---
header:
  stamp:
    sec: 1788575044
    nanosec: 348411000
  frame_id: default_cam
pose:
  position:
    x: -0.1828234687501784
    y: 0.05140886875577756
    z: -1.0004576798002398
  orientation:
    x: 0.057602367427822425
    y: -0.04211536471793416
    z: -0.007065382585293651
    w: 0.9974258587435504
---
header:
  stamp:
    sec: 1788575044
    nanosec: 384413000
  frame_id: default_cam
pose:
  position:
    x: -0.1829280688538529
    y: 0.05146014776829938
    z: -1.0010827486572347
  orientation:
    x: 0.057112804770856326
    y: -0.040681863465586714
    z: -0.007121832275837195
    w: 0.9975131041852073
---
header:
  stamp:
    sec: 1788575044
    nanosec: 416416000
  frame_id: default_cam
pose:
  position:
    x: -0.18274682772224976
    y: 0.051503306917809515
    z: -1.000455738652698
  orientation:
    x: 0.05620044358764794
    y: -0.04013874070737121
    z: -0.007439336953816039
    w: 0.997584606888391
---
header:
  stamp:
    sec: 1788575044
    nanosec: 484422000
  frame_id: default_cam
pose:
  position:
    x: -0.18228313140302163
    y: 0.05201432095772632
    z: -0.9992675264294156
  orientation:
    x: 0.05106367597676603
    y: -0.03937423122884708
    z: -0.006681021495031893
    w: 0.9978965551912984
---
header:
  stamp:
    sec: 1788575044
    nanosec: 516423000
  frame_id: default_cam
pose:
  position:
    x: -0.18210256291763266
    y: 0.05275140860257588
    z: -0.9999106297833164
  orientation:
    x: 0.05243384891661258
    y: -0.03789509486524249
    z: -0.006721436392613231
    w: 0.997882495871014
---
header:
  stamp:
    sec: 1788575044
    nanosec: 548427000
  frame_id: default_cam
pose:
  position:
    x: -0.18079785194478576
    y: 0.05310634735595122
    z: -0.9954390774675527
  orientation:
    x: 0.04885329546509762
    y: -0.04061246336505494
    z: -0.00610180804653736
    w: 0.9979612974861225
---
header:
  stamp:
    sec: 1788575044
    nanosec: 584430000
  frame_id: default_cam
pose:
  position:
    x: -0.1798489780762873
    y: 0.05355991720142922
    z: -0.9936779730404873
  orientation:
    x: 0.04104304541270066
    y: -0.03928570339839393
    z: -0.0037567390225453834
    w: 0.998377678458238
---
header:
  stamp:
    sec: 1788575044
    nanosec: 616432000
  frame_id: default_cam
pose:
  position:
    x: -0.1796040253076012
    y: 0.05461245564563622
    z: -0.994329954306943
  orientation:
    x: 0.04470349807887596
    y: -0.03855068569975515
    z: -0.005285026181758269
    w: 0.998242210282579
---
header:
  stamp:
    sec: 1788575044
    nanosec: 648435000
  frame_id: default_cam
pose:
  position:
    x: -0.17828022294324739
    y: 0.05508015739584664
    z: -0.9917272074796993
  orientation:
    x: 0.04262475427814456
    y: -0.04347679947346453
    z: -0.0027707695613250634
    w: 0.9981408823739814
---
header:
  stamp:
    sec: 1788575044
    nanosec: 684436000
  frame_id: default_cam
pose:
  position:
    x: -0.177011022315302
    y: 0.055346473890662766
    z: -0.9887583629305094
  orientation:
    x: 0.03988724241430061
    y: -0.03983773806786563
    z: -0.0027802088069992185
    w: 0.9984058458148212
---
header:
  stamp:
    sec: 1788575044
    nanosec: 716439000
  frame_id: default_cam
pose:
  position:
    x: -0.1765347106324939
    y: 0.056047066170914595
    z: -0.9908737361460654
  orientation:
    x: 0.039583022374676036
    y: -0.04269996893487832
    z: -0.0018051946118931225
    w: 0.9983018773222154
---
header:
  stamp:
    sec: 1788575044
    nanosec: 748443000
  frame_id: default_cam
pose:
  position:
    x: -0.1758701127394785
    y: 0.05614032884780782
    z: -0.9903688095517754
  orientation:
    x: 0.04266007570075969
    y: -0.03901856365906853
    z: -0.0023120952626072664
    w: 0.9983247587066472
---
header:
  stamp:
    sec: 1788575044
    nanosec: 784443000
  frame_id: default_cam
pose:
  position:
    x: -0.17466475993831393
    y: 0.05600532386023424
    z: -0.9893176137083237
  orientation:
    x: 0.04690824292651347
    y: -0.04318978237449713
    z: 0.00012698308810183418
    w: 0.9979650511512346
---
header:
  stamp:
    sec: 1788575044
    nanosec: 816446000
  frame_id: default_cam
pose:
  position:
    x: -0.1742425224675339
    y: 0.055933736090596244
    z: -0.9896050281977403
  orientation:
    x: 0.04857801994874532
    y: -0.04016291213173352
    z: -0.0011382746391562304
    w: 0.9980109322035525
---
header:
  stamp:
    sec: 1788575044
    nanosec: 848451000
  frame_id: default_cam
pose:
  position:
    x: -0.17377075096858896
    y: 0.05579795793851818
    z: -0.9894471696651469
  orientation:
    x: 0.049301269830001514
    y: -0.04294501727823228
    z: 0.00021003945466029338
    w: 0.9978602438054887
---
header:
  stamp:
    sec: 1788575044
    nanosec: 884454000
  frame_id: default_cam
pose:
  position:
    x: -0.17400810830909597
    y: 0.05598499720735741
    z: -0.9921977009970308
  orientation:
    x: 0.0497151189388856
    y: -0.0422574973595807
    z: 0.00020111321155512593
    w: 0.9978690647671535
---
header:
  stamp:
    sec: 1788575044
    nanosec: 916456000
  frame_id: default_cam
pose:
  position:
    x: -0.17400065467470632
    y: 0.05600777810006141
    z: -0.992450949550539
  orientation:
    x: 0.048243998932756486
    y: -0.041381765190697035
    z: -0.00016932133061270526
    w: 0.9979779744097388
---
header:
  stamp:
    sec: 1788575044
    nanosec: 948458000
  frame_id: default_cam
pose:
  position:
    x: -0.17408132212863406
    y: 0.05599636609544879
    z: -0.9927821621071715
  orientation:
    x: 0.048415463540187255
    y: -0.04190744908617599
    z: -0.0004878055606062362
    w: 0.9979476292105781
---
header:
  stamp:
    sec: 1788575044
    nanosec: 984464000
  frame_id: default_cam
pose:
  position:
    x: -0.17393355755864512
    y: 0.055574259552210944
    z: -0.9909353448546699
  orientation:
    x: 0.046670314163964256
    y: -0.04392420239095474
    z: -0.0005240515119000755
    w: 0.9979440222728769
---
header:
  stamp:
    sec: 1788575045
    nanosec: 16463000
  frame_id: default_cam
pose:
  position:
    x: -0.174835908977114
    y: 0.055471723412700555
    z: -0.9946847032023314
  orientation:
    x: 0.0445245881609422
    y: -0.0425592792782495
    z: -0.0021203759933591626
    w: 0.9980990796519458
---
header:
  stamp:
    sec: 1788575045
    nanosec: 48466000
  frame_id: default_cam
pose:
  position:
    x: -0.17507075302031722
    y: 0.055337037223799276
    z: -0.9955157967192946
  orientation:
    x: 0.046863379521522704
    y: -0.040956435967538875
    z: -0.002241371140520054
    w: 0.9980588010072698
---
header:
  stamp:
    sec: 1788575045
    nanosec: 84468000
  frame_id: default_cam
pose:
  position:
    x: -0.17507038365980346
    y: 0.05499265410058165
    z: -0.9941963332522215
  orientation:
    x: 0.051187214144327246
    y: -0.04130040567043399
    z: -0.0029230508823579688
    w: 0.9978304472069087
---
header:
  stamp:
    sec: 1788575045
    nanosec: 116471000
  frame_id: default_cam
pose:
  position:
    x: -0.17515731679745924
    y: 0.05478397732481131
    z: -0.99461406485742
  orientation:
    x: 0.05087947689615
    y: -0.03962221470046303
    z: -0.004543860473667692
    w: 0.9979081682524702
---
header:
  stamp:
    sec: 1788575045
    nanosec: 148462000
  frame_id: default_cam
pose:
  position:
    x: -0.17540197097258528
    y: 0.054406559150781506
    z: -0.9943883556137997
  orientation:
    x: 0.04747311895363083
    y: -0.03680902742855705
    z: -0.004666711017993222
    w: 0.9981831596880668
---
header:
  stamp:
    sec: 1788575045
    nanosec: 184475000
  frame_id: default_cam
pose:
  position:
    x: -0.1758559301454093
    y: 0.05402838788261045
    z: -0.9956927406010869
  orientation:
    x: 0.0446395086397595
    y: -0.039013972104440575
    z: -0.003736111547691436
    w: 0.9982340736117646
---
header:
  stamp:
    sec: 1788575045
    nanosec: 216479000
  frame_id: default_cam
pose:
  position:
    x: -0.17608040664387106
    y: 0.054015376651012977
    z: -0.996473034269908
  orientation:
    x: 0.04903372891577502
    y: -0.03879224950811005
    z: -0.00387620483469475
    w: 0.998035986246385
---
header:
  stamp:
    sec: 1788575045
    nanosec: 248481000
  frame_id: default_cam
pose:
  position:
    x: -0.17607930650323064
    y: 0.05388534929982547
    z: -0.9970405664136051
  orientation:
    x: 0.04894786729658344
    y: -0.03738257142454032
    z: -0.00507348400304004
    w: 0.9980886280290323
---
header:
  stamp:
    sec: 1788575045
    nanosec: 284482000
  frame_id: default_cam
pose:
  position:
    x: -0.17543625004358968
    y: 0.053691458571605254
    z: -0.9954234385552861
  orientation:
    x: 0.051757446996417066
    y: -0.040112435187203296
    z: -0.00351522582723515
    w: 0.9978475847598915
---
header:
  stamp:
    sec: 1788575045
    nanosec: 316484000
  frame_id: default_cam
pose:
  position:
    x: -0.1754026230584344
    y: 0.05379847571231918
    z: -0.9978927053880284
  orientation:
    x: 0.05117698304727783
    y: -0.040022787569826704
    z: -0.0036570961820625867
    w: 0.9978806133645619
---
header:
  stamp:
    sec: 1788575045
    nanosec: 348476000
  frame_id: default_cam
pose:
  position:
    x: -0.174773156584102
    y: 0.05369311834119322
    z: -0.996293920364789
  orientation:
    x: 0.05107791484432827
    y: -0.03910466983833567
    z: -0.0038615577136211702
    w: 0.9979213194355628
---
header:
  stamp:
    sec: 1788575045
    nanosec: 384493000
  frame_id: default_cam
pose:
  position:
    x: -0.17440726922515334
    y: 0.0536550926656442
    z: -0.9958901428669062
  orientation:
    x: 0.05057954927762946
    y: -0.03754798645999054
    z: -0.004324814133906484
    w: 0.9980045861068872
---
header:
  stamp:
    sec: 1788575045
    nanosec: 416491000
  frame_id: default_cam
pose:
  position:
    x: -0.17449610522364695
    y: 0.053779075939169134
    z: -0.9972144555197239
  orientation:
    x: 0.05131006077758869
    y: -0.039283089283804556
    z: -0.00406718231153741
    w: 0.9979015856222323
---
header:
  stamp:
    sec: 1788575045
    nanosec: 448496000
  frame_id: default_cam
pose:
  position:
    x: -0.17450690779806213
    y: 0.05376815843261821
    z: -0.9980579437609567
  orientation:
    x: 0.05255001128026066
    y: -0.039096825426287056
    z: -0.004068865728723091
    w: 0.9978443660650255
---
header:
  stamp:
    sec: 1788575045
    nanosec: 484500000
  frame_id: default_cam
pose:
  position:
    x: -0.17466508558625468
    y: 0.053491013138579686
    z: -0.9992614109629706
  orientation:
    x: 0.05105642785789351
    y: -0.038377121075079866
    z: -0.0054928379745776135
    w: 0.9979430176534958
---
header:
  stamp:
    sec: 1788575045
    nanosec: 516502000
  frame_id: default_cam
pose:
  position:
    x: -0.17411321302483979
    y: 0.05303138011330168
    z: -0.9979269502526859
  orientation:
    x: 0.04844874081785569
    y: -0.03891837603321957
    z: -0.006438279855631122
    w: 0.9980464057710953
---
header:
  stamp:
    sec: 1788575045
    nanosec: 548493000
  frame_id: default_cam
pose:
  position:
    x: -0.1743442673356444
    y: 0.053191828106233276
    z: -1.0013166539398697
  orientation:
    x: 0.05384568680620985
    y: -0.03515276276222242
    z: -0.00632400091881623
    w: 0.9979102826882431
---
header:
  stamp:
    sec: 1788575045
    nanosec: 584505000
  frame_id: default_cam
pose:
  position:
    x: -0.17402440073310596
    y: 0.052997263066198674
    z: -1.0006632744642143
  orientation:
    x: 0.054200969857533615
    y: -0.03446375379405335
    z: -0.006588158950663104
    w: 0.9979133733458864
---
header:
  stamp:
    sec: 1788575045
    nanosec: 616509000
  frame_id: default_cam
pose:
  position:
    x: -0.17341798741263234
    y: 0.05307739055031456
    z: -0.9999916235518003
  orientation:
    x: 0.05436809725168203
    y: -0.03521287621602798
    z: -0.006773947869618066
    w: 0.9978768846807136
---
header:
  stamp:
    sec: 1788575045
    nanosec: 648510000
  frame_id: default_cam
pose:
  position:
    x: -0.172881412078645
    y: 0.053097150232516856
    z: -0.9993211881489713
  orientation:
    x: 0.050776336572106597
    y: -0.033499129296740836
    z: -0.006318405486799463
    w: 0.9981280728106894
---
header:
  stamp:
    sec: 1788575045
    nanosec: 684513000
  frame_id: default_cam
pose:
  position:
    x: -0.17298990312047008
    y: 0.0533606376830696
    z: -1.002001063228749
  orientation:
    x: 0.049833757898588016
    y: -0.03371819125639828
    z: -0.006575455864626992
    w: 0.9981665409801483
---
header:
  stamp:
    sec: 1788575045
    nanosec: 716517000
  frame_id: default_cam
pose:
  position:
    x: -0.17233543744301194
    y: 0.05324234760869739
    z: -1.000010267018724
  orientation:
    x: 0.04850473991787146
    y: -0.03385623418955681
    z: -0.006134836703179382
    w: 0.9982301384904319
---
header:
  stamp:
    sec: 1788575045
    nanosec: 748509000
  frame_id: default_cam
pose:
  position:
    x: -0.1720165774912656
    y: 0.05332907406225829
    z: -1.000776356186415
  orientation:
    x: 0.0483891363538199
    y: -0.03606360683835798
    z: -0.005683561842948479
    w: 0.9981611116796312
---
header:
  stamp:
    sec: 1788575045
    nanosec: 784521000
  frame_id: default_cam
pose:
  position:
    x: -0.17154276529641393
    y: 0.05325302158204678
    z: -0.9996064743251281
  orientation:
    x: 0.048707750877027736
    y: -0.034028200798688804
    z: -0.005768071545515557
    w: 0.9982165926819446
---
header:
  stamp:
    sec: 1788575045
    nanosec: 816523000
  frame_id: default_cam
pose:
  position:
    x: -0.17138207627416796
    y: 0.053352617315184966
    z: -1.0005624170721004
  orientation:
    x: 0.049282132025533824
    y: -0.03422261943533801
    z: -0.006705608860596734
    w: 0.9981758956175062
---
header:
  stamp:
    sec: 1788575045
    nanosec: 848526000
  frame_id: default_cam
pose:
  position:
    x: -0.17138287830927354
    y: 0.05340940095518507
    z: -1.000909184339726
  orientation:
    x: 0.049638058663537654
    y: -0.032513191489783454
    z: -0.006453666859257816
    w: 0.998217063416236
---
header:
  stamp:
    sec: 1788575045
    nanosec: 884528000
  frame_id: default_cam
pose:
  position:
    x: -0.17114019676973263
    y: 0.05336881762744202
    z: -1.0010860211379926
  orientation:
    x: 0.0487707555674915
    y: -0.03369390688239708
    z: -0.006163237371908857
    w: 0.9982224945098531
---
header:
  stamp:
    sec: 1788575045
    nanosec: 916532000
  frame_id: default_cam
pose:
  position:
    x: -0.17070253085775153
    y: 0.05361394450132482
    z: -1.0019006997525226
  orientation:
    x: 0.05087578991722022
    y: -0.03315311595450487
    z: -0.005807109193428943
    w: 0.998137667050804
---
header:
  stamp:
    sec: 1788575045
    nanosec: 948522000
  frame_id: default_cam
pose:
  position:
    x: -0.1699347753301861
    y: 0.053565807818532596
    z: -1.0001700010423866
  orientation:
    x: 0.04982053436383233
    y: -0.032528242858662425
    z: -0.006484019767495065
    w: 0.9982072857176933
---
header:
  stamp:
    sec: 1788575045
    nanosec: 984536000
  frame_id: default_cam
pose:
  position:
    x: -0.16889305815767267
    y: 0.05351300542830165
    z: -0.9987968252326118
  orientation:
    x: 0.04985228220893473
    y: -0.03147500673477191
    z: -0.006239169468604544
    w: 0.9982410263428111
---
header:
  stamp:
    sec: 1788575046
    nanosec: 16537000
  frame_id: default_cam
pose:
  position:
    x: -0.16806437566869617
    y: 0.05363697877436973
    z: -0.9990086589575506
  orientation:
    x: 0.050577189013153244
    y: -0.034689659089839904
    z: -0.004878047806232471
    w: 0.9981055956928397
---
header:
  stamp:
    sec: 1788575046
    nanosec: 48540000
  frame_id: default_cam
pose:
  position:
    x: -0.16760891009277723
    y: 0.05401136722381548
    z: -1.0022760069935008
  orientation:
    x: 0.0517756803112006
    y: -0.03296245225693224
    z: -0.004605383373033044
    w: 0.9981039756024966
---
header:
  stamp:
    sec: 1788575046
    nanosec: 84543000
  frame_id: default_cam
pose:
  position:
    x: -0.1660180413700728
    y: 0.053964307847929285
    z: -0.999383317599439
  orientation:
    x: 0.051363901607615
    y: -0.030157072500800984
    z: -0.004233236385310884
    w: 0.9982155981047034
---
header:
  stamp:
    sec: 1788575046
    nanosec: 116546000
  frame_id: default_cam
pose:
  position:
    x: -0.16531617198590842
    y: 0.053899499554267184
    z: -1.0006032808328031
  orientation:
    x: 0.0510546309695042
    y: -0.029365714667728478
    z: -0.004382501475630694
    w: 0.9982544130327886
---
header:
  stamp:
    sec: 1788575046
    nanosec: 148537000
  frame_id: default_cam
pose:
  position:
    x: -0.1639735683977324
    y: 0.05388151740275068
    z: -1.000017845566504
  orientation:
    x: 0.0529527144708634
    y: -0.03224851628745124
    z: -0.004467191798184563
    w: 0.9980661738706824
---
header:
  stamp:
    sec: 1788575046
    nanosec: 184551000
  frame_id: default_cam
pose:
  position:
    x: -0.16367568429659887
    y: 0.053831567605068666
    z: -1.0029168085757134
  orientation:
    x: 0.05052571379013445
    y: -0.029536597969293046
    z: -0.004503591550919749
    w: 0.9982757431138655
---
header:
  stamp:
    sec: 1788575046
    nanosec: 216553000
  frame_id: default_cam
pose:
  position:
    x: -0.16231971601682754
    y: 0.05376960949150245
    z: -1.0006022494046207
  orientation:
    x: 0.05189654341731188
    y: -0.03121539876407307
    z: -0.003929731967754915
    w: 0.9981567536554549
---
header:
  stamp:
    sec: 1788575046
    nanosec: 248558000
  frame_id: default_cam
pose:
  position:
    x: -0.1619073661799287
    y: 0.05387595341199288
    z: -1.002568829095804
  orientation:
    x: 0.051573803560996376
    y: -0.029115648811821816
    z: -0.003860147026918114
    w: 0.9982372068027965
---
header:
  stamp:
    sec: 1788575046
    nanosec: 284558000
  frame_id: default_cam
pose:
  position:
    x: -0.16080336637773326
    y: 0.05380913231955679
    z: -1.000987336025675
  orientation:
    x: 0.05189466341336918
    y: -0.02843599198498787
    z: -0.00391962095538608
    w: 0.9982399385120838
---
header:
  stamp:
    sec: 1788575046
    nanosec: 316561000
  frame_id: default_cam
pose:
  position:
    x: -0.16012515148947298
    y: 0.05394154830028234
    z: -1.0030309136373121
  orientation:
    x: 0.05155568488421347
    y: -0.03183597493333116
    z: -0.0033557674764601894
    w: 0.9981569119536307
---
header:
  stamp:
    sec: 1788575046
    nanosec: 348552000
  frame_id: default_cam
pose:
  position:
    x: -0.15925414524693712
    y: 0.05386375163476215
    z: -1.0026739417569108
  orientation:
    x: 0.05307910042439203
    y: -0.02964995970777783
    z: -0.004763340260137803
    w: 0.9981386675091947
---
header:
  stamp:
    sec: 1788575046
    nanosec: 384568000
  frame_id: default_cam
pose:
  position:
    x: -0.15754745352477115
    y: 0.053599866464926135
    z: -0.9987966103347066
  orientation:
    x: 0.05031364617129984
    y: -0.030662949138105657
    z: -0.004345610346513799
    w: 0.9982531924465954
---
header:
  stamp:
    sec: 1788575046
    nanosec: 416567000
  frame_id: default_cam
pose:
  position:
    x: -0.15681411196205555
    y: 0.053661532188739425
    z: -1.0007368578738587
  orientation:
    x: 0.050075606352818894
    y: -0.03081584754924482
    z: -0.005537711861779648
    w: 0.9982545521737204
---
header:
  stamp:
    sec: 1788575046
    nanosec: 448571000
  frame_id: default_cam
pose:
  position:
    x: -0.15575929404958716
    y: 0.05345176949394097
    z: -1.000263952049514
  orientation:
    x: 0.04888968656603823
    y: -0.030541576068616533
    z: -0.006302842477852835
    w: 0.9983172265644917
---
header:
  stamp:
    sec: 1788575046
    nanosec: 484573000
  frame_id: default_cam
pose:
  position:
    x: -0.15422157885657536
    y: 0.05294221953379234
    z: -0.9970357064652017
  orientation:
    x: 0.05233403938588587
    y: -0.029109332717320777
    z: -0.006049989721980506
    w: 0.9981869527772204
---
header:
  stamp:
    sec: 1788575046
    nanosec: 516577000
  frame_id: default_cam
pose:
  position:
    x: -0.15359328593942928
    y: 0.05295235942677614
    z: -0.9990882244697624
  orientation:
    x: 0.05493520455491056
    y: -0.030359786173985128
    z: -0.004533519778313898
    w: 0.998017962705281
---
header:
  stamp:
    sec: 1788575046
    nanosec: 548569000
  frame_id: default_cam
pose:
  position:
    x: -0.1523903390671931
    y: 0.052628296673183035
    z: -0.9963075660298443
  orientation:
    x: 0.05120127567142736
    y: -0.03039784502341796
    z: -0.004665122778508179
    w: 0.9982147249049236
---
header:
  stamp:
    sec: 1788575046
    nanosec: 584582000
  frame_id: default_cam
pose:
  position:
    x: -0.15190637079313607
    y: 0.05254160113584928
    z: -0.9986744631235513
  orientation:
    x: 0.050794466023091754
    y: -0.02828238914344647
    z: -0.005798267860611263
    w: 0.9982917453207676
---
header:
  stamp:
    sec: 1788575046
    nanosec: 616585000
  frame_id: default_cam
pose:
  position:
    x: -0.15113904847310963
    y: 0.05230624813488335
    z: -0.9981650114939385
  orientation:
    x: 0.05018264249495081
    y: -0.027762004971986037
    z: -0.006442204499008256
    w: 0.9983333468703489
---
header:
  stamp:
    sec: 1788575046
    nanosec: 648588000
  frame_id: default_cam
pose:
  position:
    x: -0.14959380275386186
    y: 0.0520482550433927
    z: -0.9942728850478135
  orientation:
    x: 0.04896019522833299
    y: -0.02918355336847974
    z: -0.005919800335958734
    w: 0.9983567375742876
---
header:
  stamp:
    sec: 1788575046
    nanosec: 684589000
  frame_id: default_cam
pose:
  position:
    x: -0.14965982364920485
    y: 0.05248311614809348
    z: -1.0005655883702396
  orientation:
    x: 0.0504346429959057
    y: -0.027776515539860384
    z: -0.005868189457891612
    w: 0.9983237833102173
---
header:
  stamp:
    sec: 1788575046
    nanosec: 716591000
  frame_id: default_cam
pose:
  position:
    x: -0.1481745372489542
    y: 0.052493474277666985
    z: -0.9970129758976416
  orientation:
    x: 0.05091969014845956
    y: -0.025156318583397286
    z: -0.004584871522167289
    w: 0.9983753421151991
---
header:
  stamp:
    sec: 1788575046
    nanosec: 748584000
  frame_id: default_cam
pose:
  position:
    x: -0.14666066599830058
    y: 0.052475619090255624
    z: -0.994824827885299
  orientation:
    x: 0.04981604374743357
    y: -0.02760903636205574
    z: -0.004784323875804651
    w: 0.99836527040035
---
header:
  stamp:
    sec: 1788575046
    nanosec: 784597000
  frame_id: default_cam
pose:
  position:
    x: -0.14542385959695797
    y: 0.05278249237334221
    z: -0.9958667720508596
  orientation:
    x: 0.05188700797499336
    y: -0.025842504921560625
    z: -0.0035204843779545057
    w: 0.9983123306523499
---
header:
  stamp:
    sec: 1788575046
    nanosec: 816599000
  frame_id: default_cam
pose:
  position:
    x: -0.14410058223163327
    y: 0.05296108373591504
    z: -0.9958774777502098
  orientation:
    x: 0.045163289412417935
    y: -0.02510334975346113
    z: -0.003120874916872355
    w: 0.9986592808662816
---
header:
  stamp:
    sec: 1788575046
    nanosec: 848601000
  frame_id: default_cam
pose:
  position:
    x: -0.14267181920292618
    y: 0.05309037371036958
    z: -0.9966324321422186
  orientation:
    x: 0.047911630381191235
    y: -0.022550518013355843
    z: -0.0027378377550685363
    w: 0.9985932375376735
---
header:
  stamp:
    sec: 1788575046
    nanosec: 884611000
  frame_id: default_cam
pose:
  position:
    x: -0.14087602896723628
    y: 0.05280892998889773
    z: -0.9943623233556889
  orientation:
    x: 0.04978966276693689
    y: -0.0237081252067293
    z: -0.002857182503591536
    w: 0.998474211378981
---
header:
  stamp:
    sec: 1788575046
    nanosec: 916607000
  frame_id: default_cam
pose:
  position:
    x: -0.1400084976564746
    y: 0.05315748574763048
    z: -0.9976031703118372
  orientation:
    x: 0.05271664586104097
    y: -0.02281877845648493
    z: -0.002238381888952353
    w: 0.9983462566892485
---
header:
  stamp:
    sec: 1788575046
    nanosec: 948600000
  frame_id: default_cam
pose:
  position:
    x: -0.13839822523511688
    y: 0.053223027280558145
    z: -0.9971509264507963
  orientation:
    x: 0.054945282390493774
    y: -0.02422177140347956
    z: -0.0008966934450957101
    w: 0.9981951300592344
---
header:
  stamp:
    sec: 1788575046
    nanosec: 984612000
  frame_id: default_cam
pose:
  position:
    x: -0.13722200496775477
    y: 0.05353143194945742
    z: -0.9986678454111024
  orientation:
    x: 0.04977808773851727
    y: -0.022124151093872245
    z: -0.00031479448016909277
    w: 0.9985151800668367
---
header:
  stamp:
    sec: 1788575047
    nanosec: 16615000
  frame_id: default_cam
pose:
  position:
    x: -0.13573177546433948
    y: 0.053755124233015227
    z: -0.9974934235751819
  orientation:
    x: 0.0500237781380959
    y: -0.022567311310666815
    z: -0.0005182659812227693
    w: 0.9984928990640698
---
header:
  stamp:
    sec: 1788575047
    nanosec: 116623000
  frame_id: default_cam
pose:
  position:
    x: -0.1315652101266585
    y: 0.05475415301851586
    z: -0.9948994875333962
  orientation:
    x: 0.04915519431174658
    y: -0.022591749929719688
    z: 0.0020303836761092417
    w: 0.9985335533918803
---
header:
  stamp:
    sec: 1788575047
    nanosec: 148614000
  frame_id: default_cam
pose:
  position:
    x: -0.1308752593429499
    y: 0.05491705168141425
    z: -0.9976616717109703
  orientation:
    x: 0.04960424960507161
    y: -0.020514287353714213
    z: 0.0021242074875960563
    w: 0.998555992510203
---
header:
  stamp:
    sec: 1788575047
    nanosec: 184627000
  frame_id: default_cam
pose:
  position:
    x: -0.12936887871226355
    y: 0.054894335815290546
    z: -0.9960106337700247
  orientation:
    x: 0.049197648986865995
    y: -0.021922382418792474
    z: 0.0033801693381799733
    w: 0.9985427256449744
---
header:
  stamp:
    sec: 1788575047
    nanosec: 216633000
  frame_id: default_cam
pose:
  position:
    x: -0.12808758199211182
    y: 0.05458687968675521
    z: -0.9924063674037026
  orientation:
    x: 0.04655623074375199
    y: -0.020231082583161315
    z: 0.002509055814715762
    w: 0.9987076275444012
---
header:
  stamp:
    sec: 1788575047
    nanosec: 248631000
  frame_id: default_cam
pose:
  position:
    x: -0.12767509703837776
    y: 0.054669615541062457
    z: -0.9953758941954766
  orientation:
    x: 0.04749041646570586
    y: -0.022422959260678024
    z: 0.004176991682376682
    w: 0.998611247674686
---
header:
  stamp:
    sec: 1788575047
    nanosec: 284634000
  frame_id: default_cam
pose:
  position:
    x: -0.1264865585763338
    y: 0.054169133383915324
    z: -0.9910450217351144
  orientation:
    x: 0.04830716304895041
    y: -0.024928396513067882
    z: 0.004241764962432339
    w: 0.9985123937515512
---
header:
  stamp:
    sec: 1788575047
    nanosec: 348629000
  frame_id: default_cam
pose:
  position:
    x: -0.12635615609674797
    y: 0.0540256623655589
    z: -0.9954147356819223
  orientation:
    x: 0.05141700033793492
    y: -0.024985696352859126
    z: 0.004667981333275746
    w: 0.9983537534382708
---
header:
  stamp:
    sec: 1788575047
    nanosec: 384642000
  frame_id: default_cam
pose:
  position:
    x: -0.126085015218884
    y: 0.053523563382341585
    z: -0.9935406943385054
  orientation:
    x: 0.04888563490147347
    y: -0.024205646010735275
    z: 0.0031784347186311207
    w: 0.9985059734193993
---
header:
  stamp:
    sec: 1788575047
    nanosec: 416646000
  frame_id: default_cam
pose:
  position:
    x: -0.12595099592346665
    y: 0.05300778940162628
    z: -0.9945077504765621
  orientation:
    x: 0.046769216214431863
    y: -0.02228259877160083
    z: 0.0032084618022710184
    w: 0.9986520074478071
---
header:
  stamp:
    sec: 1788575047
    nanosec: 448647000
  frame_id: default_cam
pose:
  position:
    x: -0.1255702937101456
    y: 0.05240942296583666
    z: -0.992684258472842
  orientation:
    x: 0.049517567363362346
    y: -0.023812859415840566
    z: 0.0028147742526819764
    w: 0.9984853705962661
---
header:
  stamp:
    sec: 1788575047
    nanosec: 484650000
  frame_id: default_cam
pose:
  position:
    x: -0.1248724259758137
    y: 0.051841816953591954
    z: -0.9910390746370381
  orientation:
    x: 0.048412789893309445
    y: -0.02372884628677856
    z: 0.002787631795722769
    w: 0.9985416229369791
---
header:
  stamp:
    sec: 1788575047
    nanosec: 516653000
  frame_id: default_cam
pose:
  position:
    x: -0.12501719895158286
    y: 0.051750221606123116
    z: -0.9927705806425762
  orientation:
    x: 0.047107298769939146
    y: -0.023006328020501312
    z: 0.0018801947594006055
    w: 0.998623090130245
---
header:
  stamp:
    sec: 1788575047
    nanosec: 548646000
  frame_id: default_cam
pose:
  position:
    x: -0.12468625747108958
    y: 0.051542282251176075
    z: -0.9922379272627384
  orientation:
    x: 0.04542174240855538
    y: -0.023734768531657156
    z: 0.0008114287905981828
    w: 0.9986855699681644
---
header:
  stamp:
    sec: 1788575047
    nanosec: 584660000
  frame_id: default_cam
pose:
  position:
    x: -0.12441808885380384
    y: 0.05168699372005185
    z: -0.9942024430587357
  orientation:
    x: 0.04744504796634221
    y: -0.023569646191640013
    z: 0.001651938418371679
    w: 0.9985943672489518
---
header:
  stamp:
    sec: 1788575047
    nanosec: 616658000
  frame_id: default_cam
pose:
  position:
    x: -0.12372761588862781
    y: 0.0515137240402145
    z: -0.9916570721782998
  orientation:
    x: 0.047245239971527984
    y: -0.024837594938739157
    z: 0.0015479454604550706
    w: 0.9985732747488004
---
header:
  stamp:
    sec: 1788575047
    nanosec: 648663000
  frame_id: default_cam
pose:
  position:
    x: -0.12329716955564995
    y: 0.05136397738351135
    z: -0.990255352638959
  orientation:
    x: 0.04771539598978864
    y: -0.022166658767686635
    z: 0.001529737747859401
    w: 0.9986138093011919
---
header:
  stamp:
    sec: 1788575047
    nanosec: 684665000
  frame_id: default_cam
pose:
  position:
    x: -0.12319777308371124
    y: 0.051368693160028144
    z: -0.9931011200272452
  orientation:
    x: 0.04894526329527374
    y: -0.025693905845103792
    z: 0.0014918657868776518
    w: 0.9984698086271078
---
header:
  stamp:
    sec: 1788575047
    nanosec: 716667000
  frame_id: default_cam
pose:
  position:
    x: -0.12298339094756133
    y: 0.051149421380587576
    z: -0.9935002957926276
  orientation:
    x: 0.05036693228170366
    y: -0.022775790502963338
    z: 0.0021160126610204498
    w: 0.9984688067185243
---
header:
  stamp:
    sec: 1788575047
    nanosec: 748658000
  frame_id: default_cam
pose:
  position:
    x: -0.12235971842935699
    y: 0.05059491980599348
    z: -0.9919326829447517
  orientation:
    x: 0.04686049133249382
    y: -0.022747498260040137
    z: 0.0011697448931680787
    w: 0.9986417162185203
---
header:
  stamp:
    sec: 1788575047
    nanosec: 784671000
  frame_id: default_cam
pose:
  position:
    x: -0.12192247764293235
    y: 0.050293938632020065
    z: -0.9910729395301389
  orientation:
    x: 0.04685833840375158
    y: -0.022176359708192463
    z: 0.0004933702988602762
    w: 0.9986552266813009
---
header:
  stamp:
    sec: 1788575047
    nanosec: 816675000
  frame_id: default_cam
pose:
  position:
    x: -0.12164471840791721
    y: 0.050240966922772225
    z: -0.9912658371074196
  orientation:
    x: 0.04536801108801243
    y: -0.024254479966930156
    z: 0.0007004806086379716
    w: 0.9986756095441446
---
header:
  stamp:
    sec: 1788575047
    nanosec: 848679000
  frame_id: default_cam
pose:
  position:
    x: -0.12157864944438668
    y: 0.05026313621381123
    z: -0.9914569541205238
  orientation:
    x: 0.04641798710721205
    y: -0.025975907580777818
    z: 0.000523199786481246
    w: 0.9985841721959411
---
header:
  stamp:
    sec: 1788575047
    nanosec: 884678000
  frame_id: default_cam
pose:
  position:
    x: -0.12147827316059186
    y: 0.05025351341626608
    z: -0.9913569653135135
  orientation:
    x: 0.045276635745472714
    y: -0.025802175539312286
    z: -5.205023180110186e-05
    w: 0.9986412124901434
---
header:
  stamp:
    sec: 1788575047
    nanosec: 916685000
  frame_id: default_cam
pose:
  position:
    x: -0.12159817975545595
    y: 0.05034889621633008
    z: -0.9918210146494513
  orientation:
    x: 0.04605760032128941
    y: -0.025425629384859146
    z: 0.0004011710122825956
    w: 0.9986150779378644
---
header:
  stamp:
    sec: 1788575047
    nanosec: 948673000
  frame_id: default_cam
pose:
  position:
    x: -0.12163969444883774
    y: 0.05045323192522682
    z: -0.9917648116986001
  orientation:
    x: 0.047029008559485094
    y: -0.023030726668286292
    z: -0.0004045885304268224
    w: 0.9986279058243684
---
header:
  stamp:
    sec: 1788575047
    nanosec: 984686000
  frame_id: default_cam
pose:
  position:
    x: -0.12155812006649355
    y: 0.05055418781699081
    z: -0.9929996513519219
  orientation:
    x: 0.04650342665365456
    y: -0.023301363485724643
    z: 0.0002986188775902802
    w: 0.9986462780163656
---
header:
  stamp:
    sec: 1788575048
    nanosec: 16690000
  frame_id: default_cam
pose:
  position:
    x: -0.12152731287264062
    y: 0.050621269634157494
    z: -0.9923050882701497
  orientation:
    x: 0.047380782374670756
    y: -0.022525251776888425
    z: -0.0002823421381848245
    w: 0.998622849116156
---
header:
  stamp:
    sec: 1788575048
    nanosec: 48695000
  frame_id: default_cam
pose:
  position:
    x: -0.1217194976011946
    y: 0.051248980833821886
    z: -0.9940094457980625
  orientation:
    x: 0.04886432223487726
    y: -0.021198631670486644
    z: -0.0005305132844417776
    w: 0.9985802995170094
---
header:
  stamp:
    sec: 1788575048
    nanosec: 84695000
  frame_id: default_cam
pose:
  position:
    x: -0.12145164493052722
    y: 0.05144781994497636
    z: -0.9944890442610809
  orientation:
    x: 0.04485967429218219
    y: -0.022682992174315856
    z: -4.717966299764581e-05
    w: 0.9987357454614803
---
header:
  stamp:
    sec: 1788575048
    nanosec: 116699000
  frame_id: default_cam
pose:
  position:
    x: -0.12105759123237336
    y: 0.05144955822439089
    z: -0.9933220613038564
  orientation:
    x: 0.04526691129824729
    y: -0.021431670482577686
    z: -0.00013897824219875657
    w: 0.9987449979483707
---
header:
  stamp:
    sec: 1788575048
    nanosec: 148689000
  frame_id: default_cam
pose:
  position:
    x: -0.12061903302804816
    y: 0.05155101810008682
    z: -0.9932105926910193
  orientation:
    x: 0.0461404906769057
    y: -0.02306974960705086
    z: 0.00062828865055589
    w: 0.9986683368498943
---
header:
  stamp:
    sec: 1788575048
    nanosec: 184704000
  frame_id: default_cam
pose:
  position:
    x: -0.1201871129626371
    y: 0.05148521283679367
    z: -0.993053219614136
  orientation:
    x: 0.04529276375419422
    y: -0.022878287937143253
    z: 0.00014102971172583642
    w: 0.9987117349882259
---
header:
  stamp:
    sec: 1788575048
    nanosec: 216705000
  frame_id: default_cam
pose:
  position:
    x: -0.11994653781768175
    y: 0.05172336183909835
    z: -0.9940732383827572
  orientation:
    x: 0.04749347319798409
    y: -0.022990953147214357
    z: -0.00024172575938212923
    w: 0.9986068934498861
---
header:
  stamp:
    sec: 1788575048
    nanosec: 248709000
  frame_id: default_cam
pose:
  position:
    x: -0.11931044637695758
    y: 0.05164671368361469
    z: -0.9928327269250289
  orientation:
    x: 0.045496354649432
    y: -0.022589972277112274
    z: 0.00023373531276143442
    w: 0.9987090268110808
---
header:
  stamp:
    sec: 1788575048
    nanosec: 284710000
  frame_id: default_cam
pose:
  position:
    x: -0.11858374133425093
    y: 0.0516364708515402
    z: -0.991589120231456
  orientation:
    x: 0.045287836033854556
    y: -0.026680606734908057
    z: 0.00066961610437304
    w: 0.9986173985796065
---
header:
  stamp:
    sec: 1788575048
    nanosec: 316713000
  frame_id: default_cam
pose:
  position:
    x: -0.11845513928154815
    y: 0.051709938760710075
    z: -0.9927650834210104
  orientation:
    x: 0.04525258547398887
    y: -0.022800808847702813
    z: -0.0005401109548574493
    w: 0.9987151920862956
---
header:
  stamp:
    sec: 1788575048
    nanosec: 348705000
  frame_id: default_cam
pose:
  position:
    x: -0.11837549848014753
    y: 0.05175534497295372
    z: -0.9938537341452621
  orientation:
    x: 0.04568651167168453
    y: -0.021030157170855185
    z: -0.0004342286566273009
    w: 0.9987343423484124
---
header:
  stamp:
    sec: 1788575048
    nanosec: 384716000
  frame_id: default_cam
pose:
  position:
    x: -0.1176358682189374
    y: 0.051775468551808854
    z: -0.9927534515236832
  orientation:
    x: 0.04650691388165541
    y: -0.0244330506770401
    z: 0.0013974579638806298
    w: 0.998618135278474
---
header:
  stamp:
    sec: 1788575048
    nanosec: 416720000
  frame_id: default_cam
pose:
  position:
    x: -0.11728716790004734
    y: 0.05175574091433229
    z: -0.9924418546749108
  orientation:
    x: 0.04594882902998383
    y: -0.026435407418602456
    z: 0.001171761608575602
    w: 0.9985932612030378
---
header:
  stamp:
    sec: 1788575048
    nanosec: 448723000
  frame_id: default_cam
pose:
  position:
    x: -0.11704549604572563
    y: 0.051714238881014125
    z: -0.9930678309639375
  orientation:
    x: 0.04610725876642588
    y: -0.021484738300285768
    z: -0.0001094561899471304
    w: 0.9987054193948066
---
header:
  stamp:
    sec: 1788575048
    nanosec: 484727000
  frame_id: default_cam
pose:
  position:
    x: -0.11679991444318852
    y: 0.0517250806976066
    z: -0.9932621644130384
  orientation:
    x: 0.045581302152973194
    y: -0.021539590658902437
    z: -0.00045881940253575274
    w: 0.9987282815726419
---
header:
  stamp:
    sec: 1788575048
    nanosec: 516728000
  frame_id: default_cam
pose:
  position:
    x: -0.11629198343470279
    y: 0.051817263257930346
    z: -0.9934488555425182
  orientation:
    x: 0.04572543661998656
    y: -0.02369797914707788
    z: 0.00100014967000176
    w: 0.9986724137227853
---
header:
  stamp:
    sec: 1788575048
    nanosec: 548720000
  frame_id: default_cam
pose:
  position:
    x: -0.11524355405773944
    y: 0.05158046917132123
    z: -0.9906925124053582
  orientation:
    x: 0.04408247571999044
    y: -0.027131947742998416
    z: -0.0005802622051150789
    w: 0.998659229187735
---
header:
  stamp:
    sec: 1788575048
    nanosec: 584733000
  frame_id: default_cam
pose:
  position:
    x: -0.11515348419001821
    y: 0.051881651203475536
    z: -0.9923898784810536
  orientation:
    x: 0.04726270003488972
    y: -0.022317684226579183
    z: -0.0012519836026287845
    w: 0.9986323601272059
---
header:
  stamp:
    sec: 1788575048
    nanosec: 616736000
  frame_id: default_cam
pose:
  position:
    x: -0.11372596653867059
    y: 0.05187113041937145
    z: -0.9908721460285347
  orientation:
    x: 0.04585675324594913
    y: -0.026585165330175832
    z: -0.00046858389129724967
    w: 0.9985940955139101
---
header:
  stamp:
    sec: 1788575048
    nanosec: 684742000
  frame_id: default_cam
pose:
  position:
    x: -0.11205867413905207
    y: 0.05247593593808117
    z: -0.9923496841332047
  orientation:
    x: 0.04846669547192762
    y: -0.02198810242451731
    z: 0.00010281912092747052
    w: 0.9985827417946039
---
header:
  stamp:
    sec: 1788575048
    nanosec: 716742000
  frame_id: default_cam
pose:
  position:
    x: -0.11058899028384729
    y: 0.05267967960768449
    z: -0.9912112077465096
  orientation:
    x: 0.04368676740241732
    y: -0.025777682736266794
    z: 0.0018359680989184757
    w: 0.9987109725279958
---
header:
  stamp:
    sec: 1788575048
    nanosec: 748737000
  frame_id: default_cam
pose:
  position:
    x: -0.10931232100628914
    y: 0.05276583763557003
    z: -0.9900202300743166
  orientation:
    x: 0.04548078495775724
    y: -0.02392563981709898
    z: 0.0017388266211436944
    w: 0.9986771442468033
---
header:
  stamp:
    sec: 1788575048
    nanosec: 784748000
  frame_id: default_cam
pose:
  position:
    x: -0.10895993567709196
    y: 0.05304267640671582
    z: -0.9919005039202174
  orientation:
    x: 0.04369736882037899
    y: -0.020686796236791913
    z: 0.0005052835205599858
    w: 0.9988304866733879
---
header:
  stamp:
    sec: 1788575048
    nanosec: 816752000
  frame_id: default_cam
pose:
  position:
    x: -0.10788692755850793
    y: 0.05326262682106254
    z: -0.9929630946590537
  orientation:
    x: 0.04610551570161777
    y: -0.021472020884962063
    z: 0.001541370397591815
    w: 0.998704589915507
---
header:
  stamp:
    sec: 1788575048
    nanosec: 848755000
  frame_id: default_cam
pose:
  position:
    x: -0.1067163957590599
    y: 0.05316756330519497
    z: -0.9897649943224524
  orientation:
    x: 0.04659139170203514
    y: -0.025080714468521923
    z: 0.0012269489494640695
    w: 0.9985983649983068
---
header:
  stamp:
    sec: 1788575048
    nanosec: 884755000
  frame_id: default_cam
pose:
  position:
    x: -0.10610520077507107
    y: 0.05306438535387673
    z: -0.9907676545187681
  orientation:
    x: 0.04531063794169363
    y: -0.02412668541713788
    z: 0.001333527149899226
    w: 0.9986806651004313
---
header:
  stamp:
    sec: 1788575048
    nanosec: 916758000
  frame_id: default_cam
pose:
  position:
    x: -0.10547139874723252
    y: 0.05299726012317145
    z: -0.9901076786416837
  orientation:
    x: 0.04416523959754982
    y: -0.026278905693068948
    z: 0.0011850719896782393
    w: 0.9986778491241532
---
header:
  stamp:
    sec: 1788575048
    nanosec: 948752000
  frame_id: default_cam
pose:
  position:
    x: -0.10463828119398609
    y: 0.05300746199696785
    z: -0.9892051120728333
  orientation:
    x: 0.046159818654594405
    y: -0.02447072461730432
    z: 0.0013464574005455248
    w: 0.9986333871000647
---
header:
  stamp:
    sec: 1788575048
    nanosec: 984765000
  frame_id: default_cam
pose:
  position:
    x: -0.10443419749008481
    y: 0.05272884135050208
    z: -0.9907076875373366
  orientation:
    x: 0.042091870459352525
    y: -0.023960273727670203
    z: 0.0016105115040559405
    w: 0.9988251027966926
---
header:
  stamp:
    sec: 1788575049
    nanosec: 16767000
  frame_id: default_cam
pose:
  position:
    x: -0.10379641391260357
    y: 0.05240110789618396
    z: -0.9887240092751142
  orientation:
    x: 0.04392265782043053
    y: -0.026891378999417237
    z: 0.0011721734833644872
    w: 0.9986722584886515
---
header:
  stamp:
    sec: 1788575049
    nanosec: 48770000
  frame_id: default_cam
pose:
  position:
    x: -0.10308703767190774
    y: 0.051568777186621756
    z: -0.9862762680557972
  orientation:
    x: 0.04473605103981657
    y: -0.026704284010454847
    z: 0.0006656990017798061
    w: 0.9986416393269865
---
header:
  stamp:
    sec: 1788575049
    nanosec: 84772000
  frame_id: default_cam
pose:
  position:
    x: -0.10277515691201279
    y: 0.05139313507841359
    z: -0.986756976586179
  orientation:
    x: 0.04270245917181284
    y: -0.029652042327480633
    z: -0.0008276165332475355
    w: 0.9986473709059485
---
header:
  stamp:
    sec: 1788575049
    nanosec: 116774000
  frame_id: default_cam
pose:
  position:
    x: -0.10250842725316778
    y: 0.051190203096625905
    z: -0.9883868211259544
  orientation:
    x: 0.042353159758028315
    y: -0.026071320265587047
    z: -0.0008652326805385853
    w: 0.9987621075564134
---
header:
  stamp:
    sec: 1788575049
    nanosec: 148765000
  frame_id: default_cam
pose:
  position:
    x: -0.10144573639161254
    y: 0.05085140157355369
    z: -0.9864080535867372
  orientation:
    x: 0.04282618824350964
    y: -0.026542913834390294
    z: -0.0013180002602165366
    w: 0.998729019404676
---
header:
  stamp:
    sec: 1788575049
    nanosec: 184780000
  frame_id: default_cam
pose:
  position:
    x: -0.10120478352780801
    y: 0.05093671710251453
    z: -0.9882128079580861
  orientation:
    x: 0.041737737737810296
    y: -0.02598779797387388
    z: -0.001960544144586475
    w: 0.9987886422420191
---
header:
  stamp:
    sec: 1788575049
    nanosec: 216781000
  frame_id: default_cam
pose:
  position:
    x: -0.10089840388346728
    y: 0.05078880457904561
    z: -0.9877056604501911
  orientation:
    x: 0.039193631604154754
    y: -0.026941411364200585
    z: -0.0022113068829900055
    w: 0.998865921791935
---
header:
  stamp:
    sec: 1788575049
    nanosec: 248785000
  frame_id: default_cam
pose:
  position:
    x: -0.100031674181398
    y: 0.050699853563001274
    z: -0.9851651441659707
  orientation:
    x: 0.04087720403996336
    y: -0.029466062521674302
    z: -0.0019470758483837365
    w: 0.9987276977459796
---
header:
  stamp:
    sec: 1788575049
    nanosec: 284787000
  frame_id: default_cam
pose:
  position:
    x: -0.09978576546971518
    y: 0.05096293891171225
    z: -0.9878799140072344
  orientation:
    x: 0.041141531481058875
    y: -0.02792825990038344
    z: -0.0016942175185028826
    w: 0.9987614912046467
---
header:
  stamp:
    sec: 1788575049
    nanosec: 316789000
  frame_id: default_cam
pose:
  position:
    x: -0.09950083181854226
    y: 0.05095531011802769
    z: -0.9878786667929417
  orientation:
    x: 0.04038295842204385
    y: -0.02672085721043115
    z: -0.0022616251406479466
    w: 0.9988243576879503
---
header:
  stamp:
    sec: 1788575049
    nanosec: 348780000
  frame_id: default_cam
pose:
  position:
    x: -0.09866840896155095
    y: 0.051007251784020685
    z: -0.9865981011411344
  orientation:
    x: 0.03986684511548502
    y: -0.02934753080483732
    z: -0.0017002448257340407
    w: 0.9987724797288569
---
header:
  stamp:
    sec: 1788575049
    nanosec: 384795000
  frame_id: default_cam
pose:
  position:
    x: -0.0980999663171601
    y: 0.050874198235270465
    z: -0.9877516717164889
  orientation:
    x: 0.039520627857114445
    y: -0.02623623086116399
    z: -0.002388643068470074
    w: 0.9988714004056131
---
header:
  stamp:
    sec: 1788575049
    nanosec: 416796000
  frame_id: default_cam
pose:
  position:
    x: -0.09724578873864134
    y: 0.05057998894580022
    z: -0.9861482837672773
  orientation:
    x: 0.03891649861434012
    y: -0.027600153220590524
    z: -0.004066041756910082
    w: 0.9988529446230966
---
header:
  stamp:
    sec: 1788575049
    nanosec: 448798000
  frame_id: default_cam
pose:
  position:
    x: -0.09687443828452165
    y: 0.050554124361336314
    z: -0.9884403527025954
  orientation:
    x: 0.03634510716679417
    y: -0.024744059465497497
    z: -0.0037796803862668597
    w: 0.9990257647940717
---
header:
  stamp:
    sec: 1788575049
    nanosec: 484800000
  frame_id: default_cam
pose:
  position:
    x: -0.09629910831355053
    y: 0.0508410199810798
    z: -0.9889602680111769
  orientation:
    x: 0.03854771042648776
    y: -0.02712993674271511
    z: -0.004221709620281719
    w: 0.9988794810792211
---
header:
  stamp:
    sec: 1788575049
    nanosec: 516805000
  frame_id: default_cam
pose:
  position:
    x: -0.0954027822676855
    y: 0.05089683812958427
    z: -0.988791412158176
  orientation:
    x: 0.03918908074065967
    y: -0.02551210200284586
    z: -0.004417851657640608
    w: 0.9988963065247711
---
header:
  stamp:
    sec: 1788575049
    nanosec: 548795000
  frame_id: default_cam
pose:
  position:
    x: -0.09401953352786153
    y: 0.05082469851340436
    z: -0.98524471320728
  orientation:
    x: 0.03667220071733889
    y: -0.027577162336340333
    z: -0.004038890104825612
    w: 0.9989386053100278
---
header:
  stamp:
    sec: 1788575049
    nanosec: 584810000
  frame_id: default_cam
pose:
  position:
    x: -0.09326273913345912
    y: 0.051332696196333474
    z: -0.9878987053445393
  orientation:
    x: 0.03999652456636383
    y: -0.023778320633062105
    z: -0.0027730778909060977
    w: 0.9989129989791375
---
header:
  stamp:
    sec: 1788575049
    nanosec: 616811000
  frame_id: default_cam
pose:
  position:
    x: -0.09195326882549093
    y: 0.05162177622816723
    z: -0.9875118060327328
  orientation:
    x: 0.04039866678748332
    y: -0.022446701208798544
    z: -0.0020458382726115214
    w: 0.998929380823489
---
header:
  stamp:
    sec: 1788575049
    nanosec: 648813000
  frame_id: default_cam
pose:
  position:
    x: -0.09049342175732923
    y: 0.05178296135485013
    z: -0.9866119821588168
  orientation:
    x: 0.036651064482228074
    y: -0.023208578602735324
    z: -0.0030868819137587784
    w: 0.9990538186262093
---
header:
  stamp:
    sec: 1788575049
    nanosec: 684817000
  frame_id: default_cam
pose:
  position:
    x: -0.08915057223903133
    y: 0.05197154640104148
    z: -0.9869237391759937
  orientation:
    x: 0.0377440883378711
    y: -0.02696506051541933
    z: -0.0024130329163928647
    w: 0.9989206407813822
---
header:
  stamp:
    sec: 1788575049
    nanosec: 716819000
  frame_id: default_cam
pose:
  position:
    x: -0.08770147339765771
    y: 0.0520310264060127
    z: -0.9849435821440864
  orientation:
    x: 0.037540742981679955
    y: -0.025925465976297652
    z: -0.0012389802737806542
    w: 0.9989579709668353
---
header:
  stamp:
    sec: 1788575049
    nanosec: 784825000
  frame_id: default_cam
pose:
  position:
    x: -0.08594148370217067
    y: 0.05228353984219503
    z: -0.9873444421705834
  orientation:
    x: 0.040185586551931676
    y: -0.025299542322492173
    z: -0.0005640669826535343
    w: 0.998871730313852
---
header:
  stamp:
    sec: 1788575049
    nanosec: 816827000
  frame_id: default_cam
pose:
  position:
    x: -0.08514763887613835
    y: 0.051784161845559
    z: -0.9856972459080764
  orientation:
    x: 0.03677433268636962
    y: -0.02500208455201445
    z: -0.000775821782976851
    w: 0.9990104815887004
---
header:
  stamp:
    sec: 1788575049
    nanosec: 848829000
  frame_id: default_cam
pose:
  position:
    x: -0.08443221734270814
    y: 0.05172915669397648
    z: -0.9860157636521218
  orientation:
    x: 0.04161272529908324
    y: -0.026546328446062934
    z: -0.001650444606633547
    w: 0.9987797302567856
---
header:
  stamp:
    sec: 1788575049
    nanosec: 884833000
  frame_id: default_cam
pose:
  position:
    x: -0.08409627773125537
    y: 0.051566255233200936
    z: -0.9851995313981401
  orientation:
    x: 0.040732189242152606
    y: -0.026247374497157777
    z: -0.0013841813263233075
    w: 0.9988243329703193
---
header:
  stamp:
    sec: 1788575049
    nanosec: 916834000
  frame_id: default_cam
pose:
  position:
    x: -0.08368377141506224
    y: 0.051595710917788286
    z: -0.987554428899006
  orientation:
    x: 0.042297284226748395
    y: -0.029673177150037016
    z: -0.0012257234132620881
    w: 0.9986635769401918
---
header:
  stamp:
    sec: 1788575049
    nanosec: 948824000
  frame_id: default_cam
pose:
  position:
    x: -0.0827845501495934
    y: 0.05119281879120398
    z: -0.9835348894875038
  orientation:
    x: 0.04178814640193596
    y: -0.028422976515833736
    z: -0.0020068437363230506
    w: 0.9987201098428372
---
header:
  stamp:
    sec: 1788575049
    nanosec: 984841000
  frame_id: default_cam
pose:
  position:
    x: -0.08275506394704783
    y: 0.051354293178558386
    z: -0.9851181286125089
  orientation:
    x: 0.04256830016699625
    y: -0.029947455220751314
    z: -0.0019974468946467004
    w: 0.9986426287479403
---
header:
  stamp:
    sec: 1788575050
    nanosec: 16844000
  frame_id: default_cam
pose:
  position:
    x: -0.08226281848261181
    y: 0.05128403801807535
    z: -0.9863361681046383
  orientation:
    x: 0.0398095970586547
    y: -0.028053359111381612
    z: -0.001868956841817648
    w: 0.9988116499245084
---
header:
  stamp:
    sec: 1788575050
    nanosec: 48844000
  frame_id: default_cam
pose:
  position:
    x: -0.08138826774045267
    y: 0.0510041688470871
    z: -0.9836951828158527
  orientation:
    x: 0.04083704432685209
    y: -0.029003914900132287
    z: -0.003195350195094864
    w: 0.9987396549993613
---
header:
  stamp:
    sec: 1788575050
    nanosec: 84847000
  frame_id: default_cam
pose:
  position:
    x: -0.08108448875940219
    y: 0.051293984593041166
    z: -0.9845645671854307
  orientation:
    x: 0.04061107654747232
    y: -0.026379430453676283
    z: -0.0027299916114920776
    w: 0.9988230139801526
---
header:
  stamp:
    sec: 1788575050
    nanosec: 116849000
  frame_id: default_cam
pose:
  position:
    x: -0.08000635789475435
    y: 0.051472846991176276
    z: -0.9855008087814715
  orientation:
    x: 0.043363589279740246
    y: -0.029165855237035933
    z: -0.0036105218822004162
    w: 0.9986270155292257
---
header:
  stamp:
    sec: 1788575050
    nanosec: 184859000
  frame_id: default_cam
pose:
  position:
    x: -0.07830166985334379
    y: 0.05178853073414677
    z: -0.9846976920339113
  orientation:
    x: 0.0367859762943688
    y: -0.02697008611695813
    z: -0.002981821764013327
    w: 0.9989547112566624
---
header:
  stamp:
    sec: 1788575050
    nanosec: 216857000
  frame_id: default_cam
pose:
  position:
    x: -0.07758383322352377
    y: 0.0521998703108426
    z: -0.9865589621980544
  orientation:
    x: 0.03787619723255732
    y: -0.02728746590606464
    z: -0.002406791785501597
    w: 0.9989069001868628
---
header:
  stamp:
    sec: 1788575050
    nanosec: 248859000
  frame_id: default_cam
pose:
  position:
    x: -0.07662785592174513
    y: 0.0525012768969766
    z: -0.9855805929328276
  orientation:
    x: 0.04339966109490304
    y: -0.027812656904827638
    z: -0.0017620434844042117
    w: 0.9986690246200194
---
header:
  stamp:
    sec: 1788575050
    nanosec: 284861000
  frame_id: default_cam
pose:
  position:
    x: -0.07560452645518852
    y: 0.05256807355671213
    z: -0.984628914699317
  orientation:
    x: 0.041005030032978555
    y: -0.02951767785560643
    z: -0.0012082220392962064
    w: 0.9987221006894315
---
header:
  stamp:
    sec: 1788575050
    nanosec: 316863000
  frame_id: default_cam
pose:
  position:
    x: -0.07488413827454686
    y: 0.053053114177732945
    z: -0.9867064474262487
  orientation:
    x: 0.0447740437060028
    y: -0.025085597331163247
    z: -0.0005780294145910738
    w: 0.998681963238922
---
header:
  stamp:
    sec: 1788575050
    nanosec: 348858000
  frame_id: default_cam
pose:
  position:
    x: -0.0738957013353831
    y: 0.05297999419885972
    z: -0.9839978888332108
  orientation:
    x: 0.04246160784256559
    y: -0.026047677151115445
    z: -0.0004270286710219524
    w: 0.9987584032292142
---
header:
  stamp:
    sec: 1788575050
    nanosec: 384873000
  frame_id: default_cam
pose:
  position:
    x: -0.07337944451895717
    y: 0.053408573426993906
    z: -0.9854432818882921
  orientation:
    x: 0.04329282140806993
    y: -0.024992188896651484
    z: 0.000643876085507836
    w: 0.9987495719810194
---
header:
  stamp:
    sec: 1788575050
    nanosec: 416870000
  frame_id: default_cam
pose:
  position:
    x: -0.07301677126876896
    y: 0.053724807419004504
    z: -0.9862598001977414
  orientation:
    x: 0.040925372737978555
    y: -0.021618356227898844
    z: 0.0011917896043382944
    w: 0.9989275950627253
---
header:
  stamp:
    sec: 1788575050
    nanosec: 448873000
  frame_id: default_cam
pose:
  position:
    x: -0.07218466407067438
    y: 0.05369678093930072
    z: -0.9844900056283387
  orientation:
    x: 0.038886104605457376
    y: -0.023841473445892943
    z: 0.0006778391051781919
    w: 0.9989589558869222
---
header:
  stamp:
    sec: 1788575050
    nanosec: 484876000
  frame_id: default_cam
pose:
  position:
    x: -0.0718239011798506
    y: 0.05369458876156651
    z: -0.9850946308976716
  orientation:
    x: 0.03775437000198601
    y: -0.024747992210434305
    z: 0.0011078613080644818
    w: 0.9989799382723497
---
header:
  stamp:
    sec: 1788575050
    nanosec: 516878000
  frame_id: default_cam
pose:
  position:
    x: -0.07149772512190186
    y: 0.05351601054663266
    z: -0.9850823273843836
  orientation:
    x: 0.0386168666242944
    y: -0.024322174952427583
    z: 0.00010598684899584323
    w: 0.9989580362480163
---
header:
  stamp:
    sec: 1788575050
    nanosec: 548873000
  frame_id: default_cam
pose:
  position:
    x: -0.07080357711774217
    y: 0.053452076204755304
    z: -0.9840837829355323
  orientation:
    x: 0.03896903264172203
    y: -0.026066539171538946
    z: -8.259942991008473e-05
    w: 0.9989003670076017
---
header:
  stamp:
    sec: 1788575050
    nanosec: 584885000
  frame_id: default_cam
pose:
  position:
    x: -0.07044188920007394
    y: 0.053400358527324394
    z: -0.9837914031645827
  orientation:
    x: 0.03647741136704799
    y: -0.0241047340106833
    z: -0.000287771443019356
    w: 0.9990436814503307
---
header:
  stamp:
    sec: 1788575050
    nanosec: 616888000
  frame_id: default_cam
pose:
  position:
    x: -0.07024951600765798
    y: 0.05363035210166205
    z: -0.9856353782433341
  orientation:
    x: 0.037507844709356634
    y: -0.025405448765623773
    z: 0.001408260166002976
    w: 0.9989723427410695
---
header:
  stamp:
    sec: 1788575050
    nanosec: 648891000
  frame_id: default_cam
pose:
  position:
    x: -0.06988659101542462
    y: 0.053929655610399224
    z: -0.9849862926834175
  orientation:
    x: 0.038455209388619786
    y: -0.024657467137901068
    z: 0.002172039412838822
    w: 0.9989536968398535
---
header:
  stamp:
    sec: 1788575050
    nanosec: 684895000
  frame_id: default_cam
pose:
  position:
    x: -0.06916236440146283
    y: 0.05429318615711904
    z: -0.9844371321239372
  orientation:
    x: 0.04081139564601532
    y: -0.024903346814051316
    z: 0.003339731534824292
    w: 0.9988508895206325
---
header:
  stamp:
    sec: 1788575050
    nanosec: 716896000
  frame_id: default_cam
pose:
  position:
    x: -0.0687270909686832
    y: 0.055058621542015344
    z: -0.9851566342056237
  orientation:
    x: 0.03648739497116515
    y: -0.02623026163933393
    z: 0.002439834705363937
    w: 0.9989868320399228
---
header:
  stamp:
    sec: 1788575050
    nanosec: 748887000
  frame_id: default_cam
pose:
  position:
    x: -0.0677079293189878
    y: 0.0552721973329296
    z: -0.9823658023824592
  orientation:
    x: 0.037939313648468566
    y: -0.02569969157954617
    z: 0.003923128084008916
    w: 0.9989418118182039
---
header:
  stamp:
    sec: 1788575050
    nanosec: 784901000
  frame_id: default_cam
pose:
  position:
    x: -0.06715052060726064
    y: 0.05581820683455911
    z: -0.9825704079143445
  orientation:
    x: 0.034484401002520565
    y: -0.024720948968289455
    z: 0.004059111525907719
    w: 0.9990911992321946
---
header:
  stamp:
    sec: 1788575050
    nanosec: 816901000
  frame_id: default_cam
pose:
  position:
    x: -0.06604387829084032
    y: 0.05590476033277875
    z: -0.9793761514864454
  orientation:
    x: 0.03576078391902777
    y: -0.02513040186678777
    z: 0.004932493652351346
    w: 0.999032181534649
---
header:
  stamp:
    sec: 1788575050
    nanosec: 848905000
  frame_id: default_cam
pose:
  position:
    x: -0.06565849100936483
    y: 0.05643360644171431
    z: -0.9832899882622184
  orientation:
    x: 0.0369934634746233
    y: -0.026830543161752738
    z: 0.003978134469397528
    w: 0.9989473359791998
---
header:
  stamp:
    sec: 1788575050
    nanosec: 884907000
  frame_id: default_cam
pose:
  position:
    x: -0.06487584328767351
    y: 0.056493727661394454
    z: -0.9829189351680989
  orientation:
    x: 0.0377627407636834
    y: -0.023795599585728345
    z: 0.0050409552566027275
    w: 0.9989906574240178
---
header:
  stamp:
    sec: 1788575050
    nanosec: 916911000
  frame_id: default_cam
pose:
  position:
    x: -0.0642885131621557
    y: 0.056158621190673184
    z: -0.9811188323775469
  orientation:
    x: 0.03587145238480846
    y: -0.02493816433533137
    z: 0.005536242597928339
    w: 0.9990298678624605
---
header:
  stamp:
    sec: 1788575050
    nanosec: 948902000
  frame_id: default_cam
pose:
  position:
    x: -0.06406586812510152
    y: 0.05642657386833987
    z: -0.982727415958285
  orientation:
    x: 0.03638616575065477
    y: -0.02695209374187856
    z: 0.004194034794517028
    w: 0.9989654857186194
---
header:
  stamp:
    sec: 1788575050
    nanosec: 984919000
  frame_id: default_cam
pose:
  position:
    x: -0.06404285220390249
    y: 0.056540827265062855
    z: -0.9845188124255906
  orientation:
    x: 0.035874970694273395
    y: -0.024676046726920295
    z: 0.004365552115184793
    w: 0.999042051742741
---
header:
  stamp:
    sec: 1788575051
    nanosec: 16917000
  frame_id: default_cam
pose:
  position:
    x: -0.06376590668491842
    y: 0.05636383734374935
    z: -0.9834474358069343
  orientation:
    x: 0.035310328955054926
    y: -0.0227443529989236
    z: 0.004518601247695567
    w: 0.9991073302295957
---
header:
  stamp:
    sec: 1788575051
    nanosec: 48919000
  frame_id: default_cam
pose:
  position:
    x: -0.06350171984666901
    y: 0.05643972472401268
    z: -0.9823073318191844
  orientation:
    x: 0.03506881017959955
    y: -0.0210650456028095
    z: 0.005023316530236344
    w: 0.999150243305468
---
header:
  stamp:
    sec: 1788575051
    nanosec: 84922000
  frame_id: default_cam
pose:
  position:
    x: -0.0634681299282806
    y: 0.056843334475110224
    z: -0.9837234481879967
  orientation:
    x: 0.037217572542038974
    y: -0.021355653572389253
    z: 0.005288424863562302
    w: 0.9990649733210731
---
header:
  stamp:
    sec: 1788575051
    nanosec: 116926000
  frame_id: default_cam
pose:
  position:
    x: -0.06351998117249806
    y: 0.05690076017048359
    z: -0.9836163978524105
  orientation:
    x: 0.03421381113183509
    y: -0.019863541606317998
    z: 0.004741715331667778
    w: 0.9992058701681064
---
header:
  stamp:
    sec: 1788575051
    nanosec: 148918000
  frame_id: default_cam
pose:
  position:
    x: -0.063087587797408
    y: 0.05689808881311962
    z: -0.9815686824661632
  orientation:
    x: 0.03112967407242791
    y: -0.020784329549325554
    z: 0.005778007670447711
    w: 0.9992825274489141
---
header:
  stamp:
    sec: 1788575051
    nanosec: 184930000
  frame_id: default_cam
pose:
  position:
    x: -0.06296950895571872
    y: 0.05696674223079164
    z: -0.9820128049830001
  orientation:
    x: 0.03141674629154675
    y: -0.022072122980326236
    z: 0.006975129606508735
    w: 0.9992382884010031
---
header:
  stamp:
    sec: 1788575051
    nanosec: 216932000
  frame_id: default_cam
pose:
  position:
    x: -0.06292402429499866
    y: 0.05696935728653695
    z: -0.9817622078366947
  orientation:
    x: 0.03152110292899649
    y: -0.02230105276185253
    z: 0.006800008985936871
    w: 0.9992311259131412
---
header:
  stamp:
    sec: 1788575051
    nanosec: 248936000
  frame_id: default_cam
pose:
  position:
    x: -0.06292685693153256
    y: 0.0569585347576719
    z: -0.9815729533417457
  orientation:
    x: 0.03002158415141274
    y: -0.023164023830301132
    z: 0.006750125261957015
    w: 0.999258008871571
---
header:
  stamp:
    sec: 1788575051
    nanosec: 284937000
  frame_id: default_cam
pose:
  position:
    x: -0.06294630563987137
    y: 0.0571070279705859
    z: -0.9807264109625445
  orientation:
    x: 0.031148397639789605
    y: -0.02321621861005033
    z: 0.006731483125897031
    w: 0.9992224335216107
---
header:
  stamp:
    sec: 1788575051
    nanosec: 316941000
  frame_id: default_cam
pose:
  position:
    x: -0.06290386599841064
    y: 0.05714246894034848
    z: -0.9802382127792524
  orientation:
    x: 0.03106583208404377
    y: -0.022661215272850473
    z: 0.00673998831570906
    w: 0.9992376874181575
---
header:
  stamp:
    sec: 1788575051
    nanosec: 348931000
  frame_id: default_cam
pose:
  position:
    x: -0.06285551667555794
    y: 0.05739656657411283
    z: -0.9814851414876447
  orientation:
    x: 0.03286024661901355
    y: -0.024057069503249637
    z: 0.006254624219214149
    w: 0.9991508100757012
---
header:
  stamp:
    sec: 1788575051
    nanosec: 384946000
  frame_id: default_cam
pose:
  position:
    x: -0.06279486656671873
    y: 0.057453448690729485
    z: -0.9816436133159295
  orientation:
    x: 0.0333049759126707
    y: -0.02469720173395245
    z: 0.0064953358424640895
    w: 0.9991189305674587
---
header:
  stamp:
    sec: 1788575051
    nanosec: 416949000
  frame_id: default_cam
pose:
  position:
    x: -0.06291079342531572
    y: 0.0573680122773411
    z: -0.9822062138553603
  orientation:
    x: 0.03213902823957537
    y: -0.02388731817191739
    z: 0.006249463113661324
    w: 0.999178374017953
---
header:
  stamp:
    sec: 1788575051
    nanosec: 448951000
  frame_id: default_cam
pose:
  position:
    x: -0.06262574567580227
    y: 0.05735484780083499
    z: -0.9852524280363268
  orientation:
    x: 0.030185122385654416
    y: -0.020845113148194396
    z: 0.006227705324226097
    w: 0.9993075379135277
---
header:
  stamp:
    sec: 1788575051
    nanosec: 484953000
  frame_id: default_cam
pose:
  position:
    x: -0.062367665422827304
    y: 0.05695260695669621
    z: -0.9856025252675485
  orientation:
    x: 0.027194724608665875
    y: -0.01857477459041594
    z: 0.005612525471429544
    w: 0.9994418063400222
---
header:
  stamp:
    sec: 1788575051
    nanosec: 516954000
  frame_id: default_cam
pose:
  position:
    x: -0.06190084769621373
    y: 0.056764819211661294
    z: -0.9848635857824836
  orientation:
    x: 0.028021780975092427
    y: -0.018593757120632277
    z: 0.006586230678645013
    w: 0.9994126642946699
---
header:
  stamp:
    sec: 1788575051
    nanosec: 548959000
  frame_id: default_cam
pose:
  position:
    x: -0.06155031194945653
    y: 0.05650143094635181
    z: -0.9844791827816571
  orientation:
    x: 0.02613950901430502
    y: -0.016224321655807058
    z: 0.006265085111706335
    w: 0.9995070015581897
---
header:
  stamp:
    sec: 1788575051
    nanosec: 584961000
  frame_id: default_cam
pose:
  position:
    x: -0.061135778860701304
    y: 0.056796426586492456
    z: -0.9846419824546319
  orientation:
    x: 0.02715685255771403
    y: -0.016888615846730563
    z: 0.006731291001030029
    w: 0.999465842205425
---
header:
  stamp:
    sec: 1788575051
    nanosec: 616962000
  frame_id: default_cam
pose:
  position:
    x: -0.060962482652448365
    y: 0.05734614599993155
    z: -0.9868151700552179
  orientation:
    x: 0.029915481177097806
    y: -0.018688887511813523
    z: 0.006325018756116477
    w: 0.9993576855196783
---
header:
  stamp:
    sec: 1788575051
    nanosec: 648965000
  frame_id: default_cam
pose:
  position:
    x: -0.06023511203386014
    y: 0.057631726018672474
    z: -0.9849964953239373
  orientation:
    x: 0.023661345691893147
    y: -0.017693515497460982
    z: 0.006914257953487836
    w: 0.999539530617145
---
header:
  stamp:
    sec: 1788575051
    nanosec: 684966000
  frame_id: default_cam
pose:
  position:
    x: -0.05974843590702351
    y: 0.05832649675513377
    z: -0.9873804576503992
  orientation:
    x: 0.025594853837850012
    y: -0.017078629625008102
    z: 0.006679021656217485
    w: 0.9995041843518548
---
header:
  stamp:
    sec: 1788575051
    nanosec: 716969000
  frame_id: default_cam
pose:
  position:
    x: -0.05897785396858039
    y: 0.05893102569715676
    z: -0.9887267025896326
  orientation:
    x: 0.026810559471739718
    y: -0.01800182231084711
    z: 0.007597020092905469
    w: 0.9994495552953181
---
header:
  stamp:
    sec: 1788575051
    nanosec: 748973000
  frame_id: default_cam
pose:
  position:
    x: -0.057958124741801224
    y: 0.05937026922931243
    z: -0.9857191636286712
  orientation:
    x: 0.02360585963494516
    y: -0.0165173370398728
    z: 0.00875218511181681
    w: 0.9995465673112859
---
header:
  stamp:
    sec: 1788575051
    nanosec: 784976000
  frame_id: default_cam
pose:
  position:
    x: -0.056754959833601855
    y: 0.0597418107411234
    z: -0.9847176293810647
  orientation:
    x: 0.02635160254654753
    y: -0.016018264294118068
    z: 0.009642763499737701
    w: 0.9994778763756208
---
header:
  stamp:
    sec: 1788575051
    nanosec: 816981000
  frame_id: default_cam
pose:
  position:
    x: -0.055693662402206995
    y: 0.06011634796786106
    z: -0.9868548465354858
  orientation:
    x: 0.02640117703121783
    y: -0.017423969464597403
    z: 0.010324321872649148
    w: 0.9994462424349461
---
header:
  stamp:
    sec: 1788575051
    nanosec: 848979000
  frame_id: default_cam
pose:
  position:
    x: -0.05491970952244336
    y: 0.05994178266570282
    z: -0.9863336241658702
  orientation:
    x: 0.02514253822608117
    y: -0.018711268958504876
    z: 0.011283606993724314
    w: 0.9994450567183389
---
header:
  stamp:
    sec: 1788575051
    nanosec: 884984000
  frame_id: default_cam
pose:
  position:
    x: -0.05358017760171061
    y: 0.059897703346349494
    z: -0.9849769893512992
  orientation:
    x: 0.02592402026802079
    y: -0.018416766058954658
    z: 0.010964690527515423
    w: 0.9994341116165232
---
header:
  stamp:
    sec: 1788575051
    nanosec: 916985000
  frame_id: default_cam
pose:
  position:
    x: -0.05299655390477177
    y: 0.05993499627635944
    z: -0.9858679797745268
  orientation:
    x: 0.024117238805358213
    y: -0.017703767282009265
    z: 0.01096569999763438
    w: 0.9994922154974454
---
header:
  stamp:
    sec: 1788575051
    nanosec: 948987000
  frame_id: default_cam
pose:
  position:
    x: -0.052144894503668535
    y: 0.060131992033921125
    z: -0.9867963105328752
  orientation:
    x: 0.021927965689275044
    y: -0.019210653490921863
    z: 0.011159645796283722
    w: 0.9995126699641597
---
header:
  stamp:
    sec: 1788575051
    nanosec: 984991000
  frame_id: default_cam
pose:
  position:
    x: -0.05184098215028651
    y: 0.06009548536063977
    z: -0.9866004111624395
  orientation:
    x: 0.018577675466457003
    y: -0.015464106850907038
    z: 0.011839390520215813
    w: 0.9996377144774383
---
header:
  stamp:
    sec: 1788575052
    nanosec: 16993000
  frame_id: default_cam
pose:
  position:
    x: -0.05092790489801503
    y: 0.060094399804191595
    z: -0.9848433015137709
  orientation:
    x: 0.01697987638142023
    y: -0.016875162765325788
    z: 0.010908824187111801
    w: 0.9996538952230267
---
header:
  stamp:
    sec: 1788575052
    nanosec: 48996000
  frame_id: default_cam
pose:
  position:
    x: -0.05051970635930503
    y: 0.060084195395752917
    z: -0.9865226842965557
  orientation:
    x: 0.017290780571564673
    y: -0.016896498133937402
    z: 0.011248129059640856
    w: 0.9996444452157445
---
header:
  stamp:
    sec: 1788575052
    nanosec: 84999000
  frame_id: default_cam
pose:
  position:
    x: -0.050299235107362
    y: 0.06007107142623209
    z: -0.9874220410543532
  orientation:
    x: 0.01697955780608
    y: -0.013994787845725314
    z: 0.011521118534476672
    w: 0.9996915045940811
---
header:
  stamp:
    sec: 1788575052
    nanosec: 117000000
  frame_id: default_cam
pose:
  position:
    x: -0.05018502581944156
    y: 0.060163078191003166
    z: -0.9895908299010844
  orientation:
    x: 0.020141368734561894
    y: -0.012935014599416289
    z: 0.010771007268733798
    w: 0.9996554386713595
---
header:
  stamp:
    sec: 1788575052
    nanosec: 149005000
  frame_id: default_cam
pose:
  position:
    x: -0.04989370341072623
    y: 0.06028152608844492
    z: -0.9921338967515607
  orientation:
    x: 0.02206260043957738
    y: -0.01683468239757542
    z: 0.010818599518810618
    w: 0.9995562980817378
---
header:
  stamp:
    sec: 1788575052
    nanosec: 185010000
  frame_id: default_cam
pose:
  position:
    x: -0.04954654352476953
    y: 0.05989053285325962
    z: -0.9892187733062783
  orientation:
    x: 0.020124862847385763
    y: -0.018479233839921082
    z: 0.010076798694332261
    w: 0.9995758930367105
---
header:
  stamp:
    sec: 1788575052
    nanosec: 217006000
  frame_id: default_cam
pose:
  position:
    x: -0.049045295901236796
    y: 0.05974028898288559
    z: -0.9869849854972624
  orientation:
    x: 0.020723914226306754
    y: -0.01942832419745075
    z: 0.010661829626937193
    w: 0.9995395865032188
---
header:
  stamp:
    sec: 1788575052
    nanosec: 249011000
  frame_id: default_cam
pose:
  position:
    x: -0.04883336968698069
    y: 0.05964049295259044
    z: -0.9865887575828891
  orientation:
    x: 0.017556145962934783
    y: -0.016142997378835778
    z: 0.009492899650569818
    w: 0.9996704808239459
---
header:
  stamp:
    sec: 1788575052
    nanosec: 285012000
  frame_id: default_cam
pose:
  position:
    x: -0.048088825478183515
    y: 0.05991901040611312
    z: -0.9887609790727763
  orientation:
    x: 0.013744712445761097
    y: -0.017311750461121805
    z: 0.00966945934886148
    w: 0.9997089014966587
---
header:
  stamp:
    sec: 1788575052
    nanosec: 317015000
  frame_id: default_cam
pose:
  position:
    x: -0.0472489194532345
    y: 0.059663237094889264
    z: -0.9857871732337542
  orientation:
    x: 0.014525262990627615
    y: -0.0160152072879028
    z: 0.009297981745284574
    w: 0.9997230003386153
---
header:
  stamp:
    sec: 1788575052
    nanosec: 349018000
  frame_id: default_cam
pose:
  position:
    x: -0.04652235078166416
    y: 0.0599836623367021
    z: -0.9887740285767668
  orientation:
    x: 0.012821069097277643
    y: -0.018241472419460666
    z: 0.009234888840139984
    w: 0.9997087504364874
---
header:
  stamp:
    sec: 1788575052
    nanosec: 385024000
  frame_id: default_cam
pose:
  position:
    x: -0.045673405190528926
    y: 0.059927633520042864
    z: -0.9867202920275087
  orientation:
    x: 0.014170665597473632
    y: -0.012564894014726729
    z: 0.010798494369632032
    w: 0.999762325852636
---
header:
  stamp:
    sec: 1788575052
    nanosec: 417024000
  frame_id: default_cam
pose:
  position:
    x: -0.04453936388655792
    y: 0.06018749405968745
    z: -0.9877067920201192
  orientation:
    x: 0.015326825723405322
    y: -0.012674928127478753
    z: 0.010744427298272113
    w: 0.9997444632966165
---
header:
  stamp:
    sec: 1788575052
    nanosec: 449027000
  frame_id: default_cam
pose:
  position:
    x: -0.04367874434104532
    y: 0.06041825388909866
    z: -0.991104297730756
  orientation:
    x: 0.01291105367310288
    y: -0.012398717215744235
    z: 0.00994634219928082
    w: 0.9997903014039039
---
header:
  stamp:
    sec: 1788575052
    nanosec: 485028000
  frame_id: default_cam
pose:
  position:
    x: -0.04246357414319206
    y: 0.060308689955494724
    z: -0.9895348110760668
  orientation:
    x: 0.013726045607617591
    y: -0.00915888705211233
    z: 0.010486700437235848
    w: 0.9998088515180709
---
header:
  stamp:
    sec: 1788575052
    nanosec: 517032000
  frame_id: default_cam
pose:
  position:
    x: -0.041387349010581914
    y: 0.06013589536192562
    z: -0.988332919731939
  orientation:
    x: 0.015097068647081654
    y: -0.010876444362571703
    z: 0.011081696828968373
    w: 0.9997654612316251
---
header:
  stamp:
    sec: 1788575052
    nanosec: 549038000
  frame_id: default_cam
pose:
  position:
    x: -0.04056407496371341
    y: 0.06030919111484627
    z: -0.9924105036823889
  orientation:
    x: 0.014264584544279325
    y: -0.008182182068683846
    z: 0.010692818666234661
    w: 0.9998076000678056
---
header:
  stamp:
    sec: 1788575052
    nanosec: 585038000
  frame_id: default_cam
pose:
  position:
    x: -0.04004682327117298
    y: 0.060137428767112366
    z: -0.9900640281915986
  orientation:
    x: 0.014006952356724146
    y: -0.010413482692848608
    z: 0.010819347860146926
    w: 0.9997891309550047
---
header:
  stamp:
    sec: 1788575052
    nanosec: 617037000
  frame_id: default_cam
pose:
  position:
    x: -0.0393053100425388
    y: 0.060014751017903795
    z: -0.9883820345972597
  orientation:
    x: 0.016428212343656833
    y: -0.010672738747407129
    z: 0.011381497374696325
    w: 0.9997433010549913
---
header:
  stamp:
    sec: 1788575052
    nanosec: 649043000
  frame_id: default_cam
pose:
  position:
    x: -0.03903219577507693
    y: 0.06052186049741182
    z: -0.9929973667617443
  orientation:
    x: 0.015982661815484387
    y: -0.009077999799753664
    z: 0.010280058431191197
    w: 0.9997782078239047
---
header:
  stamp:
    sec: 1788575052
    nanosec: 685043000
  frame_id: default_cam
pose:
  position:
    x: -0.03850047216163601
    y: 0.060317088012157495
    z: -0.9893003223472695
  orientation:
    x: 0.015401635332627171
    y: -0.011638358204593448
    z: 0.01148661492920422
    w: 0.9997476661262333
---
header:
  stamp:
    sec: 1788575052
    nanosec: 717046000
  frame_id: default_cam
pose:
  position:
    x: -0.03834832514604984
    y: 0.06017780483053454
    z: -0.9883949076050261
  orientation:
    x: 0.01531239030905538
    y: -0.011846242191003466
    z: 0.01110864158712369
    w: 0.9997508666318144
---
header:
  stamp:
    sec: 1788575052
    nanosec: 749049000
  frame_id: default_cam
pose:
  position:
    x: -0.038041513958767516
    y: 0.059846421150424454
    z: -0.9887744289479705
  orientation:
    x: 0.013748758501917313
    y: -0.01083598707841221
    z: 0.011495678351226488
    w: 0.9997806771502126
---
header:
  stamp:
    sec: 1788575052
    nanosec: 785052000
  frame_id: default_cam
pose:
  position:
    x: -0.03788656854603463
    y: 0.05950963177798839
    z: -0.990868106491621
  orientation:
    x: 0.016994667231781613
    y: -0.011146768997680304
    z: 0.011972906138001645
    w: 0.9997217514614773
---
header:
  stamp:
    sec: 1788575052
    nanosec: 817052000
  frame_id: default_cam
pose:
  position:
    x: -0.037750256094410795
    y: 0.058960278916124105
    z: -0.9904646332602313
  orientation:
    x: 0.015606397815930144
    y: -0.005681512361922539
    z: 0.01032540180544161
    w: 0.9998087551337248
---
header:
  stamp:
    sec: 1788575052
    nanosec: 849057000
  frame_id: default_cam
pose:
  position:
    x: -0.03755784566097739
    y: 0.05880500480110873
    z: -0.9926166583597787
  orientation:
    x: 0.013538517553970028
    y: -0.008803528072115886
    z: 0.009964863953152736
    w: 0.9998199377499528
---
header:
  stamp:
    sec: 1788575052
    nanosec: 885059000
  frame_id: default_cam
pose:
  position:
    x: -0.037317980050678046
    y: 0.05869237100292159
    z: -0.9923972192763758
  orientation:
    x: 0.013593512766471616
    y: -0.010255248397556234
    z: 0.009992456949951808
    w: 0.999805079550547
---
header:
  stamp:
    sec: 1788575052
    nanosec: 917062000
  frame_id: default_cam
pose:
  position:
    x: -0.03709322252035649
    y: 0.058520206010399464
    z: -0.9911807015516744
  orientation:
    x: 0.011806070021300847
    y: -0.009062591919697164
    z: 0.009770231329572235
    w: 0.999841501798218
---
header:
  stamp:
    sec: 1788575052
    nanosec: 949066000
  frame_id: default_cam
pose:
  position:
    x: -0.036612520530717986
    y: 0.05822403948513856
    z: -0.9873714026263039
  orientation:
    x: 0.013640599135076203
    y: -0.008123169687358945
    z: 0.010224453591156365
    w: 0.9998216884616121
---
header:
  stamp:
    sec: 1788575052
    nanosec: 985069000
  frame_id: default_cam
pose:
  position:
    x: -0.035961209406980804
    y: 0.05855219022288617
    z: -0.9907417233933996
  orientation:
    x: 0.01229096086313686
    y: -0.009270327178339657
    z: 0.009794990897857118
    w: 0.9998335118750413
---
header:
  stamp:
    sec: 1788575053
    nanosec: 17071000
  frame_id: default_cam
pose:
  position:
    x: -0.0353917213707731
    y: 0.05839159085749348
    z: -0.9898014550439924
  orientation:
    x: 0.01504378270923335
    y: -0.008967653727046696
    z: 0.009517940732193027
    w: 0.9998013175589676
---
header:
  stamp:
    sec: 1788575053
    nanosec: 49074000
  frame_id: default_cam
pose:
  position:
    x: -0.03473120449492587
    y: 0.05815124302839649
    z: -0.9893797388759212
  orientation:
    x: 0.016874239324739825
    y: -0.006759054225747879
    z: 0.009664260831179798
    w: 0.9997880661899159
---
header:
  stamp:
    sec: 1788575053
    nanosec: 85074000
  frame_id: default_cam
pose:
  position:
    x: -0.034304250038267974
    y: 0.05806480448840835
    z: -0.9928072584684173
  orientation:
    x: 0.016148200769104743
    y: -0.004467582626949823
    z: 0.009127778248665145
    w: 0.9998179634221598
---
header:
  stamp:
    sec: 1788575053
    nanosec: 149082000
  frame_id: default_cam
pose:
  position:
    x: -0.03327159925806072
    y: 0.057154898647223285
    z: -0.9882625442246418
  orientation:
    x: 0.013405195799127396
    y: -0.005579027845968547
    z: 0.00893262419953118
    w: 0.99985468114061
---
header:
  stamp:
    sec: 1788575053
    nanosec: 185083000
  frame_id: default_cam
pose:
  position:
    x: -0.033010154168579775
    y: 0.057024627139101426
    z: -0.9897825209943986
  orientation:
    x: 0.012108408547500112
    y: -0.007554904921026229
    z: 0.007966306261454007
    w: 0.999866414986837
---
header:
  stamp:
    sec: 1788575053
    nanosec: 217083000
  frame_id: default_cam
pose:
  position:
    x: -0.0326972736041406
    y: 0.056926188368331986
    z: -0.9906837406573467
  orientation:
    x: 0.013366374562712892
    y: -0.004927242511315436
    z: 0.007303204985400818
    w: 0.9998718545439836
---
header:
  stamp:
    sec: 1788575053
    nanosec: 249088000
  frame_id: default_cam
pose:
  position:
    x: -0.03218668553483287
    y: 0.05681851648937304
    z: -0.9894102640353039
  orientation:
    x: 0.010546420750724126
    y: -0.003221405520989199
    z: 0.007313748318568117
    w: 0.9999124484880417
---
header:
  stamp:
    sec: 1788575053
    nanosec: 285090000
  frame_id: default_cam
pose:
  position:
    x: -0.031729954803699625
    y: 0.05649034356357775
    z: -0.9881191753996162
  orientation:
    x: 0.013743939284967572
    y: -0.0024440795977656873
    z: 0.006466140580561058
    w: 0.9998816528138934
---
header:
  stamp:
    sec: 1788575053
    nanosec: 317091000
  frame_id: default_cam
pose:
  position:
    x: -0.03155409506072638
    y: 0.05654654611251149
    z: -0.9902568045906223
  orientation:
    x: 0.0151674178097595
    y: -0.002344421700329879
    z: 0.005750361193487694
    w: 0.9998656842146447
---
header:
  stamp:
    sec: 1788575053
    nanosec: 349096000
  frame_id: default_cam
pose:
  position:
    x: -0.03156070872421142
    y: 0.05661211021607442
    z: -0.9905935390604835
  orientation:
    x: 0.013862563567573727
    y: -0.002809057654449215
    z: 0.005548863654051021
    w: 0.999884567656976
---
header:
  stamp:
    sec: 1788575053
    nanosec: 385098000
  frame_id: default_cam
pose:
  position:
    x: -0.031522865671793625
    y: 0.056638664931672356
    z: -0.9896986300862156
  orientation:
    x: 0.015178736655860059
    y: -0.0048274272684800295
    z: 0.005299579630236408
    w: 0.9998590982509697
---
header:
  stamp:
    sec: 1788575053
    nanosec: 417099000
  frame_id: default_cam
pose:
  position:
    x: -0.031669115801830384
    y: 0.056504609684186996
    z: -0.988816112262247
  orientation:
    x: 0.016498587772108532
    y: -0.006110249926481902
    z: 0.005943795494387198
    w: 0.9998275515019992
---
header:
  stamp:
    sec: 1788575053
    nanosec: 449104000
  frame_id: default_cam
pose:
  position:
    x: -0.03170406873805523
    y: 0.056379801078845354
    z: -0.9876086970554809
  orientation:
    x: 0.015270723371689474
    y: -0.0062397492125403145
    z: 0.0059903738876274405
    w: 0.9998459811181701
---
header:
  stamp:
    sec: 1788575053
    nanosec: 485104000
  frame_id: default_cam
pose:
  position:
    x: -0.031683229443786355
    y: 0.05621099218050217
    z: -0.986158099451242
  orientation:
    x: 0.01610513378550253
    y: -0.0068130296492197925
    z: 0.005574757434674699
    w: 0.99983155049853
---
header:
  stamp:
    sec: 1788575053
    nanosec: 517106000
  frame_id: default_cam
pose:
  position:
    x: -0.03164685754545295
    y: 0.05606302254401667
    z: -0.9859992236539178
  orientation:
    x: 0.016306979588706087
    y: -0.006169526633566869
    z: 0.005256916814039634
    w: 0.9998341783432998
---
header:
  stamp:
    sec: 1788575053
    nanosec: 549112000
  frame_id: default_cam
pose:
  position:
    x: -0.03152027773322341
    y: 0.05646299335702374
    z: -0.9894174140913848
  orientation:
    x: 0.019020492873397854
    y: -0.007778091826696614
    z: 0.00486572873073941
    w: 0.9997769985463295
---
header:
  stamp:
    sec: 1788575053
    nanosec: 585113000
  frame_id: default_cam
pose:
  position:
    x: -0.031178001202450952
    y: 0.05649670870020394
    z: -0.9909918528494186
  orientation:
    x: 0.01605075357300278
    y: -0.005427183229490599
    z: 0.004114125043185942
    w: 0.9998479849292398
---
header:
  stamp:
    sec: 1788575053
    nanosec: 617114000
  frame_id: default_cam
pose:
  position:
    x: -0.030703059159849635
    y: 0.05637061276773168
    z: -0.9897077066532698
  orientation:
    x: 0.01586968190468436
    y: -0.00528171636296342
    z: 0.003988946371541989
    w: 0.9998521615595729
---
header:
  stamp:
    sec: 1788575053
    nanosec: 649118000
  frame_id: default_cam
pose:
  position:
    x: -0.030349680788471493
    y: 0.05648558268396655
    z: -0.9880556169606626
  orientation:
    x: 0.013973987449739907
    y: -0.0052967894959841735
    z: 0.004315393789966738
    w: 0.9998790172176968
---
header:
  stamp:
    sec: 1788575053
    nanosec: 685121000
  frame_id: default_cam
pose:
  position:
    x: -0.029934758148925947
    y: 0.05670714586165918
    z: -0.9891224677571416
  orientation:
    x: 0.012246398043430537
    y: -0.0029429567088911086
    z: 0.003875879001165547
    w: 0.9999131673814181
---
header:
  stamp:
    sec: 1788575053
    nanosec: 717123000
  frame_id: default_cam
pose:
  position:
    x: -0.029151265439556002
    y: 0.057055710812704497
    z: -0.9899500492335217
  orientation:
    x: 0.011353964314741592
    y: -0.0033812982931292835
    z: 0.003945222333573536
    w: 0.9999220417297197
---
header:
  stamp:
    sec: 1788575053
    nanosec: 749126000
  frame_id: default_cam
pose:
  position:
    x: -0.028617518691515038
    y: 0.05751930217265758
    z: -0.9886061675113421
  orientation:
    x: 0.01565046774104383
    y: -0.005145539166279026
    z: 0.005248013003872416
    w: 0.9998505111493848
---
header:
  stamp:
    sec: 1788575053
    nanosec: 785129000
  frame_id: default_cam
pose:
  position:
    x: -0.028137173416547517
    y: 0.05818362025128547
    z: -0.9926931985349308
  orientation:
    x: 0.016927210907595452
    y: -0.002086290574271743
    z: 0.006073063800117839
    w: 0.9998361039783517
---
header:
  stamp:
    sec: 1788575053
    nanosec: 817131000
  frame_id: default_cam
pose:
  position:
    x: -0.02721603750436
    y: 0.05834398349891722
    z: -0.9877260962405716
  orientation:
    x: 0.01170131381455882
    y: -0.006180398528019273
    z: 0.005714104623016526
    w: 0.9998961100721441
---
header:
  stamp:
    sec: 1788575053
    nanosec: 849133000
  frame_id: default_cam
pose:
  position:
    x: -0.026492595678635343
    y: 0.05915298340664524
    z: -0.9923034392179536
  orientation:
    x: 0.016043353473337355
    y: -0.0016103531939121475
    z: 0.007509839657425627
    w: 0.9998417974260929
---
header:
  stamp:
    sec: 1788575053
    nanosec: 885135000
  frame_id: default_cam
pose:
  position:
    x: -0.025345312906585666
    y: 0.05910111496595215
    z: -0.9885810978911759
  orientation:
    x: 0.014960587002000878
    y: -0.0047234982519091685
    z: 0.00640499310833765
    w: 0.9998564124233549
---
header:
  stamp:
    sec: 1788575053
    nanosec: 917138000
  frame_id: default_cam
pose:
  position:
    x: -0.025060891503456972
    y: 0.059405028654303756
    z: -0.9927977704857547
  orientation:
    x: 0.016616308203874518
    y: -0.001421242989357429
    z: 0.007623519707528045
    w: 0.9998318660241371
---
header:
  stamp:
    sec: 1788575053
    nanosec: 949141000
  frame_id: default_cam
pose:
  position:
    x: -0.024072036364225467
    y: 0.058813577927380296
    z: -0.9885242358634747
  orientation:
    x: 0.013961556938926202
    y: -0.003970093184012672
    z: 0.00734663934543865
    w: 0.9998676613323783
---
header:
  stamp:
    sec: 1788575053
    nanosec: 985144000
  frame_id: default_cam
pose:
  position:
    x: -0.023704179706267692
    y: 0.058436269437915724
    z: -0.9903702014158152
  orientation:
    x: 0.01144988049798036
    y: -0.0005331013314015212
    z: 0.007033184258553965
    w: 0.999909571090675
---
header:
  stamp:
    sec: 1788575054
    nanosec: 17146000
  frame_id: default_cam
pose:
  position:
    x: -0.023569097806936754
    y: 0.05810073043198475
    z: -0.9936382923130012
  orientation:
    x: 0.016026274851891384
    y: -0.0027918441397926223
    z: 0.006459958999638837
    w: 0.9998468047908108
---
header:
  stamp:
    sec: 1788575054
    nanosec: 49150000
  frame_id: default_cam
pose:
  position:
    x: -0.023264754028947905
    y: 0.05756572897929288
    z: -0.9923154915403175
  orientation:
    x: 0.014100094985167509
    y: -0.0013793501837264575
    z: 0.005197869108266416
    w: 0.9998861269520711
---
header:
  stamp:
    sec: 1788575054
    nanosec: 85155000
  frame_id: default_cam
pose:
  position:
    x: -0.022899222631254507
    y: 0.057024741427612186
    z: -0.9900779163038674
  orientation:
    x: 0.014175638820703596
    y: -0.00017421245442152402
    z: 0.004303232264547044
    w: 0.9998902455300397
---
header:
  stamp:
    sec: 1788575054
    nanosec: 117157000
  frame_id: default_cam
pose:
  position:
    x: -0.02271809069765194
    y: 0.057095044377105664
    z: -0.9918267847583643
  orientation:
    x: 0.011595518341823962
    y: 0.0015837910553054319
    z: 0.0045806182736922345
    w: 0.9999210236296205
---
header:
  stamp:
    sec: 1788575054
    nanosec: 149157000
  frame_id: default_cam
pose:
  position:
    x: -0.02235476533570012
    y: 0.0569470799417991
    z: -0.9908141641534716
  orientation:
    x: 0.010799230741337141
    y: 0.000494319418299484
    z: 0.004543211977818911
    w: 0.99993124338058
---
header:
  stamp:
    sec: 1788575054
    nanosec: 185165000
  frame_id: default_cam
pose:
  position:
    x: -0.022302083209714767
    y: 0.05677390951893008
    z: -0.9902148194382937
  orientation:
    x: 0.010970487145417778
    y: -0.0009064850640452297
    z: 0.004290520224868691
    w: 0.9999302066308533
---
header:
  stamp:
    sec: 1788575054
    nanosec: 217163000
  frame_id: default_cam
pose:
  position:
    x: -0.021944547005529544
    y: 0.05672453221731212
    z: -0.9924296016426938
  orientation:
    x: 0.011812144521723598
    y: -0.0026935497111138956
    z: 0.0038676317238183627
    w: 0.9999191264580354
---
header:
  stamp:
    sec: 1788575054
    nanosec: 249163000
  frame_id: default_cam
pose:
  position:
    x: -0.021750925745981108
    y: 0.0566749491304084
    z: -0.9922356352808864
  orientation:
    x: 0.013880297532447426
    y: -0.0034727375555110964
    z: 0.002588647361103889
    w: 0.9998942825814743
---
header:
  stamp:
    sec: 1788575054
    nanosec: 285165000
  frame_id: default_cam
pose:
  position:
    x: -0.02151039668951478
    y: 0.05653503872864279
    z: -0.9926704882065432
  orientation:
    x: 0.015155658425510322
    y: 7.636574369495733e-05
    z: 0.0027072911455419944
    w: 0.9998814783566179
---
header:
  stamp:
    sec: 1788575054
    nanosec: 317169000
  frame_id: default_cam
pose:
  position:
    x: -0.021361831629394343
    y: 0.05649927380286045
    z: -0.993190247863808
  orientation:
    x: 0.015437091619518704
    y: 0.0003293413511116298
    z: 0.0018418194292144007
    w: 0.9998790904093331
---
header:
  stamp:
    sec: 1788575054
    nanosec: 349171000
  frame_id: default_cam
pose:
  position:
    x: -0.02096373057276228
    y: 0.05606946161199352
    z: -0.9916813263503957
  orientation:
    x: 0.014957866285840516
    y: 0.0017126155375716719
    z: 0.0011797847650822004
    w: 0.9998859621437354
---
header:
  stamp:
    sec: 1788575054
    nanosec: 385175000
  frame_id: default_cam
pose:
  position:
    x: -0.020424821642619197
    y: 0.055847735993975266
    z: -0.9908719965722192
  orientation:
    x: 0.012604846352445282
    y: -0.0020985315263779085
    z: -5.920160846765195e-05
    w: 0.9999183519213124
---
header:
  stamp:
    sec: 1788575054
    nanosec: 449181000
  frame_id: default_cam
pose:
  position:
    x: -0.019848669702740112
    y: 0.055527044824378965
    z: -0.993391879821594
  orientation:
    x: 0.016694008916257583
    y: 0.003024053772035114
    z: 5.9459954448715146e-05
    w: 0.999856070456944
---
header:
  stamp:
    sec: 1788575054
    nanosec: 485182000
  frame_id: default_cam
pose:
  position:
    x: -0.01898500605590058
    y: 0.05528495413089516
    z: -0.9933555534897202
  orientation:
    x: 0.01726455883693408
    y: -0.00023276568362659117
    z: -0.0013851069199142235
    w: 0.999849969899046
---
header:
  stamp:
    sec: 1788575054
    nanosec: 517184000
  frame_id: default_cam
pose:
  position:
    x: -0.018758231285884136
    y: 0.0551296135737632
    z: -0.9941225793362043
  orientation:
    x: 0.015559471068338888
    y: 0.0053136912704314235
    z: -0.00300589745956534
    w: 0.9998603063056453
---
header:
  stamp:
    sec: 1788575054
    nanosec: 549187000
  frame_id: default_cam
pose:
  position:
    x: -0.017993723362441982
    y: 0.05482689124329615
    z: -0.9945155517212984
  orientation:
    x: 0.01471474221451352
    y: 0.003957922191223792
    z: -0.0036897620637077063
    w: 0.9998770908813752
---
header:
  stamp:
    sec: 1788575054
    nanosec: 585196000
  frame_id: default_cam
pose:
  position:
    x: -0.017295247431315504
    y: 0.05463904595599218
    z: -0.9947818798835687
  orientation:
    x: 0.014084937352837449
    y: 0.007172273750549052
    z: -0.0050489994906881335
    w: 0.9998623308401796
---
header:
  stamp:
    sec: 1788575054
    nanosec: 617194000
  frame_id: default_cam
pose:
  position:
    x: -0.016363717790169516
    y: 0.05449729740608238
    z: -0.9953695777445659
  orientation:
    x: 0.01269370237636354
    y: 0.0003538295083205983
    z: -0.005754746388784176
    w: 0.9999028090862931
---
header:
  stamp:
    sec: 1788575054
    nanosec: 649197000
  frame_id: default_cam
pose:
  position:
    x: -0.015698344009841384
    y: 0.05434358760543749
    z: -0.9936203287661112
  orientation:
    x: 0.012144156015493122
    y: 0.00443950602971758
    z: -0.0075770080233209585
    w: 0.9998876932987514
---
header:
  stamp:
    sec: 1788575054
    nanosec: 749201000
  frame_id: default_cam
pose:
  position:
    x: -0.014974006600616182
    y: 0.053744350263880525
    z: -0.9925484726539803
  orientation:
    x: 0.018871109581962472
    y: 0.0015862531895485938
    z: -0.00862007521068874
    w: 0.9997835062288867
---
header:
  stamp:
    sec: 1788575054
    nanosec: 785205000
  frame_id: default_cam
pose:
  position:
    x: -0.015136933824595602
    y: 0.053147282267180636
    z: -0.9898245585288652
  orientation:
    x: 0.01570325303342357
    y: 0.0025916434364840956
    z: -0.009923633038041686
    w: 0.9998240908958899
---
header:
  stamp:
    sec: 1788575054
    nanosec: 817205000
  frame_id: default_cam
pose:
  position:
    x: -0.01529042042223168
    y: 0.05278530607533643
    z: -0.9904436600214698
  orientation:
    x: 0.020080441622462062
    y: 0.0019465097671641346
    z: -0.010622962207004824
    w: 0.9997400360283276
---
header:
  stamp:
    sec: 1788575054
    nanosec: 849210000
  frame_id: default_cam
pose:
  position:
    x: -0.015184925616477822
    y: 0.05242748057415928
    z: -0.9895928477042729
  orientation:
    x: 0.019928346832332983
    y: -0.0015615940931926545
    z: -0.011022233387130714
    w: 0.9997394324460639
---
header:
  stamp:
    sec: 1788575054
    nanosec: 885212000
  frame_id: default_cam
pose:
  position:
    x: -0.014797771519172052
    y: 0.05191497972836835
    z: -0.9874189606590078
  orientation:
    x: 0.019807961528681403
    y: -0.0028079579678057334
    z: -0.012738986451445314
    w: 0.9997186995631917
---
header:
  stamp:
    sec: 1788575054
    nanosec: 917214000
  frame_id: default_cam
pose:
  position:
    x: -0.014411797694467135
    y: 0.05184752894071641
    z: -0.9886157041242275
  orientation:
    x: 0.018682856337232663
    y: -0.004510156737808011
    z: -0.013870365719802883
    w: 0.9997190716996859
---
header:
  stamp:
    sec: 1788575054
    nanosec: 949219000
  frame_id: default_cam
pose:
  position:
    x: -0.013732009633114918
    y: 0.05150470769436563
    z: -0.9867060554649095
  orientation:
    x: 0.024514682411655088
    y: -0.007821738006236652
    z: -0.014136703090289979
    w: 0.9995689092736701
---
header:
  stamp:
    sec: 1788575054
    nanosec: 985219000
  frame_id: default_cam
pose:
  position:
    x: -0.012955516794890598
    y: 0.05159892624766993
    z: -0.9877338166098256
  orientation:
    x: 0.025842189202651644
    y: -0.00998603169136332
    z: -0.014804094181015028
    w: 0.9995065278544973
---
header:
  stamp:
    sec: 1788575055
    nanosec: 17222000
  frame_id: default_cam
pose:
  position:
    x: -0.012033899990647638
    y: 0.051673259498328
    z: -0.9871167508102638
  orientation:
    x: 0.025752651046639576
    y: -0.011699668629285035
    z: -0.016033259407143802
    w: 0.999471286886631
---
header:
  stamp:
    sec: 1788575055
    nanosec: 49226000
  frame_id: default_cam
pose:
  position:
    x: -0.011169986283129683
    y: 0.05160799266814167
    z: -0.985099386692953
  orientation:
    x: 0.026154139381723684
    y: -0.007682748698742668
    z: -0.01613780869367221
    w: 0.9994981278102525
---
header:
  stamp:
    sec: 1788575055
    nanosec: 85228000
  frame_id: default_cam
pose:
  position:
    x: -0.01034401579037545
    y: 0.051639406604539445
    z: -0.9839636240308908
  orientation:
    x: 0.02463764095529588
    y: -0.006596886538590612
    z: -0.016786908471133687
    w: 0.9995337250138869
---
header:
  stamp:
    sec: 1788575055
    nanosec: 117231000
  frame_id: default_cam
pose:
  position:
    x: -0.010038546851163913
    y: 0.052083317176212195
    z: -0.9870229538398335
  orientation:
    x: 0.02881697492771603
    y: -0.010143088739307611
    z: -0.016892590443477982
    w: 0.9993904842927768
---
header:
  stamp:
    sec: 1788575055
    nanosec: 149232000
  frame_id: default_cam
pose:
  position:
    x: -0.010256952772680978
    y: 0.05180689540563436
    z: -0.984890358178847
  orientation:
    x: 0.02734172054185049
    y: -0.00797974543807396
    z: -0.01861882759781652
    w: 0.9994208789291115
---
header:
  stamp:
    sec: 1788575055
    nanosec: 185235000
  frame_id: default_cam
pose:
  position:
    x: -0.010302084177501208
    y: 0.051787201985220986
    z: -0.9847775912710403
  orientation:
    x: 0.03139863167206734
    y: -0.012906450500534909
    z: -0.018628116963051153
    w: 0.999249990104083
---
header:
  stamp:
    sec: 1788575055
    nanosec: 217239000
  frame_id: default_cam
pose:
  position:
    x: -0.010348915804601745
    y: 0.05161801999435103
    z: -0.9838689759746498
  orientation:
    x: 0.03109341778717397
    y: -0.013165580890571594
    z: -0.01900760479472661
    w: 0.999249006909736
---
header:
  stamp:
    sec: 1788575055
    nanosec: 285243000
  frame_id: default_cam
pose:
  position:
    x: -0.010037220827839116
    y: 0.05165436972276717
    z: -0.9850239063000047
  orientation:
    x: 0.030280398131633
    y: -0.013554927331294065
    z: -0.01915719778673387
    w: 0.9992659121610189
---
header:
  stamp:
    sec: 1788575055
    nanosec: 317245000
  frame_id: default_cam
pose:
  position:
    x: -0.00951734117705104
    y: 0.051913067313266024
    z: -0.9868418493186519
  orientation:
    x: 0.02994321238618858
    y: -0.012659161933670367
    z: -0.01936102296010891
    w: 0.9992838938165024
---
header:
  stamp:
    sec: 1788575055
    nanosec: 349248000
  frame_id: default_cam
pose:
  position:
    x: -0.009156921335273141
    y: 0.051946552534109076
    z: -0.986862697756175
  orientation:
    x: 0.030447951079711582
    y: -0.012833729719890717
    z: -0.020251151596287438
    w: 0.9992487720860849
---
header:
  stamp:
    sec: 1788575055
    nanosec: 385252000
  frame_id: default_cam
pose:
  position:
    x: -0.008857260919637096
    y: 0.05177367362787277
    z: -0.9829129653947756
  orientation:
    x: 0.02822281238211378
    y: -0.014286937389992914
    z: -0.019745600114402833
    w: 0.9993044919129407
---
header:
  stamp:
    sec: 1788575055
    nanosec: 417254000
  frame_id: default_cam
pose:
  position:
    x: -0.008767820575025977
    y: 0.051940210867364216
    z: -0.9839445611421734
  orientation:
    x: 0.025528629539420093
    y: -0.011742919489033663
    z: -0.01955432269958997
    w: 0.9994138388973176
---
header:
  stamp:
    sec: 1788575055
    nanosec: 449255000
  frame_id: default_cam
pose:
  position:
    x: -0.008300871307515615
    y: 0.05240755095943933
    z: -0.9860478673972743
  orientation:
    x: 0.027330467575869995
    y: -0.012040210357980594
    z: -0.019758117459239714
    w: 0.9993586421656075
---
header:
  stamp:
    sec: 1788575055
    nanosec: 485258000
  frame_id: default_cam
pose:
  position:
    x: -0.008021060065497415
    y: 0.052529394816990295
    z: -0.9846685965672862
  orientation:
    x: 0.026582909362896683
    y: -0.008418786285080327
    z: -0.021448898553261375
    w: 0.9993810172892729
---
header:
  stamp:
    sec: 1788575055
    nanosec: 517261000
  frame_id: default_cam
pose:
  position:
    x: -0.00752644119184275
    y: 0.052634000415803094
    z: -0.9847072640986045
  orientation:
    x: 0.026741809482389575
    y: -0.012340633231258153
    z: -0.02016474009723702
    w: 0.9993627808027824
---
header:
  stamp:
    sec: 1788575055
    nanosec: 585267000
  frame_id: default_cam
pose:
  position:
    x: -0.007161327175775537
    y: 0.052490776258460464
    z: -0.9850969217254203
  orientation:
    x: 0.02766153176743592
    y: -0.010993568709605175
    z: -0.019898001072038103
    w: 0.9993588197742808
---
header:
  stamp:
    sec: 1788575055
    nanosec: 617267000
  frame_id: default_cam
pose:
  position:
    x: -0.0069999634986917594
    y: 0.05261253144525567
    z: -0.9865102058081486
  orientation:
    x: 0.02808121388858822
    y: -0.012451695101258847
    z: -0.020414813826827014
    w: 0.999319586564811
---
header:
  stamp:
    sec: 1788575055
    nanosec: 649270000
  frame_id: default_cam
pose:
  position:
    x: -0.007105556569850496
    y: 0.05246873551625046
    z: -0.9850511792192002
  orientation:
    x: 0.03021308250067552
    y: -0.014287013098403745
    z: -0.020415880693061755
    w: 0.999232827081887
---
header:
  stamp:
    sec: 1788575055
    nanosec: 685276000
  frame_id: default_cam
pose:
  position:
    x: -0.007146179600617292
    y: 0.05246429790284479
    z: -0.9853410351183975
  orientation:
    x: 0.030066555971056924
    y: -0.013963885427342584
    z: -0.02069357260182493
    w: 0.9992361023145553
---
header:
  stamp:
    sec: 1788575055
    nanosec: 717274000
  frame_id: default_cam
pose:
  position:
    x: -0.007294793561898739
    y: 0.052488256316366166
    z: -0.9844328884483524
  orientation:
    x: 0.03082493666733996
    y: -0.012834681020501322
    z: -0.0202274042372372
    w: 0.9992376826162932
---
header:
  stamp:
    sec: 1788575055
    nanosec: 749278000
  frame_id: default_cam
pose:
  position:
    x: -0.0073519433178395694
    y: 0.052632035374749635
    z: -0.9828287037155252
  orientation:
    x: 0.028455951737204607
    y: -0.014607704914330664
    z: -0.02122795845431104
    w: 0.9992628520803362
---
header:
  stamp:
    sec: 1788575055
    nanosec: 785285000
  frame_id: default_cam
pose:
  position:
    x: -0.0073425916145137
    y: 0.05282832381846292
    z: -0.982482331127736
  orientation:
    x: 0.03039877971803511
    y: -0.014738231008840148
    z: -0.021833262587978138
    w: 0.999190676189059
---
header:
  stamp:
    sec: 1788575055
    nanosec: 817286000
  frame_id: default_cam
pose:
  position:
    x: -0.007109344433673037
    y: 0.052917279390638707
    z: -0.9832543211253149
  orientation:
    x: 0.030046654819308617
    y: -0.01588804168855104
    z: -0.022654242385635476
    w: 0.9991654287290994
---
header:
  stamp:
    sec: 1788575055
    nanosec: 849287000
  frame_id: default_cam
pose:
  position:
    x: -0.0066609674479713304
    y: 0.052891500192146355
    z: -0.9836800689861132
  orientation:
    x: 0.03125813044001403
    y: -0.015590621469822936
    z: -0.022086466514463315
    w: 0.9991456599517836
---
header:
  stamp:
    sec: 1788575055
    nanosec: 885288000
  frame_id: default_cam
pose:
  position:
    x: -0.006074160609606379
    y: 0.05313477068756243
    z: -0.9859430246203752
  orientation:
    x: 0.03142693958285619
    y: -0.015063005684363766
    z: -0.021741286437894605
    w: 0.9991560287523835
---
header:
  stamp:
    sec: 1788575055
    nanosec: 917292000
  frame_id: default_cam
pose:
  position:
    x: -0.005906511943935634
    y: 0.05308613611145073
    z: -0.984505584825811
  orientation:
    x: 0.031688483628180025
    y: -0.014507583026984468
    z: -0.021354720039106143
    w: 0.9991643238087082
---
header:
  stamp:
    sec: 1788575055
    nanosec: 949293000
  frame_id: default_cam
pose:
  position:
    x: -0.005802638272857916
    y: 0.052962716444376404
    z: -0.9831597272823863
  orientation:
    x: 0.031247082659687658
    y: -0.01387342515535166
    z: -0.021690873688265517
    w: 0.9991799907415866
---
header:
  stamp:
    sec: 1788575055
    nanosec: 985296000
  frame_id: default_cam
pose:
  position:
    x: -0.005218750693080814
    y: 0.05335463529129826
    z: -0.9868616545159702
  orientation:
    x: 0.03470169433881603
    y: -0.015223003999023623
    z: -0.021642341880540487
    w: 0.9990473770533542
---
header:
  stamp:
    sec: 1788575056
    nanosec: 17299000
  frame_id: default_cam
pose:
  position:
    x: -0.004810440723725774
    y: 0.05331299069995998
    z: -0.9852065157619352
  orientation:
    x: 0.033278734948250614
    y: -0.013079326762847506
    z: -0.021455888190262815
    w: 0.9991301726370001
---
header:
  stamp:
    sec: 1788575056
    nanosec: 49302000
  frame_id: default_cam
pose:
  position:
    x: -0.004356673994148707
    y: 0.053480532070205374
    z: -0.9841622695693193
  orientation:
    x: 0.03467200237051094
    y: -0.014575586109929853
    z: -0.02093098533791646
    w: 0.9990732197361489
---
header:
  stamp:
    sec: 1788575056
    nanosec: 85303000
  frame_id: default_cam
pose:
  position:
    x: -0.004010039324206307
    y: 0.054155282933962615
    z: -0.9866456358970782
  orientation:
    x: 0.038813343903040066
    y: -0.015129676779746255
    z: -0.019852854362256648
    w: 0.9989346732340788
---
header:
  stamp:
    sec: 1788575056
    nanosec: 117307000
  frame_id: default_cam
pose:
  position:
    x: -0.003096205318057552
    y: 0.054536938428419855
    z: -0.9871123212878407
  orientation:
    x: 0.03933584536190617
    y: -0.01454980264365433
    z: -0.019818101157840034
    w: 0.9989235393057831
---
header:
  stamp:
    sec: 1788575056
    nanosec: 149307000
  frame_id: default_cam
pose:
  position:
    x: -0.002560830280389746
    y: 0.05451587255467588
    z: -0.983203993245048
  orientation:
    x: 0.03342246920542124
    y: -0.013670097150707342
    z: -0.020356860858415888
    w: 0.9991404632042954
---
header:
  stamp:
    sec: 1788575056
    nanosec: 185312000
  frame_id: default_cam
pose:
  position:
    x: -0.001773068732322898
    y: 0.05476305365185063
    z: -0.9832309582968471
  orientation:
    x: 0.03416636298119929
    y: -0.01376311108382033
    z: -0.018495610674208005
    w: 0.9991502133311685
---
header:
  stamp:
    sec: 1788575056
    nanosec: 217313000
  frame_id: default_cam
pose:
  position:
    x: -0.001239753376122031
    y: 0.05484870261305487
    z: -0.9833827560548732
  orientation:
    x: 0.03419339356988371
    y: -0.016089786876841795
    z: -0.01900944027508127
    w: 0.9991048852722426
---
header:
  stamp:
    sec: 1788575056
    nanosec: 249317000
  frame_id: default_cam
pose:
  position:
    x: -0.001166022018593193
    y: 0.05485366934990776
    z: -0.9830375247805083
  orientation:
    x: 0.03444323701523816
    y: -0.0167841560742529
    z: -0.01941580139327772
    w: 0.9990770651881886
---
header:
  stamp:
    sec: 1788575056
    nanosec: 285319000
  frame_id: default_cam
pose:
  position:
    x: -0.0010536383427461398
    y: 0.054277862059421755
    z: -0.9808338509612707
  orientation:
    x: 0.031154298895323156
    y: -0.01515213470773301
    z: -0.02038983815616735
    w: 0.9991917118221632
---
header:
  stamp:
    sec: 1788575056
    nanosec: 317321000
  frame_id: default_cam
pose:
  position:
    x: -0.0005973524207111772
    y: 0.0537303646927731
    z: -0.9797060065820292
  orientation:
    x: 0.0324364536826292
    y: -0.015197459488367088
    z: -0.020447308181744544
    w: 0.999149048583701
---
header:
  stamp:
    sec: 1788575056
    nanosec: 349326000
  frame_id: default_cam
pose:
  position:
    x: -0.0002824071090192484
    y: 0.05337305701964541
    z: -0.9803683975524996
  orientation:
    x: 0.0338829292264478
    y: -0.016657842713700965
    z: -0.02144984511890986
    w: 0.9990567388930099
---
header:
  stamp:
    sec: 1788575056
    nanosec: 385326000
  frame_id: default_cam
pose:
  position:
    x: 0.00010343272510840863
    y: 0.05274092129752869
    z: -0.9797189211326692
  orientation:
    x: 0.03096822538543949
    y: -0.015833524884325774
    z: -0.021176556654969435
    w: 0.9991705669976738
---
header:
  stamp:
    sec: 1788575056
    nanosec: 417330000
  frame_id: default_cam
pose:
  position:
    x: 0.00032940953095401645
    y: 0.05259409787745141
    z: -0.9812792591378728
  orientation:
    x: 0.03464552839120678
    y: -0.017094373133695374
    z: -0.0210213231138707
    w: 0.9990323186685215
---
header:
  stamp:
    sec: 1788575056
    nanosec: 449332000
  frame_id: default_cam
pose:
  position:
    x: 0.0009491165667146654
    y: 0.052069734001383386
    z: -0.977955141100149
  orientation:
    x: 0.035398556340311124
    y: -0.017672669997655644
    z: -0.02181154226322749
    w: 0.9989789164783586
---
header:
  stamp:
    sec: 1788575056
    nanosec: 485334000
  frame_id: default_cam
pose:
  position:
    x: 0.0015163704973697226
    y: 0.0520063155336062
    z: -0.9787314592457962
  orientation:
    x: 0.037002787721624054
    y: -0.014592153945568412
    z: -0.02154846736284386
    w: 0.9989762391060009
---
header:
  stamp:
    sec: 1788575056
    nanosec: 517337000
  frame_id: default_cam
pose:
  position:
    x: 0.002179657264980144
    y: 0.051508505386201116
    z: -0.9765867281884684
  orientation:
    x: 0.03350625575810185
    y: -0.018460803305266917
    z: -0.02104352247332771
    w: 0.9990463951830822
---
header:
  stamp:
    sec: 1788575056
    nanosec: 549338000
  frame_id: default_cam
pose:
  position:
    x: 0.002784953703592186
    y: 0.05118207101165947
    z: -0.9758618625146342
  orientation:
    x: 0.03302852206765025
    y: -0.016579701872771517
    z: -0.022294163306996122
    w: 0.9990681660919228
---
header:
  stamp:
    sec: 1788575056
    nanosec: 585342000
  frame_id: default_cam
pose:
  position:
    x: 0.0036124770417736655
    y: 0.05125558030562751
    z: -0.978410435358835
  orientation:
    x: 0.03345164244334206
    y: -0.019575101193740722
    z: -0.02168196909452765
    w: 0.9990133608952793
---
header:
  stamp:
    sec: 1788575056
    nanosec: 617346000
  frame_id: default_cam
pose:
  position:
    x: 0.004255786400480336
    y: 0.0509870566776036
    z: -0.975338103423677
  orientation:
    x: 0.03151920634476649
    y: -0.014731590827499027
    z: -0.02265901021156844
    w: 0.9991376727555213
---
header:
  stamp:
    sec: 1788575056
    nanosec: 649346000
  frame_id: default_cam
pose:
  position:
    x: 0.005382193123886096
    y: 0.05134515962463437
    z: -0.9764648730105535
  orientation:
    x: 0.03495382174530796
    y: -0.015631863323399275
    z: -0.022456789605971677
    w: 0.99901429809339
---
header:
  stamp:
    sec: 1788575056
    nanosec: 685349000
  frame_id: default_cam
pose:
  position:
    x: 0.00666126146238026
    y: 0.05152031873082572
    z: -0.9761815267352659
  orientation:
    x: 0.03470747082319343
    y: -0.016985327403458112
    z: -0.02098892536327536
    w: 0.9990327097418529
---
header:
  stamp:
    sec: 1788575056
    nanosec: 717352000
  frame_id: default_cam
pose:
  position:
    x: 0.007733236087718753
    y: 0.051782297088234376
    z: -0.9766470602621113
  orientation:
    x: 0.03361114415255024
    y: -0.012389655154856754
    z: -0.022313512076494436
    w: 0.9991090504107709
---
header:
  stamp:
    sec: 1788575056
    nanosec: 749355000
  frame_id: default_cam
pose:
  position:
    x: 0.009307547692869565
    y: 0.05212442437550454
    z: -0.9774088223629351
  orientation:
    x: 0.03553479044795599
    y: -0.012691049223812046
    z: -0.021196067963482144
    w: 0.9990630323659795
---
header:
  stamp:
    sec: 1788575056
    nanosec: 785357000
  frame_id: default_cam
pose:
  position:
    x: 0.010830827871881984
    y: 0.052525789585951284
    z: -0.9800990435610153
  orientation:
    x: 0.03448943030609538
    y: -0.013219154982012246
    z: -0.021778414829996554
    w: 0.9990802939635108
---
header:
  stamp:
    sec: 1788575056
    nanosec: 817360000
  frame_id: default_cam
pose:
  position:
    x: 0.012235006276034325
    y: 0.052728078188419375
    z: -0.9797153214456381
  orientation:
    x: 0.03284740295302732
    y: -0.01195828662749919
    z: -0.02158950528906429
    w: 0.9991556138868207
---
header:
  stamp:
    sec: 1788575056
    nanosec: 849362000
  frame_id: default_cam
pose:
  position:
    x: 0.013646686712384433
    y: 0.05261644046327018
    z: -0.9785486768345736
  orientation:
    x: 0.03181706030695696
    y: -0.007720916517525744
    z: -0.021336997309216347
    w: 0.9992361055663368
---
header:
  stamp:
    sec: 1788575056
    nanosec: 885365000
  frame_id: default_cam
pose:
  position:
    x: 0.015160284097291685
    y: 0.052832645003127295
    z: -0.9798575968274622
  orientation:
    x: 0.03379636229431666
    y: -0.011997411003118207
    z: -0.02127871268619242
    w: 0.9991301638982341
---
header:
  stamp:
    sec: 1788575056
    nanosec: 917370000
  frame_id: default_cam
pose:
  position:
    x: 0.016494778317296163
    y: 0.0528434831549872
    z: -0.9823915425983973
  orientation:
    x: 0.036311311058987154
    y: -0.011209079669893061
    z: -0.021378754259047474
    w: 0.9990489447912263
---
header:
  stamp:
    sec: 1788575056
    nanosec: 949370000
  frame_id: default_cam
pose:
  position:
    x: 0.0177111829721623
    y: 0.052503564559402936
    z: -0.9809840670588774
  orientation:
    x: 0.039819226466220256
    y: -0.009674783942260136
    z: -0.020924610117856908
    w: 0.9989409334143426
---
header:
  stamp:
    sec: 1788575056
    nanosec: 985373000
  frame_id: default_cam
pose:
  position:
    x: 0.018874033333730472
    y: 0.05204964304159077
    z: -0.9824455612479126
  orientation:
    x: 0.03781835812028833
    y: -0.009261829507377414
    z: -0.01957451359093444
    w: 0.9990499630753911
---
header:
  stamp:
    sec: 1788575057
    nanosec: 17377000
  frame_id: default_cam
pose:
  position:
    x: 0.02009820859461561
    y: 0.05154091688101644
    z: -0.9840189013151857
  orientation:
    x: 0.041275358798950494
    y: -0.010903176752783017
    z: -0.021845942272105845
    w: 0.998849448264832
---
header:
  stamp:
    sec: 1788575057
    nanosec: 49379000
  frame_id: default_cam
pose:
  position:
    x: 0.02095602498961454
    y: 0.05110633822178797
    z: -0.9843348540171589
  orientation:
    x: 0.04016910535421656
    y: -0.007836119069974435
    z: -0.023016983592050896
    w: 0.9988970200572661
---
header:
  stamp:
    sec: 1788575057
    nanosec: 85379000
  frame_id: default_cam
pose:
  position:
    x: 0.021893445770457477
    y: 0.0506920300442041
    z: -0.982598734898269
  orientation:
    x: 0.03727678125079708
    y: -0.011111628948994026
    z: -0.023098179532293976
    w: 0.998976199608366
---
header:
  stamp:
    sec: 1788575057
    nanosec: 117383000
  frame_id: default_cam
pose:
  position:
    x: 0.02243685614996982
    y: 0.05033400005866289
    z: -0.9806672048392716
  orientation:
    x: 0.03645131528276643
    y: -0.007713996464887123
    z: -0.024100061101006605
    w: 0.9990150063575741
---
header:
  stamp:
    sec: 1788575057
    nanosec: 149384000
  frame_id: default_cam
pose:
  position:
    x: 0.02285642118269644
    y: 0.05017695053210416
    z: -0.9799408723387049
  orientation:
    x: 0.03780410682443384
    y: -0.01011091631261522
    z: -0.024296803085203017
    w: 0.998938578811713
---
header:
  stamp:
    sec: 1788575057
    nanosec: 185397000
  frame_id: default_cam
pose:
  position:
    x: 0.023544038468220323
    y: 0.05025771319328493
    z: -0.9814383257723016
  orientation:
    x: 0.04153445551518314
    y: -0.009456780561730964
    z: -0.02606522147633865
    w: 0.9987522528314287
---
header:
  stamp:
    sec: 1788575057
    nanosec: 217391000
  frame_id: default_cam
pose:
  position:
    x: 0.02390081951427474
    y: 0.05021410111425613
    z: -0.9805051865849791
  orientation:
    x: 0.04383336517895651
    y: -0.010744616408425974
    z: -0.024647048335464727
    w: 0.9986769809721626
---
header:
  stamp:
    sec: 1788575057
    nanosec: 249393000
  frame_id: default_cam
pose:
  position:
    x: 0.024702179978753208
    y: 0.05034395121168813
    z: -0.9814142059306756
  orientation:
    x: 0.043060781029775265
    y: -0.012473711578355052
    z: -0.026228281058584095
    w: 0.9986502155055481
---
header:
  stamp:
    sec: 1788575057
    nanosec: 285395000
  frame_id: default_cam
pose:
  position:
    x: 0.02518676484598573
    y: 0.05047499040885301
    z: -0.9809498861719465
  orientation:
    x: 0.03849713825043914
    y: -0.01107550456361094
    z: -0.02719559320606848
    w: 0.9988271638553678
---
header:
  stamp:
    sec: 1788575057
    nanosec: 317398000
  frame_id: default_cam
pose:
  position:
    x: 0.025330972891824653
    y: 0.050483922261477625
    z: -0.9798268643736509
  orientation:
    x: 0.03658685716458811
    y: -0.0068782451562370605
    z: -0.02667177256489095
    w: 0.9989508036808596
---
header:
  stamp:
    sec: 1788575057
    nanosec: 349401000
  frame_id: default_cam
pose:
  position:
    x: 0.02658963047118515
    y: 0.05090755777578568
    z: -0.983089853485175
  orientation:
    x: 0.03997861087702954
    y: -0.01127723148206013
    z: -0.025853854892485036
    w: 0.9988023392591957
---
header:
  stamp:
    sec: 1788575057
    nanosec: 385404000
  frame_id: default_cam
pose:
  position:
    x: 0.027435945110894304
    y: 0.05083864539811727
    z: -0.9801866276219642
  orientation:
    x: 0.038958002396643536
    y: -0.01193219432552557
    z: -0.023995181960405287
    w: 0.9988814384252658
---
header:
  stamp:
    sec: 1788575057
    nanosec: 417405000
  frame_id: default_cam
pose:
  position:
    x: 0.028261582680785196
    y: 0.05118674636911516
    z: -0.9819898013447873
  orientation:
    x: 0.04138528707299548
    y: -0.012016885112929619
    z: -0.024141024090161074
    w: 0.9987792866504325
---
header:
  stamp:
    sec: 1788575057
    nanosec: 449410000
  frame_id: default_cam
pose:
  position:
    x: 0.0291567305546121
    y: 0.05144732036926866
    z: -0.9827916227383733
  orientation:
    x: 0.04328326785530863
    y: -0.013613324039183626
    z: -0.023197180785883724
    w: 0.9987007194029435
---
header:
  stamp:
    sec: 1788575057
    nanosec: 485410000
  frame_id: default_cam
pose:
  position:
    x: 0.029985520538891804
    y: 0.05129985498371157
    z: -0.9809564408316641
  orientation:
    x: 0.0415212279168074
    y: -0.012401133231644646
    z: -0.02275221303304299
    w: 0.998801550023302
---
header:
  stamp:
    sec: 1788575057
    nanosec: 517414000
  frame_id: default_cam
pose:
  position:
    x: 0.031159078713078985
    y: 0.05142105548337821
    z: -0.9840956484776195
  orientation:
    x: 0.042720999192465976
    y: -0.013739417213221413
    z: -0.023021350453815023
    w: 0.9987272711135513
---
header:
  stamp:
    sec: 1788575057
    nanosec: 549417000
  frame_id: default_cam
pose:
  position:
    x: 0.032007948051651594
    y: 0.05129712439495958
    z: -0.9810663753758497
  orientation:
    x: 0.042773378196354496
    y: -0.013528305751949018
    z: -0.022648809743315672
    w: 0.9987364289332619
---
header:
  stamp:
    sec: 1788575057
    nanosec: 585418000
  frame_id: default_cam
pose:
  position:
    x: 0.032730354200579875
    y: 0.05134689001290738
    z: -0.9832212526495486
  orientation:
    x: 0.042445693267414465
    y: -0.015044458616357214
    z: -0.022881318786714573
    w: 0.9987234214929427
---
header:
  stamp:
    sec: 1788575057
    nanosec: 617422000
  frame_id: default_cam
pose:
  position:
    x: 0.033204602276589695
    y: 0.05103560130144814
    z: -0.9795996703148552
  orientation:
    x: 0.04184621333661484
    y: -0.01232424754448821
    z: -0.023355597290363673
    w: 0.9987750114150129
---
header:
  stamp:
    sec: 1788575057
    nanosec: 649424000
  frame_id: default_cam
pose:
  position:
    x: 0.03409090266038199
    y: 0.05144609992203008
    z: -0.9845897622389186
  orientation:
    x: 0.04264390070394625
    y: -0.018001612339181166
    z: -0.022960965958590564
    w: 0.9986642247162909
---
header:
  stamp:
    sec: 1788575057
    nanosec: 685426000
  frame_id: default_cam
pose:
  position:
    x: 0.03445452563633116
    y: 0.05101889237150015
    z: -0.9805764254603597
  orientation:
    x: 0.04126247850353308
    y: -0.012013695941594332
    z: -0.024230675140593284
    w: 0.9987822352043509
---
header:
  stamp:
    sec: 1788575057
    nanosec: 717430000
  frame_id: default_cam
pose:
  position:
    x: 0.03496437944454775
    y: 0.050743942678250754
    z: -0.9802888741804417
  orientation:
    x: 0.03892349203058251
    y: -0.014852111414088771
    z: -0.023637879408944476
    w: 0.9988521548316031
---
header:
  stamp:
    sec: 1788575057
    nanosec: 749430000
  frame_id: default_cam
pose:
  position:
    x: 0.03558139619464667
    y: 0.050978401630732924
    z: -0.9828533098332617
  orientation:
    x: 0.041723841829451866
    y: -0.014085404565118082
    z: -0.02385861890003464
    w: 0.9987449567859709
---
header:
  stamp:
    sec: 1788575057
    nanosec: 785435000
  frame_id: default_cam
pose:
  position:
    x: 0.035834375571541684
    y: 0.05093159685884935
    z: -0.9823569487811642
  orientation:
    x: 0.04211933866337794
    y: -0.014612584450466499
    z: -0.02363409855564201
    w: 0.998726120150915
---
header:
  stamp:
    sec: 1788575057
    nanosec: 817437000
  frame_id: default_cam
pose:
  position:
    x: 0.036083230046351604
    y: 0.050914100696695
    z: -0.9812520866001345
  orientation:
    x: 0.042324800831643666
    y: -0.014413866499570238
    z: -0.023775982191010413
    w: 0.9987169540755514
---
header:
  stamp:
    sec: 1788575057
    nanosec: 849438000
  frame_id: default_cam
pose:
  position:
    x: 0.03607696276658589
    y: 0.05093801269628404
    z: -0.9791063700025768
  orientation:
    x: 0.04125217010105782
    y: -0.01211138768265564
    z: -0.024070911749672044
    w: 0.9987853442846932
---
header:
  stamp:
    sec: 1788575057
    nanosec: 885441000
  frame_id: default_cam
pose:
  position:
    x: 0.03675114898277216
    y: 0.05115161890711295
    z: -0.9817319742474263
  orientation:
    x: 0.041316514534123334
    y: -0.01669316113801333
    z: -0.021963069288196354
    w: 0.998765191416588
---
header:
  stamp:
    sec: 1788575057
    nanosec: 917443000
  frame_id: default_cam
pose:
  position:
    x: 0.03746713629536776
    y: 0.05149296855633437
    z: -0.9816662905288117
  orientation:
    x: 0.0443929574071074
    y: -0.013237051428837035
    z: -0.021456026422960902
    w: 0.99869599214789
---
header:
  stamp:
    sec: 1788575057
    nanosec: 949449000
  frame_id: default_cam
pose:
  position:
    x: 0.03801716098241872
    y: 0.051519603941916035
    z: -0.9797318791151941
  orientation:
    x: 0.04559929910109719
    y: -0.015299774523243728
    z: -0.02074494186235702
    w: 0.9986271918029039
---
header:
  stamp:
    sec: 1788575057
    nanosec: 985449000
  frame_id: default_cam
pose:
  position:
    x: 0.03886747515335394
    y: 0.05190043715639881
    z: -0.9833318298037178
  orientation:
    x: 0.04587339286359681
    y: -0.017575131236528783
    z: -0.018995269476095908
    w: 0.9986119998912146
---
header:
  stamp:
    sec: 1788575058
    nanosec: 17452000
  frame_id: default_cam
pose:
  position:
    x: 0.03914070871931399
    y: 0.05173620861863188
    z: -0.9802974463125509
  orientation:
    x: 0.0449711557499346
    y: -0.014109233600945792
    z: -0.019454486492801723
    w: 0.9986991777472386
---
header:
  stamp:
    sec: 1788575058
    nanosec: 49454000
  frame_id: default_cam
pose:
  position:
    x: 0.039485119851827365
    y: 0.05168747269141109
    z: -0.9796516332319543
  orientation:
    x: 0.045658123127359604
    y: -0.01643211203820792
    z: -0.018380288002332146
    w: 0.9986528358240425
---
header:
  stamp:
    sec: 1788575058
    nanosec: 85456000
  frame_id: default_cam
pose:
  position:
    x: 0.03970170420416236
    y: 0.05162341538503515
    z: -0.9809340607710196
  orientation:
    x: 0.04597119581011476
    y: -0.016898897052108324
    z: -0.018973192166346117
    w: 0.998619594446869
---
header:
  stamp:
    sec: 1788575058
    nanosec: 117458000
  frame_id: default_cam
pose:
  position:
    x: 0.014283060855071935
    y: -0.016093621173353848
    z: -0.3637758771221828
  orientation:
    x: -0.10618220806169003
    y: -0.7059391053880907
    z: -0.09155480137399018
    w: 0.694257183268834
---
header:
  stamp:
    sec: 1788575058
    nanosec: 149461000
  frame_id: default_cam
pose:
  position:
    x: 0.03975531650872433
    y: 0.05097786694265482
    z: -0.9778546347460676
  orientation:
    x: 0.00998744513729445
    y: 0.9991278043603683
    z: 0.03319371163544949
    w: 0.023282160585346115
---
header:
  stamp:
    sec: 1788575058
    nanosec: 185467000
  frame_id: default_cam
pose:
  position:
    x: 0.04001365204534418
    y: 0.050786926712374496
    z: -0.9793613971342043
  orientation:
    x: 0.011484568679127893
    y: 0.9989895682185251
    z: 0.03349267452345163
    w: 0.02768010162707602
---
header:
  stamp:
    sec: 1788575058
    nanosec: 217467000
  frame_id: default_cam
pose:
  position:
    x: 0.040381607058495986
    y: 0.050602840204302155
    z: -0.9783178019716515
  orientation:
    x: 0.004194681973582776
    y: 0.9991319282541813
    z: 0.033557870958768214
    w: 0.02432414197739692
---
header:
  stamp:
    sec: 1788575058
    nanosec: 249470000
  frame_id: default_cam
pose:
  position:
    x: 0.04064513078993232
    y: 0.05042022653820855
    z: -0.9775025968491164
  orientation:
    x: 0.0055010713018403806
    y: 0.9990003998964054
    z: 0.0340656963139801
    w: 0.028415973606367495
---
header:
  stamp:
    sec: 1788575058
    nanosec: 285471000
  frame_id: default_cam
pose:
  position:
    x: 0.04117143731310877
    y: 0.05064553674091888
    z: -0.9809993910310806
  orientation:
    x: 0.0070419646095912745
    y: 0.9990501489136245
    z: 0.03416611065791484
    w: 0.026112977092107578
---
header:
  stamp:
    sec: 1788575058
    nanosec: 317475000
  frame_id: default_cam
pose:
  position:
    x: 0.04153220848358553
    y: 0.050772362852670956
    z: -0.9804357609702018
  orientation:
    x: 0.01207551080231318
    y: 0.998945919951624
    z: 0.03339655791097147
    w: 0.029084376743641244
---
header:
  stamp:
    sec: 1788575058
    nanosec: 349476000
  frame_id: default_cam
pose:
  position:
    x: 0.04193391048598233
    y: 0.050837040362216555
    z: -0.9792386871761839
  orientation:
    x: 0.012066355484471856
    y: 0.9988959408596393
    z: 0.033896280202338085
    w: 0.030205042425113966
---
header:
  stamp:
    sec: 1788575058
    nanosec: 385479000
  frame_id: default_cam
pose:
  position:
    x: 0.042835491533960775
    y: 0.050958164512834254
    z: -0.9797374910000527
  orientation:
    x: 0.009066754114070171
    y: 0.9989353487985884
    z: 0.03230585660797829
    w: 0.031659035350156475
---
header:
  stamp:
    sec: 1788575058
    nanosec: 417483000
  frame_id: default_cam
pose:
  position:
    x: 0.0435950400032554
    y: 0.05103594554532797
    z: -0.9788314918943745
  orientation:
    x: 0.012444083781049635
    y: 0.9989309317223002
    z: 0.031151450844397393
    w: 0.03180763332215526
---
header:
  stamp:
    sec: 1788575058
    nanosec: 449484000
  frame_id: default_cam
pose:
  position:
    x: 0.044436776682737544
    y: 0.051127870574614605
    z: -0.9788497804708234
  orientation:
    x: 0.009897163754587398
    y: 0.99875809249416
    z: 0.033218240429156165
    w: 0.035789206890242405
---
header:
  stamp:
    sec: 1788575058
    nanosec: 485487000
  frame_id: default_cam
pose:
  position:
    x: 0.04514841533572898
    y: 0.05105773695765972
    z: -0.9785494815851321
  orientation:
    x: 0.01072807825821933
    y: 0.9988015599658923
    z: 0.03232373732923542
    w: 0.03515008039331134
---
header:
  stamp:
    sec: 1788575058
    nanosec: 517490000
  frame_id: default_cam
pose:
  position:
    x: 0.04605549196986054
    y: 0.05128013582550275
    z: -0.9797539818989947
  orientation:
    x: 0.008655360997823117
    y: 0.9986542108595162
    z: 0.033639493578911446
    w: 0.03851280735428906
---
header:
  stamp:
    sec: 1788575058
    nanosec: 549495000
  frame_id: default_cam
pose:
  position:
    x: 0.04680226048849459
    y: 0.05135375227002656
    z: -0.9795166064979585
  orientation:
    x: 0.008149119401726716
    y: 0.9986120783238551
    z: 0.033966209038541154
    w: 0.03941833992239153
---
header:
  stamp:
    sec: 1788575058
    nanosec: 585495000
  frame_id: default_cam
pose:
  position:
    x: 0.047739106356500145
    y: 0.05140841389401101
    z: -0.979037435027475
  orientation:
    x: 0.0073773496184444875
    y: 0.9986731025521677
    z: 0.030766085619930675
    w: 0.04063319981323186
---
header:
  stamp:
    sec: 1788575058
    nanosec: 617497000
  frame_id: default_cam
pose:
  position:
    x: 0.04833414081427189
    y: 0.05148879160830934
    z: -0.9773340556312075
  orientation:
    x: 0.004398004886501234
    y: 0.9983634500654334
    z: 0.03311179356014609
    w: 0.04641861968750952
---
header:
  stamp:
    sec: 1788575058
    nanosec: 649499000
  frame_id: default_cam
pose:
  position:
    x: 0.04932800805591766
    y: 0.05163635327671095
    z: -0.979169920305275
  orientation:
    x: 0.0053193748275197185
    y: 0.9986667489514925
    z: 0.029881631493782323
    w: 0.04175544143426867
---
header:
  stamp:
    sec: 1788575058
    nanosec: 685503000
  frame_id: default_cam
pose:
  position:
    x: 0.04976750516298284
    y: 0.05152732555023013
    z: -0.9767413763986672
  orientation:
    x: 0.0036226018799378748
    y: 0.9983129697519084
    z: 0.03250256931836495
    w: 0.047975766470683225
---
header:
  stamp:
    sec: 1788575058
    nanosec: 717505000
  frame_id: default_cam
pose:
  position:
    x: 0.050736015814719315
    y: 0.05178114967222965
    z: -0.9817437942477867
  orientation:
    x: 0.004093979436697168
    y: 0.998654343449358
    z: 0.03032143289265765
    w: 0.041873050395686826
---
header:
  stamp:
    sec: 1788575058
    nanosec: 749506000
  frame_id: default_cam
pose:
  position:
    x: 0.05091236603031322
    y: 0.051411087212779365
    z: -0.9789765021123997
  orientation:
    x: 0.0028446544266019823
    y: 0.9984437542015651
    z: 0.030153311307333806
    w: 0.04682686679974513
---
header:
  stamp:
    sec: 1788575058
    nanosec: 785509000
  frame_id: default_cam
pose:
  position:
    x: 0.05128402703995449
    y: 0.05133694100675603
    z: -0.9796354781742139
  orientation:
    x: 0.007211791861831251
    y: 0.9983044432565958
    z: 0.029489929087590676
    w: 0.04966460223024706
---
header:
  stamp:
    sec: 1788575058
    nanosec: 817513000
  frame_id: default_cam
pose:
  position:
    x: 0.051834318549103274
    y: 0.05089583578291379
    z: -0.9793232167648386
  orientation:
    x: 0.007557033622891219
    y: 0.9984761045985054
    z: 0.03192490542691721
    w: 0.04437522058648642
---
header:
  stamp:
    sec: 1788575058
    nanosec: 849516000
  frame_id: default_cam
pose:
  position:
    x: 0.05230240331486906
    y: 0.05105322421445345
    z: -0.9814374204882493
  orientation:
    x: -0.0016384202823533649
    y: 0.9985501983299455
    z: 0.03182594883708028
    w: 0.04338117074059112
---
header:
  stamp:
    sec: 1788575058
    nanosec: 885518000
  frame_id: default_cam
pose:
  position:
    x: 0.052464826937272294
    y: 0.05085019687759392
    z: -0.9787269289135988
  orientation:
    x: 0.0001666071390990485
    y: 0.9984292148210766
    z: 0.03164999886497671
    w: 0.04623151312337371
---
header:
  stamp:
    sec: 1788575058
    nanosec: 917521000
  frame_id: default_cam
pose:
  position:
    x: 0.052795376018557605
    y: 0.05058539185481591
    z: -0.9781327651373026
  orientation:
    x: -0.00044934298706824564
    y: 0.9984068422373176
    z: 0.03344375227864627
    w: 0.04544327120831555
---
header:
  stamp:
    sec: 1788575058
    nanosec: 949522000
  frame_id: default_cam
pose:
  position:
    x: 0.05338089780321862
    y: 0.05060521080752997
    z: -0.9796210916173858
  orientation:
    x: -0.004782226676703395
    y: 0.9983606226849525
    z: 0.03382061251613853
    w: 0.045927808016056275
---
header:
  stamp:
    sec: 1788575058
    nanosec: 985529000
  frame_id: default_cam
pose:
  position:
    x: 0.054004459443265596
    y: 0.05038853131357342
    z: -0.9809735939904771
  orientation:
    x: 0.0012623928190103606
    y: 0.9986173914336733
    z: 0.031208547506871135
    w: 0.04228165622450941
---
header:
  stamp:
    sec: 1788575059
    nanosec: 17529000
  frame_id: default_cam
pose:
  position:
    x: 0.054071681498386995
    y: 0.05035986980159965
    z: -0.9791638032108543
  orientation:
    x: 0.0002009226630310097
    y: 0.9985424145297992
    z: 0.03287599367235385
    w: 0.042803914016565504
---
header:
  stamp:
    sec: 1788575059
    nanosec: 49532000
  frame_id: default_cam
pose:
  position:
    x: 0.054169397874884416
    y: 0.05023425339794933
    z: -0.978227641869001
  orientation:
    x: 0.004272923924473615
    y: 0.9983787303616538
    z: 0.0344991324625535
    w: 0.0450717510411904
---
header:
  stamp:
    sec: 1788575059
    nanosec: 85535000
  frame_id: default_cam
pose:
  position:
    x: 0.054172658433577395
    y: 0.050128489964148155
    z: -0.9780159524804611
  orientation:
    x: 0.00024625465821150543
    y: 0.9981775997711999
    z: 0.034093399968926755
    w: 0.049790147139855453
---
header:
  stamp:
    sec: 1788575059
    nanosec: 117537000
  frame_id: default_cam
pose:
  position:
    x: 0.05452358979391057
    y: 0.05017030023430071
    z: -0.9787914280952936
  orientation:
    x: 0.001205983788392054
    y: 0.9981524883206899
    z: 0.03462294506405162
    w: 0.04991399941307874
---
header:
  stamp:
    sec: 1788575059
    nanosec: 149539000
  frame_id: default_cam
pose:
  position:
    x: 0.055014731034997266
    y: 0.05033478139483267
    z: -0.9806954217881773
  orientation:
    x: 0.0005401419641318747
    y: 0.9983806459816902
    z: 0.03245173335867924
    w: 0.04671915001216199
---
header:
  stamp:
    sec: 1788575059
    nanosec: 185541000
  frame_id: default_cam
pose:
  position:
    x: 0.05519733799489413
    y: 0.050295543008615454
    z: -0.9812157803348163
  orientation:
    x: 0.00180402244661199
    y: 0.998446994960682
    z: 0.03206095096942644
    w: 0.045524050565957756
---
header:
  stamp:
    sec: 1788575059
    nanosec: 217543000
  frame_id: default_cam
pose:
  position:
    x: 0.05546126348945071
    y: 0.05047284211206297
    z: -0.9817863636733395
  orientation:
    x: 0.000598380230697263
    y: 0.9984724695873837
    z: 0.03312825394972879
    w: 0.044214117738716176
---
header:
  stamp:
    sec: 1788575059
    nanosec: 249547000
  frame_id: default_cam
pose:
  position:
    x: 0.055735673043226075
    y: 0.05025546288522957
    z: -0.9788926700397227
  orientation:
    x: 0.0013635906217817051
    y: 0.9985185605526843
    z: 0.034368252201497716
    w: 0.042162164235552906
---
header:
  stamp:
    sec: 1788575059
    nanosec: 285548000
  frame_id: default_cam
pose:
  position:
    x: 0.055767718006636074
    y: 0.05013669830848353
    z: -0.9782067844953701
  orientation:
    x: -0.00025890344336937187
    y: 0.9981227747812219
    z: 0.035592830884993536
    w: 0.049839841709554134
---
header:
  stamp:
    sec: 1788575059
    nanosec: 317551000
  frame_id: default_cam
pose:
  position:
    x: 0.05604148959714512
    y: 0.05033399768787024
    z: -0.9806653219203213
  orientation:
    x: -0.00028022821652432943
    y: 0.9979989432137515
    z: 0.03646890967015712
    w: 0.051653164896759834
---
header:
  stamp:
    sec: 1788575059
    nanosec: 349553000
  frame_id: default_cam
pose:
  position:
    x: 0.05615266322488377
    y: 0.05017939893568121
    z: -0.9793083173321835
  orientation:
    x: 0.0011842904157518964
    y: 0.9980629264496119
    z: 0.03687231834533328
    w: 0.05009415577577937
---
header:
  stamp:
    sec: 1788575059
    nanosec: 385556000
  frame_id: default_cam
pose:
  position:
    x: 0.05661033836902612
    y: 0.05027955914203394
    z: -0.9802510220710426
  orientation:
    x: 0.0022072752418365134
    y: 0.9981981134497055
    z: 0.03642041539367944
    w: 0.047636200352329995
---
header:
  stamp:
    sec: 1788575059
    nanosec: 417559000
  frame_id: default_cam
pose:
  position:
    x: 0.056995770037736294
    y: 0.05049633119768483
    z: -0.9803615901512369
  orientation:
    x: 0.00034303503266615727
    y: 0.9981607119678694
    z: 0.036616441191752766
    w: 0.04831471458275816
---
header:
  stamp:
    sec: 1788575059
    nanosec: 449562000
  frame_id: default_cam
pose:
  position:
    x: 0.05711557411019615
    y: 0.050497621087310186
    z: -0.9803828750796014
  orientation:
    x: 0.0018217618669311394
    y: 0.9981020127727414
    z: 0.037497604216531887
    w: 0.04881580646392019
---
header:
  stamp:
    sec: 1788575059
    nanosec: 485563000
  frame_id: default_cam
pose:
  position:
    x: 0.05714528943530287
    y: 0.050379220795664724
    z: -0.9795748189318279
  orientation:
    x: 0.002191017983124671
    y: 0.9980774075606443
    z: 0.03777740322097288
    w: 0.049087226068510334
---
header:
  stamp:
    sec: 1788575059
    nanosec: 517566000
  frame_id: default_cam
pose:
  position:
    x: 0.05721617769454768
    y: 0.05040298035941251
    z: -0.9793833540657972
  orientation:
    x: -0.0010782237129838572
    y: 0.9978951407059694
    z: 0.03882268064006131
    w: 0.051931927144657754
---
header:
  stamp:
    sec: 1788575059
    nanosec: 549568000
  frame_id: default_cam
pose:
  position:
    x: 0.05711650085284683
    y: 0.05022407426551799
    z: -0.978738974849763
  orientation:
    x: -0.0011364397885215978
    y: 0.9977990757972187
    z: 0.04039127216522449
    w: 0.05257621111965143
---
header:
  stamp:
    sec: 1788575059
    nanosec: 585572000
  frame_id: default_cam
pose:
  position:
    x: 0.05720971537053835
    y: 0.050290688552665705
    z: -0.978276394526156
  orientation:
    x: -0.0014977160901798413
    y: 0.9978792608233968
    z: 0.03897095365874589
    w: 0.052115280254376055
---
header:
  stamp:
    sec: 1788575059
    nanosec: 617574000
  frame_id: default_cam
pose:
  position:
    x: 0.0573812108509474
    y: 0.05015824462140287
    z: -0.9780498955138082
  orientation:
    x: 2.599073776040403e-05
    y: 0.997889328459896
    z: 0.037975188251734904
    w: 0.05267610983723692
---
header:
  stamp:
    sec: 1788575059
    nanosec: 649577000
  frame_id: default_cam
pose:
  position:
    x: 0.05777392970494072
    y: 0.05022000571266359
    z: -0.9794514222840701
  orientation:
    x: 0.0006665477871161228
    y: 0.998025457185148
    z: 0.03768337543281361
    w: 0.05024645002797196
---
header:
  stamp:
    sec: 1788575059
    nanosec: 685579000
  frame_id: default_cam
pose:
  position:
    x: 0.05783034088635076
    y: 0.050243519708682426
    z: -0.9791306474372271
  orientation:
    x: 0.00019833035897322333
    y: 0.9980376536709491
    z: 0.03822932040059715
    w: 0.04959154748305311
---
header:
  stamp:
    sec: 1788575059
    nanosec: 717581000
  frame_id: default_cam
pose:
  position:
    x: 0.058359645704688795
    y: 0.05060351381977115
    z: -0.9799835362453351
  orientation:
    x: -0.0025134121060953582
    y: 0.998177354870706
    z: 0.038776590167936935
    w: 0.04617387830639133
---
header:
  stamp:
    sec: 1788575059
    nanosec: 749585000
  frame_id: default_cam
pose:
  position:
    x: 0.05862052009903653
    y: 0.0507947876198301
    z: -0.9796184208456094
  orientation:
    x: 0.001106700576842483
    y: 0.9983040178653861
    z: 0.0370001548235168
    w: 0.04493163329655246
---
header:
  stamp:
    sec: 1788575059
    nanosec: 785588000
  frame_id: default_cam
pose:
  position:
    x: 0.05898768704580677
    y: 0.05092849322048211
    z: -0.9772275579398645
  orientation:
    x: 0.003947263085972306
    y: 0.9980543082800567
    z: 0.03624959990744222
    w: 0.05057650980739909
---
header:
  stamp:
    sec: 1788575059
    nanosec: 817590000
  frame_id: default_cam
pose:
  position:
    x: 0.059445125402073626
    y: 0.05130319523326255
    z: -0.9794319528352914
  orientation:
    x: 0.005179291147988396
    y: 0.9979756745902013
    z: 0.03603848491428952
    w: 0.05214360434913826
---
header:
  stamp:
    sec: 1788575059
    nanosec: 849593000
  frame_id: default_cam
pose:
  position:
    x: 0.05986634620794275
    y: 0.05182708493280387
    z: -0.9796952101596712
  orientation:
    x: 0.0018957579054019646
    y: 0.9982235849658986
    z: 0.03408271529593552
    w: 0.048830820573177475
---
header:
  stamp:
    sec: 1788575059
    nanosec: 885595000
  frame_id: default_cam
pose:
  position:
    x: 0.060118953082589466
    y: 0.05202146956084577
    z: -0.978270061544408
  orientation:
    x: 0.0011477263429348242
    y: 0.9978713335594179
    z: 0.037315160887509545
    w: 0.05347020808384739
---
header:
  stamp:
    sec: 1788575059
    nanosec: 917598000
  frame_id: default_cam
pose:
  position:
    x: 0.060689840761850564
    y: 0.05200413381648888
    z: -0.9783452891215862
  orientation:
    x: -0.0009972427633749995
    y: 0.9979550264532789
    z: 0.035100640535808594
    w: 0.053410820228509334
---
header:
  stamp:
    sec: 1788575059
    nanosec: 949601000
  frame_id: default_cam
pose:
  position:
    x: 0.06122769928581521
    y: 0.052011080767273524
    z: -0.979994056042861
  orientation:
    x: 0.003051548051921433
    y: 0.9978539126292805
    z: 0.034480598941104085
    w: 0.055581880155190055
---
header:
  stamp:
    sec: 1788575059
    nanosec: 985601000
  frame_id: default_cam
pose:
  position:
    x: 0.061599494726873066
    y: 0.0520977114128004
    z: -0.9774615729302776
  orientation:
    x: -0.0019572725243956484
    y: 0.9977113970856278
    z: 0.035924383783896
    w: 0.057250116676363365
---
header:
  stamp:
    sec: 1788575060
    nanosec: 17606000
  frame_id: default_cam
pose:
  position:
    x: 0.062374782218917325
    y: 0.05228395617077903
    z: -0.9788024240442282
  orientation:
    x: -0.0007772583396421529
    y: 0.9976571287247722
    z: 0.03381998528423997
    w: 0.05946308072653675
---
header:
  stamp:
    sec: 1788575060
    nanosec: 49606000
  frame_id: default_cam
pose:
  position:
    x: 0.06325523288476047
    y: 0.052586650243599986
    z: -0.9781901049366478
  orientation:
    x: -0.0032155604882121414
    y: 0.9977564338364246
    z: 0.032674025697024045
    w: 0.0583452393389321
---
header:
  stamp:
    sec: 1788575060
    nanosec: 85610000
  frame_id: default_cam
pose:
  position:
    x: 0.06456600555382305
    y: 0.05279718125663011
    z: -0.9799043215698919
  orientation:
    x: 0.0033086746399093214
    y: 0.9976262211151469
    z: 0.030736778097853298
    w: 0.06153231742590719
---
header:
  stamp:
    sec: 1788575060
    nanosec: 117612000
  frame_id: default_cam
pose:
  position:
    x: 0.06613423318843946
    y: 0.052694626817502276
    z: -0.9814929396147816
  orientation:
    x: 0.8482896983971177
    y: -0.33389890226108926
    z: 0.03400733847748375
    w: 0.40958468183251745
---
header:
  stamp:
    sec: 1788575060
    nanosec: 149614000
  frame_id: default_cam
pose:
  position:
    x: 0.06642648789589219
    y: 0.052658872368076474
    z: -0.9790142540857221
  orientation:
    x: -0.08631932195667429
    y: -0.6178698567173888
    z: 0.781438356688394
    w: -0.011828335179379347
---
header:
  stamp:
    sec: 1788575060
    nanosec: 185617000
  frame_id: default_cam
pose:
  position:
    x: 0.06766388900131733
    y: 0.052549798367474004
    z: -0.9799067350718895
  orientation:
    x: -0.07199600124569094
    y: -0.6324261461023963
    z: 0.7706287528412408
    w: -0.031385837969613604
---
header:
  stamp:
    sec: 1788575060
    nanosec: 217621000
  frame_id: default_cam
pose:
  position:
    x: 0.0689474085074704
    y: 0.052518224290574275
    z: -0.9811549315405262
  orientation:
    x: -0.16162651857098323
    y: -0.6215471624881517
    z: 0.7628221666626076
    w: 0.07522190735228462
---
header:
  stamp:
    sec: 1788575060
    nanosec: 249622000
  frame_id: default_cam
pose:
  position:
    x: 0.06966579918586782
    y: 0.05238981764292289
    z: -0.9805962067765578
  orientation:
    x: -0.10685367012723827
    y: -0.6740054200016117
    z: 0.7309529395883279
    w: 0.0026052055528664637
---
header:
  stamp:
    sec: 1788575060
    nanosec: 285625000
  frame_id: default_cam
pose:
  position:
    x: 0.0707143603081056
    y: 0.05258178049992867
    z: -0.983137313541518
  orientation:
    x: -0.1791812077126938
    y: -0.6665577341599059
    z: 0.719046982573225
    w: 0.08103282474758665
---
header:
  stamp:
    sec: 1788575060
    nanosec: 317627000
  frame_id: default_cam
pose:
  position:
    x: 0.0708342070451977
    y: 0.05225494066682895
    z: -0.9796460877486423
  orientation:
    x: -0.09754415718308469
    y: -0.697989268183281
    z: 0.7093784597078544
    w: -0.00884984762137918
---
header:
  stamp:
    sec: 1788575060
    nanosec: 349629000
  frame_id: default_cam
pose:
  position:
    x: 0.07158918917619089
    y: 0.05239704095099212
    z: -0.9820532783276424
  orientation:
    x: 0.1517605467656951
    y: 0.7052223285184253
    z: -0.6913512790604338
    w: -0.040787409159321976
---
header:
  stamp:
    sec: 1788575060
    nanosec: 385631000
  frame_id: default_cam
pose:
  position:
    x: 0.07195941168219173
    y: 0.05224103423004717
    z: -0.9813371035182941
  orientation:
    x: -0.13436605357496625
    y: -0.6879445082436745
    z: 0.7126196082145769
    w: 0.02917895152607569
---
header:
  stamp:
    sec: 1788575060
    nanosec: 417633000
  frame_id: default_cam
pose:
  position:
    x: 0.07234086012023538
    y: 0.051760004498591645
    z: -0.9823055482843537
  orientation:
    x: -0.027832161844456534
    y: 0.7181349851915505
    z: -0.6836136891713078
    w: 0.12719999130735093
---
header:
  stamp:
    sec: 1788575060
    nanosec: 449638000
  frame_id: default_cam
pose:
  position:
    x: 0.07234171300159149
    y: 0.05111973457095097
    z: -0.97878511977357
  orientation:
    x: -0.13567634861265343
    y: -0.6762557866965228
    z: 0.7234016573653871
    w: 0.03098518206523809
---
header:
  stamp:
    sec: 1788575060
    nanosec: 485639000
  frame_id: default_cam
pose:
  position:
    x: 0.07285203401139781
    y: 0.05118053872604996
    z: -0.980709233460797
  orientation:
    x: -0.1827258407380477
    y: -0.6569743892000661
    z: 0.7267092522495009
    w: 0.08300350448472
---
header:
  stamp:
    sec: 1788575060
    nanosec: 517643000
  frame_id: default_cam
pose:
  position:
    x: 0.07348076687279959
    y: 0.05120886530983427
    z: -0.9819161137514376
  orientation:
    x: -0.15587126206864874
    y: -0.6336100675302959
    z: 0.7552046116745237
    w: 0.06251740950257233
---
header:
  stamp:
    sec: 1788575060
    nanosec: 549644000
  frame_id: default_cam
pose:
  position:
    x: 0.0736578641664567
    y: 0.05127393039211859
    z: -0.9812172677189587
  orientation:
    x: -0.14203414563427727
    y: -0.6191689603234497
    z: 0.7711100968893294
    w: 0.042957170777976804
---
header:
  stamp:
    sec: 1788575060
    nanosec: 585647000
  frame_id: default_cam
pose:
  position:
    x: 0.0739685652963698
    y: 0.0510079750985482
    z: -0.9784120652659953
  orientation:
    x: -0.1771411379958458
    y: -0.6391999532407884
    z: 0.7441683209986859
    w: 0.07910718695862783
---
header:
  stamp:
    sec: 1788575060
    nanosec: 617651000
  frame_id: default_cam
pose:
  position:
    x: 0.07510261512223924
    y: 0.051209895463033596
    z: -0.9829716731073518
  orientation:
    x: -0.09205888551863972
    y: -0.640309113173258
    z: 0.7624406809610766
    w: -0.01461537546393027
---
header:
  stamp:
    sec: 1788575060
    nanosec: 649654000
  frame_id: default_cam
pose:
  position:
    x: 0.0750436060414641
    y: 0.0510583924747507
    z: -0.9811399877270848
  orientation:
    x: -0.15871315189860533
    y: -0.621884381440202
    z: 0.7641359480557525
    w: 0.06454614182183052
---
header:
  stamp:
    sec: 1788575060
    nanosec: 685656000
  frame_id: default_cam
pose:
  position:
    x: 0.07531439924518851
    y: 0.051007949288573905
    z: -0.9810162946304541
  orientation:
    x: -0.15568454619603486
    y: -0.6061423819219874
    z: 0.7771829731309104
    w: 0.06588141763101892
---
header:
  stamp:
    sec: 1788575060
    nanosec: 717658000
  frame_id: default_cam
pose:
  position:
    x: 0.0755879250665901
    y: 0.05101146666037347
    z: -0.9819697410861891
  orientation:
    x: -0.11043112470283989
    y: -0.6168997604026524
    z: 0.7792294407100171
    w: 0.006413348795277947
---
header:
  stamp:
    sec: 1788575060
    nanosec: 749659000
  frame_id: default_cam
pose:
  position:
    x: 0.07565117999432662
    y: 0.05076094365954304
    z: -0.9801488472319474
  orientation:
    x: -0.16651090470632837
    y: -0.5509246467497632
    z: 0.8134156846855766
    w: 0.08432719682891936
---
header:
  stamp:
    sec: 1788575060
    nanosec: 785664000
  frame_id: default_cam
pose:
  position:
    x: 0.07656002176086037
    y: 0.051007333514062975
    z: -0.9825860407782592
  orientation:
    x: -0.17249061157415851
    y: -0.5837351523041865
    z: 0.788182781001472
    w: 0.0909294485629753
---
header:
  stamp:
    sec: 1788575060
    nanosec: 817664000
  frame_id: default_cam
pose:
  position:
    x: 0.07656220281094663
    y: 0.051048394082991964
    z: -0.9827975411244347
  orientation:
    x: -0.15963699172027498
    y: -0.5737501739005033
    z: 0.8002282711195107
    w: 0.0704377947179076
---
header:
  stamp:
    sec: 1788575060
    nanosec: 849668000
  frame_id: default_cam
pose:
  position:
    x: 0.07665901923122179
    y: 0.050987544963421366
    z: -0.9819652961159856
  orientation:
    x: -0.15656245171781547
    y: -0.5719584595199334
    z: 0.8021967151390965
    w: 0.06951366423757743
---
header:
  stamp:
    sec: 1788575060
    nanosec: 885671000
  frame_id: default_cam
pose:
  position:
    x: 0.07668957292011862
    y: 0.05100306891040317
    z: -0.9817537137084975
  orientation:
    x: -0.16591631521226988
    y: -0.58069655088035
    z: 0.7930164017458695
    w: 0.0799267083275765
---
header:
  stamp:
    sec: 1788575060
    nanosec: 917672000
  frame_id: default_cam
pose:
  position:
    x: 0.07677154818292921
    y: 0.051080194222228245
    z: -0.9823900157907481
  orientation:
    x: -0.17490117078118342
    y: -0.5720365605458246
    z: 0.795776018168831
    w: 0.09446842205538739
---
header:
  stamp:
    sec: 1788575060
    nanosec: 949675000
  frame_id: default_cam
pose:
  position:
    x: 0.07665903024140487
    y: 0.05098754521253466
    z: -0.9819653197422176
  orientation:
    x: -0.15656125272867383
    y: -0.5719598494451218
    z: 0.8021960929387646
    w: 0.06951210858924281
---
header:
  stamp:
    sec: 1788575060
    nanosec: 985679000
  frame_id: default_cam
pose:
  position:
    x: 0.07659484231500881
    y: 0.050986675322828266
    z: -0.9816786315454314
  orientation:
    x: -0.15725238845132106
    y: -0.5771879251480664
    z: 0.7984149237484215
    w: 0.06825976066048924
---
header:
  stamp:
    sec: 1788575061
    nanosec: 17681000
  frame_id: default_cam
pose:
  position:
    x: 0.07662553691492546
    y: 0.05100226653280508
    z: -0.9814679893291046
  orientation:
    x: -0.1666820739579367
    y: -0.5858604195001196
    z: 0.7891787650289926
    w: 0.07862271880022266
---
header:
  stamp:
    sec: 1788575061
    nanosec: 49685000
  frame_id: default_cam
pose:
  position:
    x: 0.0766720919598645
    y: 0.051124113709422145
    z: -0.9807816483378126
  orientation:
    x: -0.1058886728154427
    y: -0.6035265546539574
    z: 0.7902772587859898
    w: -0.002267386735802739
---
header:
  stamp:
    sec: 1788575061
    nanosec: 85686000
  frame_id: default_cam
pose:
  position:
    x: 0.0767507600772561
    y: 0.051477287638991995
    z: -0.9819424686661713
  orientation:
    x: -0.11381456304517273
    y: -0.5661352618153623
    z: 0.816363306631054
    w: 0.00938414378083226
---
header:
  stamp:
    sec: 1788575061
    nanosec: 117688000
  frame_id: default_cam
pose:
  position:
    x: 0.07688669120825081
    y: 0.051531645670395046
    z: -0.9793193948133301
  orientation:
    x: -0.054518669125094184
    y: -0.6102482421105622
    z: 0.787440305572425
    w: -0.06754674587130967
---
header:
  stamp:
    sec: 1788575061
    nanosec: 149689000
  frame_id: default_cam
pose:
  position:
    x: 0.07752574160944753
    y: 0.05199871943934178
    z: -0.9814724898852203
  orientation:
    x: -0.07996467872744091
    y: -0.6379868832925788
    z: 0.7649874096413437
    w: -0.03704929139491865
---
header:
  stamp:
    sec: 1788575061
    nanosec: 185697000
  frame_id: default_cam
pose:
  position:
    x: 0.07813585119161891
    y: 0.052177140391312556
    z: -0.979677328817808
  orientation:
    x: -0.007278941159432438
    y: -0.6898655894672332
    z: 0.714568524313308
    w: -0.11586332269241109
---
header:
  stamp:
    sec: 1788575061
    nanosec: 217696000
  frame_id: default_cam
pose:
  position:
    x: 0.07916225873077345
    y: 0.05307319478967302
    z: -0.9815338536745822
  orientation:
    x: -0.025324794090962378
    y: 0.7302730393316855
    z: -0.6675813830242376
    w: 0.14281120358346838
---
header:
  stamp:
    sec: 1788575061
    nanosec: 249699000
  frame_id: default_cam
pose:
  position:
    x: 0.08004387769149067
    y: 0.053550572314108
    z: -0.9815861481556439
  orientation:
    x: 0.043988528845493216
    y: 0.7123888318936281
    z: -0.6953930313304573
    w: 0.08364026243549738
---
header:
  stamp:
    sec: 1788575061
    nanosec: 285701000
  frame_id: default_cam
pose:
  position:
    x: 0.08125689573679233
    y: 0.054109787806392175
    z: -0.9816638900513942
  orientation:
    x: 0.03241653596347509
    y: 0.7796632702101264
    z: -0.6192982736740299
    w: 0.08685621167047604
---
header:
  stamp:
    sec: 1788575061
    nanosec: 317701000
  frame_id: default_cam
pose:
  position:
    x: 0.08227477969596989
    y: 0.05437810911741506
    z: -0.9826053735285409
  orientation:
    x: -0.05220157264723865
    y: 0.8152906215906388
    z: -0.5578133493822226
    w: 0.1463573210006639
---
header:
  stamp:
    sec: 1788575061
    nanosec: 349705000
  frame_id: default_cam
pose:
  position:
    x: 0.08300586645648775
    y: 0.054084379754516354
    z: -0.9808252131576407
  orientation:
    x: 0.11128574496305943
    y: 0.7832625031106166
    z: -0.6110386050819349
    w: 0.027334178027361575
---
header:
  stamp:
    sec: 1788575061
    nanosec: 385709000
  frame_id: default_cam
pose:
  position:
    x: 0.08327161813605842
    y: 0.05365963009444572
    z: -0.9811769774624354
  orientation:
    x: 0.02244815863295085
    y: 0.8084162470770881
    z: -0.5798371362467192
    w: 0.09873270514368528
---
header:
  stamp:
    sec: 1788575061
    nanosec: 417710000
  frame_id: default_cam
pose:
  position:
    x: 0.08424381458129312
    y: 0.053731186423762865
    z: -0.9836920357665502
  orientation:
    x: 0.1008544527866875
    y: 0.8047875483157018
    z: -0.5834185135504854
    w: 0.04205020185019084
---
header:
  stamp:
    sec: 1788575061
    nanosec: 485716000
  frame_id: default_cam
pose:
  position:
    x: 0.08455418068534923
    y: 0.053254947142430994
    z: -0.9822944346684717
  orientation:
    x: 0.22557167456106
    y: 0.7178907419148419
    z: -0.6552716546507162
    w: -0.06610114159369332
---
header:
  stamp:
    sec: 1788575061
    nanosec: 517717000
  frame_id: default_cam
pose:
  position:
    x: 0.08516285313629438
    y: 0.05334413714064108
    z: -0.9854842352324086
  orientation:
    x: 0.24435701407232513
    y: 0.7394280677424184
    z: -0.622896679695682
    w: -0.07440099953942704
---
header:
  stamp:
    sec: 1788575061
    nanosec: 549720000
  frame_id: default_cam
pose:
  position:
    x: 0.08556866597955613
    y: 0.05305983660703447
    z: -0.9843369939880727
  orientation:
    x: 0.23064586329032918
    y: 0.736228091569175
    z: -0.6329223157304745
    w: -0.064653114247056
---
header:
  stamp:
    sec: 1788575061
    nanosec: 585724000
  frame_id: default_cam
pose:
  position:
    x: 0.08588470292691396
    y: 0.05249566596988037
    z: -0.9840463626756364
  orientation:
    x: 0.1742402341751731
    y: 0.7512625405839387
    z: -0.6363405966570858
    w: -0.01776459839261432
---
header:
  stamp:
    sec: 1788575061
    nanosec: 617725000
  frame_id: default_cam
pose:
  position:
    x: 0.08613217097367921
    y: 0.05192352847654506
    z: -0.9831208281644734
  orientation:
    x: 0.08621265617273513
    y: 0.7074006437767657
    z: -0.6987459679368546
    w: 0.06249623502137829
---
header:
  stamp:
    sec: 1788575061
    nanosec: 649729000
  frame_id: default_cam
pose:
  position:
    x: 0.08704368596846615
    y: 0.0521649954645627
    z: -0.9867702806324562
  orientation:
    x: 0.08116255149281179
    y: 0.7408191684729467
    z: -0.6635247452857792
    w: 0.06583701277906145
---
header:
  stamp:
    sec: 1788575061
    nanosec: 685733000
  frame_id: default_cam
pose:
  position:
    x: 0.0871054960985327
    y: 0.05178542568304319
    z: -0.9839802187785162
  orientation:
    x: -0.0722742418313187
    y: -0.6986000943414076
    z: 0.7079269842422298
    w: -0.07465739839819215
---
header:
  stamp:
    sec: 1788575061
    nanosec: 717733000
  frame_id: default_cam
pose:
  position:
    x: 0.08747186415160543
    y: 0.05174122135054422
    z: -0.9852573540506513
  orientation:
    x: 0.08769477402358225
    y: 0.715357955195997
    z: -0.6903415489627817
    w: 0.06325478892876113
---
header:
  stamp:
    sec: 1788575061
    nanosec: 749735000
  frame_id: default_cam
pose:
  position:
    x: 0.0876222166617567
    y: 0.05162773687893336
    z: -0.9843812932265436
  orientation:
    x: 0.0618168204386577
    y: 0.7050211928871004
    z: -0.7012264223690878
    w: 0.08605406941193663
---
header:
  stamp:
    sec: 1788575061
    nanosec: 785740000
  frame_id: default_cam
pose:
  position:
    x: 0.08818390232416487
    y: 0.051579795670172915
    z: -0.9849230762162063
  orientation:
    x: 0.06077474323200498
    y: 0.7042540884413424
    z: -0.7016069421986745
    w: 0.08989053430347044
---
header:
  stamp:
    sec: 1788575061
    nanosec: 817742000
  frame_id: default_cam
pose:
  position:
    x: 0.08871593835593511
    y: 0.05160194745120422
    z: -0.9857192790654729
  orientation:
    x: -0.013895813534237059
    y: 0.7236675294402002
    z: -0.6711872784281554
    w: 0.16006202071804682
---
header:
  stamp:
    sec: 1788575061
    nanosec: 849743000
  frame_id: default_cam
pose:
  position:
    x: 0.08900319560969584
    y: 0.051806973820252955
    z: -0.9845414083646947
  orientation:
    x: -0.11762359862155639
    y: -0.6884441271477857
    z: 0.7149444374884566
    w: -0.0326163171948156
---
header:
  stamp:
    sec: 1788575061
    nanosec: 885751000
  frame_id: default_cam
pose:
  position:
    x: 0.08923241700204189
    y: 0.05187644382978689
    z: -0.9846995755991694
  orientation:
    x: 0.0444660162985897
    y: 0.7057144161762475
    z: -0.6980539745036206
    w: 0.11274122970435534
---
header:
  stamp:
    sec: 1788575061
    nanosec: 917751000
  frame_id: default_cam
pose:
  position:
    x: 0.09003334949267011
    y: 0.052304920258245326
    z: -0.9868134529616195
  orientation:
    x: 0.09644604027793488
    y: 0.75416024671397
    z: -0.6470495409410291
    w: 0.05716095834601282
---
header:
  stamp:
    sec: 1788575061
    nanosec: 949754000
  frame_id: default_cam
pose:
  position:
    x: 0.09017048165605476
    y: 0.05247513642040062
    z: -0.9860014688156837
  orientation:
    x: 0.14326580518758175
    y: 0.7434667217090267
    z: -0.6530068810458557
    w: 0.017724448706521064
---
header:
  stamp:
    sec: 1788575061
    nanosec: 985757000
  frame_id: default_cam
pose:
  position:
    x: 0.09053762301364578
    y: 0.05257924186639682
    z: -0.9852083345179282
  orientation:
    x: 0.20490862896743786
    y: 0.7657378275634078
    z: -0.6089062862702794
    w: -0.0298524329610533
---
header:
  stamp:
    sec: 1788575062
    nanosec: 17757000
  frame_id: default_cam
pose:
  position:
    x: 0.09052547541060904
    y: 0.05240720959861787
    z: -0.9825140473868845
  orientation:
    x: 0.2335651951609
    y: 0.7463629176557842
    z: -0.6211980400086733
    w: -0.05002689124039659
---
header:
  stamp:
    sec: 1788575062
    nanosec: 49760000
  frame_id: default_cam
pose:
  position:
    x: 0.09158330123176554
    y: 0.052591823234977776
    z: -0.9867382553369676
  orientation:
    x: 0.20104287332586826
    y: 0.7837324068446515
    z: -0.5874341030422936
    w: -0.016323361457264804
---
header:
  stamp:
    sec: 1788575062
    nanosec: 85764000
  frame_id: default_cam
pose:
  position:
    x: 0.09180518532102623
    y: 0.05254258914424656
    z: -0.985820221269051
  orientation:
    x: 0.1774817457383323
    y: 0.7594019733901402
    z: -0.6259087757218663
    w: -0.006861283785800343
---
header:
  stamp:
    sec: 1788575062
    nanosec: 117766000
  frame_id: default_cam
pose:
  position:
    x: 0.09207916485198653
    y: 0.05255487106838738
    z: -0.9850354281712033
  orientation:
    x: 0.18944487802997043
    y: 0.7519481976133129
    z: -0.6312640809538532
    w: -0.013791533337048785
---
header:
  stamp:
    sec: 1788575062
    nanosec: 149768000
  frame_id: default_cam
pose:
  position:
    x: 0.09229341949291789
    y: 0.05242418524956096
    z: -0.984005664125858
  orientation:
    x: 0.13473734006240815
    y: 0.7729082405210541
    z: -0.6191935547773916
    w: 0.03252756753421275
---
header:
  stamp:
    sec: 1788575062
    nanosec: 185773000
  frame_id: default_cam
pose:
  position:
    x: 0.09263073845059885
    y: 0.05239027666560687
    z: -0.9842055218683339
  orientation:
    x: 0.11162288540902739
    y: 0.7883406263961945
    z: -0.6026261705360564
    w: 0.053861737915394364
---
header:
  stamp:
    sec: 1788575062
    nanosec: 217772000
  frame_id: default_cam
pose:
  position:
    x: 0.09335205699206434
    y: 0.05278328066860927
    z: -0.985751462402177
  orientation:
    x: 0.09364263819482492
    y: 0.7913876501460019
    z: -0.6003296203939467
    w: 0.06738687102071388
---
header:
  stamp:
    sec: 1788575062
    nanosec: 249775000
  frame_id: default_cam
pose:
  position:
    x: 0.09344890949570535
    y: 0.05284362693002208
    z: -0.9835392017303286
  orientation:
    x: -0.01011640132887085
    y: 0.7815473733123246
    z: -0.604776976127322
    w: 0.15272907659987914
---
header:
  stamp:
    sec: 1788575062
    nanosec: 285779000
  frame_id: default_cam
pose:
  position:
    x: 0.0943973276557735
    y: 0.0533136248467379
    z: -0.9865964916201256
  orientation:
    x: -0.0022218886374981
    y: 0.795769921103066
    z: -0.5884006485074427
    w: 0.1432828416612527
---
header:
  stamp:
    sec: 1788575062
    nanosec: 349785000
  frame_id: default_cam
pose:
  position:
    x: 0.09627635593756517
    y: 0.05360387923926526
    z: -0.9881915022797745
  orientation:
    x: 0.10821993047105911
    y: 0.8136361446960668
    z: -0.5673504719818003
    w: 0.06631826773211608
---
header:
  stamp:
    sec: 1788575062
    nanosec: 385785000
  frame_id: default_cam
pose:
  position:
    x: 0.0971304338249703
    y: 0.05336268325556894
    z: -0.986281193007228
  orientation:
    x: 0.0479440160972158
    y: 0.8243969039924086
    z: -0.5535290310868966
    w: 0.1080589087128077
---
header:
  stamp:
    sec: 1788575062
    nanosec: 417788000
  frame_id: default_cam
pose:
  position:
    x: 0.09788890396708362
    y: 0.053465801785764135
    z: -0.9865653359904053
  orientation:
    x: 0.006302162391893167
    y: 0.8567209170920518
    z: -0.4979889678073734
    w: 0.1341511867569079
---
header:
  stamp:
    sec: 1788575062
    nanosec: 449789000
  frame_id: default_cam
pose:
  position:
    x: 0.09890300384370292
    y: 0.053851688744218855
    z: -0.9885505736619015
  orientation:
    x: 0.20354879331039483
    y: 0.8169974888525384
    z: -0.5393892690548686
    w: 0.011925115470430707
---
header:
  stamp:
    sec: 1788575062
    nanosec: 485795000
  frame_id: default_cam
pose:
  position:
    x: 0.0996458712454064
    y: 0.05378013177733636
    z: -0.9884349755315934
  orientation:
    x: 0.08049423396011335
    y: 0.8638062127559384
    z: -0.48876130525669875
    w: 0.09204287906831933
---
header:
  stamp:
    sec: 1788575062
    nanosec: 517796000
  frame_id: default_cam
pose:
  position:
    x: 0.10039897818277502
    y: 0.053843679051048234
    z: -0.9893097076013703
  orientation:
    x: 0.16073980824764134
    y: 0.8417055746489011
    z: -0.513202520944663
    w: 0.04814158436858394
---
header:
  stamp:
    sec: 1788575062
    nanosec: 549798000
  frame_id: default_cam
pose:
  position:
    x: 0.10101736461054611
    y: 0.053556591549707766
    z: -0.9877262843928037
  orientation:
    x: 0.008617068508413426
    y: 0.8954873459425683
    z: -0.42568236652840374
    w: 0.129702282993917
---
header:
  stamp:
    sec: 1788575062
    nanosec: 585802000
  frame_id: default_cam
pose:
  position:
    x: 0.10117265096527035
    y: 0.053182711843888536
    z: -0.9848448293277997
  orientation:
    x: 0.0919704474826319
    y: 0.8722603467863425
    z: -0.4715603838862514
    w: 0.09129144846624702
---
header:
  stamp:
    sec: 1788575062
    nanosec: 617804000
  frame_id: default_cam
pose:
  position:
    x: 0.1020722781201393
    y: 0.05321309266488681
    z: -0.9874286151511329
  orientation:
    x: 0.3606805936025346
    y: 0.7567409475012725
    z: -0.537299107925107
    w: -0.09253278552104541
---
header:
  stamp:
    sec: 1788575062
    nanosec: 649805000
  frame_id: default_cam
pose:
  position:
    x: 0.10269139241114945
    y: 0.05248730706918289
    z: -0.9845333325784545
  orientation:
    x: 0.24377797589320058
    y: 0.8358135998444556
    z: -0.49191886305677773
    w: -0.0019382862001635934
---
header:
  stamp:
    sec: 1788575062
    nanosec: 685808000
  frame_id: default_cam
pose:
  position:
    x: 0.10389016488260099
    y: 0.052630496907327864
    z: -0.9885554020291271
  orientation:
    x: 0.1767449637465313
    y: 0.8510899936371614
    z: -0.49314015595104943
    w: 0.03492602338526982
---
header:
  stamp:
    sec: 1788575062
    nanosec: 717811000
  frame_id: default_cam
pose:
  position:
    x: 0.10414675292123157
    y: 0.052352581278298525
    z: -0.9870886268892741
  orientation:
    x: 0.18571907131178506
    y: 0.8268091100841877
    z: -0.5302093729235445
    w: 0.027805447252354194
---
header:
  stamp:
    sec: 1788575062
    nanosec: 749813000
  frame_id: default_cam
pose:
  position:
    x: 0.10470746312465239
    y: 0.052240243415035865
    z: -0.9876576529595497
  orientation:
    x: 0.07514158107213252
    y: 0.8659343384049261
    z: -0.4847371945253566
    w: 0.09767966323083721
---
header:
  stamp:
    sec: 1788575062
    nanosec: 785818000
  frame_id: default_cam
pose:
  position:
    x: 0.10486098976510226
    y: 0.051949848136680195
    z: -0.9861546010033291
  orientation:
    x: 0.10328029031015656
    y: 0.8487219107969104
    z: -0.5116714946656166
    w: 0.08483266654623625
---
header:
  stamp:
    sec: 1788575062
    nanosec: 817818000
  frame_id: default_cam
pose:
  position:
    x: 0.10539233252113701
    y: 0.05184017116012507
    z: -0.9874264834143203
  orientation:
    x: 0.16260284609231473
    y: 0.8392591317379574
    z: -0.516658822186997
    w: 0.047624423287573395
---
header:
  stamp:
    sec: 1788575062
    nanosec: 849820000
  frame_id: default_cam
pose:
  position:
    x: 0.10576252151994175
    y: 0.0516654872755243
    z: -0.9868776985137244
  orientation:
    x: 0.1709269464938518
    y: 0.862827934407721
    z: -0.47313459727363966
    w: 0.049553884113197534
---
header:
  stamp:
    sec: 1788575062
    nanosec: 885827000
  frame_id: default_cam
pose:
  position:
    x: 0.10602411774680681
    y: 0.05122954537122029
    z: -0.9855747744928116
  orientation:
    x: 0.19795850211531857
    y: 0.8403419394060823
    z: -0.5038074956051027
    w: 0.02856332767025188
---
header:
  stamp:
    sec: 1788575062
    nanosec: 949832000
  frame_id: default_cam
pose:
  position:
    x: 0.1070801221525037
    y: 0.05132465479918646
    z: -0.987130612197402
  orientation:
    x: 0.2193471727861914
    y: 0.815103749975455
    z: -0.5360938673115805
    w: 0.009801020231026929
---
header:
  stamp:
    sec: 1788575062
    nanosec: 985832000
  frame_id: default_cam
pose:
  position:
    x: 0.10736618638912958
    y: 0.051194858731642055
    z: -0.9857289694385277
  orientation:
    x: 0.10304251286776905
    y: 0.8383558417069097
    z: -0.5283161258744984
    w: 0.08616144357400166
---
header:
  stamp:
    sec: 1788575063
    nanosec: 49840000
  frame_id: default_cam
pose:
  position:
    x: 0.10836797206278533
    y: 0.05109673760850956
    z: -0.9839652653109348
  orientation:
    x: 0.1960634313545999
    y: 0.8500884322464636
    z: -0.48722417312300864
    w: 0.0390050428894802
---
header:
  stamp:
    sec: 1788575063
    nanosec: 85838000
  frame_id: default_cam
pose:
  position:
    x: 0.10879376021190654
    y: 0.05098854758500737
    z: -0.9851533324865387
  orientation:
    x: 0.18471614885180648
    y: 0.8211142756237495
    z: -0.5389161215386178
    w: 0.0349385842016564
---
header:
  stamp:
    sec: 1788575063
    nanosec: 117840000
  frame_id: default_cam
pose:
  position:
    x: 0.10938441575727174
    y: 0.05098916124507323
    z: -0.9871442199771118
  orientation:
    x: 0.2654981880558685
    y: 0.7992841763336371
    z: -0.5388717237128351
    w: -0.016516143147475213
---
header:
  stamp:
    sec: 1788575063
    nanosec: 149842000
  frame_id: default_cam
pose:
  position:
    x: 0.1101249865071868
    y: 0.050768299184867714
    z: -0.9889834624283168
  orientation:
    x: 0.1713753159195848
    y: 0.8403152855048664
    z: -0.5121512782590294
    w: 0.04692323750530818
---
header:
  stamp:
    sec: 1788575063
    nanosec: 185847000
  frame_id: default_cam
pose:
  position:
    x: 0.1104582276851303
    y: 0.050791996667922557
    z: -0.9903609588118688
  orientation:
    x: 0.1691619411009573
    y: 0.8380497179557806
    z: -0.5164582839887872
    w: 0.048246749284796143
---
header:
  stamp:
    sec: 1788575063
    nanosec: 217848000
  frame_id: default_cam
pose:
  position:
    x: 0.11019445933184503
    y: 0.05039125842427265
    z: -0.9861328263541543
  orientation:
    x: 0.21593628678826698
    y: 0.8045976423321657
    z: -0.5530033891271433
    w: 0.013468690192773252
---
header:
  stamp:
    sec: 1788575063
    nanosec: 249849000
  frame_id: default_cam
pose:
  position:
    x: 0.11041647349286315
    y: 0.050370282873988426
    z: -0.9857447245301867
  orientation:
    x: 0.22722996359215947
    y: 0.7905485038618784
    z: -0.5686813439653158
    w: 0.0010656985754448234
---
header:
  stamp:
    sec: 1788575063
    nanosec: 285854000
  frame_id: default_cam
pose:
  position:
    x: 0.11087240437231934
    y: 0.05020267579471499
    z: -0.9862363754666417
  orientation:
    x: 0.0840588782134389
    y: 0.8315647507413214
    z: -0.5393148661254743
    w: 0.10282823296198364
---
header:
  stamp:
    sec: 1788575063
    nanosec: 317856000
  frame_id: default_cam
pose:
  position:
    x: 0.11148811975482556
    y: 0.05030654375701119
    z: -0.9885511849285573
  orientation:
    x: 0.21143255097539093
    y: 0.7985923835905249
    z: -0.5633417111550115
    w: 0.013877958502113019
---
header:
  stamp:
    sec: 1788575063
    nanosec: 349857000
  frame_id: default_cam
pose:
  position:
    x: 0.1117358273000604
    y: 0.05006328040350702
    z: -0.9861076403187539
  orientation:
    x: 0.07019561323323101
    y: 0.8359198148599222
    z: -0.5333530412761962
    w: 0.10883552898202126
---
header:
  stamp:
    sec: 1788575063
    nanosec: 385862000
  frame_id: default_cam
pose:
  position:
    x: 0.11250224798239693
    y: 0.05009895375571261
    z: -0.9862240506317942
  orientation:
    x: 0.1272810511573131
    y: 0.843910167058305
    z: -0.5163599359451485
    w: 0.07062280440930709
---
header:
  stamp:
    sec: 1788575063
    nanosec: 417863000
  frame_id: default_cam
pose:
  position:
    x: 0.1133912382814997
    y: 0.05043654702560354
    z: -0.9886605581973228
  orientation:
    x: 0.09901739912856126
    y: 0.8609338542911323
    z: -0.49099570798574355
    w: 0.08894755727286174
---
header:
  stamp:
    sec: 1788575063
    nanosec: 449866000
  frame_id: default_cam
pose:
  position:
    x: 0.11344259998421795
    y: 0.05043269885797913
    z: -0.9866620876167256
  orientation:
    x: 0.1032231447396152
    y: 0.8583175839939396
    z: -0.4950764872121153
    w: 0.08680541000757379
---
header:
  stamp:
    sec: 1788575063
    nanosec: 485869000
  frame_id: default_cam
pose:
  position:
    x: 0.11365655228311947
    y: 0.05048425201903664
    z: -0.9863852178703956
  orientation:
    x: 0.18734953839648394
    y: 0.8286813329671576
    z: -0.5262869199805807
    w: 0.03477753170874934
---
header:
  stamp:
    sec: 1788575063
    nanosec: 517871000
  frame_id: default_cam
pose:
  position:
    x: 0.11402308595810802
    y: 0.05055579926303338
    z: -0.9872092290727437
  orientation:
    x: 0.19788405034096984
    y: 0.8183721888295421
    z: -0.5387516740505292
    w: 0.029248878247704956
---
header:
  stamp:
    sec: 1788575063
    nanosec: 549872000
  frame_id: default_cam
pose:
  position:
    x: 0.11409560086836887
    y: 0.05024467488684404
    z: -0.9864176728410885
  orientation:
    x: 0.0820649677359138
    y: 0.8458941618586253
    z: -0.5164774628512763
    w: 0.10478281524518109
---
header:
  stamp:
    sec: 1788575063
    nanosec: 585876000
  frame_id: default_cam
pose:
  position:
    x: 0.11469347809324906
    y: 0.05011369671365064
    z: -0.9870901596799283
  orientation:
    x: 0.0011023468179241587
    y: 0.8487352363510734
    z: -0.5075131156654391
    w: 0.14858573563817995
---
header:
  stamp:
    sec: 1788575063
    nanosec: 617879000
  frame_id: default_cam
pose:
  position:
    x: 0.11503777041806863
    y: 0.05050043473360558
    z: -0.9880908845970182
  orientation:
    x: 0.131793573981773
    y: 0.818447993553558
    z: -0.5551088876080471
    w: 0.06802542615686069
---
header:
  stamp:
    sec: 1788575063
    nanosec: 649880000
  frame_id: default_cam
pose:
  position:
    x: 0.11510589417759787
    y: 0.050412684560849914
    z: -0.9862731477004234
  orientation:
    x: 0.16717117468704587
    y: 0.797841341612656
    z: -0.5772690490897755
    w: 0.04757559175098866
---
header:
  stamp:
    sec: 1788575063
    nanosec: 685884000
  frame_id: default_cam
pose:
  position:
    x: 0.11608042913565267
    y: 0.05047248534533677
    z: -0.9879213251816862
  orientation:
    x: 0.0935157898066899
    y: 0.8463056845131315
    z: -0.5149154046120648
    w: 0.09941635434265689
---
header:
  stamp:
    sec: 1788575063
    nanosec: 717886000
  frame_id: default_cam
pose:
  position:
    x: 0.11645264295760022
    y: 0.05051693699925287
    z: -0.9876337654998484
  orientation:
    x: 0.1301328038083605
    y: 0.812351031775235
    z: -0.5635113039457751
    w: 0.0748749949717394
---
header:
  stamp:
    sec: 1788575063
    nanosec: 749887000
  frame_id: default_cam
pose:
  position:
    x: 0.11661922846561418
    y: 0.05045161629826694
    z: -0.9864451192254861
  orientation:
    x: 0.15000931646028778
    y: 0.8203250695810449
    z: -0.5480338400057319
    w: 0.06498380875682021
---
header:
  stamp:
    sec: 1788575063
    nanosec: 785892000
  frame_id: default_cam
pose:
  position:
    x: 0.11688571717149905
    y: 0.05029198685750252
    z: -0.9864463690551606
  orientation:
    x: 0.0854333564528812
    y: 0.8074594807013294
    z: -0.5736772483158282
    w: 0.10772531455286492
---
header:
  stamp:
    sec: 1788575063
    nanosec: 817894000
  frame_id: default_cam
pose:
  position:
    x: 0.11758142638283985
    y: 0.05029029414206401
    z: -0.9876114060909218
  orientation:
    x: 0.062140121095485334
    y: 0.7977446515069996
    z: -0.5859625344693884
    w: 0.12802337497670058
---
header:
  stamp:
    sec: 1788575063
    nanosec: 849897000
  frame_id: default_cam
pose:
  position:
    x: 0.11770946631410642
    y: 0.05001797754872557
    z: -0.9860259034549343
  orientation:
    x: 0.02994938923049696
    y: 0.8099807538867734
    z: -0.5657560369469777
    w: 0.15150682847906335
---
header:
  stamp:
    sec: 1788575063
    nanosec: 885899000
  frame_id: default_cam
pose:
  position:
    x: 0.11809807452680907
    y: 0.05003410549552742
    z: -0.9868489943882635
  orientation:
    x: 0.021206223930070184
    y: 0.8031135797920633
    z: -0.5738700095215501
    w: 0.15884610851997868
---
header:
  stamp:
    sec: 1788575063
    nanosec: 917902000
  frame_id: default_cam
pose:
  position:
    x: 0.11837607331363163
    y: 0.05006052035538797
    z: -0.9878116105741093
  orientation:
    x: 0.0003752881110894959
    y: 0.8090144359118157
    z: -0.5615386385518762
    w: 0.17369472950675785
---
header:
  stamp:
    sec: 1788575063
    nanosec: 985909000
  frame_id: default_cam
pose:
  position:
    x: 0.11850248758426506
    y: 0.04986692788619278
    z: -0.9864259128401702
  orientation:
    x: -0.03668422715904385
    y: 0.8142281572742563
    z: -0.5454641335351946
    w: 0.19533472401550106
---
header:
  stamp:
    sec: 1788575064
    nanosec: 17908000
  frame_id: default_cam
pose:
  position:
    x: 0.11889627420611766
    y: 0.04993566887215827
    z: -0.9886577590111804
  orientation:
    x: 0.03411345781059243
    y: 0.7927464998552743
    z: -0.5888380471813875
    w: 0.1538148664954939
---
header:
  stamp:
    sec: 1788575064
    nanosec: 49911000
  frame_id: default_cam
pose:
  position:
    x: 0.11905996178378493
    y: 0.049706898218002636
    z: -0.9866775517108413
  orientation:
    x: 0.015598178237333261
    y: 0.7783084618540211
    z: -0.6050799038170441
    w: 0.16694593447838385
---
header:
  stamp:
    sec: 1788575064
    nanosec: 85915000
  frame_id: default_cam
pose:
  position:
    x: 0.11937342872493378
    y: 0.049815405006947665
    z: -0.9876714265137281
  orientation:
    x: 0.08908096475067714
    y: 0.7785729885481123
    z: -0.6116297209822997
    w: 0.10861752912612095
---
header:
  stamp:
    sec: 1788575064
    nanosec: 117918000
  frame_id: default_cam
pose:
  position:
    x: 0.11963308094861062
    y: 0.049748031861994994
    z: -0.9868746230724821
  orientation:
    x: 0.05273370291317414
    y: 0.7762693474167675
    z: -0.6132111710889085
    w: 0.13637124509947277
---
header:
  stamp:
    sec: 1788575064
    nanosec: 149918000
  frame_id: default_cam
pose:
  position:
    x: 0.12008720041815282
    y: 0.04971560573880406
    z: -0.9863544723019216
  orientation:
    x: 0.006243209916579311
    y: 0.7920457942546241
    z: -0.5864741319435016
    w: 0.16932978088515804
---
header:
  stamp:
    sec: 1788575064
    nanosec: 185923000
  frame_id: default_cam
pose:
  position:
    x: 0.1210575955362273
    y: 0.050176011238651556
    z: -0.9888624239405392
  orientation:
    x: 0.12466253694714573
    y: 0.7581145038521545
    z: -0.6354490520598987
    w: 0.07698151185238815
---
header:
  stamp:
    sec: 1788575064
    nanosec: 249929000
  frame_id: default_cam
pose:
  position:
    x: 0.1226130315174829
    y: 0.05034406152420497
    z: -0.9897500018634541
  orientation:
    x: 0.015217009468147089
    y: 0.7876422404497616
    z: -0.5927268216476304
    w: 0.16752032289135685
---
header:
  stamp:
    sec: 1788575064
    nanosec: 317936000
  frame_id: default_cam
pose:
  position:
    x: 0.1238754318259475
    y: 0.04980970255855854
    z: -0.9880851068720474
  orientation:
    x: -0.019356950115731665
    y: 0.7841505610748379
    z: -0.588400624489079
    w: 0.19625980523045394
---
header:
  stamp:
    sec: 1788575064
    nanosec: 349936000
  frame_id: default_cam
pose:
  position:
    x: 0.12384816385705191
    y: 0.04933798953292553
    z: -0.9873036767793101
  orientation:
    x: 0.19409696774659108
    y: 0.6990223137106727
    z: -0.6879630105739166
    w: 0.020026685402977085
---
header:
  stamp:
    sec: 1788575064
    nanosec: 385940000
  frame_id: default_cam
pose:
  position:
    x: 0.12468503616032788
    y: 0.04897145124776674
    z: -0.989385236039898
  orientation:
    x: 0.10774776143724242
    y: 0.7457726389250438
    z: -0.6489921152818426
    w: 0.10498964347991138
---
header:
  stamp:
    sec: 1788575064
    nanosec: 449947000
  frame_id: default_cam
pose:
  position:
    x: 0.12490234025770885
    y: 0.04848939044230791
    z: -0.9899977206904378
  orientation:
    x: 0.06012114480619972
    y: 0.7412338659897316
    z: -0.6513666660053425
    w: 0.15059638200897482
---
header:
  stamp:
    sec: 1788575064
    nanosec: 485945000
  frame_id: default_cam
pose:
  position:
    x: 0.1252275420821284
    y: 0.04821844331504399
    z: -0.9903465698390791
  orientation:
    x: 0.08656417496808888
    y: 0.7266098580151574
    z: -0.6691045528852788
    w: 0.12978387864244917
---
header:
  stamp:
    sec: 1788575064
    nanosec: 517948000
  frame_id: default_cam
pose:
  position:
    x: 0.1254805333246799
    y: 0.0479605515894266
    z: -0.9886868957121288
  orientation:
    x: -0.2076612453675855
    y: -0.6540564594013227
    z: 0.7273472840693335
    w: -0.007272100436155934
---
header:
  stamp:
    sec: 1788575064
    nanosec: 549949000
  frame_id: default_cam
pose:
  position:
    x: 0.1263449760362071
    y: 0.047796408312096125
    z: -0.9903329236693659
  orientation:
    x: -0.22059766660272961
    y: -0.6364456549394809
    z: 0.7390022716327718
    w: 0.012216395527699151
---
header:
  stamp:
    sec: 1788575064
    nanosec: 585953000
  frame_id: default_cam
pose:
  position:
    x: 0.12688127265062787
    y: 0.0475068423063186
    z: -0.9900852350715581
  orientation:
    x: -0.19202720901295411
    y: -0.6230480731985752
    z: 0.7580110633635663
    w: -0.018864710458247183
---
header:
  stamp:
    sec: 1788575064
    nanosec: 617956000
  frame_id: default_cam
pose:
  position:
    x: 0.1269297254080408
    y: 0.04732250339333215
    z: -0.9879906544550486
  orientation:
    x: -0.22787840474286714
    y: -0.5624365520894136
    z: 0.7941876953912552
    w: 0.03166168054202656
---
header:
  stamp:
    sec: 1788575064
    nanosec: 649957000
  frame_id: default_cam
pose:
  position:
    x: 0.12800646989516737
    y: 0.04750492275755391
    z: -0.9904086981474882
  orientation:
    x: -0.19281272294115223
    y: -0.5442781175386665
    z: 0.8164200198983512
    w: -0.006552537658027179
---
header:
  stamp:
    sec: 1788575064
    nanosec: 685963000
  frame_id: default_cam
pose:
  position:
    x: 0.12811319499037607
    y: 0.04743865923334785
    z: -0.9901527776005271
  orientation:
    x: -0.19256823705442527
    y: -0.5146551191227708
    z: 0.8354881786167688
    w: -0.002661922258700394
---
header:
  stamp:
    sec: 1788575064
    nanosec: 717968000
  frame_id: default_cam
pose:
  position:
    x: 0.12817490912015994
    y: 0.047311451106231674
    z: -0.9891465117671686
  orientation:
    x: -0.18533514954718067
    y: -0.5370915172140048
    z: 0.8226185202633038
    w: -0.021962572683886936
---
header:
  stamp:
    sec: 1788575064
    nanosec: 749966000
  frame_id: default_cam
pose:
  position:
    x: 0.1283848270760405
    y: 0.04742875973673233
    z: -0.9898738381830294
  orientation:
    x: -0.20552912414505647
    y: -0.5035772673716137
    z: 0.8389861060610619
    w: 0.016432551573048234
---
header:
  stamp:
    sec: 1788575064
    nanosec: 785969000
  frame_id: default_cam
pose:
  position:
    x: 0.12864368072478377
    y: 0.047562804570812856
    z: -0.9909892705111463
  orientation:
    x: -0.1892217417952535
    y: -0.4989444758401768
    z: 0.8457110349908752
    w: -0.004731570056999841
---
header:
  stamp:
    sec: 1788575064
    nanosec: 817971000
  frame_id: default_cam
pose:
  position:
    x: 0.12858569855450672
    y: 0.04756871827280319
    z: -0.990353624087443
  orientation:
    x: -0.16514899669021035
    y: -0.5022985634778457
    z: 0.8474911986894785
    w: -0.04669721794904131
---
header:
  stamp:
    sec: 1788575064
    nanosec: 849974000
  frame_id: default_cam
pose:
  position:
    x: 0.12848899415574347
    y: 0.04753334233308729
    z: -0.9901953837483839
  orientation:
    x: -0.16090887274605123
    y: -0.5019029834263606
    z: 0.8480830621672866
    w: -0.05437692124671868
---
header:
  stamp:
    sec: 1788575064
    nanosec: 885975000
  frame_id: default_cam
pose:
  position:
    x: 0.12842740254655763
    y: 0.047597141684935174
    z: -0.9897518662175265
  orientation:
    x: -0.20376076957360825
    y: -0.4221616614055742
    z: 0.8825866789504053
    w: 0.03608094457397629
---
header:
  stamp:
    sec: 1788575064
    nanosec: 917978000
  frame_id: default_cam
pose:
  position:
    x: 0.12845785332215204
    y: 0.0476585913490305
    z: -0.9901461755947966
  orientation:
    x: -0.2143646491739662
    y: -0.4200406487384602
    z: 0.8799957128325413
    w: 0.05675558111977556
---
header:
  stamp:
    sec: 1788575064
    nanosec: 949980000
  frame_id: default_cam
pose:
  position:
    x: 0.1283929761193636
    y: 0.047496817639603596
    z: -0.9889004004177064
  orientation:
    x: -0.18855850646867983
    y: -0.4323075563330962
    z: 0.8817711976503044
    w: 0.005951585499300741
---
header:
  stamp:
    sec: 1788575064
    nanosec: 985984000
  frame_id: default_cam
pose:
  position:
    x: 0.12854558107366376
    y: 0.04746005684535059
    z: -0.9888516286084493
  orientation:
    x: -0.18253326203902087
    y: -0.3890486684102675
    z: 0.9029172482874972
    w: -0.007948874293001795
---
header:
  stamp:
    sec: 1788575065
    nanosec: 17986000
  frame_id: default_cam
pose:
  position:
    x: 0.12844537511275236
    y: 0.04737558805680663
    z: -0.9876449051345126
  orientation:
    x: -0.20601943455618607
    y: -0.37639789410198377
    z: 0.9020945079468885
    w: 0.04589244635887596
---
header:
  stamp:
    sec: 1788575065
    nanosec: 49988000
  frame_id: default_cam
pose:
  position:
    x: 0.12838840448803301
    y: 0.047294034511157185
    z: -0.9867606371882313
  orientation:
    x: -0.20658584037051952
    y: -0.42039275186267544
    z: 0.8827358341744597
    w: 0.03700907731967962
---
header:
  stamp:
    sec: 1788575065
    nanosec: 85991000
  frame_id: default_cam
pose:
  position:
    x: 0.1284008112505239
    y: 0.047304377755456914
    z: -0.9868712232386023
  orientation:
    x: -0.22166825560133258
    y: -0.40946951368390133
    z: 0.8821268375963087
    w: 0.07106436669996641
---
header:
  stamp:
    sec: 1788575065
    nanosec: 117994000
  frame_id: default_cam
pose:
  position:
    x: 0.12843904193341138
    y: 0.047258360053965366
    z: -0.9880471449239686
  orientation:
    x: -0.21926815115724155
    y: -0.40909317475615836
    z: 0.8831896232541855
    w: 0.06738205719731519
---
header:
  stamp:
    sec: 1788575065
    nanosec: 150002000
  frame_id: default_cam
pose:
  position:
    x: 0.1284267640128025
    y: 0.04736273654693598
    z: -0.9885014317521882
  orientation:
    x: -0.23731621881442896
    y: -0.41195314229357766
    z: 0.8741635176603749
    w: 0.09906444989858214
---
header:
  stamp:
    sec: 1788575065
    nanosec: 185997000
  frame_id: default_cam
pose:
  position:
    x: 0.1282072630730704
    y: 0.04739215755306296
    z: -0.9887350773369781
  orientation:
    x: -0.24207115285620454
    y: -0.42414807098129975
    z: 0.8671010443668689
    w: 0.09816185458514781
---
header:
  stamp:
    sec: 1788575065
    nanosec: 218001000
  frame_id: default_cam
pose:
  position:
    x: 0.12833842444629026
    y: 0.04740274533375973
    z: -0.9893274266715009
  orientation:
    x: -0.2385375445571114
    y: -0.4393519549478524
    z: 0.8617581393368003
    w: 0.08627055585157711
---
header:
  stamp:
    sec: 1788575065
    nanosec: 250003000
  frame_id: default_cam
pose:
  position:
    x: 0.12836875434106576
    y: 0.04746352247918969
    z: -0.9897188094700465
  orientation:
    x: -0.24948094502290258
    y: -0.43649747796316013
    z: 0.8579321757508941
    w: 0.10574304522575892
---
header:
  stamp:
    sec: 1788575065
    nanosec: 286006000
  frame_id: default_cam
pose:
  position:
    x: 0.1281495884440374
    y: 0.047406606208414026
    z: -0.9885106691944352
  orientation:
    x: -0.22125725464570759
    y: -0.4423907537972695
    z: 0.8677335753182153
    w: 0.04872463942191208
---
header:
  stamp:
    sec: 1788575065
    nanosec: 318010000
  frame_id: default_cam
pose:
  position:
    x: 0.12825116756459368
    y: 0.04735613973535603
    z: -0.9887147228579463
  orientation:
    x: -0.20525146760250132
    y: -0.45972283819108045
    z: 0.8638573353552287
    w: 0.016650863206484276
---
header:
  stamp:
    sec: 1788575065
    nanosec: 350013000
  frame_id: default_cam
pose:
  position:
    x: 0.12814555217186752
    y: 0.047315613157038576
    z: -0.9870615568512248
  orientation:
    x: -0.21845239046548132
    y: -0.3700264495870881
    z: 0.900971689636239
    w: 0.06007490474325955
---
header:
  stamp:
    sec: 1788575065
    nanosec: 386014000
  frame_id: default_cam
pose:
  position:
    x: 0.12831870523952355
    y: 0.04733289767068111
    z: -0.9869460628129728
  orientation:
    x: -0.1953877976056536
    y: -0.3479131975065378
    z: 0.9168902139813342
    w: 0.009609945517642307
---
header:
  stamp:
    sec: 1788575065
    nanosec: 418017000
  frame_id: default_cam
pose:
  position:
    x: 0.12889934626658972
    y: 0.04745421968734563
    z: -0.9891478982597895
  orientation:
    x: -0.17968519506389066
    y: -0.3889425790145185
    z: 0.9026504540106302
    w: -0.040731545254136685
---
header:
  stamp:
    sec: 1788575065
    nanosec: 450021000
  frame_id: default_cam
pose:
  position:
    x: 0.12920544943481066
    y: 0.047409413851289155
    z: -0.9888333013590029
  orientation:
    x: -0.20587300427260954
    y: -0.3881881965756197
    z: 0.8981951852586553
    w: 0.013101119391416631
---
header:
  stamp:
    sec: 1788575065
    nanosec: 486022000
  frame_id: default_cam
pose:
  position:
    x: 0.12934478439609431
    y: 0.047349760348301996
    z: -0.9893038886283967
  orientation:
    x: -0.19949451903042856
    y: -0.4044504679693496
    z: 0.8925137708836309
    w: -0.0063972352835981764
---
header:
  stamp:
    sec: 1788575065
    nanosec: 518025000
  frame_id: default_cam
pose:
  position:
    x: 0.12895149494660146
    y: 0.04727986931745747
    z: -0.9891104598901354
  orientation:
    x: -0.20007051372275997
    y: -0.4154893395952826
    z: 0.8872783567971761
    w: -0.008804304668161001
---
header:
  stamp:
    sec: 1788575065
    nanosec: 550026000
  frame_id: default_cam
pose:
  position:
    x: 0.12813502568756546
    y: 0.047237462475105636
    z: -0.986711952919156
  orientation:
    x: -0.16228844406004805
    y: -0.4529874158268348
    z: 0.8729582871420267
    w: -0.08005429992919612
---
header:
  stamp:
    sec: 1788575065
    nanosec: 586030000
  frame_id: default_cam
pose:
  position:
    x: 0.12791844614693731
    y: 0.047344948152383166
    z: -0.9872349627258747
  orientation:
    x: -0.21183664756743897
    y: -0.4264621403298525
    z: 0.8791779854390794
    w: 0.017359364387890396
---
header:
  stamp:
    sec: 1788575065
    nanosec: 618031000
  frame_id: default_cam
pose:
  position:
    x: 0.12796738949982822
    y: 0.047338942629890045
    z: -0.9878061430886701
  orientation:
    x: -0.19461001902996913
    y: -0.4517130601392399
    z: 0.870491263077731
    w: -0.018089021480856973
---
header:
  stamp:
    sec: 1788575065
    nanosec: 650036000
  frame_id: default_cam
pose:
  position:
    x: 0.12780464570728287
    y: 0.047232068632863805
    z: -0.9871935118744124
  orientation:
    x: -0.17845282072730556
    y: -0.4795689902742825
    z: 0.8576563329850723
    w: -0.05092925320846668
---
header:
  stamp:
    sec: 1788575065
    nanosec: 686038000
  frame_id: default_cam
pose:
  position:
    x: 0.12767207170554407
    y: 0.04715050150967586
    z: -0.9869825651980846
  orientation:
    x: -0.1753102783807919
    y: -0.5061231547181785
    z: 0.8426228497626449
    w: -0.05560927629494225
---
header:
  stamp:
    sec: 1788575065
    nanosec: 718041000
  frame_id: default_cam
pose:
  position:
    x: 0.1276691549212446
    y: 0.047211013386480455
    z: -0.9877060948746682
  orientation:
    x: -0.18528123888706724
    y: -0.4914945237954219
    z: 0.8500054693026804
    w: -0.03993366688791564
---
header:
  stamp:
    sec: 1788575065
    nanosec: 750044000
  frame_id: default_cam
pose:
  position:
    x: 0.12767493167974445
    y: 0.04726531644506729
    z: -0.9880134429103168
  orientation:
    x: -0.2076969017609562
    y: -0.47019536350877295
    z: 0.8577508517024616
    w: 0.006464792143176985
---
header:
  stamp:
    sec: 1788575065
    nanosec: 786046000
  frame_id: default_cam
pose:
  position:
    x: 0.12765771522849506
    y: 0.0472520054037877
    z: -0.9878574165887534
  orientation:
    x: -0.1890585414093307
    y: -0.4812843560596843
    z: 0.8554490552952486
    w: -0.02879497051323586
---
header:
  stamp:
    sec: 1788575065
    nanosec: 818046000
  frame_id: default_cam
pose:
  position:
    x: 0.12764452962018716
    y: 0.04724275461916081
    z: -0.988085529465832
  orientation:
    x: -0.2015409246627073
    y: -0.46284687626373544
    z: 0.8632147120963223
    w: -0.0037928405538291735
---
header:
  stamp:
    sec: 1788575065
    nanosec: 850051000
  frame_id: default_cam
pose:
  position:
    x: 0.1275536851966181
    y: 0.047146930793510324
    z: -0.9864572892353165
  orientation:
    x: -0.18206529924858672
    y: -0.4911605495739674
    z: 0.8507022911433001
    w: -0.043808140741885104
---
header:
  stamp:
    sec: 1788575065
    nanosec: 886053000
  frame_id: default_cam
pose:
  position:
    x: 0.12777658936142128
    y: 0.04731040237804507
    z: -0.9881385797271965
  orientation:
    x: -0.2050431423747011
    y: -0.4499708344674749
    z: 0.869184030127259
    w: 0.0016369683834871317
---
header:
  stamp:
    sec: 1788575065
    nanosec: 918054000
  frame_id: default_cam
pose:
  position:
    x: 0.12777328184001122
    y: 0.04718143418110875
    z: -0.9872408269999461
  orientation:
    x: -0.1857485977867205
    y: -0.488167114172689
    z: 0.8520111894768151
    w: -0.03559859641725641
---
header:
  stamp:
    sec: 1788575065
    nanosec: 950057000
  frame_id: default_cam
pose:
  position:
    x: 0.12789971952966767
    y: 0.04725693512383887
    z: -0.9879538836971261
  orientation:
    x: -0.19079225321550208
    y: -0.4796132762810234
    z: 0.8561009253176958
    w: -0.02570266519486887
---
header:
  stamp:
    sec: 1788575065
    nanosec: 982062000
  frame_id: default_cam
pose:
  position:
    x: 0.12777248221354442
    y: 0.04718101332636209
    z: -0.9872371753692886
  orientation:
    x: -0.18562296112101445
    y: -0.4882091730878885
    z: 0.852004744875203
    w: -0.03583063392750238
---
header:
  stamp:
    sec: 1788575066
    nanosec: 18065000
  frame_id: default_cam
pose:
  position:
    x: 0.12778600855718206
    y: 0.047192415039069124
    z: -0.9873649345498084
  orientation:
    x: -0.20349964502025897
    y: -0.47781213724017857
    z: 0.8545615528494815
    w: -0.002829907080473363
---
header:
  stamp:
    sec: 1788575066
    nanosec: 50064000
  frame_id: default_cam
pose:
  position:
    x: 0.12802301204976027
    y: 0.04731379440430627
    z: -0.988774077998058
  orientation:
    x: -0.20686113150870072
    y: -0.4737283402008611
    z: 0.8559905124012634
    w: 0.008377030529945512
---
header:
  stamp:
    sec: 1788575066
    nanosec: 82068000
  frame_id: default_cam
pose:
  position:
    x: 0.12789637815466126
    y: 0.0472379865598793
    z: -0.9880602019483797
  orientation:
    x: -0.20196996728974476
    y: -0.48252861357973426
    z: 0.8522737423650278
    w: -0.0019332524173285336
---
header:
  stamp:
    sec: 1788575066
    nanosec: 118071000
  frame_id: default_cam
pose:
  position:
    x: 0.1277134798726717
    y: 0.04717573701411077
    z: -0.9875637572506885
  orientation:
    x: -0.19337038800137332
    y: -0.4536909904122703
    z: 0.8698073658486061
    w: -0.014405713395756472
---
header:
  stamp:
    sec: 1788575066
    nanosec: 150072000
  frame_id: default_cam
pose:
  position:
    x: 0.12795840788448837
    y: 0.04725513314977069
    z: -0.9888029088591604
  orientation:
    x: -0.19249634883508182
    y: -0.4602664147058535
    z: 0.8665107498362834
    w: -0.01609669522428697
---
header:
  stamp:
    sec: 1788575066
    nanosec: 182075000
  frame_id: default_cam
pose:
  position:
    x: 0.12794249748410771
    y: 0.04720770598259316
    z: -0.9878512550836505
  orientation:
    x: -0.1887187392697147
    y: -0.46705109603085865
    z: 0.8635844161833052
    w: -0.02169025749416281
---
header:
  stamp:
    sec: 1788575066
    nanosec: 218081000
  frame_id: default_cam
pose:
  position:
    x: 0.12791854635448688
    y: 0.04719416923894597
    z: -0.987731137687258
  orientation:
    x: -0.18895980749709193
    y: -0.41932972578798583
    z: 0.8876975715282358
    w: -0.021208340908879453
---
header:
  stamp:
    sec: 1788575066
    nanosec: 250081000
  frame_id: default_cam
pose:
  position:
    x: 0.12788791109497738
    y: 0.04712436130954861
    z: -0.9872528400976117
  orientation:
    x: -0.1772839547641729
    y: -0.4224675413922104
    z: 0.8877367613192588
    w: -0.04488895694476507
---
header:
  stamp:
    sec: 1788575066
    nanosec: 282083000
  frame_id: default_cam
pose:
  position:
    x: 0.1279054789524773
    y: 0.04718329347156651
    z: -0.9876059630626057
  orientation:
    x: -0.17343670805304356
    y: -0.42926098961756665
    z: 0.8846637814168089
    w: -0.05499731758534396
---
header:
  stamp:
    sec: 1788575066
    nanosec: 318085000
  frame_id: default_cam
pose:
  position:
    x: 0.12788786156364035
    y: 0.047124327729619206
    z: -0.9872526117272197
  orientation:
    x: -0.17727163959795336
    y: -0.4224734157602911
    z: 0.887735049547028
    w: -0.04491615050092053
---
header:
  stamp:
    sec: 1788575066
    nanosec: 350087000
  frame_id: default_cam
pose:
  position:
    x: 0.12788786156364035
    y: 0.047124327729619206
    z: -0.9872526117272197
  orientation:
    x: -0.17727163959795336
    y: -0.4224734157602911
    z: 0.887735049547028
    w: -0.04491615050092053
---
header:
  stamp:
    sec: 1788575066
    nanosec: 382091000
  frame_id: default_cam
pose:
  position:
    x: 0.1280178725286942
    y: 0.04714320735024556
    z: -0.9877714709130314
  orientation:
    x: -0.18127136192864016
    y: -0.4110928137635349
    z: 0.8927285989714108
    w: -0.034337157643835825
---
header:
  stamp:
    sec: 1788575066
    nanosec: 418093000
  frame_id: default_cam
pose:
  position:
    x: 0.12808372432186935
    y: 0.04715546511318594
    z: -0.9880133491491065
  orientation:
    x: -0.18419631552969778
    y: -0.40378122043827436
    z: 0.8957243038999133
    w: -0.02665360706691265
---
header:
  stamp:
    sec: 1788575066
    nanosec: 450095000
  frame_id: default_cam
pose:
  position:
    x: 0.12796364343557412
    y: 0.04720082541194565
    z: -0.9873217548283153
  orientation:
    x: -0.19303784318370698
    y: -0.4370684378302451
    z: 0.878375095355438
    w: -0.012836027848868009
---
header:
  stamp:
    sec: 1788575066
    nanosec: 482100000
  frame_id: default_cam
pose:
  position:
    x: 0.12798781088640201
    y: 0.04712886710249283
    z: -0.9879305873587019
  orientation:
    x: -0.17774025601496435
    y: -0.4012867751560216
    z: 0.8975174949481496
    w: -0.04289139469187097
---
header:
  stamp:
    sec: 1788575066
    nanosec: 518104000
  frame_id: default_cam
pose:
  position:
    x: 0.12801789321397383
    y: 0.04714320848741846
    z: -0.9877715454413027
  orientation:
    x: -0.18126872626845028
    y: -0.4110955455848791
    z: 0.8927276775965463
    w: -0.034342319816243076
---
header:
  stamp:
    sec: 1788575066
    nanosec: 550102000
  frame_id: default_cam
pose:
  position:
    x: 0.1281565703267093
    y: 0.04715825488930697
    z: -0.9883706522910893
  orientation:
    x: -0.18365783347901185
    y: -0.40188913485150984
    z: 0.8966787147143288
    w: -0.02687389194664061
---
header:
  stamp:
    sec: 1788575066
    nanosec: 582107000
  frame_id: default_cam
pose:
  position:
    x: 0.1280180290483923
    y: 0.04714325776370991
    z: -0.9877721017988195
  orientation:
    x: -0.18127623026917547
    y: -0.41109649448038266
    z: 0.8927264910692246
    w: -0.03432218974027218
---
header:
  stamp:
    sec: 1788575066
    nanosec: 618109000
  frame_id: default_cam
pose:
  position:
    x: 0.12807736272444967
    y: 0.04704581396792553
    z: -0.9879257840956212
  orientation:
    x: -0.16458775392773176
    y: -0.3932684434588829
    z: 0.9018279950504616
    w: -0.07040646262749152
---
header:
  stamp:
    sec: 1788575066
    nanosec: 650110000
  frame_id: default_cam
pose:
  position:
    x: 0.12819645750613765
    y: 0.04704974927726677
    z: -0.988454570324472
  orientation:
    x: -0.1586387053386616
    y: -0.4086278401788835
    z: 0.8950476061742823
    w: -0.08213910202151713
---
header:
  stamp:
    sec: 1788575066
    nanosec: 682115000
  frame_id: default_cam
pose:
  position:
    x: 0.1280779830389392
    y: 0.04704565207091705
    z: -0.9879277343648082
  orientation:
    x: -0.16439077229612298
    y: -0.3934220418726419
    z: 0.9017644085213704
    w: -0.07082176555797245
---
header:
  stamp:
    sec: 1788575066
    nanosec: 718116000
  frame_id: default_cam
pose:
  position:
    x: 0.12818772127726502
    y: 0.04709065465672197
    z: -0.9886156272950044
  orientation:
    x: -0.1624309089622194
    y: -0.3980171579785202
    z: 0.900201367945418
    w: -0.06954163441857601
---
header:
  stamp:
    sec: 1788575066
    nanosec: 750119000
  frame_id: default_cam
pose:
  position:
    x: 0.12818772127726502
    y: 0.04709065465672197
    z: -0.9886156272950044
  orientation:
    x: -0.1624309089622194
    y: -0.3980171579785202
    z: 0.900201367945418
    w: -0.06954163441857601
---
header:
  stamp:
    sec: 1788575066
    nanosec: 782121000
  frame_id: default_cam
pose:
  position:
    x: 0.12818772127726502
    y: 0.04709065465672197
    z: -0.9886156272950044
  orientation:
    x: -0.1624309089622194
    y: -0.3980171579785202
    z: 0.900201367945418
    w: -0.06954163441857601
---
header:
  stamp:
    sec: 1788575066
    nanosec: 850130000
  frame_id: default_cam
pose:
  position:
    x: 0.1283254383443067
    y: 0.04709979161179341
    z: -0.98925657811097
  orientation:
    x: -0.16311931050148032
    y: -0.39206947843376405
    z: 0.9029032866630481
    w: -0.06662784369363516
---
header:
  stamp:
    sec: 1788575066
    nanosec: 882129000
  frame_id: default_cam
pose:
  position:
    x: 0.1283254383443067
    y: 0.04709979161179341
    z: -0.98925657811097
  orientation:
    x: -0.16311931050148032
    y: -0.39206947843376405
    z: 0.9029032866630481
    w: -0.06662784369363516
---
header:
  stamp:
    sec: 1788575066
    nanosec: 918134000
  frame_id: default_cam
pose:
  position:
    x: 0.1283493823588334
    y: 0.046933346319619026
    z: -0.9870937684048623
  orientation:
    x: -0.1585885753085959
    y: -0.4012244341302044
    z: 0.8996386098237092
    w: -0.06722342562642115
---
header:
  stamp:
    sec: 1788575066
    nanosec: 950132000
  frame_id: default_cam
pose:
  position:
    x: 0.12834827882284305
    y: 0.04702663167484938
    z: -0.9882680114986677
  orientation:
    x: -0.17069796193617476
    y: -0.3770188560569373
    z: 0.909290546343742
    w: -0.04370000341251539
---
header:
  stamp:
    sec: 1788575066
    nanosec: 982138000
  frame_id: default_cam
pose:
  position:
    x: 0.12827930075836932
    y: 0.04700570181156057
    z: -0.9875209565979939
  orientation:
    x: -0.20406772272222395
    y: -0.3605089199404284
    z: 0.9094316992125898
    w: 0.03638224365886298
---
header:
  stamp:
    sec: 1788575067
    nanosec: 18143000
  frame_id: default_cam
pose:
  position:
    x: 0.12819054558198226
    y: 0.04702112249148669
    z: -0.9887054190276325
  orientation:
    x: -0.22625793954796125
    y: -0.3191422051192651
    z: 0.9147460500258626
    w: 0.10097158840587893
---
header:
  stamp:
    sec: 1788575067
    nanosec: 50141000
  frame_id: default_cam
pose:
  position:
    x: 0.12840790948209774
    y: 0.047110252062713596
    z: -0.9900575895305488
  orientation:
    x: -0.22956668614425707
    y: -0.323959742371372
    z: 0.9099972428998967
    w: 0.11939112131982355
---
header:
  stamp:
    sec: 1788575067
    nanosec: 82144000
  frame_id: default_cam
pose:
  position:
    x: 0.12824623830465487
    y: 0.04710064514268895
    z: -0.9893644483090357
  orientation:
    x: -0.25531207844333315
    y: -0.2772642269658794
    z: 0.9016877411463242
    w: 0.21189504126429679
---
header:
  stamp:
    sec: 1788575067
    nanosec: 118147000
  frame_id: default_cam
pose:
  position:
    x: 0.12822654858700652
    y: 0.04700144011970503
    z: -0.9883889131984761
  orientation:
    x: -0.2473113525700201
    y: -0.2952753864687723
    z: 0.9046984792827362
    w: 0.18212688604159724
---
header:
  stamp:
    sec: 1788575067
    nanosec: 150147000
  frame_id: default_cam
pose:
  position:
    x: 0.12828495173285615
    y: 0.047120295131021464
    z: -0.9896275846340266
  orientation:
    x: -0.26265974441579754
    y: -0.2686317851389494
    z: 0.8951455131772685
    w: 0.23991943004911834
---
header:
  stamp:
    sec: 1788575067
    nanosec: 182154000
  frame_id: default_cam
pose:
  position:
    x: 0.12818878616261353
    y: 0.04708041647313101
    z: -0.9892273573956694
  orientation:
    x: -0.22025967831716842
    y: -0.265318672135492
    z: 0.9306368545011482
    w: 0.12250192393626116
---
header:
  stamp:
    sec: 1788575067
    nanosec: 218157000
  frame_id: default_cam
pose:
  position:
    x: 0.1282629885306162
    y: 0.04709807111657082
    z: -0.9895998324461021
  orientation:
    x: -0.19719452833468912
    y: -0.294494575237732
    z: 0.9340308577619115
    w: 0.044425442023184325
---
header:
  stamp:
    sec: 1788575067
    nanosec: 250156000
  frame_id: default_cam
pose:
  position:
    x: 0.12833665423665222
    y: 0.04714469089307019
    z: -0.9897305427884254
  orientation:
    x: -0.20710737927298792
    y: -0.27042364555006176
    z: 0.9361707725018753
    w: 0.08695901385900981
---
header:
  stamp:
    sec: 1788575067
    nanosec: 282160000
  frame_id: default_cam
pose:
  position:
    x: 0.1281980900211888
    y: 0.04710076387361538
    z: -0.9893960252186808
  orientation:
    x: -0.2464404065182182
    y: -0.22727665810503875
    z: 0.9130621803023292
    w: 0.23222812408771137
---
header:
  stamp:
    sec: 1788575067
    nanosec: 318162000
  frame_id: default_cam
pose:
  position:
    x: 0.12827804991393005
    y: 0.04708445455301202
    z: -0.9904200592731343
  orientation:
    x: -0.23196193466289963
    y: -0.24744470496263524
    z: 0.9242901787522303
    w: 0.17507839477094042
---
header:
  stamp:
    sec: 1788575067
    nanosec: 350163000
  frame_id: default_cam
pose:
  position:
    x: 0.1282051551696553
    y: 0.047103111918749156
    z: -0.9898166840788026
  orientation:
    x: -0.2464920718798402
    y: -0.2092445360865859
    z: 0.9122550811126978
    w: 0.2514936372999491
---
header:
  stamp:
    sec: 1788575067
    nanosec: 382170000
  frame_id: default_cam
pose:
  position:
    x: 0.12835507174615657
    y: 0.0470452507775027
    z: -0.9905421507657863
  orientation:
    x: -0.23098536105401885
    y: -0.16917312194321693
    z: 0.9207793391284782
    w: 0.2649370235071964
---
header:
  stamp:
    sec: 1788575067
    nanosec: 418169000
  frame_id: default_cam
pose:
  position:
    x: 0.12828646463931315
    y: 0.04702633211324616
    z: -0.9891252760703901
  orientation:
    x: -0.22943202653146066
    y: -0.1166927749921632
    z: 0.9142487260706766
    w: 0.3128785840297165
---
header:
  stamp:
    sec: 1788575067
    nanosec: 450173000
  frame_id: default_cam
pose:
  position:
    x: 0.1282051040266981
    y: 0.046786980396650336
    z: -0.9866096032657599
  orientation:
    x: -0.2044148972659164
    y: -0.09103421205155388
    z: 0.9479309258435445
    w: 0.22661483146810601
---
header:
  stamp:
    sec: 1788575067
    nanosec: 550179000
  frame_id: default_cam
pose:
  position:
    x: 0.12806158791738023
    y: 0.04694828958163178
    z: -0.9872590751738155
  orientation:
    x: -0.21218256945993189
    y: -0.03406424869779718
    z: 0.8961353682383709
    w: 0.3882777175815206
---
header:
  stamp:
    sec: 1788575067
    nanosec: 582183000
  frame_id: default_cam
pose:
  position:
    x: 0.1281993578974643
    y: 0.046980547230512364
    z: -0.9905820241323297
  orientation:
    x: -0.2420646941239556
    y: -0.21948018406078307
    z: 0.9130034078279172
    w: 0.2442496877335371
---
header:
  stamp:
    sec: 1788575067
    nanosec: 682192000
  frame_id: default_cam
pose:
  position:
    x: 0.12812106644224378
    y: 0.04692822316653627
    z: -0.9901493737509034
  orientation:
    x: -0.2007253932214875
    y: -0.2422142875768212
    z: 0.9441765119455867
    w: 0.09783797677792355
---
header:
  stamp:
    sec: 1788575067
    nanosec: 718195000
  frame_id: default_cam
pose:
  position:
    x: 0.12771463001057184
    y: 0.04706680640441191
    z: -0.9898200409358936
  orientation:
    x: -0.21582841034063302
    y: -0.2204823354466737
    z: 0.9360421907240514
    w: 0.16920595211260867
---
header:
  stamp:
    sec: 1788575067
    nanosec: 750195000
  frame_id: default_cam
pose:
  position:
    x: 0.12730496829530064
    y: 0.04699383231289294
    z: -0.9890067410568473
  orientation:
    x: -0.22359672096523442
    y: -0.2886098439089581
    z: 0.9205313563144599
    w: 0.1390355580932545
---
header:
  stamp:
    sec: 1788575067
    nanosec: 782199000
  frame_id: default_cam
pose:
  position:
    x: 0.1268560791560893
    y: 0.046833085889372364
    z: -0.9873225865670634
  orientation:
    x: -0.2295061209032951
    y: -0.28227269733713534
    z: 0.9181521137399011
    w: 0.15698968386773582
---
header:
  stamp:
    sec: 1788575067
    nanosec: 818200000
  frame_id: default_cam
pose:
  position:
    x: 0.12685160415190194
    y: 0.04697767368793954
    z: -0.9902610921754881
  orientation:
    x: -0.22514925557161822
    y: -0.3054315923891383
    z: 0.9167230593229609
    w: 0.12505273924121948
---
header:
  stamp:
    sec: 1788575067
    nanosec: 850202000
  frame_id: default_cam
pose:
  position:
    x: 0.12686910337764098
    y: 0.046950959224057176
    z: -0.9905924685881236
  orientation:
    x: -0.2193444357980942
    y: -0.33261141477638423
    z: 0.9110456900000354
    w: 0.10608211902685216
---
header:
  stamp:
    sec: 1788575067
    nanosec: 882207000
  frame_id: default_cam
pose:
  position:
    x: 0.1268316048708728
    y: 0.04699959462701223
    z: -0.9904858784208225
  orientation:
    x: -0.21460782748234183
    y: -0.3158917835732115
    z: 0.9189220353338232
    w: 0.09868208769674688
---
header:
  stamp:
    sec: 1788575067
    nanosec: 918207000
  frame_id: default_cam
pose:
  position:
    x: 0.126773269335254
    y: 0.04683329742054557
    z: -0.9899937510246982
  orientation:
    x: -0.160522380452659
    y: -0.3182468768511118
    z: 0.9328844926517856
    w: -0.051749532540358203
---
header:
  stamp:
    sec: 1788575067
    nanosec: 950212000
  frame_id: default_cam
pose:
  position:
    x: 0.1268493726028315
    y: 0.04694591003090441
    z: -0.9906979452029104
  orientation:
    x: -0.14718990051371938
    y: -0.34199076283493873
    z: 0.9238158811412752
    w: -0.08911604273927017
---
header:
  stamp:
    sec: 1788575067
    nanosec: 982213000
  frame_id: default_cam
pose:
  position:
    x: 0.1268493726028315
    y: 0.04694591003090441
    z: -0.9906979452029104
  orientation:
    x: -0.14718990051371938
    y: -0.34199076283493873
    z: 0.9238158811412752
    w: -0.08911604273927017
---
header:
  stamp:
    sec: 1788575068
    nanosec: 18216000
  frame_id: default_cam
pose:
  position:
    x: 0.12701447528659407
    y: 0.04695741149494516
    z: -0.9916396719312964
  orientation:
    x: -0.12153516394660481
    y: -0.3768117673120544
    z: 0.906725928597987
    w: -0.14522460655053032
---
header:
  stamp:
    sec: 1788575068
    nanosec: 50218000
  frame_id: default_cam
pose:
  position:
    x: 0.1266687793799879
    y: 0.04693465368491279
    z: -0.9898173432919951
  orientation:
    x: -0.1891005651668406
    y: -0.3613067755005385
    z: 0.9127982443930607
    w: 0.022310429487823077
---
header:
  stamp:
    sec: 1788575068
    nanosec: 82220000
  frame_id: default_cam
pose:
  position:
    x: 0.12678825855441875
    y: 0.046941336768569715
    z: -0.9903541722817711
  orientation:
    x: -0.1850719923722334
    y: -0.3762386471648909
    z: 0.9077866696962925
    w: 0.010779626181787402
---
header:
  stamp:
    sec: 1788575068
    nanosec: 118223000
  frame_id: default_cam
pose:
  position:
    x: 0.12682516679438938
    y: 0.04692588167192289
    z: -0.99039561843787
  orientation:
    x: -0.2220861465545393
    y: -0.30237474045664714
    z: 0.9191243729590981
    w: 0.12023995540117165
---
header:
  stamp:
    sec: 1788575068
    nanosec: 150226000
  frame_id: default_cam
pose:
  position:
    x: 0.1267127237697243
    y: 0.04672298363978548
    z: -0.9887753769930531
  orientation:
    x: -0.1911485564261347
    y: -0.30670405269842466
    z: 0.9318229029030216
    w: 0.03318028119158525
---
header:
  stamp:
    sec: 1788575068
    nanosec: 182230000
  frame_id: default_cam
pose:
  position:
    x: 0.12661552988506955
    y: 0.046701134407701794
    z: -0.9882943334544956
  orientation:
    x: -0.2254089039992094
    y: -0.26473168505491523
    z: 0.925989898921623
    w: 0.14714165970581808
---
header:
  stamp:
    sec: 1788575068
    nanosec: 218231000
  frame_id: default_cam
pose:
  position:
    x: 0.12697209470056312
    y: 0.04683075145289269
    z: -0.9888388211494247
  orientation:
    x: -0.24471240356580923
    y: -0.26513928131411063
    z: 0.909115196454374
    w: 0.2081503317821194
---
header:
  stamp:
    sec: 1788575068
    nanosec: 250233000
  frame_id: default_cam
pose:
  position:
    x: 0.12696396083946157
    y: 0.04677920711818875
    z: -0.9882679660601537
  orientation:
    x: -0.25719760622810006
    y: -0.21697114080118526
    z: 0.8969999311287343
    w: 0.28664270261950386
---
header:
  stamp:
    sec: 1788575068
    nanosec: 282239000
  frame_id: default_cam
pose:
  position:
    x: 0.12703105246210458
    y: 0.046754584484371475
    z: -0.9888872459434331
  orientation:
    x: -0.25578155827380966
    y: -0.23318272908472348
    z: 0.8995625632632938
    w: 0.26643724228942706
---
header:
  stamp:
    sec: 1788575068
    nanosec: 318238000
  frame_id: default_cam
pose:
  position:
    x: 0.12708845555830778
    y: 0.04680022381427384
    z: -0.9887604024829807
  orientation:
    x: -0.2679634421787099
    y: -0.24626892108626633
    z: 0.886201439700105
    w: 0.28669534428763344
---
header:
  stamp:
    sec: 1788575068
    nanosec: 350239000
  frame_id: default_cam
pose:
  position:
    x: 0.12707816423102467
    y: 0.046791302832107556
    z: -0.9880771168872114
  orientation:
    x: -0.2455828571799518
    y: -0.2709729613241242
    z: 0.9063054188360932
    w: 0.21183295843399771
---
header:
  stamp:
    sec: 1788575068
    nanosec: 382245000
  frame_id: default_cam
pose:
  position:
    x: 0.1270646143878579
    y: 0.046792993520459625
    z: -0.9887122141602647
  orientation:
    x: -0.21593597595453823
    y: -0.2817027817940497
    z: 0.9271225107702494
    w: 0.12024577764364047
---
header:
  stamp:
    sec: 1788575068
    nanosec: 418246000
  frame_id: default_cam
pose:
  position:
    x: 0.12680108640751975
    y: 0.046794283380351534
    z: -0.9885942395207351
  orientation:
    x: -0.20531566032832568
    y: -0.33018772426560283
    z: 0.9187791782040845
    w: 0.06831081954473288
---
header:
  stamp:
    sec: 1788575068
    nanosec: 450249000
  frame_id: default_cam
pose:
  position:
    x: 0.12688680438042252
    y: 0.04700159016698317
    z: -0.9908696504225243
  orientation:
    x: -0.17678270007767363
    y: -0.37526703606131384
    z: 0.909843778940938
    w: -0.010335691630329645
---
header:
  stamp:
    sec: 1788575068
    nanosec: 482251000
  frame_id: default_cam
pose:
  position:
    x: 0.12659329127487656
    y: 0.04685595682686847
    z: -0.9893805952994567
  orientation:
    x: -0.17901860775875533
    y: -0.3922256285979961
    z: 0.902256938953929
    w: -0.006618946782519643
---
header:
  stamp:
    sec: 1788575068
    nanosec: 550259000
  frame_id: default_cam
pose:
  position:
    x: 0.1266045957182299
    y: 0.046884192712681155
    z: -0.9893403122225959
  orientation:
    x: -0.2271898763671467
    y: -0.3321386394537228
    z: 0.9080385448935699
    w: 0.11633866616769659
---
header:
  stamp:
    sec: 1788575068
    nanosec: 582261000
  frame_id: default_cam
pose:
  position:
    x: 0.1267068873824147
    y: 0.046886798660461575
    z: -0.9896061537149462
  orientation:
    x: -0.22006600850896507
    y: -0.3251351415893639
    z: 0.9140636428877343
    w: 0.10171405189746846
---
header:
  stamp:
    sec: 1788575068
    nanosec: 618261000
  frame_id: default_cam
pose:
  position:
    x: 0.12644764308962841
    y: 0.04680825978709291
    z: -0.988516890056415
  orientation:
    x: -0.25103708109224004
    y: -0.31178455791559445
    z: 0.8978382878945761
    w: 0.18345893860098958
---
header:
  stamp:
    sec: 1788575068
    nanosec: 650264000
  frame_id: default_cam
pose:
  position:
    x: 0.1264907389242981
    y: 0.04677882639448796
    z: -0.9892010395515684
  orientation:
    x: -0.22903109842677288
    y: -0.31000532926471674
    z: 0.9126452172834243
    w: 0.13608879142159994
---
header:
  stamp:
    sec: 1788575068
    nanosec: 682268000
  frame_id: default_cam
pose:
  position:
    x: 0.12644773393033734
    y: 0.04680835503244246
    z: -0.9885173271567511
  orientation:
    x: -0.25106861371235467
    y: -0.3117524239840622
    z: 0.8978208059975971
    w: 0.18355592517389124
---
header:
  stamp:
    sec: 1788575068
    nanosec: 718270000
  frame_id: default_cam
pose:
  position:
    x: 0.1269126320735905
    y: 0.04695925580278389
    z: -0.9902803727140128
  orientation:
    x: -0.23584190783407166
    y: -0.3284443822483017
    z: 0.9042524763777645
    w: 0.13722369053263822
---
header:
  stamp:
    sec: 1788575068
    nanosec: 750271000
  frame_id: default_cam
pose:
  position:
    x: 0.12660948447089015
    y: 0.046693804513156904
    z: -0.9888790258003823
  orientation:
    x: -0.2257003344388763
    y: -0.27368436668153445
    z: 0.9244715210910887
    w: 0.1396733086879363
---
header:
  stamp:
    sec: 1788575068
    nanosec: 782275000
  frame_id: default_cam
pose:
  position:
    x: 0.12693074868280435
    y: 0.046973980359912106
    z: -0.9902203729527597
  orientation:
    x: -0.23806894943617768
    y: -0.31840332705665214
    z: 0.9054647578873096
    w: 0.14858017652999664
---
header:
  stamp:
    sec: 1788575068
    nanosec: 818280000
  frame_id: default_cam
pose:
  position:
    x: 0.1267612777760193
    y: 0.04670227723403001
    z: -0.9888998669273754
  orientation:
    x: -0.19771713046002326
    y: -0.31090097081586154
    z: 0.9284255063820835
    w: 0.04769278527807583
---
header:
  stamp:
    sec: 1788575068
    nanosec: 850278000
  frame_id: default_cam
pose:
  position:
    x: 0.12686488343031843
    y: 0.04672614326878684
    z: -0.9891924238606346
  orientation:
    x: -0.20117338398909795
    y: -0.2943403760733962
    z: 0.9320573452092494
    w: 0.06451447766844762
---
header:
  stamp:
    sec: 1788575068
    nanosec: 882283000
  frame_id: default_cam
pose:
  position:
    x: 0.1269533147211957
    y: 0.046797381385805276
    z: -0.9890115470065375
  orientation:
    x: -0.21582199240763592
    y: -0.3175032325796404
    z: 0.9180416674229324
    w: 0.09905585177060032
---
header:
  stamp:
    sec: 1788575068
    nanosec: 918285000
  frame_id: default_cam
pose:
  position:
    x: 0.12684917963219267
    y: 0.04677219884364774
    z: -0.988618480093891
  orientation:
    x: -0.21058377378223364
    y: -0.28727070095839413
    z: 0.9294979251946694
    w: 0.09572682826308662
---
header:
  stamp:
    sec: 1788575068
    nanosec: 950286000
  frame_id: default_cam
pose:
  position:
    x: 0.12688256225117484
    y: 0.04699467593919468
    z: -0.9900973399416125
  orientation:
    x: -0.23044634914045653
    y: -0.31531036674137375
    z: 0.9106820245654639
    w: 0.13465549720157347
---
header:
  stamp:
    sec: 1788575068
    nanosec: 982291000
  frame_id: default_cam
pose:
  position:
    x: 0.12670024630832852
    y: 0.046913963181792424
    z: -0.9898683900435781
  orientation:
    x: -0.2062195143880318
    y: -0.3557131546241534
    z: 0.9094893961978303
    w: 0.061406039740432766
---
header:
  stamp:
    sec: 1788575069
    nanosec: 18292000
  frame_id: default_cam
pose:
  position:
    x: 0.12660688626523223
    y: 0.046855408255638775
    z: -0.9893821013521222
  orientation:
    x: -0.21401313297335073
    y: -0.3566675321483778
    z: 0.9057535205729945
    w: 0.08122321340443778
---
header:
  stamp:
    sec: 1788575069
    nanosec: 82300000
  frame_id: default_cam
pose:
  position:
    x: 0.12634045145475262
    y: 0.04690280728625181
    z: -0.9891851109908903
  orientation:
    x: -0.2599896435966776
    y: -0.3380854737400058
    z: 0.8839507672713001
    w: 0.1916628255790579
---
header:
  stamp:
    sec: 1788575069
    nanosec: 118300000
  frame_id: default_cam
pose:
  position:
    x: 0.12644777892460668
    y: 0.0469554107419785
    z: -0.9904766026485761
  orientation:
    x: -0.25909077074830605
    y: -0.3364065985721835
    z: 0.8854685432723051
    w: 0.18880686381952458
---
header:
  stamp:
    sec: 1788575069
    nanosec: 150302000
  frame_id: default_cam
pose:
  position:
    x: 0.12661330231428156
    y: 0.04698869763810891
    z: -0.9909901442235859
  orientation:
    x: -0.26117122911137286
    y: -0.3126343327092822
    z: 0.8882094137134489
    w: 0.21244622963631996
---
header:
  stamp:
    sec: 1788575069
    nanosec: 182304000
  frame_id: default_cam
pose:
  position:
    x: 0.12652621643372355
    y: 0.04691246736106057
    z: -0.9894366228006113
  orientation:
    x: -0.2538135756981814
    y: -0.32665498821055833
    z: 0.8916644912439797
    w: 0.18387393105896851
---
header:
  stamp:
    sec: 1788575069
    nanosec: 218309000
  frame_id: default_cam
pose:
  position:
    x: 0.1266069370194776
    y: 0.04685538679907203
    z: -0.9893822374220808
  orientation:
    x: -0.21399628100726112
    y: -0.3566858669042837
    z: 0.9057541840446438
    w: 0.08117969051075767
---
header:
  stamp:
    sec: 1788575069
    nanosec: 250309000
  frame_id: default_cam
pose:
  position:
    x: 0.1266069370194776
    y: 0.04685538679907203
    z: -0.9893822374220808
  orientation:
    x: -0.21399628100726112
    y: -0.3566858669042837
    z: 0.9057541840446438
    w: 0.08117969051075767
---
header:
  stamp:
    sec: 1788575069
    nanosec: 282314000
  frame_id: default_cam
pose:
  position:
    x: 0.1266069370194776
    y: 0.04685538679907203
    z: -0.9893822374220808
  orientation:
    x: -0.21399628100726112
    y: -0.3566858669042837
    z: 0.9057541840446438
    w: 0.08117969051075767
---
header:
  stamp:
    sec: 1788575069
    nanosec: 318316000
  frame_id: default_cam
pose:
  position:
    x: 0.12663849868954316
    y: 0.046925727837004244
    z: -0.9898736917337482
  orientation:
    x: -0.22401315541260305
    y: -0.35285224989595687
    z: 0.9024176782697556
    w: 0.10466962258302977
---
header:
  stamp:
    sec: 1788575069
    nanosec: 350317000
  frame_id: default_cam
pose:
  position:
    x: 0.12644426670299674
    y: 0.04691714688002956
    z: -0.9896458247816119
  orientation:
    x: -0.18830454719547754
    y: -0.4056948207697751
    z: 0.8943044749488994
    w: 0.013138340551971647
---
header:
  stamp:
    sec: 1788575069
    nanosec: 382321000
  frame_id: default_cam
pose:
  position:
    x: 0.1264618576289233
    y: 0.047067741352890664
    z: -0.9913283420803702
  orientation:
    x: -0.20579779525976763
    y: -0.37540783241776593
    z: 0.9021546730600809
    w: 0.0532275558472474
---
header:
  stamp:
    sec: 1788575069
    nanosec: 418323000
  frame_id: default_cam
pose:
  position:
    x: 0.12648286783631194
    y: 0.046888556785634125
    z: -0.9894519558972744
  orientation:
    x: -0.2179456566729795
    y: -0.3783969270187839
    z: 0.8961749594336299
    w: 0.0786504827973525
---
header:
  stamp:
    sec: 1788575069
    nanosec: 450325000
  frame_id: default_cam
pose:
  position:
    x: 0.12670786658671232
    y: 0.046887185010055114
    z: -0.989609859040432
  orientation:
    x: -0.2201369888759381
    y: -0.32511754982652435
    z: 0.9140298598969577
    w: 0.10192006740667123
---
header:
  stamp:
    sec: 1788575069
    nanosec: 482330000
  frame_id: default_cam
pose:
  position:
    x: 0.12707031857129514
    y: 0.04673447476342556
    z: -0.9893683580148249
  orientation:
    x: -0.20557657727449793
    y: -0.32014924780337733
    z: 0.9218288804209098
    w: 0.07398814248895584
---
header:
  stamp:
    sec: 1788575069
    nanosec: 518331000
  frame_id: default_cam
pose:
  position:
    x: 0.1271028039634336
    y: 0.04676951764875392
    z: -0.9892266755927921
  orientation:
    x: -0.20524036323455064
    y: -0.3034252317526492
    z: 0.9272732523402989
    w: 0.07729060440600306
---
header:
  stamp:
    sec: 1788575069
    nanosec: 550334000
  frame_id: default_cam
pose:
  position:
    x: 0.12691990046901477
    y: 0.046721072476560245
    z: -0.9895267746725537
  orientation:
    x: -0.19982869129421515
    y: -0.32007425584698856
    z: 0.9245167387668166
    w: 0.05375653094841214
---
header:
  stamp:
    sec: 1788575069
    nanosec: 582337000
  frame_id: default_cam
pose:
  position:
    x: 0.12691072284169383
    y: 0.04691166514367513
    z: -0.9906908006329948
  orientation:
    x: -0.2107916860705433
    y: -0.3266225936481214
    z: 0.9180103886457159
    w: 0.0783675490279823
---
header:
  stamp:
    sec: 1788575069
    nanosec: 618339000
  frame_id: default_cam
pose:
  position:
    x: 0.12690447436419175
    y: 0.04670502024553089
    z: -0.98961417058464
  orientation:
    x: -0.19647092808816569
    y: -0.33056103879512766
    z: 0.9221772202608965
    w: 0.041445729318552164
---
header:
  stamp:
    sec: 1788575069
    nanosec: 650340000
  frame_id: default_cam
pose:
  position:
    x: 0.1269203231430002
    y: 0.046721407875649705
    z: -0.9895287735503766
  orientation:
    x: -0.1999295514532386
    y: -0.3199950181694623
    z: 0.924503982829708
    w: 0.05407169809095404
---
header:
  stamp:
    sec: 1788575069
    nanosec: 682344000
  frame_id: default_cam
pose:
  position:
    x: 0.12686476680464018
    y: 0.04657566789206472
    z: -0.9880641243693078
  orientation:
    x: -0.19457950383313824
    y: -0.4041034528156241
    z: 0.8934425670152866
    w: 0.024486640350925626
---
header:
  stamp:
    sec: 1788575069
    nanosec: 718351000
  frame_id: default_cam
pose:
  position:
    x: 0.1268370357585483
    y: 0.04659129346129072
    z: -0.9886147632767458
  orientation:
    x: -0.19334422006228297
    y: -0.3868473501653551
    z: 0.9013536029806705
    w: 0.022996143857489725
---
header:
  stamp:
    sec: 1788575069
    nanosec: 750348000
  frame_id: default_cam
pose:
  position:
    x: 0.12704742856045279
    y: 0.04652652436776542
    z: -0.9896956999879021
  orientation:
    x: -0.17437364724639567
    y: -0.4304459993013836
    z: 0.8853414991027362
    w: -0.021920374037468018
---
header:
  stamp:
    sec: 1788575069
    nanosec: 782352000
  frame_id: default_cam
pose:
  position:
    x: 0.12688015257054072
    y: 0.04646766662686815
    z: -0.9889392086219916
  orientation:
    x: -0.22049739794023923
    y: -0.43800463635256753
    z: 0.8691296555412532
    w: 0.0643931509865861
---
header:
  stamp:
    sec: 1788575069
    nanosec: 818355000
  frame_id: default_cam
pose:
  position:
    x: 0.12693003231578884
    y: 0.04644005237939881
    z: -0.9883739760149571
  orientation:
    x: -0.17869628535613427
    y: -0.4833122253606901
    z: 0.8568325518738948
    w: -0.017745660486042907
---
header:
  stamp:
    sec: 1788575069
    nanosec: 850356000
  frame_id: default_cam
pose:
  position:
    x: 0.1269965664824029
    y: 0.046522864913679025
    z: -0.9885783044431639
  orientation:
    x: -0.19805672626736784
    y: -0.49293480428174646
    z: 0.8471107640374785
    w: 0.013862372084480061
---
header:
  stamp:
    sec: 1788575069
    nanosec: 882360000
  frame_id: default_cam
pose:
  position:
    x: 0.1268742663992633
    y: 0.046618387694756264
    z: -0.9905582045101344
  orientation:
    x: -0.18948107348047885
    y: -0.5144853467489975
    z: 0.8362736950336319
    w: -0.006932371026214401
---
header:
  stamp:
    sec: 1788575069
    nanosec: 950367000
  frame_id: default_cam
pose:
  position:
    x: 0.1268441974972205
    y: 0.04670836771495625
    z: -0.9937896412725679
  orientation:
    x: -0.1353651490686543
    y: -0.6309670542923885
    z: 0.7595988042346533
    w: -0.08103400163198035
---
header:
  stamp:
    sec: 1788575069
    nanosec: 982369000
  frame_id: default_cam
pose:
  position:
    x: 0.1263836813859954
    y: 0.04659579130609432
    z: -0.9914924923507435
  orientation:
    x: -0.15887065064659311
    y: -0.6678071224832355
    z: 0.7248930869038793
    w: -0.05765219928809233
---
header:
  stamp:
    sec: 1788575070
    nanosec: 18369000
  frame_id: default_cam
pose:
  position:
    x: 0.12642064552126478
    y: 0.04661393084115598
    z: -0.9917393559262804
  orientation:
    x: -0.17817396413762646
    y: -0.6622745016424425
    z: 0.7269271457765433
    w: -0.034977817411987425
---
header:
  stamp:
    sec: 1788575070
    nanosec: 50371000
  frame_id: default_cam
pose:
  position:
    x: 0.12642064552126478
    y: 0.04661393084115598
    z: -0.9917393559262804
  orientation:
    x: -0.17817396413762646
    y: -0.6622745016424425
    z: 0.7269271457765433
    w: -0.034977817411987425
---
header:
  stamp:
    sec: 1788575070
    nanosec: 82374000
  frame_id: default_cam
pose:
  position:
    x: 0.12698586542939275
    y: 0.04666996314577134
    z: -0.9943543234136647
  orientation:
    x: -0.12442700657934612
    y: -0.6766388589513811
    z: 0.719816234693529
    w: -0.09242490390747934
---
header:
  stamp:
    sec: 1788575070
    nanosec: 118377000
  frame_id: default_cam
pose:
  position:
    x: 0.12713674481723305
    y: 0.04668991354130498
    z: -0.9932784483900589
  orientation:
    x: -0.05752590075987747
    y: -0.6495001528149924
    z: 0.7388981094901095
    w: -0.1699114652606132
---
